Sat Sep 12 22:19:45 2026
Using pre-ASF file example_board.pre.asf.
Total IO  : 150
Total Pin : 128/17
Top array is built.
Loading architect libraries...

## CPU time: 0:0:0, REAL time: 0:0:0
## Memory Usage: 53MB (53MB)
Loading route table...

## CPU time: 0:0:1, REAL time: 0:0:2
## Memory Usage: 318MB (318MB)
Using design VERILOG file ./simulation/modelsim/example_board.vo.
Using design VE file example_board.vex.
Preparing design...

Info: Rename duplicated module cell alta_rv32 to alta_rv32_duplicated at ./alta_db/flatten.vx:1956.
Info: Removing bbox feeder slice sys_ctrl_clkSource[0] driven by BBOX rv32|sys_ctrl_clkSource[0].
Info: Removing bbox feeder slice sys_ctrl_clkSource[1] driven by BBOX rv32|sys_ctrl_clkSource[1].
## CPU time: 0:0:0, REAL time: 0:0:0
## Memory Usage: 339MB (339MB)
Pseudo pack design...

Using location file example_board.vex
VCO frequency: 300.000 Mhz
  clkout0: Enabled , 150.000 Mhz
  clkout1: Disabled, 0.586 Mhz
  clkout2: Disabled, 0.586 Mhz
  clkout3: Disabled, 0.586 Mhz
  clkout4: Disabled, 0.586 Mhz
Info: Instance gclksw_inst|gclk_switch is identified as a clock switch.
Packing Statistics
 Total      Logics : 1915/2112 ( 90%)
 Total        LUTs : 1902/2112 ( 90%)
 Total   Registers :  936/2112 ( 44%)
 Total  Block Rams :    2/   4 ( 50%)
 Total        PLLs :    1/   1 (100%)
 Total        Pins :   44/ 128 ( 34%)
 Global    Signals :    6/   5 (120%)
                     MCU_SPI_CLK~inputclkctrl_outclk (from:                              MCU_SPI_CLK~input_o)
      auto_generated_inst.hbo_22_f9ff3d300b43c0f2_bp (from:   auto_generated_inst.hbo_22_f9ff3d300b43c0f2_bp)
        macro_inst|core_inst|ad_incr~0clkctrl_outclk (from:           macro_inst|core_inst|ad_incr~0_combout)
             macro_inst|core_inst|osc~clkctrl_outclk (from:                       macro_inst|core_inst|osc~q)
           macro_inst|legacy_spi_cs0~0clkctrl_outclk (from:              macro_inst|legacy_spi_cs0~0_combout)
                           sys_resetn~clkctrl_outclk (from:                               sys_resetn~combout)
 Total Lonely   Datain   : 35
 Total Lonely   Register : 13
 Total LUT-FF   Pairs    : 769
 Total Register Packings : 119
 Registers with synchronous    reset : 0
 Registers with asynchronous   reset : 580
 Registers with sync and async reset : 167
## CPU time: 0:0:0, REAL time: 0:0:1
## Memory Usage: 338MB (339MB)
Filter verilog...

## CPU time: 0:0:0, REAL time: 0:0:0
## Memory Usage: 338MB (339MB)
Reading DB design...

## CPU time: 0:0:0, REAL time: 0:0:0
## Memory Usage: 341MB (341MB)
Processing design...

Info: Found GCLK net macro_inst|core_inst|ad_incr~0clkctrl_outclk (3).
Info: Found GCLK net macro_inst|legacy_spi_cs0~0clkctrl_outclk (8).
Info: Found GCLK net sys_resetn~clkctrl_outclk (93).
Info: Found GCLK net macro_inst|core_inst|osc~clkctrl_outclk (6).
Info: Found GCLK net MCU_SPI_CLK~inputclkctrl_outclk (35).
Info: Found GCLK net auto_generated_inst.hbo_22_f9ff3d300b43c0f2_bp (138).
Info: Fixing net rv32.resetn_out, from rv32|resetn_out to gclksw_inst|gclk_switch__alta_gclksw|resetn.
Info: Fixing net PIN_HSE~input_o, from PIN_HSE~input|combout to gclksw_inst|gclk_switch__alta_gclksw|clkin1.
Info: Fixing net gclksw_inst|gclk_switch__alta_gclksw__clkout, from gclksw_inst|gclk_switch__alta_gclksw|clkout to rv32|sys_clk.
Info: Fixing net auto_generated_inst.hbo_13_1bc039b416d3bc4a_bp, from pll_inst|auto_generated|pll1|lock to rv32|sys_ctrl_pllReady.
Info: Slice ~VCC is removed.
Info: The input of IO PHI is disabled since all input pins are unused.
## CPU time: 0:0:0, REAL time: 0:0:0
## Memory Usage: 342MB (342MB)
Using design SDC file ./example_board.sdc.
Info: The input of IO PHI is disabled since all input pins are unused.
Info: Auto constraint PLL: create_generated_clock -name pll_inst|auto_generated|pll1|clk[0] -divide_by 4 -multiply_by 75 -add -source PLL_CLKIN -master_clock PIN_OSC pll_inst|auto_generated|pll1|clkout0.
Using ASF file example_board.asf.
************ DESIGN ASF ************

Info: The input of IO PHI is disabled since all input pins are unused.
Warn: Logic slice macro_inst|core_inst|cart_cs1_out~1 is used as a latch, output net: macro_inst|core_inst|cart_cs1_out~1_combout.
Warn: Logic slice macro_inst|core_inst|cart_nWR_out~1 is used as a latch, output net: macro_inst|core_inst|cart_nWR_out~1_combout.
Warn: Logic slice macro_inst|core_inst|cart_cs2_out~1 is used as a latch, output net: macro_inst|core_inst|cart_cs2_out~1_combout.
Warn: Logic slice macro_inst|core_inst|cart_nRD_out~1 is used as a latch, output net: macro_inst|core_inst|cart_nRD_out~1_combout.
Warn: Logic slice macro_inst|core_inst|cart_ad_oe_shadow is used as a latch, output net: macro_inst|core_inst|cart_ad_oe~1_combout.
Warn: Logic slice macro_inst|core_inst|buf_miso_cs1[0]~5 is used as a latch, output net: macro_inst|core_inst|buf_miso_cs1[0]~5_combout.
Warn: Logic slice macro_inst|core_inst|buf_miso_cs1[1]~1 is used as a latch, output net: macro_inst|core_inst|buf_miso_cs1[1]~1_combout.
Warn: Logic slice macro_inst|core_inst|cart_a_oe~1 is used as a latch, output net: macro_inst|core_inst|cart_a_oe~1_combout.
Info: macro_inst|mode_guard|cpld_mode|Q is identified as a clock gate signal.
Warn: Auto constraint INTERNAL: create_clock -name Internal_generated_clock_example_board|ESP32_SPI2_CS_N -period 1000.000 ESP32_SPI2_CS_N.
Warn: Auto constraint INTERNAL: create_clock -name Internal_generated_clock_example_board|ESP32_SPI_CS1 -period 1000.000 ESP32_SPI_CS1.
Warn: Auto constraint INTERNAL: create_generated_clock -name Internal_generated_clock_macro_inst|core_inst|osc|Q -divide_by 2 -add -source PIN_HSE -master_clock PIN_HSE macro_inst|core_inst|osc|Q.
Warn: Auto constraint INTERNAL: create_generated_clock -name Internal_generated_clock_macro_inst|core_inst|osc|Q -divide_by 2 -add -source PIN_HSI -master_clock PIN_HSI macro_inst|core_inst|osc|Q.
Warn: Auto constraint INTERNAL: create_generated_clock -name Internal_generated_clock_macro_inst|core_inst|osc|Q -divide_by 2 -add -source pll_inst|auto_generated|pll1|clkout0 -master_clock pll_inst|auto_generated|pll1|clk[0] macro_inst|core_inst|osc|Q.
Placement Statistics
 Total  Logic    Counts  : 1914/2112 (90.6%)
 Total  Logic    Tiles   : 123/132 (93.2%)
 Total  Other    Tiles   : 2/4 (50.0%)
 Total  Valid    Nets    : 2473 (1398+1075)
 Total  Valid    Fanouts : 11104 (6577+4527)
 Total  Tile     Fanouts : 3218
 Tile   Zip      Fanins  : 20 (2:35)
 Tile   Zip      Fanouts : 31 (0:191)
 Total  Ignored  Nets    : 1623
 Total  Valid    Blocks  : 140 (118/20)
 Total  Ignored  Blocks  : 0
 Total  Zip Complexities : 1043/4138 1.87/1950.45
 Avg    Zip   Bottleneck : 5.61 51.89
 Avg    Net   Bottleneck : 19.93 670.23
Warn: Found CDC clock enable clken_ctrl_X43_Y1_N1|ClkEn, from clock Internal_generated_clock_example_board|ESP32_SPI2_CS_N to Internal_generated_clock_macro_inst|core_inst|osc|Q.
Warn: Found CDC clock enable clken_ctrl_X43_Y1_N1|ClkEn, from clock Internal_generated_clock_example_board|ESP32_SPI2_CS_N to Internal_generated_clock_macro_inst|core_inst|osc|Q.
Warn: Found CDC clock enable clken_ctrl_X43_Y1_N1|ClkEn, from clock Internal_generated_clock_example_board|ESP32_SPI_CS1 to Internal_generated_clock_macro_inst|core_inst|osc|Q.
Warn: Found CDC clock enable clken_ctrl_X43_Y1_N1|ClkEn, from clock Internal_generated_clock_example_board|ESP32_SPI_CS1 to Internal_generated_clock_macro_inst|core_inst|osc|Q.
Warn: Found CDC clock enable clken_ctrl_X43_Y2_N1|ClkEn, from clock Internal_generated_clock_example_board|ESP32_SPI2_CS_N to Internal_generated_clock_macro_inst|core_inst|osc|Q.
Warn: Found CDC clock enable clken_ctrl_X43_Y2_N1|ClkEn, from clock Internal_generated_clock_example_board|ESP32_SPI2_CS_N to Internal_generated_clock_macro_inst|core_inst|osc|Q.
Warn: Found CDC clock enable clken_ctrl_X43_Y2_N1|ClkEn, from clock Internal_generated_clock_example_board|ESP32_SPI_CS1 to Internal_generated_clock_macro_inst|core_inst|osc|Q.
Warn: Found CDC clock enable clken_ctrl_X43_Y2_N1|ClkEn, from clock Internal_generated_clock_example_board|ESP32_SPI_CS1 to Internal_generated_clock_macro_inst|core_inst|osc|Q.
Warn: Found CDC clock enable clken_ctrl_X45_Y1_N0|ClkEn, from clock Internal_generated_clock_example_board|ESP32_SPI2_CS_N to Internal_generated_clock_macro_inst|core_inst|osc|Q.
Warn: Found CDC clock enable clken_ctrl_X45_Y1_N0|ClkEn, from clock Internal_generated_clock_example_board|ESP32_SPI2_CS_N to Internal_generated_clock_macro_inst|core_inst|osc|Q.
Warn: Found CDC clock enable clken_ctrl_X45_Y1_N0|ClkEn, from clock Internal_generated_clock_example_board|ESP32_SPI_CS1 to Internal_generated_clock_macro_inst|core_inst|osc|Q.
Warn: Found CDC clock enable clken_ctrl_X45_Y1_N0|ClkEn, from clock Internal_generated_clock_example_board|ESP32_SPI_CS1 to Internal_generated_clock_macro_inst|core_inst|osc|Q.
Warn: Found CDC clock enable clken_ctrl_X46_Y3_N0|ClkEn, from clock Internal_generated_clock_example_board|ESP32_SPI_CS1 to ESP_SPI_SCK.
Warn: Found CDC clock enable clken_ctrl_X46_Y3_N0|ClkEn, from clock Internal_generated_clock_example_board|ESP32_SPI_CS1 to ESP_SPI_SCK.
Warn: Found CDC clock enable clken_ctrl_X46_Y3_N0|ClkEn, from clock Internal_generated_clock_example_board|ESP32_SPI2_CS_N to ESP_SPI_SCK.
Warn: Found CDC clock enable clken_ctrl_X46_Y3_N0|ClkEn, from clock Internal_generated_clock_example_board|ESP32_SPI2_CS_N to ESP_SPI_SCK.
Warn: Found CDC clock enable clken_ctrl_X47_Y1_N0|ClkEn, from clock PIN_HSI to ESP_SPI_SCK.
Warn: Found CDC clock enable clken_ctrl_X47_Y1_N0|ClkEn, from clock PIN_HSE to ESP_SPI_SCK.
Warn: Found CDC clock enable clken_ctrl_X47_Y1_N0|ClkEn, from clock pll_inst|auto_generated|pll1|clk[0] to ESP_SPI_SCK.
Warn: Found CDC clock enable clken_ctrl_X47_Y1_N0|ClkEn, from clock Internal_generated_clock_example_board|ESP32_SPI2_CS_N to ESP_SPI_SCK.
Warn: Found CDC clock enable clken_ctrl_X47_Y1_N0|ClkEn, from clock Internal_generated_clock_example_board|ESP32_SPI2_CS_N to ESP_SPI_SCK.
Warn: Found CDC clock enable clken_ctrl_X47_Y1_N0|ClkEn, from clock Internal_generated_clock_example_board|ESP32_SPI_CS1 to ESP_SPI_SCK.
Warn: Found CDC clock enable clken_ctrl_X47_Y1_N0|ClkEn, from clock Internal_generated_clock_example_board|ESP32_SPI_CS1 to ESP_SPI_SCK.
Warn: Found CDC clock enable clken_ctrl_X47_Y2_N1|ClkEn, from clock Internal_generated_clock_example_board|ESP32_SPI2_CS_N to Internal_generated_clock_macro_inst|core_inst|osc|Q.
Warn: Found CDC clock enable clken_ctrl_X47_Y2_N1|ClkEn, from clock Internal_generated_clock_example_board|ESP32_SPI2_CS_N to Internal_generated_clock_macro_inst|core_inst|osc|Q.
Warn: Found CDC clock enable clken_ctrl_X47_Y2_N1|ClkEn, from clock Internal_generated_clock_example_board|ESP32_SPI_CS1 to Internal_generated_clock_macro_inst|core_inst|osc|Q.
Warn: Found CDC clock enable clken_ctrl_X47_Y2_N1|ClkEn, from clock Internal_generated_clock_example_board|ESP32_SPI_CS1 to Internal_generated_clock_macro_inst|core_inst|osc|Q.
Warn: Found CDC clock enable clken_ctrl_X47_Y3_N1|ClkEn, from clock Internal_generated_clock_example_board|ESP32_SPI_CS1 to ESP_SPI_SCK.
Warn: Found CDC clock enable clken_ctrl_X47_Y3_N1|ClkEn, from clock Internal_generated_clock_example_board|ESP32_SPI_CS1 to ESP_SPI_SCK.
Warn: Found CDC clock enable clken_ctrl_X47_Y3_N1|ClkEn, from clock Internal_generated_clock_example_board|ESP32_SPI2_CS_N to ESP_SPI_SCK.
Warn: Found CDC clock enable clken_ctrl_X47_Y3_N1|ClkEn, from clock Internal_generated_clock_example_board|ESP32_SPI2_CS_N to ESP_SPI_SCK.
Warn: Found CDC clock enable clken_ctrl_X49_Y1_N0|ClkEn, from clock Internal_generated_clock_example_board|ESP32_SPI2_CS_N to ESP_SPI_SCK.
Warn: Found CDC clock enable clken_ctrl_X49_Y1_N0|ClkEn, from clock Internal_generated_clock_example_board|ESP32_SPI2_CS_N to ESP_SPI_SCK.
Warn: Found CDC clock enable clken_ctrl_X49_Y1_N0|ClkEn, from clock PIN_HSI to ESP_SPI_SCK.
Warn: Found CDC clock enable clken_ctrl_X49_Y1_N0|ClkEn, from clock PIN_HSE to ESP_SPI_SCK.
Warn: Found CDC clock enable clken_ctrl_X49_Y1_N0|ClkEn, from clock pll_inst|auto_generated|pll1|clk[0] to ESP_SPI_SCK.
Warn: Found CDC clock enable clken_ctrl_X50_Y1_N0|ClkEn, from clock Internal_generated_clock_example_board|ESP32_SPI2_CS_N to ESP_SPI_SCK.
Warn: Found CDC clock enable clken_ctrl_X50_Y1_N0|ClkEn, from clock Internal_generated_clock_example_board|ESP32_SPI2_CS_N to ESP_SPI_SCK.
Warn: Found CDC clock enable clken_ctrl_X50_Y1_N0|ClkEn, from clock PIN_HSI to ESP_SPI_SCK.
Warn: Found CDC clock enable clken_ctrl_X50_Y1_N0|ClkEn, from clock PIN_HSE to ESP_SPI_SCK.
Warn: Found CDC clock enable clken_ctrl_X50_Y1_N0|ClkEn, from clock pll_inst|auto_generated|pll1|clk[0] to ESP_SPI_SCK.
Warn: Found CDC clock enable clken_ctrl_X53_Y1_N0|ClkEn, from clock Internal_generated_clock_example_board|ESP32_SPI_CS1 to ESP_SPI_SCK.
Warn: Found CDC clock enable clken_ctrl_X53_Y1_N0|ClkEn, from clock Internal_generated_clock_example_board|ESP32_SPI_CS1 to ESP_SPI_SCK.
Warn: Found CDC clock enable clken_ctrl_X53_Y1_N0|ClkEn, from clock PIN_HSI to ESP_SPI_SCK.
Warn: Found CDC clock enable clken_ctrl_X53_Y1_N0|ClkEn, from clock PIN_HSE to ESP_SPI_SCK.
Warn: Found CDC clock enable clken_ctrl_X53_Y1_N0|ClkEn, from clock pll_inst|auto_generated|pll1|clk[0] to ESP_SPI_SCK.
Warn: Found CDC clock enable clken_ctrl_X53_Y1_N0|ClkEn, from clock Internal_generated_clock_example_board|ESP32_SPI2_CS_N to ESP_SPI_SCK.
Warn: Found CDC clock enable clken_ctrl_X53_Y1_N0|ClkEn, from clock Internal_generated_clock_example_board|ESP32_SPI2_CS_N to ESP_SPI_SCK.
Warn: Found CDC clock enable clken_ctrl_X54_Y1_N0|ClkEn, from clock Internal_generated_clock_example_board|ESP32_SPI_CS1 to ESP_SPI_SCK.
Warn: Found CDC clock enable clken_ctrl_X54_Y1_N0|ClkEn, from clock Internal_generated_clock_example_board|ESP32_SPI_CS1 to ESP_SPI_SCK.
Warn: Found CDC clock enable clken_ctrl_X54_Y1_N0|ClkEn, from clock PIN_HSI to ESP_SPI_SCK.
Warn: Found CDC clock enable clken_ctrl_X54_Y1_N0|ClkEn, from clock PIN_HSE to ESP_SPI_SCK.
Warn: Found CDC clock enable clken_ctrl_X54_Y1_N0|ClkEn, from clock pll_inst|auto_generated|pll1|clk[0] to ESP_SPI_SCK.
Warn: Found CDC clock enable clken_ctrl_X54_Y1_N0|ClkEn, from clock Internal_generated_clock_example_board|ESP32_SPI2_CS_N to ESP_SPI_SCK.
Warn: Found CDC clock enable clken_ctrl_X54_Y1_N0|ClkEn, from clock Internal_generated_clock_example_board|ESP32_SPI2_CS_N to ESP_SPI_SCK.
Warn: Found CDC clock enable clken_ctrl_X54_Y1_N1|ClkEn, from clock Internal_generated_clock_example_board|ESP32_SPI2_CS_N to ESP_SPI_SCK.
Warn: Found CDC clock enable clken_ctrl_X54_Y1_N1|ClkEn, from clock Internal_generated_clock_example_board|ESP32_SPI2_CS_N to ESP_SPI_SCK.
Warn: Found CDC clock enable clken_ctrl_X54_Y1_N1|ClkEn, from clock PIN_HSI to ESP_SPI_SCK.
Warn: Found CDC clock enable clken_ctrl_X54_Y1_N1|ClkEn, from clock PIN_HSE to ESP_SPI_SCK.
Warn: Found CDC clock enable clken_ctrl_X54_Y1_N1|ClkEn, from clock pll_inst|auto_generated|pll1|clk[0] to ESP_SPI_SCK.
Warn: Found CDC clock enable clken_ctrl_X56_Y2_N1|ClkEn, from clock Internal_generated_clock_example_board|ESP32_SPI2_CS_N to ESP_SPI_SCK.
Warn: Found CDC clock enable clken_ctrl_X56_Y2_N1|ClkEn, from clock Internal_generated_clock_example_board|ESP32_SPI2_CS_N to ESP_SPI_SCK.
Warn: Found CDC clock enable clken_ctrl_X56_Y2_N1|ClkEn, from clock Internal_generated_clock_example_board|ESP32_SPI_CS1 to ESP_SPI_SCK.
Warn: Found CDC clock enable clken_ctrl_X56_Y2_N1|ClkEn, from clock Internal_generated_clock_example_board|ESP32_SPI_CS1 to ESP_SPI_SCK.
Warn: Found CDC clock enable clken_ctrl_X56_Y2_N1|ClkEn, from clock PIN_HSI to ESP_SPI_SCK.
Warn: Found CDC clock enable clken_ctrl_X56_Y2_N1|ClkEn, from clock PIN_HSE to ESP_SPI_SCK.
Warn: Found CDC clock enable clken_ctrl_X56_Y2_N1|ClkEn, from clock pll_inst|auto_generated|pll1|clk[0] to ESP_SPI_SCK.
Warn: Found CDC clock enable clken_ctrl_X56_Y8_N0|ClkEn, from clock Internal_generated_clock_example_board|ESP32_SPI2_CS_N to ESP_SPI_SCK.
Warn: Found CDC clock enable clken_ctrl_X56_Y8_N0|ClkEn, from clock Internal_generated_clock_example_board|ESP32_SPI2_CS_N to ESP_SPI_SCK.
Warn: Found CDC clock enable clken_ctrl_X56_Y8_N0|ClkEn, from clock Internal_generated_clock_example_board|ESP32_SPI_CS1 to ESP_SPI_SCK.
Warn: Found CDC clock enable clken_ctrl_X56_Y8_N0|ClkEn, from clock Internal_generated_clock_example_board|ESP32_SPI_CS1 to ESP_SPI_SCK.
Warn: Found CDC clock enable clken_ctrl_X56_Y8_N0|ClkEn, from clock PIN_HSI to ESP_SPI_SCK.
Warn: Found CDC clock enable clken_ctrl_X56_Y8_N0|ClkEn, from clock PIN_HSE to ESP_SPI_SCK.
Warn: Found CDC clock enable clken_ctrl_X56_Y8_N0|ClkEn, from clock pll_inst|auto_generated|pll1|clk[0] to ESP_SPI_SCK.
Warn: Found CDC clock enable clken_ctrl_X56_Y8_N1|ClkEn, from clock Internal_generated_clock_example_board|ESP32_SPI2_CS_N to ESP_SPI_SCK.
Warn: Found CDC clock enable clken_ctrl_X56_Y8_N1|ClkEn, from clock Internal_generated_clock_example_board|ESP32_SPI2_CS_N to ESP_SPI_SCK.
Warn: Found CDC clock enable clken_ctrl_X56_Y8_N1|ClkEn, from clock Internal_generated_clock_example_board|ESP32_SPI_CS1 to ESP_SPI_SCK.
Warn: Found CDC clock enable clken_ctrl_X56_Y8_N1|ClkEn, from clock Internal_generated_clock_example_board|ESP32_SPI_CS1 to ESP_SPI_SCK.
Warn: Found CDC clock enable clken_ctrl_X56_Y8_N1|ClkEn, from clock PIN_HSI to ESP_SPI_SCK.
Warn: Found CDC clock enable clken_ctrl_X56_Y8_N1|ClkEn, from clock PIN_HSE to ESP_SPI_SCK.
Warn: Found CDC clock enable clken_ctrl_X56_Y8_N1|ClkEn, from clock pll_inst|auto_generated|pll1|clk[0] to ESP_SPI_SCK.
Warn: Found CDC clock enable clken_ctrl_X57_Y2_N1|ClkEn, from clock Internal_generated_clock_example_board|ESP32_SPI2_CS_N to ESP_SPI_SCK.
Warn: Found CDC clock enable clken_ctrl_X57_Y2_N1|ClkEn, from clock Internal_generated_clock_example_board|ESP32_SPI2_CS_N to ESP_SPI_SCK.
Warn: Found CDC clock enable clken_ctrl_X57_Y2_N1|ClkEn, from clock Internal_generated_clock_example_board|ESP32_SPI_CS1 to ESP_SPI_SCK.
Warn: Found CDC clock enable clken_ctrl_X57_Y2_N1|ClkEn, from clock Internal_generated_clock_example_board|ESP32_SPI_CS1 to ESP_SPI_SCK.
Warn: Found CDC clock enable clken_ctrl_X57_Y2_N1|ClkEn, from clock PIN_HSI to ESP_SPI_SCK.
Warn: Found CDC clock enable clken_ctrl_X57_Y2_N1|ClkEn, from clock PIN_HSE to ESP_SPI_SCK.
Warn: Found CDC clock enable clken_ctrl_X57_Y2_N1|ClkEn, from clock pll_inst|auto_generated|pll1|clk[0] to ESP_SPI_SCK.
Warn: Found CDC clock enable clken_ctrl_X59_Y3_N1|ClkEn, from clock Internal_generated_clock_example_board|ESP32_SPI2_CS_N to ESP_SPI_SCK.
Warn: Found CDC clock enable clken_ctrl_X59_Y3_N1|ClkEn, from clock Internal_generated_clock_example_board|ESP32_SPI2_CS_N to ESP_SPI_SCK.
Warn: Found CDC clock enable clken_ctrl_X59_Y3_N1|ClkEn, from clock Internal_generated_clock_example_board|ESP32_SPI_CS1 to ESP_SPI_SCK.
Warn: Found CDC clock enable clken_ctrl_X59_Y3_N1|ClkEn, from clock Internal_generated_clock_example_board|ESP32_SPI_CS1 to ESP_SPI_SCK.
Warn: Found CDC clock enable clken_ctrl_X59_Y3_N1|ClkEn, from clock PIN_HSI to ESP_SPI_SCK.
Warn: Found CDC clock enable clken_ctrl_X59_Y3_N1|ClkEn, from clock PIN_HSE to ESP_SPI_SCK.
Warn: Found CDC clock enable clken_ctrl_X59_Y3_N1|ClkEn, from clock pll_inst|auto_generated|pll1|clk[0] to ESP_SPI_SCK.
Iter #1/1 ...
Pass 1 #1/2 ...
Partitioning...
 step = 3, partition : 2,2
....................
 step = 4, partition : 2,2
....................

## CPU time: 0:0:7, REAL time: 0:0:8
Pass 1 #2/2 ...
Partitioning...
 step = 3, partition : 2,2
....................
 step = 4, partition : 2,2
....................

## CPU time: 0:0:8, REAL time: 0:0:9
Pass 2 #1/1 ...
Legalization and Swapping...
..........

## CPU time: 0:0:4, REAL time: 0:0:4
Pass 3 #1/1 ...
Touchup...


## CPU time: 0:0:0, REAL time: 0:0:0
Pass 4 #1/1 ...
Optimization...
............................................................
Finishing...

## CPU time: 0:0:13, REAL time: 0:0:14
Total wire cost after placement: -0.842334:-0.12635:0.644(-0.842335:-0.12635) 6212.98(957.77)+19967(23)+8850.8 7801.79(3894.95)+3630.75


*** Post Placement Timing Report ***

=== User constraints ===
Fmax report
  User constraint:  40.000MHz, Fmax: 119.232MHz, Clock: ESP_SPI_SCK
  User constraint:   8.000MHz, Fmax: 133.174MHz, Clock: PIN_HSE
  User constraint:  10.000MHz, Fmax: 133.173MHz, Clock: PIN_HSI
  User constraint: 150.000MHz, Fmax: 133.174MHz, Clock: pll_inst|auto_generated|pll1|clk[0]

Clock transfer report:
  Worst setup:  16.613, with clock ESP_SPI_SCK
  Worst setup: 117.491, with clock PIN_HSE
  Worst setup:  92.491, with clock PIN_HSI
  Worst setup:  -0.842, with clock pll_inst|auto_generated|pll1|clk[0]

  Worst  hold:   0.603, with clock ESP_SPI_SCK
  Worst  hold:   0.615, with clock PIN_HSE
  Worst  hold:   0.615, with clock PIN_HSI
  Worst  hold:   0.615, with clock pll_inst|auto_generated|pll1|clk[0]

=== Auto constraints ===
Fmax report
  User constraint:  75.000MHz, Fmax: 119.717MHz, Clock: Internal_generated_clock_macro_inst|core_inst|osc|Q

Clock transfer report:
  Worst setup:   4.980, with clock Internal_generated_clock_macro_inst|core_inst|osc|Q
  Worst setup: 998.738, from clock Internal_generated_clock_example_board|ESP32_SPI2_CS_N to Internal_generated_clock_example_board|ESP32_SPI_CS1
  Worst setup:  12.814, from clock Internal_generated_clock_example_board|ESP32_SPI2_CS_N to Internal_generated_clock_macro_inst|core_inst|osc|Q
  Worst setup:   2.379, from clock Internal_generated_clock_example_board|ESP32_SPI2_CS_N to pll_inst|auto_generated|pll1|clk[0]
  Worst setup:  12.929, from clock Internal_generated_clock_example_board|ESP32_SPI_CS1 to Internal_generated_clock_macro_inst|core_inst|osc|Q
  Worst setup:   2.407, from clock Internal_generated_clock_example_board|ESP32_SPI_CS1 to pll_inst|auto_generated|pll1|clk[0]
  Worst setup:   5.854, from clock Internal_generated_clock_macro_inst|core_inst|osc|Q to pll_inst|auto_generated|pll1|clk[0]

  Worst  hold:   0.615, with clock Internal_generated_clock_macro_inst|core_inst|osc|Q
  Worst  hold:  -3.058, from clock Internal_generated_clock_example_board|ESP32_SPI2_CS_N to Internal_generated_clock_example_board|ESP32_SPI_CS1
  Worst  hold:  -2.105, from clock Internal_generated_clock_example_board|ESP32_SPI2_CS_N to Internal_generated_clock_macro_inst|core_inst|osc|Q
  Worst  hold:   2.174, from clock Internal_generated_clock_example_board|ESP32_SPI2_CS_N to pll_inst|auto_generated|pll1|clk[0]
  Worst  hold:  -2.496, from clock Internal_generated_clock_example_board|ESP32_SPI_CS1 to Internal_generated_clock_macro_inst|core_inst|osc|Q
  Worst  hold:   2.613, from clock Internal_generated_clock_example_board|ESP32_SPI_CS1 to pll_inst|auto_generated|pll1|clk[0]
  Worst  hold:   0.615, from clock Internal_generated_clock_macro_inst|core_inst|osc|Q to pll_inst|auto_generated|pll1|clk[0]

Coverage report
  User constraints covered 7688 connections out of 8568 total, coverage: 89.7%
  Auto constraints covered 8148 connections out of 8568 total, coverage: 95.1%


Hold from ESP32_SPI2_CS_N to macro_inst|core_inst|buf_miso_cs1[1]~1, clock Internal_generated_clock_example_board|ESP32_SPI2_CS_N to Internal_generated_clock_example_board|ESP32_SPI_CS1, constraint 0.000, skew 8.732, data 5.498
  Slack:  -3.058
    Arrival Time:  505.338
    Required Time: 508.396

*** End Timing Report ***



route_design -dump ./alta_db/route.tx -replace ./alta_db/replace.tx 

Route Design Statistics
 Total Routing Nets : 2474
 Fanout     Average : 3.49 (1..164)
 Max   Fanout  Net  : macro_inst|mode_guard|cpld_mode~q
 Logic       Slices : 1914/2112 (90.6%)

Routing...
 Budget Useful Skew...
## CPU time: 0:0:1, REAL time: 0:0:1
 iter = 1/1, route#: 2474, violation# : 1961, overflow# : 1714, conflict# : 1367, node#: 16033
## CPU time: 0:0:2, REAL time: 0:0:2
 iter = 2/2, route#: 2474, violation# : 1348, overflow# : 1302, conflict# : 1121, node#: 17047
## CPU time: 0:0:3, REAL time: 0:0:3
 iter = 3/3, route#: 2474, violation# : 745, overflow# : 735, conflict# : 728, node#: 17915
## CPU time: 0:0:3, REAL time: 0:0:4
 iter = 4/4, route#: 2474, violation# : 292, overflow# : 292, conflict# : 372, node#: 18627
## CPU time: 0:0:4, REAL time: 0:0:5
 iter = 5/5, route#: 2474, violation# : 185, overflow# : 185, conflict# : 258, node#: 18905
## CPU time: 0:0:5, REAL time: 0:0:6
 iter = 6/6, route#: 2474, violation# : 121, overflow# : 121, conflict# : 185, node#: 19039
## CPU time: 0:0:6, REAL time: 0:0:6
 iter = 7/7, route#: 2474, violation# : 108, overflow# : 108, conflict# : 174, node#: 19115
## CPU time: 0:0:6, REAL time: 0:0:7
 iter = 8/4, route#: 326, violation# : 219, overflow# : 219, conflict# : 256, node#: 18841
## CPU time: 0:0:7, REAL time: 0:0:8
 iter = 9/5, route#: 310, violation# : 139, overflow# : 139, conflict# : 206, node#: 19005
## CPU time: 0:0:8, REAL time: 0:0:8
 iter = 10/6, route#: 258, violation# : 99, overflow# : 99, conflict# : 156, node#: 19130
## CPU time: 0:0:8, REAL time: 0:0:9
 iter = 11/7, route#: 224, violation# : 94, overflow# : 94, conflict# : 142, node#: 19217
## CPU time: 0:0:9, REAL time: 0:0:9
 iter = 12/8, route#: 220, violation# : 81, overflow# : 81, conflict# : 121, node#: 19304
## CPU time: 0:0:9, REAL time: 0:0:10
 iter = 13/9, route#: 214, violation# : 72, overflow# : 72, conflict# : 115, node#: 19274
## CPU time: 0:0:10, REAL time: 0:0:10
 iter = 14/4, route#: 316, violation# : 185, overflow# : 184, conflict# : 227, node#: 18923
## CPU time: 0:0:11, REAL time: 0:0:11
 iter = 15/5, route#: 274, violation# : 121, overflow# : 121, conflict# : 168, node#: 19102
## CPU time: 0:0:11, REAL time: 0:0:12
 iter = 16/6, route#: 232, violation# : 88, overflow# : 88, conflict# : 139, node#: 19229
## CPU time: 0:0:12, REAL time: 0:0:12
 iter = 17/7, route#: 225, violation# : 75, overflow# : 75, conflict# : 126, node#: 19268
## CPU time: 0:0:12, REAL time: 0:0:13
 iter = 18/8, route#: 222, violation# : 78, overflow# : 78, conflict# : 118, node#: 19347
## CPU time: 0:0:13, REAL time: 0:0:13
 iter = 19/9, route#: 203, violation# : 71, overflow# : 71, conflict# : 111, node#: 19430
## CPU time: 0:0:13, REAL time: 0:0:14
 iter = 20/5, route#: 150, violation# : 109, overflow# : 109, conflict# : 143, node#: 19285
## CPU time: 0:0:14, REAL time: 0:0:14
 iter = 21/6, route#: 150, violation# : 88, overflow# : 88, conflict# : 118, node#: 19355
## CPU time: 0:0:14, REAL time: 0:0:15
 iter = 22/7, route#: 150, violation# : 81, overflow# : 81, conflict# : 116, node#: 19363
## CPU time: 0:0:15, REAL time: 0:0:15
 iter = 23/8, route#: 128, violation# : 65, overflow# : 65, conflict# : 96, node#: 19462
## CPU time: 0:0:15, REAL time: 0:0:16
 iter = 24/9, route#: 116, violation# : 63, overflow# : 63, conflict# : 96, node#: 19494
## CPU time: 0:0:15, REAL time: 0:0:16
 iter = 25/10, route#: 112, violation# : 58, overflow# : 58, conflict# : 88, node#: 19501
## CPU time: 0:0:16, REAL time: 0:0:16
 iter = 26/5, route#: 129, violation# : 81, overflow# : 81, conflict# : 116, node#: 19383
## CPU time: 0:0:16, REAL time: 0:0:17
 iter = 27/6, route#: 125, violation# : 63, overflow# : 63, conflict# : 96, node#: 19412
## CPU time: 0:0:17, REAL time: 0:0:17
 iter = 28/7, route#: 131, violation# : 72, overflow# : 72, conflict# : 106, node#: 19432
## CPU time: 0:0:17, REAL time: 0:0:18
 iter = 29/8, route#: 112, violation# : 53, overflow# : 53, conflict# : 88, node#: 19526
## CPU time: 0:0:17, REAL time: 0:0:18
 iter = 30/9, route#: 106, violation# : 60, overflow# : 60, conflict# : 87, node#: 19547
## CPU time: 0:0:18, REAL time: 0:0:18
 iter = 31/10, route#: 98, violation# : 54, overflow# : 54, conflict# : 83, node#: 19556
## CPU time: 0:0:18, REAL time: 0:0:19
 iter = 32/5, route#: 93, violation# : 74, overflow# : 74, conflict# : 104, node#: 19478
## CPU time: 0:0:18, REAL time: 0:0:19
 iter = 33/6, route#: 149, violation# : 75, overflow# : 75, conflict# : 110, node#: 19516
## CPU time: 0:0:19, REAL time: 0:0:19
 iter = 34/7, route#: 125, violation# : 57, overflow# : 57, conflict# : 92, node#: 19564
## CPU time: 0:0:19, REAL time: 0:0:19
 iter = 35/8, route#: 100, violation# : 52, overflow# : 52, conflict# : 78, node#: 19600
## CPU time: 0:0:19, REAL time: 0:0:20
 iter = 36/9, route#: 84, violation# : 45, overflow# : 45, conflict# : 68, node#: 19639
## CPU time: 0:0:19, REAL time: 0:0:20
 iter = 37/10, route#: 80, violation# : 45, overflow# : 45, conflict# : 69, node#: 19648
## CPU time: 0:0:19, REAL time: 0:0:20
 iter = 38/5, route#: 106, violation# : 79, overflow# : 79, conflict# : 110, node#: 19530
## CPU time: 0:0:20, REAL time: 0:0:20
 iter = 39/6, route#: 126, violation# : 64, overflow# : 64, conflict# : 101, node#: 19586
## CPU time: 0:0:20, REAL time: 0:0:20
 iter = 40/7, route#: 113, violation# : 60, overflow# : 60, conflict# : 90, node#: 19638
## CPU time: 0:0:20, REAL time: 0:0:21
 iter = 41/8, route#: 98, violation# : 47, overflow# : 47, conflict# : 75, node#: 19698
## CPU time: 0:0:20, REAL time: 0:0:21
 iter = 42/9, route#: 101, violation# : 56, overflow# : 56, conflict# : 82, node#: 19739
## CPU time: 0:0:20, REAL time: 0:0:21
 iter = 43/10, route#: 95, violation# : 53, overflow# : 53, conflict# : 73, node#: 19815
## CPU time: 0:0:21, REAL time: 0:0:21
 iter = 44/5, route#: 101, violation# : 62, overflow# : 62, conflict# : 91, node#: 19657
## CPU time: 0:0:21, REAL time: 0:0:22
 iter = 45/6, route#: 108, violation# : 60, overflow# : 60, conflict# : 86, node#: 19662
## CPU time: 0:0:21, REAL time: 0:0:22
 iter = 46/7, route#: 100, violation# : 48, overflow# : 48, conflict# : 77, node#: 19716
## CPU time: 0:0:21, REAL time: 0:0:22
 iter = 47/8, route#: 82, violation# : 41, overflow# : 41, conflict# : 66, node#: 19746
## CPU time: 0:0:21, REAL time: 0:0:22
 iter = 48/9, route#: 77, violation# : 39, overflow# : 39, conflict# : 60, node#: 19754
## CPU time: 0:0:21, REAL time: 0:0:22
 iter = 49/10, route#: 71, violation# : 36, overflow# : 36, conflict# : 58, node#: 19782
## CPU time: 0:0:22, REAL time: 0:0:22
 iter = 50/5, route#: 113, violation# : 81, overflow# : 81, conflict# : 102, node#: 19644
## CPU time: 0:0:22, REAL time: 0:0:23
 iter = 51/6, route#: 109, violation# : 50, overflow# : 50, conflict# : 78, node#: 19690
## CPU time: 0:0:22, REAL time: 0:0:23
 iter = 52/7, route#: 96, violation# : 47, overflow# : 47, conflict# : 72, node#: 19702
## CPU time: 0:0:22, REAL time: 0:0:23
 iter = 53/8, route#: 76, violation# : 37, overflow# : 37, conflict# : 56, node#: 19726
## CPU time: 0:0:23, REAL time: 0:0:23
 iter = 54/9, route#: 65, violation# : 34, overflow# : 34, conflict# : 51, node#: 19751
## CPU time: 0:0:23, REAL time: 0:0:24
 iter = 55/10, route#: 60, violation# : 31, overflow# : 31, conflict# : 53, node#: 19766
## CPU time: 0:0:23, REAL time: 0:0:24
 iter = 56/5, route#: 80, violation# : 51, overflow# : 51, conflict# : 75, node#: 19688
## CPU time: 0:0:23, REAL time: 0:0:24
 iter = 57/6, route#: 78, violation# : 45, overflow# : 45, conflict# : 73, node#: 19709
## CPU time: 0:0:23, REAL time: 0:0:24
 iter = 58/7, route#: 84, violation# : 37, overflow# : 37, conflict# : 68, node#: 19748
## CPU time: 0:0:24, REAL time: 0:0:24
 iter = 59/8, route#: 92, violation# : 45, overflow# : 45, conflict# : 71, node#: 19794
## CPU time: 0:0:24, REAL time: 0:0:25
 iter = 60/9, route#: 81, violation# : 37, overflow# : 37, conflict# : 63, node#: 19840
## CPU time: 0:0:24, REAL time: 0:0:25
 iter = 61/10, route#: 71, violation# : 36, overflow# : 36, conflict# : 58, node#: 19856
## CPU time: 0:0:24, REAL time: 0:0:25
 iter = 62/5, route#: 116, violation# : 84, overflow# : 84, conflict# : 111, node#: 19714
## CPU time: 0:0:25, REAL time: 0:0:25
 iter = 63/6, route#: 114, violation# : 62, overflow# : 62, conflict# : 86, node#: 19741
## CPU time: 0:0:25, REAL time: 0:0:26
 iter = 64/7, route#: 117, violation# : 53, overflow# : 53, conflict# : 84, node#: 19810
## CPU time: 0:0:25, REAL time: 0:0:26
 iter = 65/8, route#: 88, violation# : 32, overflow# : 32, conflict# : 56, node#: 19878
## CPU time: 0:0:25, REAL time: 0:0:26
 iter = 66/9, route#: 73, violation# : 35, overflow# : 35, conflict# : 60, node#: 19904
## CPU time: 0:0:25, REAL time: 0:0:26
 iter = 67/10, route#: 69, violation# : 31, overflow# : 31, conflict# : 54, node#: 19916
## CPU time: 0:0:26, REAL time: 0:0:27
 iter = 68/5, route#: 79, violation# : 57, overflow# : 57, conflict# : 77, node#: 19865
## CPU time: 0:0:26, REAL time: 0:0:27
 iter = 69/6, route#: 87, violation# : 46, overflow# : 46, conflict# : 73, node#: 19870
## CPU time: 0:0:26, REAL time: 0:0:27
 iter = 70/7, route#: 88, violation# : 43, overflow# : 43, conflict# : 68, node#: 19919
## CPU time: 0:0:26, REAL time: 0:0:27
 iter = 71/8, route#: 68, violation# : 26, overflow# : 26, conflict# : 51, node#: 19963
## CPU time: 0:0:27, REAL time: 0:0:27
 iter = 72/9, route#: 67, violation# : 34, overflow# : 34, conflict# : 50, node#: 19981
## CPU time: 0:0:27, REAL time: 0:0:28
 iter = 73/10, route#: 57, violation# : 34, overflow# : 34, conflict# : 51, node#: 20029
## CPU time: 0:0:27, REAL time: 0:0:28
 iter = 74/5, route#: 96, violation# : 67, overflow# : 67, conflict# : 85, node#: 19869
## CPU time: 0:0:27, REAL time: 0:0:28
 iter = 75/6, route#: 97, violation# : 45, overflow# : 45, conflict# : 67, node#: 19890
## CPU time: 0:0:28, REAL time: 0:0:29
 iter = 76/7, route#: 79, violation# : 43, overflow# : 43, conflict# : 65, node#: 19903
## CPU time: 0:0:28, REAL time: 0:0:29
 iter = 77/8, route#: 86, violation# : 35, overflow# : 35, conflict# : 57, node#: 19922
## CPU time: 0:0:28, REAL time: 0:0:29
 iter = 78/9, route#: 72, violation# : 32, overflow# : 32, conflict# : 50, node#: 19956
## CPU time: 0:0:28, REAL time: 0:0:29
 iter = 79/10, route#: 59, violation# : 29, overflow# : 29, conflict# : 49, node#: 19951
## CPU time: 0:0:28, REAL time: 0:0:29
 iter = 80/5, route#: 90, violation# : 60, overflow# : 60, conflict# : 84, node#: 19836
## CPU time: 0:0:29, REAL time: 0:0:30
 iter = 81/6, route#: 88, violation# : 47, overflow# : 47, conflict# : 71, node#: 19857
## CPU time: 0:0:29, REAL time: 0:0:30
 iter = 82/7, route#: 88, violation# : 47, overflow# : 47, conflict# : 69, node#: 19912
## CPU time: 0:0:29, REAL time: 0:0:30
 iter = 83/8, route#: 73, violation# : 40, overflow# : 40, conflict# : 60, node#: 19939
## CPU time: 0:0:29, REAL time: 0:0:30
 iter = 84/9, route#: 71, violation# : 44, overflow# : 44, conflict# : 57, node#: 19933
## CPU time: 0:0:29, REAL time: 0:0:30
 iter = 85/10, route#: 83, violation# : 42, overflow# : 42, conflict# : 65, node#: 19981
## CPU time: 0:0:30, REAL time: 0:0:31
 iter = 86/5, route#: 122, violation# : 82, overflow# : 82, conflict# : 108, node#: 19801
## CPU time: 0:0:30, REAL time: 0:0:31
 iter = 87/6, route#: 110, violation# : 46, overflow# : 46, conflict# : 69, node#: 19858
## CPU time: 0:0:30, REAL time: 0:0:31
 iter = 88/7, route#: 98, violation# : 42, overflow# : 42, conflict# : 68, node#: 19876
## CPU time: 0:0:30, REAL time: 0:0:31
 iter = 89/8, route#: 72, violation# : 32, overflow# : 32, conflict# : 56, node#: 19917
## CPU time: 0:0:31, REAL time: 0:0:32
 iter = 90/9, route#: 75, violation# : 40, overflow# : 40, conflict# : 57, node#: 19956
## CPU time: 0:0:31, REAL time: 0:0:32
 iter = 91/10, route#: 67, violation# : 34, overflow# : 34, conflict# : 56, node#: 19956
## CPU time: 0:0:31, REAL time: 0:0:32
 iter = 92/5, route#: 125, violation# : 74, overflow# : 74, conflict# : 98, node#: 19844
## CPU time: 0:0:31, REAL time: 0:0:32
 iter = 93/6, route#: 108, violation# : 59, overflow# : 59, conflict# : 83, node#: 19862
## CPU time: 0:0:31, REAL time: 0:0:33
 iter = 94/7, route#: 92, violation# : 43, overflow# : 43, conflict# : 67, node#: 19898
## CPU time: 0:0:32, REAL time: 0:0:33
 iter = 95/8, route#: 90, violation# : 45, overflow# : 45, conflict# : 68, node#: 19970
## CPU time: 0:0:32, REAL time: 0:0:33
 iter = 96/9, route#: 76, violation# : 39, overflow# : 39, conflict# : 62, node#: 19978
## CPU time: 0:0:32, REAL time: 0:0:33
 iter = 97/10, route#: 68, violation# : 28, overflow# : 28, conflict# : 52, node#: 19994
## CPU time: 0:0:32, REAL time: 0:0:33
 iter = 98/5, route#: 94, violation# : 64, overflow# : 64, conflict# : 92, node#: 19933
## CPU time: 0:0:33, REAL time: 0:0:34
 iter = 99/6, route#: 125, violation# : 61, overflow# : 61, conflict# : 96, node#: 19926
## CPU time: 0:0:33, REAL time: 0:0:34
 iter = 100/7, route#: 105, violation# : 52, overflow# : 52, conflict# : 79, node#: 19976
## CPU time: 0:0:33, REAL time: 0:0:34
 iter = 101/8, route#: 95, violation# : 47, overflow# : 47, conflict# : 68, node#: 20000
## CPU time: 0:0:33, REAL time: 0:0:34
 iter = 102/9, route#: 79, violation# : 42, overflow# : 42, conflict# : 63, node#: 20015
## CPU time: 0:0:33, REAL time: 0:0:35
 iter = 103/10, route#: 74, violation# : 40, overflow# : 40, conflict# : 63, node#: 19988
## CPU time: 0:0:34, REAL time: 0:0:35
 iter = 104/5, route#: 89, violation# : 61, overflow# : 61, conflict# : 90, node#: 19923
## CPU time: 0:0:34, REAL time: 0:0:35
 iter = 105/6, route#: 99, violation# : 52, overflow# : 52, conflict# : 82, node#: 19933
## CPU time: 0:0:34, REAL time: 0:0:35
 iter = 106/7, route#: 83, violation# : 38, overflow# : 38, conflict# : 64, node#: 19966
## CPU time: 0:0:34, REAL time: 0:0:35
 iter = 107/8, route#: 70, violation# : 36, overflow# : 36, conflict# : 58, node#: 20012
## CPU time: 0:0:34, REAL time: 0:0:36
 iter = 108/9, route#: 77, violation# : 41, overflow# : 41, conflict# : 57, node#: 19999
## CPU time: 0:0:35, REAL time: 0:0:36
 iter = 109/10, route#: 70, violation# : 34, overflow# : 34, conflict# : 54, node#: 20039
## CPU time: 0:0:35, REAL time: 0:0:36
 iter = 110/5, route#: 115, violation# : 84, overflow# : 84, conflict# : 106, node#: 19867
## CPU time: 0:0:35, REAL time: 0:0:37
 iter = 111/6, route#: 128, violation# : 68, overflow# : 68, conflict# : 97, node#: 19886
## CPU time: 0:0:36, REAL time: 0:0:37
 iter = 112/7, route#: 110, violation# : 45, overflow# : 45, conflict# : 72, node#: 19957
## CPU time: 0:0:36, REAL time: 0:0:37
 iter = 113/8, route#: 75, violation# : 34, overflow# : 34, conflict# : 57, node#: 19979
## CPU time: 0:0:36, REAL time: 0:0:37
 iter = 114/9, route#: 61, violation# : 32, overflow# : 32, conflict# : 53, node#: 20009
## CPU time: 0:0:36, REAL time: 0:0:37
 iter = 115/10, route#: 67, violation# : 33, overflow# : 33, conflict# : 53, node#: 20034
## CPU time: 0:0:36, REAL time: 0:0:38
 iter = 116/5, route#: 106, violation# : 71, overflow# : 71, conflict# : 93, node#: 19952
## CPU time: 0:0:37, REAL time: 0:0:38
 iter = 117/6, route#: 104, violation# : 48, overflow# : 48, conflict# : 78, node#: 19979
## CPU time: 0:0:37, REAL time: 0:0:38
 iter = 118/7, route#: 88, violation# : 38, overflow# : 38, conflict# : 63, node#: 20007
## CPU time: 0:0:37, REAL time: 0:0:38
 iter = 119/8, route#: 71, violation# : 37, overflow# : 37, conflict# : 59, node#: 20059
## CPU time: 0:0:37, REAL time: 0:0:38
 iter = 120/9, route#: 67, violation# : 32, overflow# : 32, conflict# : 54, node#: 20084
## CPU time: 0:0:37, REAL time: 0:0:39
 iter = 121/10, route#: 78, violation# : 41, overflow# : 41, conflict# : 62, node#: 20130
## CPU time: 0:0:38, REAL time: 0:0:39
 iter = 122/5, route#: 96, violation# : 70, overflow# : 70, conflict# : 89, node#: 19997
## CPU time: 0:0:38, REAL time: 0:0:39
 iter = 123/6, route#: 93, violation# : 53, overflow# : 53, conflict# : 76, node#: 20051
## CPU time: 0:0:38, REAL time: 0:0:40
 iter = 124/7, route#: 95, violation# : 42, overflow# : 42, conflict# : 71, node#: 20055
## CPU time: 0:0:38, REAL time: 0:0:40
 iter = 125/8, route#: 80, violation# : 31, overflow# : 31, conflict# : 55, node#: 20107
## CPU time: 0:0:39, REAL time: 0:0:40
 iter = 126/9, route#: 61, violation# : 33, overflow# : 33, conflict# : 55, node#: 20114
## CPU time: 0:0:39, REAL time: 0:0:40
 iter = 127/10, route#: 60, violation# : 32, overflow# : 32, conflict# : 55, node#: 20109
## CPU time: 0:0:39, REAL time: 0:0:40
 iter = 128/5, route#: 69, violation# : 50, overflow# : 50, conflict# : 77, node#: 20017
## CPU time: 0:0:39, REAL time: 0:0:41
 iter = 129/6, route#: 92, violation# : 47, overflow# : 47, conflict# : 71, node#: 20022
## CPU time: 0:0:39, REAL time: 0:0:41
 iter = 130/7, route#: 87, violation# : 47, overflow# : 47, conflict# : 70, node#: 20050
## CPU time: 0:0:39, REAL time: 0:0:41
 iter = 131/8, route#: 77, violation# : 41, overflow# : 41, conflict# : 60, node#: 20086
## CPU time: 0:0:40, REAL time: 0:0:41
 iter = 132/9, route#: 72, violation# : 33, overflow# : 33, conflict# : 53, node#: 20114
## CPU time: 0:0:40, REAL time: 0:0:41
 iter = 133/10, route#: 70, violation# : 37, overflow# : 37, conflict# : 59, node#: 20097
## CPU time: 0:0:40, REAL time: 0:0:42
 iter = 134/5, route#: 78, violation# : 59, overflow# : 59, conflict# : 75, node#: 20033
## CPU time: 0:0:40, REAL time: 0:0:42
 iter = 135/6, route#: 93, violation# : 50, overflow# : 50, conflict# : 71, node#: 20058
## CPU time: 0:0:40, REAL time: 0:0:42
 iter = 136/7, route#: 78, violation# : 34, overflow# : 34, conflict# : 58, node#: 20074
## CPU time: 0:0:41, REAL time: 0:0:42
 iter = 137/8, route#: 75, violation# : 32, overflow# : 32, conflict# : 51, node#: 20106
## CPU time: 0:0:41, REAL time: 0:0:42
 iter = 138/9, route#: 62, violation# : 36, overflow# : 36, conflict# : 55, node#: 20152
## CPU time: 0:0:41, REAL time: 0:0:43
 iter = 139/10, route#: 67, violation# : 36, overflow# : 36, conflict# : 52, node#: 20137
## CPU time: 0:0:41, REAL time: 0:0:43
 iter = 140/5, route#: 125, violation# : 76, overflow# : 76, conflict# : 107, node#: 19977
## CPU time: 0:0:42, REAL time: 0:0:43
 iter = 141/6, route#: 127, violation# : 59, overflow# : 59, conflict# : 86, node#: 20047
## CPU time: 0:0:42, REAL time: 0:0:43
 iter = 142/7, route#: 100, violation# : 49, overflow# : 49, conflict# : 74, node#: 20072
## CPU time: 0:0:42, REAL time: 0:0:44
 iter = 143/8, route#: 95, violation# : 37, overflow# : 37, conflict# : 63, node#: 20128
## CPU time: 0:0:42, REAL time: 0:0:44
 iter = 144/9, route#: 77, violation# : 32, overflow# : 32, conflict# : 57, node#: 20163
## CPU time: 0:0:42, REAL time: 0:0:44
 iter = 145/10, route#: 67, violation# : 34, overflow# : 34, conflict# : 58, node#: 20196
## CPU time: 0:0:43, REAL time: 0:0:44
 iter = 146/5, route#: 125, violation# : 75, overflow# : 75, conflict# : 97, node#: 20005
## CPU time: 0:0:43, REAL time: 0:0:44
 iter = 147/6, route#: 104, violation# : 44, overflow# : 44, conflict# : 70, node#: 20050
## CPU time: 0:0:43, REAL time: 0:0:45
 iter = 148/7, route#: 89, violation# : 41, overflow# : 41, conflict# : 66, node#: 20040
## CPU time: 0:0:43, REAL time: 0:0:45
 iter = 149/8, route#: 67, violation# : 23, overflow# : 23, conflict# : 42, node#: 20116
## CPU time: 0:0:43, REAL time: 0:0:45
 iter = 150/9, route#: 54, violation# : 27, overflow# : 27, conflict# : 46, node#: 20124
## CPU time: 0:0:43, REAL time: 0:0:45
 iter = 151/10, route#: 60, violation# : 29, overflow# : 29, conflict# : 44, node#: 20176
## CPU time: 0:0:44, REAL time: 0:0:45
 iter = 152/5, route#: 87, violation# : 63, overflow# : 63, conflict# : 84, node#: 20042
## CPU time: 0:0:44, REAL time: 0:0:45
 iter = 153/6, route#: 95, violation# : 48, overflow# : 48, conflict# : 70, node#: 20020
## CPU time: 0:0:44, REAL time: 0:0:46
 iter = 154/7, route#: 95, violation# : 38, overflow# : 38, conflict# : 62, node#: 20061
## CPU time: 0:0:44, REAL time: 0:0:46
 iter = 155/8, route#: 71, violation# : 36, overflow# : 36, conflict# : 54, node#: 20144
## CPU time: 0:0:44, REAL time: 0:0:46
 iter = 156/9, route#: 75, violation# : 30, overflow# : 30, conflict# : 45, node#: 20122
## CPU time: 0:0:44, REAL time: 0:0:46
 iter = 157/10, route#: 50, violation# : 24, overflow# : 24, conflict# : 40, node#: 20170
## CPU time: 0:0:45, REAL time: 0:0:46
 iter = 158/5, route#: 60, violation# : 44, overflow# : 44, conflict# : 59, node#: 20088
## CPU time: 0:0:45, REAL time: 0:0:46
 iter = 159/6, route#: 69, violation# : 36, overflow# : 36, conflict# : 51, node#: 20118
## CPU time: 0:0:45, REAL time: 0:0:47
 iter = 160/7, route#: 64, violation# : 29, overflow# : 29, conflict# : 41, node#: 20149
## CPU time: 0:0:45, REAL time: 0:0:47
 iter = 161/8, route#: 43, violation# : 20, overflow# : 20, conflict# : 35, node#: 20155
## CPU time: 0:0:45, REAL time: 0:0:47
 iter = 162/9, route#: 48, violation# : 28, overflow# : 28, conflict# : 39, node#: 20175
## CPU time: 0:0:45, REAL time: 0:0:47
 iter = 163/10, route#: 44, violation# : 21, overflow# : 21, conflict# : 31, node#: 20181
## CPU time: 0:0:45, REAL time: 0:0:47
 iter = 164/5, route#: 46, violation# : 29, overflow# : 29, conflict# : 47, node#: 20120
## CPU time: 0:0:46, REAL time: 0:0:47
 iter = 165/6, route#: 49, violation# : 21, overflow# : 21, conflict# : 35, node#: 20143
## CPU time: 0:0:46, REAL time: 0:0:47
 iter = 166/7, route#: 41, violation# : 20, overflow# : 20, conflict# : 34, node#: 20161
## CPU time: 0:0:46, REAL time: 0:0:48
 iter = 167/8, route#: 40, violation# : 20, overflow# : 20, conflict# : 35, node#: 20172
## CPU time: 0:0:46, REAL time: 0:0:48
 iter = 168/9, route#: 33, violation# : 18, overflow# : 18, conflict# : 31, node#: 20159
## CPU time: 0:0:46, REAL time: 0:0:48
 iter = 169/10, route#: 40, violation# : 18, overflow# : 18, conflict# : 30, node#: 20175
## CPU time: 0:0:46, REAL time: 0:0:48
 iter = 170/5, route#: 42, violation# : 28, overflow# : 28, conflict# : 43, node#: 20147
## CPU time: 0:0:46, REAL time: 0:0:48
 iter = 171/6, route#: 45, violation# : 29, overflow# : 29, conflict# : 44, node#: 20152
## CPU time: 0:0:46, REAL time: 0:0:48
 iter = 172/7, route#: 65, violation# : 30, overflow# : 30, conflict# : 49, node#: 20139
## CPU time: 0:0:46, REAL time: 0:0:48
 iter = 173/8, route#: 55, violation# : 24, overflow# : 24, conflict# : 39, node#: 20160
## CPU time: 0:0:46, REAL time: 0:0:48
 iter = 174/9, route#: 44, violation# : 25, overflow# : 25, conflict# : 41, node#: 20179
## CPU time: 0:0:47, REAL time: 0:0:48
 iter = 175/10, route#: 46, violation# : 26, overflow# : 26, conflict# : 41, node#: 20178
## CPU time: 0:0:47, REAL time: 0:0:48
 iter = 176/5, route#: 48, violation# : 33, overflow# : 33, conflict# : 54, node#: 20151
## CPU time: 0:0:47, REAL time: 0:0:49
 iter = 177/6, route#: 68, violation# : 35, overflow# : 35, conflict# : 54, node#: 20125
## CPU time: 0:0:47, REAL time: 0:0:49
 iter = 178/7, route#: 63, violation# : 30, overflow# : 30, conflict# : 47, node#: 20200
## CPU time: 0:0:47, REAL time: 0:0:49
 iter = 179/8, route#: 50, violation# : 23, overflow# : 23, conflict# : 40, node#: 20200
## CPU time: 0:0:47, REAL time: 0:0:49
 iter = 180/9, route#: 47, violation# : 25, overflow# : 25, conflict# : 35, node#: 20236
## CPU time: 0:0:48, REAL time: 0:0:49
 iter = 181/10, route#: 41, violation# : 23, overflow# : 23, conflict# : 34, node#: 20228
## CPU time: 0:0:48, REAL time: 0:0:50
 iter = 182/5, route#: 40, violation# : 32, overflow# : 32, conflict# : 47, node#: 20168
## CPU time: 0:0:48, REAL time: 0:0:50
 iter = 183/6, route#: 51, violation# : 26, overflow# : 26, conflict# : 48, node#: 20178
## CPU time: 0:0:48, REAL time: 0:0:50
 iter = 184/7, route#: 56, violation# : 23, overflow# : 23, conflict# : 44, node#: 20203
## CPU time: 0:0:48, REAL time: 0:0:50
 iter = 185/8, route#: 45, violation# : 20, overflow# : 20, conflict# : 34, node#: 20227
## CPU time: 0:0:48, REAL time: 0:0:50
 iter = 186/9, route#: 39, violation# : 20, overflow# : 20, conflict# : 35, node#: 20227
## CPU time: 0:0:49, REAL time: 0:0:50
 iter = 187/10, route#: 37, violation# : 22, overflow# : 22, conflict# : 36, node#: 20230
## CPU time: 0:0:49, REAL time: 0:0:51
 iter = 188/5, route#: 46, violation# : 33, overflow# : 33, conflict# : 50, node#: 20186
## CPU time: 0:0:49, REAL time: 0:0:51
 iter = 189/6, route#: 62, violation# : 32, overflow# : 32, conflict# : 48, node#: 20206
## CPU time: 0:0:49, REAL time: 0:0:51
 iter = 190/7, route#: 64, violation# : 38, overflow# : 38, conflict# : 57, node#: 20203
## CPU time: 0:0:49, REAL time: 0:0:51
 iter = 191/8, route#: 58, violation# : 32, overflow# : 32, conflict# : 48, node#: 20249
## CPU time: 0:0:50, REAL time: 0:0:51
 iter = 192/9, route#: 72, violation# : 39, overflow# : 39, conflict# : 53, node#: 20265
## CPU time: 0:0:50, REAL time: 0:0:52
 iter = 193/10, route#: 59, violation# : 31, overflow# : 31, conflict# : 45, node#: 20277
## CPU time: 0:0:50, REAL time: 0:0:52
 iter = 194/5, route#: 78, violation# : 57, overflow# : 57, conflict# : 75, node#: 20197
## CPU time: 0:0:50, REAL time: 0:0:52
 iter = 195/6, route#: 87, violation# : 45, overflow# : 45, conflict# : 68, node#: 20208
## CPU time: 0:0:51, REAL time: 0:0:53
 iter = 196/7, route#: 70, violation# : 34, overflow# : 34, conflict# : 51, node#: 20224
## CPU time: 0:0:51, REAL time: 0:0:53
 iter = 197/8, route#: 62, violation# : 30, overflow# : 30, conflict# : 46, node#: 20267
## CPU time: 0:0:51, REAL time: 0:0:53
 iter = 198/9, route#: 64, violation# : 37, overflow# : 37, conflict# : 55, node#: 20264
## CPU time: 0:0:51, REAL time: 0:0:53
 iter = 199/10, route#: 52, violation# : 28, overflow# : 28, conflict# : 42, node#: 20280
## CPU time: 0:0:52, REAL time: 0:0:53
 iter = 200/5, route#: 96, violation# : 65, overflow# : 65, conflict# : 90, node#: 20169
## CPU time: 0:0:52, REAL time: 0:0:54
 iter = 201/6, route#: 111, violation# : 53, overflow# : 53, conflict# : 77, node#: 20194
## CPU time: 0:0:52, REAL time: 0:0:54
 iter = 202/7, route#: 87, violation# : 37, overflow# : 37, conflict# : 56, node#: 20225
## CPU time: 0:0:52, REAL time: 0:0:54
 iter = 203/8, route#: 58, violation# : 26, overflow# : 26, conflict# : 44, node#: 20222
## CPU time: 0:0:52, REAL time: 0:0:54
 iter = 204/9, route#: 49, violation# : 22, overflow# : 22, conflict# : 37, node#: 20248
## CPU time: 0:0:53, REAL time: 0:0:54
 iter = 205/10, route#: 43, violation# : 25, overflow# : 25, conflict# : 39, node#: 20254
## CPU time: 0:0:53, REAL time: 0:0:55
 iter = 206/5, route#: 38, violation# : 33, overflow# : 33, conflict# : 50, node#: 20205
## CPU time: 0:0:53, REAL time: 0:0:55
 iter = 207/6, route#: 64, violation# : 37, overflow# : 37, conflict# : 54, node#: 20209
## CPU time: 0:0:53, REAL time: 0:0:55
 iter = 208/7, route#: 82, violation# : 36, overflow# : 36, conflict# : 54, node#: 20250
## CPU time: 0:0:53, REAL time: 0:0:55
 iter = 209/8, route#: 67, violation# : 40, overflow# : 40, conflict# : 58, node#: 20291
## CPU time: 0:0:54, REAL time: 0:0:55
 iter = 210/9, route#: 68, violation# : 36, overflow# : 36, conflict# : 56, node#: 20283
## CPU time: 0:0:54, REAL time: 0:0:56
 iter = 211/10, route#: 72, violation# : 30, overflow# : 30, conflict# : 48, node#: 20314
## CPU time: 0:0:54, REAL time: 0:0:56
 iter = 212/5, route#: 109, violation# : 73, overflow# : 73, conflict# : 96, node#: 20109
## CPU time: 0:0:55, REAL time: 0:0:56
 iter = 213/6, route#: 120, violation# : 56, overflow# : 56, conflict# : 87, node#: 20142
## CPU time: 0:0:55, REAL time: 0:0:57
 iter = 214/7, route#: 94, violation# : 37, overflow# : 37, conflict# : 60, node#: 20199
## CPU time: 0:0:55, REAL time: 0:0:57
 iter = 215/8, route#: 56, violation# : 26, overflow# : 26, conflict# : 44, node#: 20241
## CPU time: 0:0:55, REAL time: 0:0:57
 iter = 216/9, route#: 68, violation# : 33, overflow# : 33, conflict# : 52, node#: 20250
## CPU time: 0:0:55, REAL time: 0:0:57
 iter = 217/10, route#: 61, violation# : 31, overflow# : 31, conflict# : 49, node#: 20274
## CPU time: 0:0:56, REAL time: 0:0:58
 iter = 218/5, route#: 101, violation# : 66, overflow# : 66, conflict# : 88, node#: 20091
## CPU time: 0:0:56, REAL time: 0:0:58
 iter = 219/6, route#: 91, violation# : 40, overflow# : 40, conflict# : 66, node#: 20138
## CPU time: 0:0:56, REAL time: 0:0:58
 iter = 220/7, route#: 72, violation# : 29, overflow# : 29, conflict# : 47, node#: 20224
## CPU time: 0:0:57, REAL time: 0:0:59
 iter = 221/8, route#: 52, violation# : 24, overflow# : 24, conflict# : 39, node#: 20224
## CPU time: 0:0:57, REAL time: 0:0:59
 iter = 222/9, route#: 45, violation# : 20, overflow# : 20, conflict# : 36, node#: 20252
## CPU time: 0:0:57, REAL time: 0:0:59
 iter = 223/10, route#: 41, violation# : 22, overflow# : 22, conflict# : 38, node#: 20246
## CPU time: 0:0:57, REAL time: 0:0:59
 iter = 224/5, route#: 73, violation# : 40, overflow# : 40, conflict# : 59, node#: 20157
## CPU time: 0:0:58, REAL time: 0:1:0
 iter = 225/6, route#: 78, violation# : 36, overflow# : 36, conflict# : 58, node#: 20130
## CPU time: 0:0:58, REAL time: 0:1:0
 iter = 226/7, route#: 59, violation# : 22, overflow# : 22, conflict# : 37, node#: 20132
## CPU time: 0:0:58, REAL time: 0:1:0
 iter = 227/8, route#: 43, violation# : 18, overflow# : 18, conflict# : 32, node#: 20181
## CPU time: 0:0:58, REAL time: 0:1:0
 iter = 228/9, route#: 42, violation# : 21, overflow# : 21, conflict# : 36, node#: 20162
## CPU time: 0:0:58, REAL time: 0:1:0
 iter = 229/10, route#: 33, violation# : 14, overflow# : 14, conflict# : 27, node#: 20196
## CPU time: 0:0:59, REAL time: 0:1:0
 iter = 230/5, route#: 44, violation# : 25, overflow# : 25, conflict# : 39, node#: 20140
## CPU time: 0:0:59, REAL time: 0:1:1
 iter = 231/6, route#: 47, violation# : 27, overflow# : 27, conflict# : 42, node#: 20149
## CPU time: 0:0:59, REAL time: 0:1:1
 iter = 232/7, route#: 61, violation# : 23, overflow# : 23, conflict# : 37, node#: 20175
## CPU time: 0:0:59, REAL time: 0:1:1
 iter = 233/8, route#: 43, violation# : 24, overflow# : 24, conflict# : 38, node#: 20194
## CPU time: 0:0:59, REAL time: 0:1:1
 iter = 234/9, route#: 44, violation# : 21, overflow# : 21, conflict# : 37, node#: 20202
## CPU time: 0:1:0, REAL time: 0:1:2
 iter = 235/10, route#: 42, violation# : 20, overflow# : 20, conflict# : 33, node#: 20218
## CPU time: 0:1:0, REAL time: 0:1:2
 iter = 236/5, route#: 80, violation# : 60, overflow# : 60, conflict# : 78, node#: 20133
## CPU time: 0:1:0, REAL time: 0:1:2
 iter = 237/6, route#: 86, violation# : 42, overflow# : 42, conflict# : 59, node#: 20199
## CPU time: 0:1:0, REAL time: 0:1:2
 iter = 238/7, route#: 64, violation# : 38, overflow# : 38, conflict# : 56, node#: 20197
## CPU time: 0:1:0, REAL time: 0:1:2
 iter = 239/8, route#: 61, violation# : 34, overflow# : 34, conflict# : 53, node#: 20259
## CPU time: 0:1:0, REAL time: 0:1:2
 iter = 240/9, route#: 60, violation# : 24, overflow# : 24, conflict# : 41, node#: 20256
## CPU time: 0:1:1, REAL time: 0:1:3
 iter = 241/10, route#: 47, violation# : 26, overflow# : 26, conflict# : 41, node#: 20306
## CPU time: 0:1:1, REAL time: 0:1:3
 iter = 242/5, route#: 73, violation# : 58, overflow# : 58, conflict# : 74, node#: 20192
## CPU time: 0:1:1, REAL time: 0:1:3
 iter = 243/6, route#: 79, violation# : 31, overflow# : 31, conflict# : 49, node#: 20217
## CPU time: 0:1:1, REAL time: 0:1:3
 iter = 244/7, route#: 56, violation# : 24, overflow# : 24, conflict# : 40, node#: 20244
## CPU time: 0:1:1, REAL time: 0:1:3
 iter = 245/8, route#: 41, violation# : 21, overflow# : 21, conflict# : 37, node#: 20252
## CPU time: 0:1:1, REAL time: 0:1:3
 iter = 246/9, route#: 47, violation# : 27, overflow# : 27, conflict# : 42, node#: 20280
## CPU time: 0:1:1, REAL time: 0:1:3
 iter = 247/10, route#: 43, violation# : 21, overflow# : 21, conflict# : 33, node#: 20288
## CPU time: 0:1:2, REAL time: 0:1:4
 iter = 248/5, route#: 44, violation# : 35, overflow# : 35, conflict# : 47, node#: 20200
## CPU time: 0:1:2, REAL time: 0:1:4
 iter = 249/6, route#: 50, violation# : 25, overflow# : 25, conflict# : 39, node#: 20205
## CPU time: 0:1:2, REAL time: 0:1:4
 iter = 250/7, route#: 44, violation# : 25, overflow# : 25, conflict# : 38, node#: 20239
## CPU time: 0:1:2, REAL time: 0:1:4
 iter = 251/8, route#: 38, violation# : 21, overflow# : 21, conflict# : 34, node#: 20250
## CPU time: 0:1:2, REAL time: 0:1:4
 iter = 252/9, route#: 43, violation# : 19, overflow# : 19, conflict# : 33, node#: 20236
## CPU time: 0:1:2, REAL time: 0:1:4
 iter = 253/10, route#: 40, violation# : 21, overflow# : 21, conflict# : 34, node#: 20229
## CPU time: 0:1:2, REAL time: 0:1:4
 iter = 254/5, route#: 63, violation# : 45, overflow# : 45, conflict# : 64, node#: 20166
## CPU time: 0:1:2, REAL time: 0:1:4
 iter = 255/6, route#: 75, violation# : 40, overflow# : 40, conflict# : 61, node#: 20177
## CPU time: 0:1:3, REAL time: 0:1:5
 iter = 256/7, route#: 67, violation# : 32, overflow# : 32, conflict# : 51, node#: 20208
## CPU time: 0:1:3, REAL time: 0:1:5
 iter = 257/8, route#: 67, violation# : 22, overflow# : 22, conflict# : 39, node#: 20260
## CPU time: 0:1:3, REAL time: 0:1:5
 iter = 258/9, route#: 53, violation# : 23, overflow# : 23, conflict# : 41, node#: 20286
## CPU time: 0:1:3, REAL time: 0:1:5
 iter = 259/10, route#: 48, violation# : 22, overflow# : 22, conflict# : 40, node#: 20278
## CPU time: 0:1:3, REAL time: 0:1:5
 iter = 260/5, route#: 56, violation# : 32, overflow# : 32, conflict# : 48, node#: 20197
## CPU time: 0:1:3, REAL time: 0:1:5
 iter = 261/6, route#: 67, violation# : 29, overflow# : 29, conflict# : 51, node#: 20186
## CPU time: 0:1:3, REAL time: 0:1:5
 iter = 262/7, route#: 44, violation# : 19, overflow# : 19, conflict# : 34, node#: 20207
## CPU time: 0:1:4, REAL time: 0:1:6
 iter = 263/8, route#: 47, violation# : 22, overflow# : 22, conflict# : 34, node#: 20233
## CPU time: 0:1:4, REAL time: 0:1:6
 iter = 264/9, route#: 32, violation# : 15, overflow# : 15, conflict# : 28, node#: 20226
## CPU time: 0:1:4, REAL time: 0:1:6
 iter = 265/10, route#: 28, violation# : 14, overflow# : 14, conflict# : 27, node#: 20226
## CPU time: 0:1:4, REAL time: 0:1:6
 iter = 266/5, route#: 46, violation# : 31, overflow# : 31, conflict# : 45, node#: 20162
## CPU time: 0:1:4, REAL time: 0:1:6
 iter = 267/6, route#: 65, violation# : 27, overflow# : 27, conflict# : 46, node#: 20159
## CPU time: 0:1:5, REAL time: 0:1:7
 iter = 268/7, route#: 50, violation# : 21, overflow# : 21, conflict# : 38, node#: 20194
## CPU time: 0:1:5, REAL time: 0:1:7
 iter = 269/8, route#: 43, violation# : 16, overflow# : 16, conflict# : 29, node#: 20225
## CPU time: 0:1:5, REAL time: 0:1:7
 iter = 270/9, route#: 40, violation# : 19, overflow# : 19, conflict# : 32, node#: 20261
## CPU time: 0:1:5, REAL time: 0:1:7
 iter = 271/10, route#: 42, violation# : 20, overflow# : 20, conflict# : 34, node#: 20278
## CPU time: 0:1:6, REAL time: 0:1:8
 iter = 272/5, route#: 65, violation# : 42, overflow# : 42, conflict# : 56, node#: 20213
## CPU time: 0:1:6, REAL time: 0:1:8
 iter = 273/6, route#: 56, violation# : 25, overflow# : 25, conflict# : 40, node#: 20241
## CPU time: 0:1:6, REAL time: 0:1:8
 iter = 274/7, route#: 41, violation# : 22, overflow# : 22, conflict# : 34, node#: 20245
## CPU time: 0:1:6, REAL time: 0:1:8
 iter = 275/8, route#: 34, violation# : 19, overflow# : 19, conflict# : 32, node#: 20264
## CPU time: 0:1:6, REAL time: 0:1:9
 iter = 276/9, route#: 45, violation# : 20, overflow# : 20, conflict# : 36, node#: 20292
## CPU time: 0:1:7, REAL time: 0:1:9
 iter = 277/10, route#: 47, violation# : 18, overflow# : 18, conflict# : 31, node#: 20292
## CPU time: 0:1:7, REAL time: 0:1:9
 iter = 278/5, route#: 54, violation# : 36, overflow# : 36, conflict# : 49, node#: 20195
## CPU time: 0:1:7, REAL time: 0:1:10
 iter = 279/6, route#: 65, violation# : 30, overflow# : 30, conflict# : 45, node#: 20223
## CPU time: 0:1:8, REAL time: 0:1:10
 iter = 280/7, route#: 46, violation# : 23, overflow# : 23, conflict# : 37, node#: 20269
## CPU time: 0:1:8, REAL time: 0:1:10
 iter = 281/8, route#: 54, violation# : 25, overflow# : 25, conflict# : 40, node#: 20263
## CPU time: 0:1:8, REAL time: 0:1:10
 iter = 282/9, route#: 40, violation# : 19, overflow# : 19, conflict# : 31, node#: 20276
## CPU time: 0:1:9, REAL time: 0:1:11
 iter = 283/10, route#: 42, violation# : 19, overflow# : 19, conflict# : 33, node#: 20277
## CPU time: 0:1:9, REAL time: 0:1:11
 iter = 284/5, route#: 67, violation# : 45, overflow# : 45, conflict# : 61, node#: 20186
## CPU time: 0:1:9, REAL time: 0:1:11
 iter = 285/6, route#: 73, violation# : 32, overflow# : 32, conflict# : 54, node#: 20226
## CPU time: 0:1:10, REAL time: 0:1:12
 iter = 286/7, route#: 71, violation# : 34, overflow# : 34, conflict# : 50, node#: 20260
## CPU time: 0:1:10, REAL time: 0:1:12
 iter = 287/8, route#: 55, violation# : 21, overflow# : 21, conflict# : 35, node#: 20273
## CPU time: 0:1:10, REAL time: 0:1:12
 iter = 288/9, route#: 52, violation# : 19, overflow# : 19, conflict# : 33, node#: 20285
## CPU time: 0:1:10, REAL time: 0:1:12
 iter = 289/10, route#: 40, violation# : 17, overflow# : 17, conflict# : 31, node#: 20293
## CPU time: 0:1:10, REAL time: 0:1:13
 iter = 290/5, route#: 44, violation# : 29, overflow# : 29, conflict# : 43, node#: 20217
## CPU time: 0:1:11, REAL time: 0:1:13
 iter = 291/6, route#: 49, violation# : 22, overflow# : 22, conflict# : 35, node#: 20200
## CPU time: 0:1:11, REAL time: 0:1:13
 iter = 292/7, route#: 42, violation# : 19, overflow# : 19, conflict# : 31, node#: 20215
## CPU time: 0:1:11, REAL time: 0:1:13
 iter = 293/8, route#: 56, violation# : 26, overflow# : 26, conflict# : 41, node#: 20265
## CPU time: 0:1:11, REAL time: 0:1:13
 iter = 294/9, route#: 48, violation# : 21, overflow# : 21, conflict# : 35, node#: 20259
## CPU time: 0:1:11, REAL time: 0:1:13
 iter = 295/10, route#: 33, violation# : 13, overflow# : 13, conflict# : 26, node#: 20282
## CPU time: 0:1:11, REAL time: 0:1:14
 iter = 296/5, route#: 56, violation# : 38, overflow# : 38, conflict# : 52, node#: 20201
## CPU time: 0:1:12, REAL time: 0:1:14
 iter = 297/6, route#: 70, violation# : 28, overflow# : 28, conflict# : 45, node#: 20207
## CPU time: 0:1:12, REAL time: 0:1:14
 iter = 298/7, route#: 49, violation# : 27, overflow# : 27, conflict# : 42, node#: 20224
## CPU time: 0:1:12, REAL time: 0:1:14
 iter = 299/8, route#: 56, violation# : 19, overflow# : 19, conflict# : 31, node#: 20242
## CPU time: 0:1:12, REAL time: 0:1:15
 iter = 300/9, route#: 44, violation# : 24, overflow# : 24, conflict# : 36, node#: 20258
## CPU time: 0:1:13, REAL time: 0:1:15
 iter = 301/10, route#: 58, violation# : 36, overflow# : 36, conflict# : 50, node#: 20273
## CPU time: 0:1:13, REAL time: 0:1:15
 iter = 302/5, route#: 84, violation# : 55, overflow# : 55, conflict# : 74, node#: 20172
## CPU time: 0:1:14, REAL time: 0:1:16
 iter = 303/6, route#: 107, violation# : 51, overflow# : 51, conflict# : 77, node#: 20183
## CPU time: 0:1:14, REAL time: 0:1:16
 iter = 304/7, route#: 90, violation# : 37, overflow# : 37, conflict# : 60, node#: 20227
## CPU time: 0:1:14, REAL time: 0:1:16
 iter = 305/8, route#: 68, violation# : 27, overflow# : 27, conflict# : 45, node#: 20286
## CPU time: 0:1:15, REAL time: 0:1:17
 iter = 306/9, route#: 56, violation# : 29, overflow# : 29, conflict# : 46, node#: 20326
## CPU time: 0:1:15, REAL time: 0:1:17
 iter = 307/10, route#: 59, violation# : 28, overflow# : 28, conflict# : 47, node#: 20341
## CPU time: 0:1:15, REAL time: 0:1:17
 iter = 308/5, route#: 136, violation# : 89, overflow# : 89, conflict# : 119, node#: 20087
## CPU time: 0:1:16, REAL time: 0:1:18
 iter = 309/6, route#: 110, violation# : 37, overflow# : 37, conflict# : 60, node#: 20180
## CPU time: 0:1:16, REAL time: 0:1:18
 iter = 310/7, route#: 61, violation# : 22, overflow# : 22, conflict# : 39, node#: 20183
## CPU time: 0:1:16, REAL time: 0:1:18
 iter = 311/8, route#: 38, violation# : 18, overflow# : 18, conflict# : 33, node#: 20193
## CPU time: 0:1:16, REAL time: 0:1:18
 iter = 312/9, route#: 44, violation# : 18, overflow# : 18, conflict# : 33, node#: 20215
## CPU time: 0:1:16, REAL time: 0:1:19
 iter = 313/10, route#: 38, violation# : 21, overflow# : 21, conflict# : 34, node#: 20222
## CPU time: 0:1:17, REAL time: 0:1:19
 iter = 314/5, route#: 49, violation# : 21, overflow# : 21, conflict# : 36, node#: 20167
## CPU time: 0:1:17, REAL time: 0:1:19
 iter = 315/6, route#: 41, violation# : 19, overflow# : 19, conflict# : 36, node#: 20171
## CPU time: 0:1:17, REAL time: 0:1:19
 iter = 316/7, route#: 42, violation# : 18, overflow# : 18, conflict# : 32, node#: 20169
## CPU time: 0:1:17, REAL time: 0:1:19
 iter = 317/8, route#: 35, violation# : 15, overflow# : 15, conflict# : 28, node#: 20220
## CPU time: 0:1:17, REAL time: 0:1:19
 iter = 318/9, route#: 32, violation# : 14, overflow# : 14, conflict# : 27, node#: 20215
## CPU time: 0:1:17, REAL time: 0:1:20
 iter = 319/10, route#: 39, violation# : 19, overflow# : 19, conflict# : 33, node#: 20210
## CPU time: 0:1:18, REAL time: 0:1:20
 iter = 320/5, route#: 69, violation# : 41, overflow# : 41, conflict# : 56, node#: 20126
## CPU time: 0:1:18, REAL time: 0:1:20
 iter = 321/6, route#: 65, violation# : 33, overflow# : 33, conflict# : 49, node#: 20155
## CPU time: 0:1:18, REAL time: 0:1:21
 iter = 322/7, route#: 49, violation# : 23, overflow# : 23, conflict# : 37, node#: 20149
## CPU time: 0:1:19, REAL time: 0:1:21
 iter = 323/8, route#: 53, violation# : 25, overflow# : 25, conflict# : 39, node#: 20197
## CPU time: 0:1:19, REAL time: 0:1:21
 iter = 324/9, route#: 51, violation# : 24, overflow# : 24, conflict# : 39, node#: 20201
## CPU time: 0:1:19, REAL time: 0:1:21
 iter = 325/10, route#: 43, violation# : 22, overflow# : 22, conflict# : 35, node#: 20212
## CPU time: 0:1:19, REAL time: 0:1:21
 iter = 326/5, route#: 47, violation# : 36, overflow# : 36, conflict# : 52, node#: 20149
## CPU time: 0:1:19, REAL time: 0:1:21
 iter = 327/6, route#: 57, violation# : 29, overflow# : 29, conflict# : 48, node#: 20173
## CPU time: 0:1:19, REAL time: 0:1:22
 iter = 328/7, route#: 58, violation# : 28, overflow# : 28, conflict# : 46, node#: 20205
## CPU time: 0:1:20, REAL time: 0:1:22
 iter = 329/8, route#: 48, violation# : 23, overflow# : 23, conflict# : 37, node#: 20237
## CPU time: 0:1:20, REAL time: 0:1:22
 iter = 330/9, route#: 55, violation# : 29, overflow# : 29, conflict# : 43, node#: 20251
## CPU time: 0:1:20, REAL time: 0:1:22
 iter = 331/10, route#: 52, violation# : 27, overflow# : 27, conflict# : 46, node#: 20254
## CPU time: 0:1:20, REAL time: 0:1:22
 iter = 332/5, route#: 60, violation# : 28, overflow# : 28, conflict# : 45, node#: 20201
## CPU time: 0:1:20, REAL time: 0:1:22
 iter = 333/6, route#: 52, violation# : 24, overflow# : 24, conflict# : 45, node#: 20201
## CPU time: 0:1:20, REAL time: 0:1:23
 iter = 334/7, route#: 50, violation# : 20, overflow# : 20, conflict# : 38, node#: 20228
## CPU time: 0:1:20, REAL time: 0:1:23
 iter = 335/8, route#: 41, violation# : 21, overflow# : 21, conflict# : 39, node#: 20241
## CPU time: 0:1:21, REAL time: 0:1:23
 iter = 336/9, route#: 45, violation# : 24, overflow# : 24, conflict# : 42, node#: 20258
## CPU time: 0:1:21, REAL time: 0:1:23
 iter = 337/10, route#: 53, violation# : 23, overflow# : 23, conflict# : 44, node#: 20275
## CPU time: 0:1:21, REAL time: 0:1:23
 iter = 338/5, route#: 65, violation# : 37, overflow# : 37, conflict# : 60, node#: 20216
## CPU time: 0:1:21, REAL time: 0:1:23
 iter = 339/6, route#: 69, violation# : 33, overflow# : 33, conflict# : 52, node#: 20220
## CPU time: 0:1:21, REAL time: 0:1:24
 iter = 340/7, route#: 63, violation# : 30, overflow# : 30, conflict# : 52, node#: 20238
## CPU time: 0:1:22, REAL time: 0:1:24
 iter = 341/8, route#: 57, violation# : 22, overflow# : 22, conflict# : 39, node#: 20250
## CPU time: 0:1:22, REAL time: 0:1:24
 iter = 342/9, route#: 49, violation# : 24, overflow# : 24, conflict# : 38, node#: 20259
## CPU time: 0:1:22, REAL time: 0:1:24
 iter = 343/10, route#: 39, violation# : 20, overflow# : 20, conflict# : 36, node#: 20269
## CPU time: 0:1:22, REAL time: 0:1:24
 iter = 344/5, route#: 68, violation# : 46, overflow# : 46, conflict# : 57, node#: 20191
## CPU time: 0:1:23, REAL time: 0:1:25
 iter = 345/6, route#: 62, violation# : 28, overflow# : 28, conflict# : 42, node#: 20226
## CPU time: 0:1:23, REAL time: 0:1:25
 iter = 346/7, route#: 45, violation# : 23, overflow# : 23, conflict# : 38, node#: 20229
## CPU time: 0:1:23, REAL time: 0:1:25
 iter = 347/8, route#: 51, violation# : 25, overflow# : 25, conflict# : 42, node#: 20272
## CPU time: 0:1:23, REAL time: 0:1:25
 iter = 348/9, route#: 46, violation# : 23, overflow# : 23, conflict# : 41, node#: 20291
## CPU time: 0:1:23, REAL time: 0:1:26
 iter = 349/10, route#: 48, violation# : 25, overflow# : 25, conflict# : 43, node#: 20301
## CPU time: 0:1:24, REAL time: 0:1:26
 iter = 350/5, route#: 80, violation# : 58, overflow# : 58, conflict# : 76, node#: 20209
## CPU time: 0:1:24, REAL time: 0:1:26
 iter = 351/6, route#: 94, violation# : 51, overflow# : 51, conflict# : 73, node#: 20233
## CPU time: 0:1:24, REAL time: 0:1:27
 iter = 352/7, route#: 87, violation# : 41, overflow# : 41, conflict# : 60, node#: 20226
## CPU time: 0:1:25, REAL time: 0:1:27
 iter = 353/8, route#: 73, violation# : 35, overflow# : 35, conflict# : 54, node#: 20283
## CPU time: 0:1:25, REAL time: 0:1:27
 iter = 354/9, route#: 52, violation# : 30, overflow# : 30, conflict# : 45, node#: 20300
## CPU time: 0:1:25, REAL time: 0:1:27
 iter = 355/10, route#: 59, violation# : 26, overflow# : 26, conflict# : 44, node#: 20336
## CPU time: 0:1:26, REAL time: 0:1:28
 iter = 356/5, route#: 105, violation# : 62, overflow# : 62, conflict# : 85, node#: 20199
## CPU time: 0:1:26, REAL time: 0:1:28
 iter = 357/6, route#: 97, violation# : 53, overflow# : 53, conflict# : 74, node#: 20211
## CPU time: 0:1:26, REAL time: 0:1:29
 iter = 358/7, route#: 96, violation# : 45, overflow# : 45, conflict# : 67, node#: 20229
## CPU time: 0:1:27, REAL time: 0:1:29
 iter = 359/8, route#: 86, violation# : 40, overflow# : 40, conflict# : 61, node#: 20291
## CPU time: 0:1:27, REAL time: 0:1:29
 iter = 360/9, route#: 71, violation# : 39, overflow# : 39, conflict# : 58, node#: 20302
## CPU time: 0:1:27, REAL time: 0:1:30
 iter = 361/10, route#: 69, violation# : 41, overflow# : 41, conflict# : 62, node#: 20332
## CPU time: 0:1:28, REAL time: 0:1:30
 iter = 362/5, route#: 106, violation# : 66, overflow# : 66, conflict# : 93, node#: 20209
## CPU time: 0:1:28, REAL time: 0:1:31
 iter = 363/6, route#: 97, violation# : 45, overflow# : 45, conflict# : 69, node#: 20214
## CPU time: 0:1:29, REAL time: 0:1:31
 iter = 364/7, route#: 86, violation# : 39, overflow# : 39, conflict# : 59, node#: 20244
## CPU time: 0:1:29, REAL time: 0:1:31
 iter = 365/8, route#: 69, violation# : 36, overflow# : 36, conflict# : 57, node#: 20277
## CPU time: 0:1:29, REAL time: 0:1:31
 iter = 366/9, route#: 62, violation# : 35, overflow# : 35, conflict# : 55, node#: 20308
## CPU time: 0:1:29, REAL time: 0:1:32
 iter = 367/10, route#: 66, violation# : 40, overflow# : 40, conflict# : 60, node#: 20317
## CPU time: 0:1:30, REAL time: 0:1:32
 iter = 368/5, route#: 103, violation# : 67, overflow# : 67, conflict# : 96, node#: 20194
## CPU time: 0:1:30, REAL time: 0:1:32
 iter = 369/6, route#: 113, violation# : 45, overflow# : 45, conflict# : 70, node#: 20238
## CPU time: 0:1:31, REAL time: 0:1:33
 iter = 370/7, route#: 95, violation# : 49, overflow# : 49, conflict# : 74, node#: 20273
## CPU time: 0:1:31, REAL time: 0:1:33
 iter = 371/8, route#: 83, violation# : 36, overflow# : 36, conflict# : 58, node#: 20319
## CPU time: 0:1:31, REAL time: 0:1:33
 iter = 372/9, route#: 76, violation# : 33, overflow# : 33, conflict# : 54, node#: 20361
## CPU time: 0:1:31, REAL time: 0:1:34
 iter = 373/10, route#: 70, violation# : 45, overflow# : 45, conflict# : 62, node#: 20344
## CPU time: 0:1:32, REAL time: 0:1:34
 iter = 374/5, route#: 95, violation# : 61, overflow# : 61, conflict# : 86, node#: 20245
## CPU time: 0:1:32, REAL time: 0:1:34
 iter = 375/6, route#: 96, violation# : 50, overflow# : 50, conflict# : 69, node#: 20274
## CPU time: 0:1:32, REAL time: 0:1:35
 iter = 376/7, route#: 67, violation# : 38, overflow# : 38, conflict# : 60, node#: 20283
## CPU time: 0:1:33, REAL time: 0:1:35
 iter = 377/8, route#: 73, violation# : 34, overflow# : 34, conflict# : 56, node#: 20308
## CPU time: 0:1:33, REAL time: 0:1:35
 iter = 378/9, route#: 62, violation# : 35, overflow# : 35, conflict# : 55, node#: 20323
## CPU time: 0:1:33, REAL time: 0:1:35
 iter = 379/10, route#: 63, violation# : 27, overflow# : 27, conflict# : 44, node#: 20334
## CPU time: 0:1:33, REAL time: 0:1:35
 iter = 380/5, route#: 68, violation# : 53, overflow# : 53, conflict# : 69, node#: 20272
## CPU time: 0:1:33, REAL time: 0:1:36
 iter = 381/6, route#: 71, violation# : 37, overflow# : 37, conflict# : 59, node#: 20301
## CPU time: 0:1:34, REAL time: 0:1:36
 iter = 382/7, route#: 75, violation# : 37, overflow# : 37, conflict# : 56, node#: 20311
## CPU time: 0:1:34, REAL time: 0:1:36
 iter = 383/8, route#: 52, violation# : 26, overflow# : 26, conflict# : 43, node#: 20327
## CPU time: 0:1:34, REAL time: 0:1:36
 iter = 384/9, route#: 49, violation# : 25, overflow# : 25, conflict# : 42, node#: 20336
## CPU time: 0:1:34, REAL time: 0:1:37
 iter = 385/10, route#: 44, violation# : 22, overflow# : 22, conflict# : 40, node#: 20342
## CPU time: 0:1:35, REAL time: 0:1:37
 iter = 386/5, route#: 69, violation# : 47, overflow# : 47, conflict# : 68, node#: 20283
## CPU time: 0:1:35, REAL time: 0:1:37
 iter = 387/6, route#: 70, violation# : 34, overflow# : 34, conflict# : 52, node#: 20302
## CPU time: 0:1:35, REAL time: 0:1:38
 iter = 388/7, route#: 82, violation# : 41, overflow# : 41, conflict# : 63, node#: 20323
## CPU time: 0:1:35, REAL time: 0:1:38
 iter = 389/8, route#: 57, violation# : 29, overflow# : 29, conflict# : 47, node#: 20348
## CPU time: 0:1:36, REAL time: 0:1:38
 iter = 390/9, route#: 57, violation# : 25, overflow# : 25, conflict# : 43, node#: 20369
## CPU time: 0:1:36, REAL time: 0:1:38
 iter = 391/10, route#: 47, violation# : 21, overflow# : 21, conflict# : 38, node#: 20378
## CPU time: 0:1:36, REAL time: 0:1:38
 iter = 392/5, route#: 86, violation# : 52, overflow# : 52, conflict# : 78, node#: 20290
## CPU time: 0:1:36, REAL time: 0:1:39
 iter = 393/6, route#: 96, violation# : 47, overflow# : 47, conflict# : 75, node#: 20270
## CPU time: 0:1:37, REAL time: 0:1:39
 iter = 394/7, route#: 84, violation# : 39, overflow# : 39, conflict# : 61, node#: 20303
## CPU time: 0:1:37, REAL time: 0:1:39
 iter = 395/8, route#: 68, violation# : 31, overflow# : 31, conflict# : 50, node#: 20328
## CPU time: 0:1:37, REAL time: 0:1:39
 iter = 396/9, route#: 54, violation# : 31, overflow# : 31, conflict# : 47, node#: 20318
## CPU time: 0:1:37, REAL time: 0:1:39
 iter = 397/10, route#: 53, violation# : 25, overflow# : 25, conflict# : 42, node#: 20347
## CPU time: 0:1:37, REAL time: 0:1:39
 iter = 398/5, route#: 81, violation# : 56, overflow# : 56, conflict# : 76, node#: 20265
## CPU time: 0:1:37, REAL time: 0:1:40
 iter = 399/6, route#: 86, violation# : 39, overflow# : 39, conflict# : 62, node#: 20292
## CPU time: 0:1:37, REAL time: 0:1:40
 iter = 400/7, route#: 76, violation# : 34, overflow# : 34, conflict# : 55, node#: 20300
## CPU time: 0:1:38, REAL time: 0:1:40
 iter = 401/8, route#: 53, violation# : 25, overflow# : 25, conflict# : 43, node#: 20319
## CPU time: 0:1:38, REAL time: 0:1:40
 iter = 402/9, route#: 56, violation# : 27, overflow# : 27, conflict# : 42, node#: 20349
## CPU time: 0:1:38, REAL time: 0:1:40
 iter = 403/10, route#: 53, violation# : 32, overflow# : 32, conflict# : 49, node#: 20372
## CPU time: 0:1:38, REAL time: 0:1:40
 iter = 404/5, route#: 72, violation# : 35, overflow# : 35, conflict# : 57, node#: 20276
## CPU time: 0:1:38, REAL time: 0:1:41
 iter = 405/6, route#: 74, violation# : 28, overflow# : 28, conflict# : 49, node#: 20289
## CPU time: 0:1:38, REAL time: 0:1:41
 iter = 406/7, route#: 58, violation# : 24, overflow# : 24, conflict# : 46, node#: 20266
## CPU time: 0:1:38, REAL time: 0:1:41
 iter = 407/8, route#: 50, violation# : 25, overflow# : 25, conflict# : 41, node#: 20319
## CPU time: 0:1:39, REAL time: 0:1:41
 iter = 408/9, route#: 46, violation# : 23, overflow# : 23, conflict# : 39, node#: 20359
## CPU time: 0:1:39, REAL time: 0:1:41
 iter = 409/10, route#: 48, violation# : 22, overflow# : 22, conflict# : 40, node#: 20362
## CPU time: 0:1:39, REAL time: 0:1:41
 iter = 410/5, route#: 74, violation# : 55, overflow# : 55, conflict# : 73, node#: 20259
## CPU time: 0:1:39, REAL time: 0:1:41
 iter = 411/6, route#: 72, violation# : 38, overflow# : 38, conflict# : 58, node#: 20295
## CPU time: 0:1:39, REAL time: 0:1:42
 iter = 412/7, route#: 67, violation# : 33, overflow# : 33, conflict# : 50, node#: 20284
## CPU time: 0:1:39, REAL time: 0:1:42
 iter = 413/8, route#: 58, violation# : 24, overflow# : 24, conflict# : 42, node#: 20333
## CPU time: 0:1:39, REAL time: 0:1:42
 iter = 414/9, route#: 45, violation# : 25, overflow# : 25, conflict# : 42, node#: 20351
## CPU time: 0:1:40, REAL time: 0:1:42
 iter = 415/10, route#: 49, violation# : 26, overflow# : 26, conflict# : 43, node#: 20378
## CPU time: 0:1:40, REAL time: 0:1:42
 iter = 416/5, route#: 113, violation# : 77, overflow# : 77, conflict# : 101, node#: 20206
## CPU time: 0:1:40, REAL time: 0:1:43
 iter = 417/6, route#: 109, violation# : 54, overflow# : 54, conflict# : 78, node#: 20251
## CPU time: 0:1:40, REAL time: 0:1:43
 iter = 418/7, route#: 98, violation# : 44, overflow# : 44, conflict# : 69, node#: 20279
## CPU time: 0:1:41, REAL time: 0:1:43
 iter = 419/8, route#: 84, violation# : 32, overflow# : 32, conflict# : 51, node#: 20358
## CPU time: 0:1:41, REAL time: 0:1:43
 iter = 420/9, route#: 51, violation# : 23, overflow# : 23, conflict# : 41, node#: 20369
## CPU time: 0:1:41, REAL time: 0:1:43
 iter = 421/10, route#: 48, violation# : 25, overflow# : 25, conflict# : 40, node#: 20420
## CPU time: 0:1:41, REAL time: 0:1:43
 iter = 422/5, route#: 99, violation# : 65, overflow# : 65, conflict# : 94, node#: 20205
## CPU time: 0:1:41, REAL time: 0:1:44
 iter = 423/6, route#: 102, violation# : 39, overflow# : 39, conflict# : 70, node#: 20259
## CPU time: 0:1:41, REAL time: 0:1:44
 iter = 424/7, route#: 81, violation# : 37, overflow# : 37, conflict# : 59, node#: 20283
## CPU time: 0:1:42, REAL time: 0:1:44
 iter = 425/8, route#: 70, violation# : 27, overflow# : 27, conflict# : 46, node#: 20359
## CPU time: 0:1:42, REAL time: 0:1:45
 iter = 426/9, route#: 57, violation# : 29, overflow# : 29, conflict# : 45, node#: 20353
## CPU time: 0:1:42, REAL time: 0:1:45
 iter = 427/10, route#: 56, violation# : 25, overflow# : 25, conflict# : 41, node#: 20377
## CPU time: 0:1:43, REAL time: 0:1:45
 iter = 428/5, route#: 68, violation# : 36, overflow# : 36, conflict# : 56, node#: 20284
## CPU time: 0:1:43, REAL time: 0:1:46
 iter = 429/6, route#: 61, violation# : 33, overflow# : 33, conflict# : 51, node#: 20285
## CPU time: 0:1:43, REAL time: 0:1:46
 iter = 430/7, route#: 54, violation# : 28, overflow# : 28, conflict# : 48, node#: 20308
## CPU time: 0:1:43, REAL time: 0:1:46
 iter = 431/8, route#: 48, violation# : 23, overflow# : 23, conflict# : 42, node#: 20314
## CPU time: 0:1:44, REAL time: 0:1:46
 iter = 432/9, route#: 50, violation# : 23, overflow# : 23, conflict# : 40, node#: 20293
## CPU time: 0:1:44, REAL time: 0:1:46
 iter = 433/10, route#: 47, violation# : 22, overflow# : 22, conflict# : 37, node#: 20313
## CPU time: 0:1:44, REAL time: 0:1:47
 iter = 434/5, route#: 58, violation# : 39, overflow# : 39, conflict# : 58, node#: 20242
## CPU time: 0:1:44, REAL time: 0:1:47
 iter = 435/6, route#: 78, violation# : 31, overflow# : 31, conflict# : 53, node#: 20251
## CPU time: 0:1:45, REAL time: 0:1:47
 iter = 436/7, route#: 47, violation# : 21, overflow# : 21, conflict# : 36, node#: 20265
## CPU time: 0:1:45, REAL time: 0:1:47
 iter = 437/8, route#: 45, violation# : 24, overflow# : 24, conflict# : 40, node#: 20284
## CPU time: 0:1:45, REAL time: 0:1:47
 iter = 438/9, route#: 41, violation# : 20, overflow# : 20, conflict# : 33, node#: 20316
## CPU time: 0:1:45, REAL time: 0:1:48
 iter = 439/10, route#: 47, violation# : 20, overflow# : 20, conflict# : 35, node#: 20319
## CPU time: 0:1:45, REAL time: 0:1:48
 iter = 440/5, route#: 59, violation# : 35, overflow# : 35, conflict# : 52, node#: 20242
## CPU time: 0:1:46, REAL time: 0:1:48
 iter = 441/6, route#: 49, violation# : 17, overflow# : 17, conflict# : 30, node#: 20292
## CPU time: 0:1:46, REAL time: 0:1:48
 iter = 442/7, route#: 35, violation# : 18, overflow# : 18, conflict# : 30, node#: 20292
## CPU time: 0:1:46, REAL time: 0:1:48
 iter = 443/8, route#: 36, violation# : 19, overflow# : 19, conflict# : 34, node#: 20298
## CPU time: 0:1:46, REAL time: 0:1:49
 iter = 444/9, route#: 35, violation# : 17, overflow# : 17, conflict# : 32, node#: 20288
## CPU time: 0:1:46, REAL time: 0:1:49
 iter = 445/10, route#: 43, violation# : 21, overflow# : 21, conflict# : 35, node#: 20306
## CPU time: 0:1:46, REAL time: 0:1:49
 iter = 446/5, route#: 53, violation# : 34, overflow# : 34, conflict# : 43, node#: 20225
## CPU time: 0:1:47, REAL time: 0:1:49
 iter = 447/6, route#: 46, violation# : 24, overflow# : 24, conflict# : 41, node#: 20232
## CPU time: 0:1:47, REAL time: 0:1:49
 iter = 448/7, route#: 47, violation# : 23, overflow# : 23, conflict# : 36, node#: 20264
## CPU time: 0:1:47, REAL time: 0:1:49
 iter = 449/8, route#: 44, violation# : 24, overflow# : 24, conflict# : 40, node#: 20307
## CPU time: 0:1:47, REAL time: 0:1:50
 iter = 450/9, route#: 47, violation# : 25, overflow# : 25, conflict# : 41, node#: 20305
## CPU time: 0:1:47, REAL time: 0:1:50
 iter = 451/10, route#: 52, violation# : 25, overflow# : 25, conflict# : 39, node#: 20299
## CPU time: 0:1:48, REAL time: 0:1:50
 iter = 452/5, route#: 94, violation# : 50, overflow# : 50, conflict# : 70, node#: 20150
## CPU time: 0:1:48, REAL time: 0:1:51
 iter = 453/6, route#: 73, violation# : 34, overflow# : 34, conflict# : 53, node#: 20208
## CPU time: 0:1:48, REAL time: 0:1:51
 iter = 454/7, route#: 67, violation# : 24, overflow# : 24, conflict# : 42, node#: 20265
## CPU time: 0:1:49, REAL time: 0:1:51
 iter = 455/8, route#: 58, violation# : 24, overflow# : 24, conflict# : 41, node#: 20292
## CPU time: 0:1:49, REAL time: 0:1:51
 iter = 456/9, route#: 53, violation# : 21, overflow# : 21, conflict# : 40, node#: 20306
## CPU time: 0:1:49, REAL time: 0:1:52
 iter = 457/10, route#: 43, violation# : 20, overflow# : 20, conflict# : 37, node#: 20306
## CPU time: 0:1:49, REAL time: 0:1:52
 iter = 458/5, route#: 82, violation# : 47, overflow# : 47, conflict# : 68, node#: 20208
## CPU time: 0:1:50, REAL time: 0:1:52
 iter = 459/6, route#: 64, violation# : 22, overflow# : 22, conflict# : 40, node#: 20242
## CPU time: 0:1:50, REAL time: 0:1:52
 iter = 460/7, route#: 39, violation# : 17, overflow# : 17, conflict# : 32, node#: 20267
## CPU time: 0:1:50, REAL time: 0:1:53
 iter = 461/8, route#: 34, violation# : 16, overflow# : 16, conflict# : 28, node#: 20264
## CPU time: 0:1:50, REAL time: 0:1:53
 iter = 462/9, route#: 39, violation# : 19, overflow# : 19, conflict# : 31, node#: 20297
## CPU time: 0:1:50, REAL time: 0:1:53
 iter = 463/10, route#: 43, violation# : 20, overflow# : 20, conflict# : 34, node#: 20333
## CPU time: 0:1:51, REAL time: 0:1:54
 iter = 464/5, route#: 86, violation# : 60, overflow# : 60, conflict# : 75, node#: 20219
## CPU time: 0:1:51, REAL time: 0:1:54
 iter = 465/6, route#: 63, violation# : 26, overflow# : 26, conflict# : 44, node#: 20265
## CPU time: 0:1:52, REAL time: 0:1:54
 iter = 466/7, route#: 54, violation# : 22, overflow# : 22, conflict# : 39, node#: 20263
## CPU time: 0:1:52, REAL time: 0:1:54
 iter = 467/8, route#: 38, violation# : 19, overflow# : 19, conflict# : 31, node#: 20332
## CPU time: 0:1:52, REAL time: 0:1:55
 iter = 468/9, route#: 47, violation# : 24, overflow# : 24, conflict# : 39, node#: 20307
## CPU time: 0:1:52, REAL time: 0:1:55
 iter = 469/10, route#: 54, violation# : 23, overflow# : 23, conflict# : 38, node#: 20312
## CPU time: 0:1:53, REAL time: 0:1:55
 iter = 470/5, route#: 79, violation# : 36, overflow# : 36, conflict# : 57, node#: 20247
## CPU time: 0:1:53, REAL time: 0:1:56
 iter = 471/6, route#: 69, violation# : 27, overflow# : 27, conflict# : 45, node#: 20273
## CPU time: 0:1:53, REAL time: 0:1:56
 iter = 472/7, route#: 62, violation# : 30, overflow# : 30, conflict# : 51, node#: 20296
## CPU time: 0:1:54, REAL time: 0:1:56
 iter = 473/8, route#: 50, violation# : 20, overflow# : 20, conflict# : 37, node#: 20345
## CPU time: 0:1:54, REAL time: 0:1:56
 iter = 474/9, route#: 46, violation# : 21, overflow# : 21, conflict# : 36, node#: 20364
## CPU time: 0:1:54, REAL time: 0:1:56
 iter = 475/10, route#: 37, violation# : 19, overflow# : 19, conflict# : 35, node#: 20343
## CPU time: 0:1:54, REAL time: 0:1:57
 iter = 476/5, route#: 62, violation# : 33, overflow# : 33, conflict# : 52, node#: 20298
## CPU time: 0:1:54, REAL time: 0:1:57
 iter = 477/6, route#: 54, violation# : 26, overflow# : 26, conflict# : 40, node#: 20301
## CPU time: 0:1:55, REAL time: 0:1:57
 iter = 478/7, route#: 38, violation# : 21, overflow# : 21, conflict# : 35, node#: 20321
## CPU time: 0:1:55, REAL time: 0:1:57
 iter = 479/8, route#: 42, violation# : 22, overflow# : 22, conflict# : 36, node#: 20347
## CPU time: 0:1:55, REAL time: 0:1:58
 iter = 480/9, route#: 39, violation# : 21, overflow# : 21, conflict# : 34, node#: 20345
## CPU time: 0:1:55, REAL time: 0:1:58
 iter = 481/10, route#: 36, violation# : 20, overflow# : 20, conflict# : 35, node#: 20333
## CPU time: 0:1:55, REAL time: 0:1:58
 iter = 482/5, route#: 66, violation# : 36, overflow# : 36, conflict# : 56, node#: 20272
## CPU time: 0:1:56, REAL time: 0:1:58
 iter = 483/6, route#: 61, violation# : 26, overflow# : 26, conflict# : 46, node#: 20269
## CPU time: 0:1:56, REAL time: 0:1:59
 iter = 484/7, route#: 48, violation# : 22, overflow# : 22, conflict# : 40, node#: 20277
## CPU time: 0:1:56, REAL time: 0:1:59
 iter = 485/8, route#: 39, violation# : 21, overflow# : 21, conflict# : 37, node#: 20313
## CPU time: 0:1:56, REAL time: 0:1:59
 iter = 486/9, route#: 47, violation# : 25, overflow# : 25, conflict# : 40, node#: 20346
## CPU time: 0:1:57, REAL time: 0:1:59
 iter = 487/10, route#: 47, violation# : 20, overflow# : 20, conflict# : 36, node#: 20314
## CPU time: 0:1:57, REAL time: 0:2:0
 iter = 488/5, route#: 81, violation# : 48, overflow# : 48, conflict# : 68, node#: 20186
## CPU time: 0:1:57, REAL time: 0:2:0
 iter = 489/6, route#: 63, violation# : 25, overflow# : 25, conflict# : 43, node#: 20246
## CPU time: 0:1:57, REAL time: 0:2:0
 iter = 490/7, route#: 43, violation# : 21, overflow# : 21, conflict# : 37, node#: 20263
## CPU time: 0:1:58, REAL time: 0:2:0
 iter = 491/8, route#: 43, violation# : 21, overflow# : 21, conflict# : 37, node#: 20282
## CPU time: 0:1:58, REAL time: 0:2:0
 iter = 492/9, route#: 40, violation# : 18, overflow# : 18, conflict# : 31, node#: 20291
## CPU time: 0:1:58, REAL time: 0:2:1
 iter = 493/10, route#: 43, violation# : 18, overflow# : 18, conflict# : 33, node#: 20300
## CPU time: 0:1:58, REAL time: 0:2:1
 iter = 494/5, route#: 48, violation# : 31, overflow# : 31, conflict# : 45, node#: 20215
## CPU time: 0:1:58, REAL time: 0:2:1
 iter = 495/6, route#: 46, violation# : 23, overflow# : 23, conflict# : 41, node#: 20238
## CPU time: 0:1:59, REAL time: 0:2:1
 iter = 496/7, route#: 45, violation# : 22, overflow# : 22, conflict# : 36, node#: 20248
## CPU time: 0:1:59, REAL time: 0:2:1
 iter = 497/8, route#: 34, violation# : 15, overflow# : 15, conflict# : 28, node#: 20278
## CPU time: 0:1:59, REAL time: 0:2:2
 iter = 498/9, route#: 44, violation# : 19, overflow# : 19, conflict# : 34, node#: 20276
## CPU time: 0:1:59, REAL time: 0:2:2
 iter = 499/10, route#: 39, violation# : 17, overflow# : 17, conflict# : 31, node#: 20286
## CPU time: 0:1:59, REAL time: 0:2:2
 iter = 500/5, route#: 47, violation# : 26, overflow# : 26, conflict# : 42, node#: 20230
## CPU time: 0:1:59, REAL time: 0:2:2
 iter = 501/6, route#: 48, violation# : 19, overflow# : 19, conflict# : 36, node#: 20229
## CPU time: 0:2:0, REAL time: 0:2:2
 iter = 502/7, route#: 41, violation# : 19, overflow# : 19, conflict# : 35, node#: 20256
## CPU time: 0:2:0, REAL time: 0:2:2
 iter = 503/8, route#: 42, violation# : 19, overflow# : 19, conflict# : 33, node#: 20304
## CPU time: 0:2:0, REAL time: 0:2:3
 iter = 504/9, route#: 38, violation# : 21, overflow# : 21, conflict# : 33, node#: 20304
## CPU time: 0:2:0, REAL time: 0:2:3
 iter = 505/10, route#: 47, violation# : 21, overflow# : 21, conflict# : 36, node#: 20316
## CPU time: 0:2:0, REAL time: 0:2:3
 iter = 506/5, route#: 47, violation# : 30, overflow# : 30, conflict# : 47, node#: 20253
## CPU time: 0:2:0, REAL time: 0:2:3
 iter = 507/6, route#: 51, violation# : 22, overflow# : 22, conflict# : 40, node#: 20245
## CPU time: 0:2:1, REAL time: 0:2:3
 iter = 508/7, route#: 41, violation# : 15, overflow# : 15, conflict# : 28, node#: 20254
## CPU time: 0:2:1, REAL time: 0:2:3
 iter = 509/8, route#: 32, violation# : 15, overflow# : 15, conflict# : 29, node#: 20288
## CPU time: 0:2:1, REAL time: 0:2:4
 iter = 510/9, route#: 35, violation# : 18, overflow# : 18, conflict# : 31, node#: 20275
## CPU time: 0:2:1, REAL time: 0:2:4
 iter = 511/10, route#: 30, violation# : 14, overflow# : 14, conflict# : 26, node#: 20290
## CPU time: 0:2:1, REAL time: 0:2:4
 iter = 512/5, route#: 52, violation# : 28, overflow# : 28, conflict# : 42, node#: 20241
## CPU time: 0:2:2, REAL time: 0:2:4
 iter = 513/6, route#: 48, violation# : 19, overflow# : 19, conflict# : 32, node#: 20278
## CPU time: 0:2:2, REAL time: 0:2:4
 iter = 514/7, route#: 31, violation# : 17, overflow# : 17, conflict# : 30, node#: 20279
## CPU time: 0:2:2, REAL time: 0:2:5
 iter = 515/8, route#: 35, violation# : 20, overflow# : 20, conflict# : 33, node#: 20290
## CPU time: 0:2:2, REAL time: 0:2:5
 iter = 516/9, route#: 38, violation# : 20, overflow# : 20, conflict# : 33, node#: 20325
## CPU time: 0:2:2, REAL time: 0:2:5
 iter = 517/10, route#: 42, violation# : 23, overflow# : 23, conflict# : 36, node#: 20345
## CPU time: 0:2:2, REAL time: 0:2:5
 iter = 518/5, route#: 77, violation# : 44, overflow# : 44, conflict# : 63, node#: 20239
## CPU time: 0:2:3, REAL time: 0:2:5
 iter = 519/6, route#: 60, violation# : 27, overflow# : 27, conflict# : 42, node#: 20290
## CPU time: 0:2:3, REAL time: 0:2:6
 iter = 520/7, route#: 51, violation# : 20, overflow# : 20, conflict# : 34, node#: 20294
## CPU time: 0:2:3, REAL time: 0:2:6
 iter = 521/8, route#: 40, violation# : 21, overflow# : 21, conflict# : 34, node#: 20310
## CPU time: 0:2:3, REAL time: 0:2:6
 iter = 522/9, route#: 35, violation# : 18, overflow# : 18, conflict# : 31, node#: 20330
## CPU time: 0:2:3, REAL time: 0:2:6
 iter = 523/10, route#: 37, violation# : 19, overflow# : 19, conflict# : 31, node#: 20315
## CPU time: 0:2:3, REAL time: 0:2:6
 iter = 524/5, route#: 48, violation# : 32, overflow# : 32, conflict# : 51, node#: 20257
## CPU time: 0:2:4, REAL time: 0:2:6
 iter = 525/6, route#: 61, violation# : 22, overflow# : 22, conflict# : 40, node#: 20250
## CPU time: 0:2:4, REAL time: 0:2:7
 iter = 526/7, route#: 41, violation# : 16, overflow# : 16, conflict# : 29, node#: 20253
## CPU time: 0:2:4, REAL time: 0:2:7
 iter = 527/8, route#: 29, violation# : 16, overflow# : 16, conflict# : 28, node#: 20269
## CPU time: 0:2:4, REAL time: 0:2:7
 iter = 528/9, route#: 35, violation# : 18, overflow# : 18, conflict# : 29, node#: 20247
## CPU time: 0:2:4, REAL time: 0:2:7
 iter = 529/10, route#: 34, violation# : 15, overflow# : 15, conflict# : 27, node#: 20258
## CPU time: 0:2:4, REAL time: 0:2:7
 iter = 530/5, route#: 55, violation# : 29, overflow# : 29, conflict# : 46, node#: 20210
## CPU time: 0:2:5, REAL time: 0:2:7
 iter = 531/6, route#: 42, violation# : 21, overflow# : 21, conflict# : 37, node#: 20221
## CPU time: 0:2:5, REAL time: 0:2:8
 iter = 532/7, route#: 44, violation# : 20, overflow# : 20, conflict# : 34, node#: 20242
## CPU time: 0:2:5, REAL time: 0:2:8
 iter = 533/8, route#: 47, violation# : 24, overflow# : 24, conflict# : 35, node#: 20269
## CPU time: 0:2:5, REAL time: 0:2:8
 iter = 534/9, route#: 33, violation# : 16, overflow# : 16, conflict# : 30, node#: 20263
## CPU time: 0:2:5, REAL time: 0:2:8
 iter = 535/10, route#: 31, violation# : 15, overflow# : 15, conflict# : 28, node#: 20271
## CPU time: 0:2:5, REAL time: 0:2:8
 iter = 536/5, route#: 53, violation# : 26, overflow# : 26, conflict# : 41, node#: 20233
## CPU time: 0:2:6, REAL time: 0:2:8
 iter = 537/6, route#: 47, violation# : 22, overflow# : 22, conflict# : 39, node#: 20266
## CPU time: 0:2:6, REAL time: 0:2:9
 iter = 538/7, route#: 45, violation# : 24, overflow# : 24, conflict# : 41, node#: 20275
## CPU time: 0:2:6, REAL time: 0:2:9
 iter = 539/8, route#: 44, violation# : 20, overflow# : 20, conflict# : 36, node#: 20289
## CPU time: 0:2:6, REAL time: 0:2:9
 iter = 540/9, route#: 46, violation# : 25, overflow# : 25, conflict# : 40, node#: 20307
## CPU time: 0:2:6, REAL time: 0:2:9
 iter = 541/10, route#: 50, violation# : 22, overflow# : 22, conflict# : 37, node#: 20333
## CPU time: 0:2:7, REAL time: 0:2:9
 iter = 542/5, route#: 61, violation# : 51, overflow# : 51, conflict# : 60, node#: 20256
## CPU time: 0:2:7, REAL time: 0:2:10
 iter = 543/6, route#: 64, violation# : 32, overflow# : 32, conflict# : 49, node#: 20277
## CPU time: 0:2:7, REAL time: 0:2:10
 iter = 544/7, route#: 56, violation# : 26, overflow# : 26, conflict# : 40, node#: 20306
## CPU time: 0:2:8, REAL time: 0:2:10
 iter = 545/8, route#: 48, violation# : 26, overflow# : 26, conflict# : 39, node#: 20318
## CPU time: 0:2:8, REAL time: 0:2:10
 iter = 546/9, route#: 39, violation# : 21, overflow# : 21, conflict# : 34, node#: 20300
## CPU time: 0:2:8, REAL time: 0:2:11
 iter = 547/10, route#: 38, violation# : 21, overflow# : 21, conflict# : 36, node#: 20314
## CPU time: 0:2:8, REAL time: 0:2:11
 iter = 548/5, route#: 50, violation# : 31, overflow# : 31, conflict# : 47, node#: 20270
## CPU time: 0:2:8, REAL time: 0:2:11
 iter = 549/6, route#: 50, violation# : 26, overflow# : 26, conflict# : 42, node#: 20316
## CPU time: 0:2:9, REAL time: 0:2:11
 iter = 550/7, route#: 45, violation# : 21, overflow# : 21, conflict# : 37, node#: 20319
## CPU time: 0:2:9, REAL time: 0:2:12
 iter = 551/8, route#: 42, violation# : 22, overflow# : 22, conflict# : 38, node#: 20328
## CPU time: 0:2:9, REAL time: 0:2:12
 iter = 552/9, route#: 53, violation# : 31, overflow# : 31, conflict# : 47, node#: 20349
## CPU time: 0:2:9, REAL time: 0:2:12
 iter = 553/10, route#: 61, violation# : 27, overflow# : 27, conflict# : 42, node#: 20339
## CPU time: 0:2:10, REAL time: 0:2:13
 iter = 554/5, route#: 100, violation# : 63, overflow# : 63, conflict# : 86, node#: 20184
## CPU time: 0:2:10, REAL time: 0:2:13
 iter = 555/6, route#: 99, violation# : 48, overflow# : 48, conflict# : 68, node#: 20214
## CPU time: 0:2:11, REAL time: 0:2:13
 iter = 556/7, route#: 81, violation# : 36, overflow# : 36, conflict# : 53, node#: 20273
## CPU time: 0:2:11, REAL time: 0:2:14
 iter = 557/8, route#: 64, violation# : 26, overflow# : 26, conflict# : 39, node#: 20269
## CPU time: 0:2:11, REAL time: 0:2:14
 iter = 558/9, route#: 43, violation# : 23, overflow# : 23, conflict# : 40, node#: 20293
## CPU time: 0:2:11, REAL time: 0:2:14
 iter = 559/10, route#: 43, violation# : 18, overflow# : 18, conflict# : 33, node#: 20304
## CPU time: 0:2:12, REAL time: 0:2:14
 iter = 560/5, route#: 69, violation# : 52, overflow# : 52, conflict# : 70, node#: 20192
## CPU time: 0:2:12, REAL time: 0:2:15
 iter = 561/6, route#: 72, violation# : 28, overflow# : 28, conflict# : 48, node#: 20243
## CPU time: 0:2:12, REAL time: 0:2:15
 iter = 562/7, route#: 53, violation# : 28, overflow# : 28, conflict# : 45, node#: 20285
## CPU time: 0:2:12, REAL time: 0:2:15
 iter = 563/8, route#: 48, violation# : 21, overflow# : 21, conflict# : 37, node#: 20315
## CPU time: 0:2:13, REAL time: 0:2:15
 iter = 564/9, route#: 40, violation# : 19, overflow# : 19, conflict# : 32, node#: 20314
## CPU time: 0:2:13, REAL time: 0:2:16
 iter = 565/10, route#: 39, violation# : 18, overflow# : 18, conflict# : 33, node#: 20320
## CPU time: 0:2:13, REAL time: 0:2:16
 iter = 566/5, route#: 59, violation# : 37, overflow# : 37, conflict# : 52, node#: 20203
## CPU time: 0:2:13, REAL time: 0:2:16
 iter = 567/6, route#: 69, violation# : 32, overflow# : 32, conflict# : 52, node#: 20211
## CPU time: 0:2:14, REAL time: 0:2:16
 iter = 568/7, route#: 60, violation# : 23, overflow# : 23, conflict# : 38, node#: 20237
## CPU time: 0:2:14, REAL time: 0:2:17
 iter = 569/8, route#: 43, violation# : 20, overflow# : 20, conflict# : 36, node#: 20251
## CPU time: 0:2:14, REAL time: 0:2:17
 iter = 570/9, route#: 44, violation# : 18, overflow# : 18, conflict# : 30, node#: 20295
## CPU time: 0:2:14, REAL time: 0:2:17
 iter = 571/10, route#: 35, violation# : 16, overflow# : 16, conflict# : 28, node#: 20308
## CPU time: 0:2:14, REAL time: 0:2:17
 iter = 572/5, route#: 42, violation# : 25, overflow# : 25, conflict# : 41, node#: 20238
## CPU time: 0:2:15, REAL time: 0:2:17
 iter = 573/6, route#: 42, violation# : 20, overflow# : 20, conflict# : 35, node#: 20268
## CPU time: 0:2:15, REAL time: 0:2:18
 iter = 574/7, route#: 38, violation# : 16, overflow# : 16, conflict# : 31, node#: 20294
## CPU time: 0:2:15, REAL time: 0:2:18
 iter = 575/8, route#: 32, violation# : 15, overflow# : 15, conflict# : 29, node#: 20303
## CPU time: 0:2:15, REAL time: 0:2:18
 iter = 576/9, route#: 30, violation# : 14, overflow# : 14, conflict# : 27, node#: 20305
## CPU time: 0:2:15, REAL time: 0:2:18
 iter = 577/10, route#: 29, violation# : 15, overflow# : 15, conflict# : 28, node#: 20319
## CPU time: 0:2:15, REAL time: 0:2:18
 iter = 578/5, route#: 33, violation# : 18, overflow# : 18, conflict# : 31, node#: 20278
## CPU time: 0:2:15, REAL time: 0:2:18
 iter = 579/6, route#: 31, violation# : 15, overflow# : 15, conflict# : 29, node#: 20284
## CPU time: 0:2:16, REAL time: 0:2:18
 iter = 580/7, route#: 35, violation# : 15, overflow# : 15, conflict# : 29, node#: 20320
## CPU time: 0:2:16, REAL time: 0:2:18
 iter = 581/8, route#: 29, violation# : 14, overflow# : 14, conflict# : 27, node#: 20330
## CPU time: 0:2:16, REAL time: 0:2:19
 iter = 582/9, route#: 27, violation# : 13, overflow# : 13, conflict# : 26, node#: 20332
## CPU time: 0:2:16, REAL time: 0:2:19
 iter = 583/10, route#: 30, violation# : 16, overflow# : 16, conflict# : 29, node#: 20336
## CPU time: 0:2:16, REAL time: 0:2:19
 iter = 584/5, route#: 38, violation# : 17, overflow# : 17, conflict# : 30, node#: 20300
## CPU time: 0:2:16, REAL time: 0:2:19
 iter = 585/6, route#: 29, violation# : 15, overflow# : 15, conflict# : 29, node#: 20299
## CPU time: 0:2:16, REAL time: 0:2:19
 iter = 586/7, route#: 36, violation# : 16, overflow# : 16, conflict# : 31, node#: 20301
## CPU time: 0:2:16, REAL time: 0:2:19
 iter = 587/8, route#: 41, violation# : 17, overflow# : 17, conflict# : 32, node#: 20329
## CPU time: 0:2:17, REAL time: 0:2:19
 iter = 588/9, route#: 44, violation# : 24, overflow# : 24, conflict# : 41, node#: 20342
## CPU time: 0:2:17, REAL time: 0:2:20
 iter = 589/10, route#: 49, violation# : 22, overflow# : 22, conflict# : 38, node#: 20337
## CPU time: 0:2:17, REAL time: 0:2:20
 iter = 590/5, route#: 67, violation# : 47, overflow# : 47, conflict# : 61, node#: 20268
## CPU time: 0:2:18, REAL time: 0:2:20
 iter = 591/6, route#: 70, violation# : 32, overflow# : 32, conflict# : 55, node#: 20294
## CPU time: 0:2:18, REAL time: 0:2:21
 iter = 592/7, route#: 59, violation# : 26, overflow# : 26, conflict# : 43, node#: 20300
## CPU time: 0:2:18, REAL time: 0:2:21
 iter = 593/8, route#: 39, violation# : 17, overflow# : 17, conflict# : 30, node#: 20324
## CPU time: 0:2:18, REAL time: 0:2:21
 iter = 594/9, route#: 38, violation# : 20, overflow# : 20, conflict# : 33, node#: 20327
## CPU time: 0:2:18, REAL time: 0:2:21
 iter = 595/10, route#: 37, violation# : 21, overflow# : 21, conflict# : 34, node#: 20331
## CPU time: 0:2:19, REAL time: 0:2:22
 iter = 596/5, route#: 82, violation# : 50, overflow# : 50, conflict# : 70, node#: 20224
## CPU time: 0:2:19, REAL time: 0:2:22
 iter = 597/6, route#: 75, violation# : 36, overflow# : 36, conflict# : 61, node#: 20249
## CPU time: 0:2:19, REAL time: 0:2:22
 iter = 598/7, route#: 66, violation# : 27, overflow# : 27, conflict# : 44, node#: 20272
## CPU time: 0:2:20, REAL time: 0:2:22
 iter = 599/8, route#: 39, violation# : 16, overflow# : 16, conflict# : 29, node#: 20295
## CPU time: 0:2:20, REAL time: 0:2:23
 iter = 600/9, route#: 31, violation# : 14, overflow# : 14, conflict# : 27, node#: 20295
## CPU time: 0:2:20, REAL time: 0:2:23
 iter = 601/10, route#: 31, violation# : 15, overflow# : 15, conflict# : 27, node#: 20315
## CPU time: 0:2:20, REAL time: 0:2:23
 iter = 602/5, route#: 37, violation# : 20, overflow# : 20, conflict# : 35, node#: 20248
## CPU time: 0:2:20, REAL time: 0:2:23
 iter = 603/6, route#: 37, violation# : 18, overflow# : 18, conflict# : 31, node#: 20274
## CPU time: 0:2:20, REAL time: 0:2:23
 iter = 604/7, route#: 38, violation# : 19, overflow# : 19, conflict# : 34, node#: 20293
## CPU time: 0:2:21, REAL time: 0:2:23
 iter = 605/8, route#: 36, violation# : 13, overflow# : 13, conflict# : 25, node#: 20299
## CPU time: 0:2:21, REAL time: 0:2:24
 iter = 606/9, route#: 27, violation# : 14, overflow# : 14, conflict# : 25, node#: 20307
## CPU time: 0:2:21, REAL time: 0:2:24
 iter = 607/10, route#: 26, violation# : 12, overflow# : 12, conflict# : 24, node#: 20301
## CPU time: 0:2:21, REAL time: 0:2:24
 iter = 608/5, route#: 37, violation# : 23, overflow# : 23, conflict# : 37, node#: 20262
## CPU time: 0:2:21, REAL time: 0:2:24
 iter = 609/6, route#: 44, violation# : 18, overflow# : 18, conflict# : 32, node#: 20276
## CPU time: 0:2:21, REAL time: 0:2:24
 iter = 610/7, route#: 38, violation# : 16, overflow# : 16, conflict# : 29, node#: 20296
## CPU time: 0:2:21, REAL time: 0:2:24
 iter = 611/8, route#: 33, violation# : 17, overflow# : 17, conflict# : 30, node#: 20305
## CPU time: 0:2:22, REAL time: 0:2:24
 iter = 612/9, route#: 34, violation# : 16, overflow# : 16, conflict# : 31, node#: 20327
## CPU time: 0:2:22, REAL time: 0:2:25
 iter = 613/10, route#: 34, violation# : 16, overflow# : 16, conflict# : 29, node#: 20345
## CPU time: 0:2:22, REAL time: 0:2:25
 iter = 614/5, route#: 60, violation# : 34, overflow# : 34, conflict# : 56, node#: 20279
## CPU time: 0:2:22, REAL time: 0:2:25
 iter = 615/6, route#: 58, violation# : 29, overflow# : 29, conflict# : 46, node#: 20297
## CPU time: 0:2:23, REAL time: 0:2:25
 iter = 616/7, route#: 51, violation# : 20, overflow# : 20, conflict# : 35, node#: 20351
## CPU time: 0:2:23, REAL time: 0:2:26
 iter = 617/8, route#: 40, violation# : 16, overflow# : 16, conflict# : 29, node#: 20379
## CPU time: 0:2:23, REAL time: 0:2:26
 iter = 618/9, route#: 39, violation# : 15, overflow# : 15, conflict# : 26, node#: 20391
## CPU time: 0:2:23, REAL time: 0:2:26
 iter = 619/10, route#: 29, violation# : 14, overflow# : 14, conflict# : 26, node#: 20400
## CPU time: 0:2:23, REAL time: 0:2:26
 iter = 620/5, route#: 71, violation# : 47, overflow# : 47, conflict# : 65, node#: 20290
## CPU time: 0:2:24, REAL time: 0:2:27
 iter = 621/6, route#: 70, violation# : 34, overflow# : 34, conflict# : 54, node#: 20297
## CPU time: 0:2:24, REAL time: 0:2:27
 iter = 622/7, route#: 58, violation# : 21, overflow# : 21, conflict# : 38, node#: 20323
## CPU time: 0:2:24, REAL time: 0:2:27
 iter = 623/8, route#: 34, violation# : 12, overflow# : 12, conflict# : 24, node#: 20385
## CPU time: 0:2:24, REAL time: 0:2:27
 iter = 624/9, route#: 28, violation# : 14, overflow# : 14, conflict# : 25, node#: 20411
## CPU time: 0:2:24, REAL time: 0:2:27
 iter = 625/10, route#: 26, violation# : 12, overflow# : 12, conflict# : 23, node#: 20401
## CPU time: 0:2:25, REAL time: 0:2:27
 iter = 626/5, route#: 27, violation# : 20, overflow# : 20, conflict# : 31, node#: 20358
## CPU time: 0:2:25, REAL time: 0:2:28
 iter = 627/6, route#: 49, violation# : 27, overflow# : 27, conflict# : 42, node#: 20364
## CPU time: 0:2:25, REAL time: 0:2:28
 iter = 628/7, route#: 42, violation# : 17, overflow# : 17, conflict# : 30, node#: 20412
## CPU time: 0:2:25, REAL time: 0:2:28
 iter = 629/8, route#: 25, violation# : 13, overflow# : 13, conflict# : 23, node#: 20416
## CPU time: 0:2:25, REAL time: 0:2:28
 iter = 630/9, route#: 34, violation# : 18, overflow# : 18, conflict# : 30, node#: 20430
## CPU time: 0:2:25, REAL time: 0:2:28
 iter = 631/10, route#: 33, violation# : 18, overflow# : 18, conflict# : 28, node#: 20424
## CPU time: 0:2:26, REAL time: 0:2:29
 iter = 632/5, route#: 53, violation# : 37, overflow# : 37, conflict# : 52, node#: 20337
## CPU time: 0:2:26, REAL time: 0:2:29
 iter = 633/6, route#: 54, violation# : 29, overflow# : 29, conflict# : 47, node#: 20375
## CPU time: 0:2:26, REAL time: 0:2:29
 iter = 634/7, route#: 46, violation# : 18, overflow# : 18, conflict# : 33, node#: 20400
## CPU time: 0:2:26, REAL time: 0:2:29
 iter = 635/8, route#: 38, violation# : 17, overflow# : 17, conflict# : 30, node#: 20394
## CPU time: 0:2:27, REAL time: 0:2:29
 iter = 636/9, route#: 30, violation# : 15, overflow# : 15, conflict# : 27, node#: 20393
## CPU time: 0:2:27, REAL time: 0:2:30
 iter = 637/10, route#: 39, violation# : 18, overflow# : 18, conflict# : 32, node#: 20423
## CPU time: 0:2:27, REAL time: 0:2:30
 iter = 638/5, route#: 51, violation# : 29, overflow# : 29, conflict# : 41, node#: 20359
## CPU time: 0:2:28, REAL time: 0:2:30
 iter = 639/6, route#: 65, violation# : 37, overflow# : 37, conflict# : 52, node#: 20356
## CPU time: 0:2:28, REAL time: 0:2:31
 iter = 640/7, route#: 51, violation# : 25, overflow# : 25, conflict# : 40, node#: 20386
## CPU time: 0:2:28, REAL time: 0:2:31
 iter = 641/8, route#: 54, violation# : 25, overflow# : 25, conflict# : 40, node#: 20370
## CPU time: 0:2:28, REAL time: 0:2:31
 iter = 642/9, route#: 46, violation# : 22, overflow# : 22, conflict# : 35, node#: 20406
## CPU time: 0:2:29, REAL time: 0:2:31
 iter = 643/10, route#: 34, violation# : 19, overflow# : 19, conflict# : 33, node#: 20392
## CPU time: 0:2:29, REAL time: 0:2:32
 iter = 644/5, route#: 65, violation# : 38, overflow# : 38, conflict# : 53, node#: 20342
## CPU time: 0:2:29, REAL time: 0:2:32
 iter = 645/6, route#: 53, violation# : 25, overflow# : 25, conflict# : 39, node#: 20366
## CPU time: 0:2:30, REAL time: 0:2:32
 iter = 646/7, route#: 49, violation# : 25, overflow# : 25, conflict# : 41, node#: 20391
## CPU time: 0:2:30, REAL time: 0:2:33
 iter = 647/8, route#: 52, violation# : 25, overflow# : 25, conflict# : 40, node#: 20389
## CPU time: 0:2:30, REAL time: 0:2:33
 iter = 648/9, route#: 44, violation# : 23, overflow# : 23, conflict# : 36, node#: 20445
## CPU time: 0:2:30, REAL time: 0:2:33
 iter = 649/10, route#: 45, violation# : 21, overflow# : 21, conflict# : 35, node#: 20476
## CPU time: 0:2:31, REAL time: 0:2:34
 iter = 650/5, route#: 92, violation# : 61, overflow# : 61, conflict# : 81, node#: 20322
## CPU time: 0:2:31, REAL time: 0:2:34
 iter = 651/6, route#: 89, violation# : 37, overflow# : 37, conflict# : 59, node#: 20394
## CPU time: 0:2:31, REAL time: 0:2:34
 iter = 652/7, route#: 71, violation# : 36, overflow# : 36, conflict# : 54, node#: 20417
## CPU time: 0:2:31, REAL time: 0:2:34
 iter = 653/8, route#: 54, violation# : 23, overflow# : 23, conflict# : 37, node#: 20439
## CPU time: 0:2:31, REAL time: 0:2:34
 iter = 654/9, route#: 63, violation# : 30, overflow# : 30, conflict# : 45, node#: 20503
## CPU time: 0:2:31, REAL time: 0:2:34
 iter = 655/10, route#: 44, violation# : 19, overflow# : 19, conflict# : 30, node#: 20477
## CPU time: 0:2:32, REAL time: 0:2:35
 iter = 656/5, route#: 70, violation# : 40, overflow# : 40, conflict# : 55, node#: 20401
## CPU time: 0:2:32, REAL time: 0:2:35
 iter = 657/6, route#: 49, violation# : 20, overflow# : 20, conflict# : 35, node#: 20441
## CPU time: 0:2:32, REAL time: 0:2:35
 iter = 658/7, route#: 62, violation# : 30, overflow# : 30, conflict# : 46, node#: 20453
## CPU time: 0:2:33, REAL time: 0:2:35
 iter = 659/8, route#: 41, violation# : 19, overflow# : 19, conflict# : 32, node#: 20460
## CPU time: 0:2:33, REAL time: 0:2:36
 iter = 660/9, route#: 38, violation# : 19, overflow# : 19, conflict# : 30, node#: 20450
## CPU time: 0:2:33, REAL time: 0:2:36
 iter = 661/10, route#: 36, violation# : 23, overflow# : 23, conflict# : 34, node#: 20457
## CPU time: 0:2:33, REAL time: 0:2:36
 iter = 662/5, route#: 58, violation# : 40, overflow# : 40, conflict# : 54, node#: 20396
## CPU time: 0:2:33, REAL time: 0:2:36
 iter = 663/6, route#: 60, violation# : 28, overflow# : 28, conflict# : 46, node#: 20421
## CPU time: 0:2:34, REAL time: 0:2:37
 iter = 664/7, route#: 63, violation# : 27, overflow# : 27, conflict# : 44, node#: 20397
## CPU time: 0:2:34, REAL time: 0:2:37
 iter = 665/8, route#: 49, violation# : 22, overflow# : 22, conflict# : 35, node#: 20455
## CPU time: 0:2:34, REAL time: 0:2:37
 iter = 666/9, route#: 53, violation# : 27, overflow# : 27, conflict# : 40, node#: 20493
## CPU time: 0:2:34, REAL time: 0:2:37
 iter = 667/10, route#: 42, violation# : 18, overflow# : 18, conflict# : 30, node#: 20498
## CPU time: 0:2:34, REAL time: 0:2:37
 iter = 668/5, route#: 40, violation# : 26, overflow# : 26, conflict# : 39, node#: 20451
## CPU time: 0:2:35, REAL time: 0:2:38
 iter = 669/6, route#: 41, violation# : 25, overflow# : 25, conflict# : 39, node#: 20469
## CPU time: 0:2:35, REAL time: 0:2:38
 iter = 670/7, route#: 38, violation# : 21, overflow# : 21, conflict# : 36, node#: 20466
## CPU time: 0:2:35, REAL time: 0:2:38
 iter = 671/8, route#: 49, violation# : 25, overflow# : 25, conflict# : 42, node#: 20516
## CPU time: 0:2:35, REAL time: 0:2:38
 iter = 672/9, route#: 47, violation# : 19, overflow# : 19, conflict# : 34, node#: 20539
## CPU time: 0:2:35, REAL time: 0:2:38
 iter = 673/10, route#: 37, violation# : 19, overflow# : 19, conflict# : 33, node#: 20547
## CPU time: 0:2:35, REAL time: 0:2:38
 iter = 674/5, route#: 45, violation# : 24, overflow# : 24, conflict# : 41, node#: 20500
## CPU time: 0:2:36, REAL time: 0:2:39
 iter = 675/6, route#: 55, violation# : 20, overflow# : 20, conflict# : 36, node#: 20493
## CPU time: 0:2:36, REAL time: 0:2:39
 iter = 676/7, route#: 48, violation# : 24, overflow# : 24, conflict# : 37, node#: 20541
## CPU time: 0:2:36, REAL time: 0:2:39
 iter = 677/8, route#: 37, violation# : 20, overflow# : 20, conflict# : 32, node#: 20561
## CPU time: 0:2:36, REAL time: 0:2:39
 iter = 678/9, route#: 36, violation# : 18, overflow# : 18, conflict# : 29, node#: 20569
## CPU time: 0:2:36, REAL time: 0:2:39
 iter = 679/10, route#: 37, violation# : 21, overflow# : 21, conflict# : 31, node#: 20563
## CPU time: 0:2:37, REAL time: 0:2:40
 iter = 680/5, route#: 36, violation# : 23, overflow# : 23, conflict# : 36, node#: 20544
## CPU time: 0:2:37, REAL time: 0:2:40
 iter = 681/6, route#: 39, violation# : 24, overflow# : 24, conflict# : 39, node#: 20546
## CPU time: 0:2:37, REAL time: 0:2:40
 iter = 682/7, route#: 51, violation# : 25, overflow# : 25, conflict# : 38, node#: 20576
## CPU time: 0:2:37, REAL time: 0:2:40
 iter = 683/8, route#: 41, violation# : 19, overflow# : 19, conflict# : 34, node#: 20593
## CPU time: 0:2:37, REAL time: 0:2:40
 iter = 684/9, route#: 37, violation# : 16, overflow# : 16, conflict# : 32, node#: 20596
## CPU time: 0:2:37, REAL time: 0:2:40
 iter = 685/10, route#: 36, violation# : 18, overflow# : 18, conflict# : 33, node#: 20623
## CPU time: 0:2:38, REAL time: 0:2:41
 iter = 686/5, route#: 44, violation# : 25, overflow# : 25, conflict# : 42, node#: 20565
## CPU time: 0:2:38, REAL time: 0:2:41
 iter = 687/6, route#: 47, violation# : 23, overflow# : 23, conflict# : 39, node#: 20561
## CPU time: 0:2:38, REAL time: 0:2:41
 iter = 688/7, route#: 55, violation# : 24, overflow# : 24, conflict# : 43, node#: 20549
## CPU time: 0:2:38, REAL time: 0:2:41
 iter = 689/8, route#: 42, violation# : 18, overflow# : 18, conflict# : 32, node#: 20572
## CPU time: 0:2:38, REAL time: 0:2:41
 iter = 690/9, route#: 33, violation# : 16, overflow# : 16, conflict# : 29, node#: 20562
## CPU time: 0:2:38, REAL time: 0:2:41
 iter = 691/10, route#: 34, violation# : 18, overflow# : 18, conflict# : 31, node#: 20605
## CPU time: 0:2:39, REAL time: 0:2:42
 iter = 692/5, route#: 40, violation# : 22, overflow# : 22, conflict# : 38, node#: 20539
## CPU time: 0:2:39, REAL time: 0:2:42
 iter = 693/6, route#: 45, violation# : 20, overflow# : 20, conflict# : 38, node#: 20563
## CPU time: 0:2:39, REAL time: 0:2:42
 iter = 694/7, route#: 48, violation# : 23, overflow# : 23, conflict# : 40, node#: 20550
## CPU time: 0:2:39, REAL time: 0:2:42
 iter = 695/8, route#: 43, violation# : 19, overflow# : 19, conflict# : 35, node#: 20591
## CPU time: 0:2:39, REAL time: 0:2:42
 iter = 696/9, route#: 40, violation# : 19, overflow# : 19, conflict# : 32, node#: 20574
## CPU time: 0:2:39, REAL time: 0:2:42
 iter = 697/10, route#: 37, violation# : 17, overflow# : 17, conflict# : 29, node#: 20631
## CPU time: 0:2:40, REAL time: 0:2:42
 iter = 698/5, route#: 34, violation# : 19, overflow# : 19, conflict# : 33, node#: 20581
## CPU time: 0:2:40, REAL time: 0:2:43
 iter = 699/6, route#: 32, violation# : 16, overflow# : 16, conflict# : 29, node#: 20588
## CPU time: 0:2:40, REAL time: 0:2:43
 iter = 700/7, route#: 37, violation# : 18, overflow# : 18, conflict# : 32, node#: 20598
## CPU time: 0:2:40, REAL time: 0:2:43
 iter = 701/8, route#: 32, violation# : 16, overflow# : 16, conflict# : 29, node#: 20606
## CPU time: 0:2:40, REAL time: 0:2:43
 iter = 702/9, route#: 32, violation# : 19, overflow# : 19, conflict# : 32, node#: 20587
## CPU time: 0:2:40, REAL time: 0:2:43
 iter = 703/10, route#: 38, violation# : 17, overflow# : 17, conflict# : 31, node#: 20615
## CPU time: 0:2:40, REAL time: 0:2:43
 iter = 704/5, route#: 41, violation# : 25, overflow# : 25, conflict# : 39, node#: 20571
## CPU time: 0:2:40, REAL time: 0:2:43
 iter = 705/6, route#: 41, violation# : 24, overflow# : 24, conflict# : 38, node#: 20578
## CPU time: 0:2:41, REAL time: 0:2:44
 iter = 706/7, route#: 44, violation# : 25, overflow# : 25, conflict# : 39, node#: 20582
## CPU time: 0:2:41, REAL time: 0:2:44
 iter = 707/8, route#: 37, violation# : 17, overflow# : 17, conflict# : 28, node#: 20602
## CPU time: 0:2:41, REAL time: 0:2:44
 iter = 708/9, route#: 29, violation# : 14, overflow# : 14, conflict# : 25, node#: 20598
## CPU time: 0:2:41, REAL time: 0:2:44
 iter = 709/10, route#: 31, violation# : 18, overflow# : 18, conflict# : 29, node#: 20618
## CPU time: 0:2:41, REAL time: 0:2:44
 iter = 710/5, route#: 61, violation# : 37, overflow# : 37, conflict# : 57, node#: 20524
## CPU time: 0:2:42, REAL time: 0:2:45
 iter = 711/6, route#: 70, violation# : 25, overflow# : 25, conflict# : 44, node#: 20556
## CPU time: 0:2:42, REAL time: 0:2:45
 iter = 712/7, route#: 57, violation# : 25, overflow# : 25, conflict# : 41, node#: 20556
## CPU time: 0:2:42, REAL time: 0:2:45
 iter = 713/8, route#: 40, violation# : 19, overflow# : 19, conflict# : 34, node#: 20563
## CPU time: 0:2:42, REAL time: 0:2:45
 iter = 714/9, route#: 39, violation# : 21, overflow# : 21, conflict# : 32, node#: 20584
## CPU time: 0:2:42, REAL time: 0:2:45
 iter = 715/10, route#: 39, violation# : 22, overflow# : 22, conflict# : 37, node#: 20571
## CPU time: 0:2:43, REAL time: 0:2:46
 iter = 716/5, route#: 61, violation# : 41, overflow# : 41, conflict# : 56, node#: 20466
## CPU time: 0:2:43, REAL time: 0:2:46
 iter = 717/6, route#: 72, violation# : 31, overflow# : 31, conflict# : 50, node#: 20477
## CPU time: 0:2:43, REAL time: 0:2:46
 iter = 718/7, route#: 71, violation# : 29, overflow# : 29, conflict# : 52, node#: 20511
## CPU time: 0:2:44, REAL time: 0:2:47
 iter = 719/8, route#: 49, violation# : 21, overflow# : 21, conflict# : 35, node#: 20556
## CPU time: 0:2:44, REAL time: 0:2:47
 iter = 720/9, route#: 49, violation# : 19, overflow# : 19, conflict# : 36, node#: 20555
## CPU time: 0:2:44, REAL time: 0:2:47
 iter = 721/10, route#: 42, violation# : 23, overflow# : 23, conflict# : 41, node#: 20567
## CPU time: 0:2:44, REAL time: 0:2:47
 iter = 722/5, route#: 60, violation# : 31, overflow# : 31, conflict# : 46, node#: 20477
## CPU time: 0:2:44, REAL time: 0:2:47
 iter = 723/6, route#: 61, violation# : 36, overflow# : 36, conflict# : 56, node#: 20470
## CPU time: 0:2:45, REAL time: 0:2:48
 iter = 724/7, route#: 62, violation# : 24, overflow# : 24, conflict# : 43, node#: 20479
## CPU time: 0:2:45, REAL time: 0:2:48
 iter = 725/8, route#: 48, violation# : 21, overflow# : 21, conflict# : 38, node#: 20524
## CPU time: 0:2:45, REAL time: 0:2:48
 iter = 726/9, route#: 45, violation# : 23, overflow# : 23, conflict# : 39, node#: 20523
## CPU time: 0:2:45, REAL time: 0:2:48
 iter = 727/10, route#: 42, violation# : 22, overflow# : 22, conflict# : 36, node#: 20530
## CPU time: 0:2:45, REAL time: 0:2:48
 iter = 728/5, route#: 67, violation# : 41, overflow# : 41, conflict# : 63, node#: 20419
## CPU time: 0:2:46, REAL time: 0:2:49
 iter = 729/6, route#: 72, violation# : 31, overflow# : 31, conflict# : 54, node#: 20428
## CPU time: 0:2:46, REAL time: 0:2:49
 iter = 730/7, route#: 59, violation# : 22, overflow# : 22, conflict# : 40, node#: 20453
## CPU time: 0:2:46, REAL time: 0:2:49
 iter = 731/8, route#: 46, violation# : 22, overflow# : 22, conflict# : 38, node#: 20484
## CPU time: 0:2:46, REAL time: 0:2:49
 iter = 732/9, route#: 41, violation# : 21, overflow# : 21, conflict# : 38, node#: 20514
## CPU time: 0:2:46, REAL time: 0:2:49
 iter = 733/10, route#: 42, violation# : 20, overflow# : 20, conflict# : 39, node#: 20500
## CPU time: 0:2:46, REAL time: 0:2:50
 iter = 734/5, route#: 51, violation# : 32, overflow# : 32, conflict# : 49, node#: 20448
## CPU time: 0:2:47, REAL time: 0:2:50
 iter = 735/6, route#: 71, violation# : 26, overflow# : 26, conflict# : 47, node#: 20449
## CPU time: 0:2:47, REAL time: 0:2:50
 iter = 736/7, route#: 52, violation# : 22, overflow# : 22, conflict# : 42, node#: 20464
## CPU time: 0:2:47, REAL time: 0:2:50
 iter = 737/8, route#: 51, violation# : 19, overflow# : 19, conflict# : 35, node#: 20519
## CPU time: 0:2:47, REAL time: 0:2:50
 iter = 738/9, route#: 37, violation# : 14, overflow# : 14, conflict# : 26, node#: 20518
## CPU time: 0:2:47, REAL time: 0:2:50
 iter = 739/10, route#: 29, violation# : 14, overflow# : 14, conflict# : 26, node#: 20540
## CPU time: 0:2:48, REAL time: 0:2:51
 iter = 740/5, route#: 53, violation# : 33, overflow# : 33, conflict# : 52, node#: 20478
## CPU time: 0:2:48, REAL time: 0:2:51
 iter = 741/6, route#: 62, violation# : 27, overflow# : 27, conflict# : 43, node#: 20481
## CPU time: 0:2:48, REAL time: 0:2:51
 iter = 742/7, route#: 43, violation# : 20, overflow# : 20, conflict# : 33, node#: 20517
## CPU time: 0:2:48, REAL time: 0:2:51
 iter = 743/8, route#: 35, violation# : 16, overflow# : 16, conflict# : 28, node#: 20529
## CPU time: 0:2:48, REAL time: 0:2:51
 iter = 744/9, route#: 31, violation# : 18, overflow# : 18, conflict# : 29, node#: 20534
## CPU time: 0:2:49, REAL time: 0:2:52
 iter = 745/10, route#: 29, violation# : 18, overflow# : 18, conflict# : 28, node#: 20551
## CPU time: 0:2:49, REAL time: 0:2:52
 iter = 746/5, route#: 46, violation# : 27, overflow# : 27, conflict# : 40, node#: 20493
## CPU time: 0:2:49, REAL time: 0:2:52
 iter = 747/6, route#: 62, violation# : 37, overflow# : 37, conflict# : 55, node#: 20496
## CPU time: 0:2:49, REAL time: 0:2:52
 iter = 748/7, route#: 58, violation# : 28, overflow# : 28, conflict# : 46, node#: 20492
## CPU time: 0:2:50, REAL time: 0:2:53
 iter = 749/8, route#: 51, violation# : 22, overflow# : 22, conflict# : 38, node#: 20506
## CPU time: 0:2:50, REAL time: 0:2:53
 iter = 750/9, route#: 51, violation# : 23, overflow# : 23, conflict# : 39, node#: 20535
## CPU time: 0:2:50, REAL time: 0:2:53
 iter = 751/10, route#: 46, violation# : 23, overflow# : 23, conflict# : 41, node#: 20536
## CPU time: 0:2:51, REAL time: 0:2:54
 iter = 752/1, route#: 2432, violation# : 1856, overflow# : 1653, conflict# : 1304, node#: 16135
## CPU time: 0:2:51, REAL time: 0:2:54
 iter = 753/2, route#: 1064, violation# : 1208, overflow# : 1160, conflict# : 880, node#: 17167
## CPU time: 0:2:52, REAL time: 0:2:55
 iter = 754/3, route#: 861, violation# : 712, overflow# : 705, conflict# : 666, node#: 17953
## CPU time: 0:2:53, REAL time: 0:2:56
 iter = 755/4, route#: 577, violation# : 293, overflow# : 293, conflict# : 370, node#: 18566
## CPU time: 0:2:54, REAL time: 0:2:57
 iter = 756/5, route#: 411, violation# : 155, overflow# : 155, conflict# : 226, node#: 18846
## CPU time: 0:2:54, REAL time: 0:2:57
 iter = 757/6, route#: 308, violation# : 99, overflow# : 99, conflict# : 164, node#: 19050
## CPU time: 0:2:55, REAL time: 0:2:58
 iter = 758/7, route#: 282, violation# : 76, overflow# : 76, conflict# : 121, node#: 19129
## CPU time: 0:2:55, REAL time: 0:2:58
 iter = 759/8, route#: 249, violation# : 74, overflow# : 74, conflict# : 107, node#: 19256
## CPU time: 0:2:56, REAL time: 0:2:59
 iter = 760/9, route#: 252, violation# : 64, overflow# : 64, conflict# : 101, node#: 19306
## CPU time: 0:2:56, REAL time: 0:2:59
 iter = 761/10, route#: 245, violation# : 68, overflow# : 68, conflict# : 103, node#: 19356
## CPU time: 0:2:57, REAL time: 0:3:0
 iter = 762/11, route#: 249, violation# : 65, overflow# : 65, conflict# : 102, node#: 19391
## CPU time: 0:2:57, REAL time: 0:3:0
 iter = 763/12, route#: 247, violation# : 68, overflow# : 68, conflict# : 105, node#: 19390
## CPU time: 0:2:57, REAL time: 0:3:1
 iter = 764/13, route#: 250, violation# : 59, overflow# : 59, conflict# : 96, node#: 19428
## CPU time: 0:2:58, REAL time: 0:3:1
 iter = 765/4, route#: 419, violation# : 255, overflow# : 255, conflict# : 298, node#: 18837
## CPU time: 0:2:59, REAL time: 0:3:2
 iter = 766/5, route#: 320, violation# : 127, overflow# : 127, conflict# : 188, node#: 19092
## CPU time: 0:2:59, REAL time: 0:3:2
 iter = 767/6, route#: 282, violation# : 82, overflow# : 82, conflict# : 140, node#: 19202
## CPU time: 0:3:0, REAL time: 0:3:3
 iter = 768/7, route#: 242, violation# : 55, overflow# : 55, conflict# : 95, node#: 19309
## CPU time: 0:3:0, REAL time: 0:3:3
 iter = 769/8, route#: 224, violation# : 51, overflow# : 51, conflict# : 87, node#: 19439
## CPU time: 0:3:0, REAL time: 0:3:3
 iter = 770/9, route#: 215, violation# : 44, overflow# : 44, conflict# : 78, node#: 19440
## CPU time: 0:3:0, REAL time: 0:3:4
 iter = 771/4, route#: 341, violation# : 207, overflow# : 207, conflict# : 247, node#: 18965
## CPU time: 0:3:1, REAL time: 0:3:4
 iter = 772/5, route#: 292, violation# : 100, overflow# : 100, conflict# : 151, node#: 19193
## CPU time: 0:3:1, REAL time: 0:3:4
 iter = 773/6, route#: 235, violation# : 64, overflow# : 64, conflict# : 102, node#: 19288
## CPU time: 0:3:1, REAL time: 0:3:5
 iter = 774/7, route#: 199, violation# : 46, overflow# : 46, conflict# : 79, node#: 19348
## CPU time: 0:3:2, REAL time: 0:3:5
 iter = 775/8, route#: 210, violation# : 56, overflow# : 56, conflict# : 83, node#: 19436
## CPU time: 0:3:2, REAL time: 0:3:5
 iter = 776/9, route#: 199, violation# : 47, overflow# : 47, conflict# : 72, node#: 19475
## CPU time: 0:3:2, REAL time: 0:3:5
 iter = 777/5, route#: 118, violation# : 65, overflow# : 65, conflict# : 98, node#: 19347
## CPU time: 0:3:2, REAL time: 0:3:6
 iter = 778/6, route#: 107, violation# : 58, overflow# : 58, conflict# : 83, node#: 19408
## CPU time: 0:3:3, REAL time: 0:3:6
 iter = 779/7, route#: 99, violation# : 45, overflow# : 45, conflict# : 75, node#: 19416
## CPU time: 0:3:3, REAL time: 0:3:6
 iter = 780/8, route#: 84, violation# : 45, overflow# : 45, conflict# : 72, node#: 19498
## CPU time: 0:3:3, REAL time: 0:3:6
 iter = 781/9, route#: 98, violation# : 50, overflow# : 50, conflict# : 76, node#: 19515
## CPU time: 0:3:3, REAL time: 0:3:6
 iter = 782/10, route#: 98, violation# : 59, overflow# : 59, conflict# : 85, node#: 19578
## CPU time: 0:3:3, REAL time: 0:3:7
 iter = 783/5, route#: 152, violation# : 102, overflow# : 102, conflict# : 134, node#: 19412
## CPU time: 0:3:3, REAL time: 0:3:7
 iter = 784/6, route#: 130, violation# : 63, overflow# : 63, conflict# : 91, node#: 19483
## CPU time: 0:3:4, REAL time: 0:3:7
 iter = 785/7, route#: 103, violation# : 52, overflow# : 52, conflict# : 82, node#: 19538
## CPU time: 0:3:4, REAL time: 0:3:7
 iter = 786/8, route#: 85, violation# : 37, overflow# : 37, conflict# : 62, node#: 19587
## CPU time: 0:3:4, REAL time: 0:3:7
 iter = 787/9, route#: 62, violation# : 35, overflow# : 35, conflict# : 57, node#: 19594
## CPU time: 0:3:4, REAL time: 0:3:8
 iter = 788/10, route#: 71, violation# : 38, overflow# : 38, conflict# : 60, node#: 19644
## CPU time: 0:3:4, REAL time: 0:3:8
 iter = 789/5, route#: 95, violation# : 70, overflow# : 70, conflict# : 94, node#: 19499
## CPU time: 0:3:4, REAL time: 0:3:8
 iter = 790/6, route#: 105, violation# : 53, overflow# : 53, conflict# : 85, node#: 19564
## CPU time: 0:3:5, REAL time: 0:3:8
 iter = 791/7, route#: 97, violation# : 41, overflow# : 41, conflict# : 67, node#: 19601
## CPU time: 0:3:5, REAL time: 0:3:8
 iter = 792/8, route#: 74, violation# : 35, overflow# : 35, conflict# : 61, node#: 19630
## CPU time: 0:3:5, REAL time: 0:3:8
 iter = 793/9, route#: 81, violation# : 42, overflow# : 42, conflict# : 63, node#: 19675
## CPU time: 0:3:5, REAL time: 0:3:8
 iter = 794/10, route#: 80, violation# : 46, overflow# : 46, conflict# : 71, node#: 19700
## CPU time: 0:3:5, REAL time: 0:3:9
 iter = 795/5, route#: 136, violation# : 86, overflow# : 86, conflict# : 120, node#: 19539
## CPU time: 0:3:6, REAL time: 0:3:9
 iter = 796/6, route#: 121, violation# : 52, overflow# : 52, conflict# : 79, node#: 19612
## CPU time: 0:3:6, REAL time: 0:3:9
 iter = 797/7, route#: 92, violation# : 35, overflow# : 35, conflict# : 58, node#: 19628
## CPU time: 0:3:6, REAL time: 0:3:9
 iter = 798/8, route#: 73, violation# : 33, overflow# : 33, conflict# : 58, node#: 19665
## CPU time: 0:3:6, REAL time: 0:3:9
 iter = 799/9, route#: 57, violation# : 30, overflow# : 30, conflict# : 54, node#: 19653
## CPU time: 0:3:6, REAL time: 0:3:10
 iter = 800/10, route#: 61, violation# : 30, overflow# : 30, conflict# : 49, node#: 19670
## CPU time: 0:3:6, REAL time: 0:3:10
 iter = 801/5, route#: 76, violation# : 42, overflow# : 42, conflict# : 68, node#: 19608
## CPU time: 0:3:6, REAL time: 0:3:10
 iter = 802/6, route#: 77, violation# : 38, overflow# : 38, conflict# : 60, node#: 19618
## CPU time: 0:3:7, REAL time: 0:3:10
 iter = 803/7, route#: 73, violation# : 38, overflow# : 38, conflict# : 60, node#: 19653
## CPU time: 0:3:7, REAL time: 0:3:10
 iter = 804/8, route#: 67, violation# : 38, overflow# : 38, conflict# : 57, node#: 19688
## CPU time: 0:3:7, REAL time: 0:3:10
 iter = 805/9, route#: 67, violation# : 35, overflow# : 35, conflict# : 53, node#: 19719
## CPU time: 0:3:7, REAL time: 0:3:11
 iter = 806/10, route#: 60, violation# : 28, overflow# : 28, conflict# : 46, node#: 19750
## CPU time: 0:3:7, REAL time: 0:3:11
 iter = 807/5, route#: 75, violation# : 50, overflow# : 50, conflict# : 70, node#: 19658
## CPU time: 0:3:7, REAL time: 0:3:11
 iter = 808/6, route#: 78, violation# : 39, overflow# : 39, conflict# : 64, node#: 19676
## CPU time: 0:3:8, REAL time: 0:3:11
 iter = 809/7, route#: 67, violation# : 35, overflow# : 35, conflict# : 51, node#: 19701
## CPU time: 0:3:8, REAL time: 0:3:11
 iter = 810/8, route#: 61, violation# : 35, overflow# : 35, conflict# : 57, node#: 19737
## CPU time: 0:3:8, REAL time: 0:3:11
 iter = 811/9, route#: 70, violation# : 35, overflow# : 35, conflict# : 57, node#: 19802
## CPU time: 0:3:8, REAL time: 0:3:12
 iter = 812/10, route#: 71, violation# : 35, overflow# : 35, conflict# : 55, node#: 19801
## CPU time: 0:3:8, REAL time: 0:3:12
 iter = 813/5, route#: 84, violation# : 55, overflow# : 55, conflict# : 77, node#: 19684
## CPU time: 0:3:8, REAL time: 0:3:12
 iter = 814/6, route#: 85, violation# : 42, overflow# : 42, conflict# : 67, node#: 19734
## CPU time: 0:3:8, REAL time: 0:3:12
 iter = 815/7, route#: 70, violation# : 36, overflow# : 36, conflict# : 57, node#: 19735
## CPU time: 0:3:9, REAL time: 0:3:12
 iter = 816/8, route#: 59, violation# : 24, overflow# : 24, conflict# : 41, node#: 19798
## CPU time: 0:3:9, REAL time: 0:3:12
 iter = 817/9, route#: 51, violation# : 24, overflow# : 24, conflict# : 39, node#: 19830
## CPU time: 0:3:9, REAL time: 0:3:13
 iter = 818/10, route#: 54, violation# : 27, overflow# : 27, conflict# : 42, node#: 19876
## CPU time: 0:3:9, REAL time: 0:3:13
 iter = 819/5, route#: 74, violation# : 47, overflow# : 47, conflict# : 64, node#: 19741
## CPU time: 0:3:9, REAL time: 0:3:13
 iter = 820/6, route#: 60, violation# : 31, overflow# : 31, conflict# : 45, node#: 19786
## CPU time: 0:3:10, REAL time: 0:3:13
 iter = 821/7, route#: 58, violation# : 19, overflow# : 19, conflict# : 37, node#: 19809
## CPU time: 0:3:10, REAL time: 0:3:13
 iter = 822/8, route#: 46, violation# : 23, overflow# : 23, conflict# : 40, node#: 19831
## CPU time: 0:3:10, REAL time: 0:3:14
 iter = 823/9, route#: 42, violation# : 21, overflow# : 21, conflict# : 38, node#: 19849
## CPU time: 0:3:10, REAL time: 0:3:14
 iter = 824/10, route#: 45, violation# : 23, overflow# : 23, conflict# : 39, node#: 19841
## CPU time: 0:3:10, REAL time: 0:3:14
 iter = 825/5, route#: 73, violation# : 42, overflow# : 42, conflict# : 65, node#: 19751
## CPU time: 0:3:11, REAL time: 0:3:14
 iter = 826/6, route#: 75, violation# : 41, overflow# : 41, conflict# : 62, node#: 19770
## CPU time: 0:3:11, REAL time: 0:3:15
 iter = 827/7, route#: 76, violation# : 32, overflow# : 32, conflict# : 53, node#: 19806
## CPU time: 0:3:11, REAL time: 0:3:15
 iter = 828/8, route#: 62, violation# : 32, overflow# : 32, conflict# : 47, node#: 19811
## CPU time: 0:3:11, REAL time: 0:3:15
 iter = 829/9, route#: 52, violation# : 28, overflow# : 28, conflict# : 46, node#: 19837
## CPU time: 0:3:12, REAL time: 0:3:15
 iter = 830/10, route#: 64, violation# : 33, overflow# : 33, conflict# : 56, node#: 19857
## CPU time: 0:3:12, REAL time: 0:3:16
 iter = 831/5, route#: 62, violation# : 42, overflow# : 42, conflict# : 64, node#: 19800
## CPU time: 0:3:12, REAL time: 0:3:16
 iter = 832/6, route#: 82, violation# : 43, overflow# : 43, conflict# : 64, node#: 19824
## CPU time: 0:3:13, REAL time: 0:3:16
 iter = 833/7, route#: 82, violation# : 36, overflow# : 36, conflict# : 61, node#: 19839
## CPU time: 0:3:13, REAL time: 0:3:16
 iter = 834/8, route#: 57, violation# : 25, overflow# : 25, conflict# : 45, node#: 19869
## CPU time: 0:3:13, REAL time: 0:3:17
 iter = 835/9, route#: 61, violation# : 29, overflow# : 29, conflict# : 48, node#: 19899
## CPU time: 0:3:13, REAL time: 0:3:17
 iter = 836/10, route#: 50, violation# : 25, overflow# : 25, conflict# : 44, node#: 19931
## CPU time: 0:3:13, REAL time: 0:3:17
 iter = 837/5, route#: 53, violation# : 38, overflow# : 38, conflict# : 61, node#: 19888
## CPU time: 0:3:13, REAL time: 0:3:17
 iter = 838/6, route#: 65, violation# : 36, overflow# : 36, conflict# : 58, node#: 19883
## CPU time: 0:3:14, REAL time: 0:3:17
 iter = 839/7, route#: 71, violation# : 34, overflow# : 34, conflict# : 56, node#: 19893
## CPU time: 0:3:14, REAL time: 0:3:18
 iter = 840/8, route#: 63, violation# : 30, overflow# : 30, conflict# : 47, node#: 19938
## CPU time: 0:3:14, REAL time: 0:3:18
 iter = 841/9, route#: 52, violation# : 28, overflow# : 28, conflict# : 43, node#: 19969
## CPU time: 0:3:14, REAL time: 0:3:18
 iter = 842/10, route#: 55, violation# : 32, overflow# : 32, conflict# : 47, node#: 19977
## CPU time: 0:3:14, REAL time: 0:3:18
 iter = 843/5, route#: 65, violation# : 40, overflow# : 40, conflict# : 58, node#: 19923
## CPU time: 0:3:15, REAL time: 0:3:18
 iter = 844/6, route#: 61, violation# : 28, overflow# : 28, conflict# : 48, node#: 19922
## CPU time: 0:3:15, REAL time: 0:3:19
 iter = 845/7, route#: 51, violation# : 24, overflow# : 24, conflict# : 42, node#: 19930
## CPU time: 0:3:15, REAL time: 0:3:19
 iter = 846/8, route#: 48, violation# : 19, overflow# : 19, conflict# : 35, node#: 19948
## CPU time: 0:3:15, REAL time: 0:3:19
 iter = 847/9, route#: 41, violation# : 22, overflow# : 22, conflict# : 38, node#: 19965
## CPU time: 0:3:15, REAL time: 0:3:19
 iter = 848/10, route#: 48, violation# : 28, overflow# : 28, conflict# : 44, node#: 19953
## CPU time: 0:3:15, REAL time: 0:3:19
 iter = 849/5, route#: 82, violation# : 47, overflow# : 47, conflict# : 66, node#: 19866
## CPU time: 0:3:16, REAL time: 0:3:20
 iter = 850/6, route#: 81, violation# : 45, overflow# : 45, conflict# : 68, node#: 19882
## CPU time: 0:3:16, REAL time: 0:3:20
 iter = 851/7, route#: 79, violation# : 32, overflow# : 32, conflict# : 54, node#: 19909
## CPU time: 0:3:16, REAL time: 0:3:20
 iter = 852/8, route#: 70, violation# : 31, overflow# : 31, conflict# : 47, node#: 19953
## CPU time: 0:3:17, REAL time: 0:3:20
 iter = 853/9, route#: 53, violation# : 30, overflow# : 30, conflict# : 46, node#: 19960
## CPU time: 0:3:17, REAL time: 0:3:21
 iter = 854/10, route#: 64, violation# : 29, overflow# : 29, conflict# : 46, node#: 19991
## CPU time: 0:3:17, REAL time: 0:3:21
 iter = 855/5, route#: 102, violation# : 56, overflow# : 56, conflict# : 83, node#: 19844
## CPU time: 0:3:18, REAL time: 0:3:21
 iter = 856/6, route#: 95, violation# : 44, overflow# : 44, conflict# : 70, node#: 19831
## CPU time: 0:3:18, REAL time: 0:3:22
 iter = 857/7, route#: 73, violation# : 23, overflow# : 23, conflict# : 40, node#: 19916
## CPU time: 0:3:18, REAL time: 0:3:22
 iter = 858/8, route#: 51, violation# : 23, overflow# : 23, conflict# : 35, node#: 19941
## CPU time: 0:3:18, REAL time: 0:3:22
 iter = 859/9, route#: 52, violation# : 22, overflow# : 22, conflict# : 37, node#: 19942
## CPU time: 0:3:19, REAL time: 0:3:22
 iter = 860/10, route#: 42, violation# : 22, overflow# : 22, conflict# : 36, node#: 19950
## CPU time: 0:3:19, REAL time: 0:3:23
 iter = 861/5, route#: 66, violation# : 43, overflow# : 43, conflict# : 61, node#: 19880
## CPU time: 0:3:19, REAL time: 0:3:23
 iter = 862/6, route#: 69, violation# : 34, overflow# : 34, conflict# : 56, node#: 19888
## CPU time: 0:3:19, REAL time: 0:3:23
 iter = 863/7, route#: 63, violation# : 27, overflow# : 27, conflict# : 46, node#: 19929
## CPU time: 0:3:20, REAL time: 0:3:23
 iter = 864/8, route#: 54, violation# : 28, overflow# : 28, conflict# : 44, node#: 19975
## CPU time: 0:3:20, REAL time: 0:3:23
 iter = 865/9, route#: 45, violation# : 24, overflow# : 24, conflict# : 36, node#: 19981
## CPU time: 0:3:20, REAL time: 0:3:24
 iter = 866/10, route#: 51, violation# : 28, overflow# : 28, conflict# : 40, node#: 20005
## CPU time: 0:3:20, REAL time: 0:3:24
 iter = 867/5, route#: 85, violation# : 51, overflow# : 51, conflict# : 73, node#: 19895
## CPU time: 0:3:20, REAL time: 0:3:24
 iter = 868/6, route#: 76, violation# : 37, overflow# : 37, conflict# : 58, node#: 19964
## CPU time: 0:3:21, REAL time: 0:3:24
 iter = 869/7, route#: 55, violation# : 18, overflow# : 18, conflict# : 32, node#: 19978
## CPU time: 0:3:21, REAL time: 0:3:25
 iter = 870/8, route#: 45, violation# : 18, overflow# : 18, conflict# : 33, node#: 19981
## CPU time: 0:3:21, REAL time: 0:3:25
 iter = 871/9, route#: 46, violation# : 21, overflow# : 21, conflict# : 36, node#: 20002
## CPU time: 0:3:21, REAL time: 0:3:25
 iter = 872/10, route#: 40, violation# : 17, overflow# : 17, conflict# : 34, node#: 20003
## CPU time: 0:3:21, REAL time: 0:3:25
 iter = 873/5, route#: 73, violation# : 51, overflow# : 51, conflict# : 74, node#: 19915
## CPU time: 0:3:22, REAL time: 0:3:26
 iter = 874/6, route#: 103, violation# : 50, overflow# : 50, conflict# : 73, node#: 19885
## CPU time: 0:3:22, REAL time: 0:3:26
 iter = 875/7, route#: 75, violation# : 28, overflow# : 28, conflict# : 49, node#: 19969
## CPU time: 0:3:22, REAL time: 0:3:26
 iter = 876/8, route#: 56, violation# : 21, overflow# : 21, conflict# : 34, node#: 20021
## CPU time: 0:3:23, REAL time: 0:3:26
 iter = 877/9, route#: 45, violation# : 25, overflow# : 25, conflict# : 37, node#: 20056
## CPU time: 0:3:23, REAL time: 0:3:26
 iter = 878/10, route#: 43, violation# : 22, overflow# : 22, conflict# : 38, node#: 20060
## CPU time: 0:3:23, REAL time: 0:3:27
 iter = 879/5, route#: 63, violation# : 39, overflow# : 39, conflict# : 58, node#: 19980
## CPU time: 0:3:23, REAL time: 0:3:27
 iter = 880/6, route#: 74, violation# : 36, overflow# : 36, conflict# : 57, node#: 19994
## CPU time: 0:3:23, REAL time: 0:3:27
 iter = 881/7, route#: 50, violation# : 22, overflow# : 22, conflict# : 38, node#: 20036
## CPU time: 0:3:23, REAL time: 0:3:27
 iter = 882/8, route#: 56, violation# : 26, overflow# : 26, conflict# : 41, node#: 20086
## CPU time: 0:3:24, REAL time: 0:3:27
 iter = 883/9, route#: 50, violation# : 26, overflow# : 26, conflict# : 41, node#: 20096
## CPU time: 0:3:24, REAL time: 0:3:27
 iter = 884/10, route#: 39, violation# : 17, overflow# : 17, conflict# : 32, node#: 20111
## CPU time: 0:3:24, REAL time: 0:3:28
 iter = 885/5, route#: 47, violation# : 28, overflow# : 28, conflict# : 41, node#: 20018
## CPU time: 0:3:24, REAL time: 0:3:28
 iter = 886/6, route#: 59, violation# : 29, overflow# : 29, conflict# : 46, node#: 20030
## CPU time: 0:3:24, REAL time: 0:3:28
 iter = 887/7, route#: 49, violation# : 26, overflow# : 26, conflict# : 40, node#: 20031
## CPU time: 0:3:24, REAL time: 0:3:28
 iter = 888/8, route#: 42, violation# : 22, overflow# : 22, conflict# : 36, node#: 20057
## CPU time: 0:3:25, REAL time: 0:3:28
 iter = 889/9, route#: 51, violation# : 25, overflow# : 25, conflict# : 43, node#: 20065
## CPU time: 0:3:25, REAL time: 0:3:28
 iter = 890/10, route#: 42, violation# : 20, overflow# : 20, conflict# : 34, node#: 20061
## CPU time: 0:3:25, REAL time: 0:3:29
 iter = 891/5, route#: 76, violation# : 39, overflow# : 39, conflict# : 55, node#: 19944
## CPU time: 0:3:25, REAL time: 0:3:29
 iter = 892/6, route#: 52, violation# : 22, overflow# : 22, conflict# : 39, node#: 19994
## CPU time: 0:3:25, REAL time: 0:3:29
 iter = 893/7, route#: 42, violation# : 23, overflow# : 23, conflict# : 35, node#: 19993
## CPU time: 0:3:26, REAL time: 0:3:29
 iter = 894/8, route#: 58, violation# : 29, overflow# : 29, conflict# : 46, node#: 20016
## CPU time: 0:3:26, REAL time: 0:3:29
 iter = 895/9, route#: 47, violation# : 20, overflow# : 20, conflict# : 36, node#: 20030
## CPU time: 0:3:26, REAL time: 0:3:30
 iter = 896/10, route#: 36, violation# : 17, overflow# : 17, conflict# : 32, node#: 20052
## CPU time: 0:3:26, REAL time: 0:3:30
 iter = 897/5, route#: 51, violation# : 34, overflow# : 34, conflict# : 49, node#: 19993
## CPU time: 0:3:26, REAL time: 0:3:30
 iter = 898/6, route#: 64, violation# : 33, overflow# : 33, conflict# : 53, node#: 20050
## CPU time: 0:3:26, REAL time: 0:3:30
 iter = 899/7, route#: 59, violation# : 24, overflow# : 24, conflict# : 45, node#: 20056
## CPU time: 0:3:27, REAL time: 0:3:30
 iter = 900/8, route#: 48, violation# : 17, overflow# : 17, conflict# : 32, node#: 20096
## CPU time: 0:3:27, REAL time: 0:3:30
 iter = 901/9, route#: 40, violation# : 17, overflow# : 17, conflict# : 31, node#: 20085
## CPU time: 0:3:27, REAL time: 0:3:31
 iter = 902/10, route#: 35, violation# : 19, overflow# : 19, conflict# : 33, node#: 20097
## CPU time: 0:3:27, REAL time: 0:3:31
 iter = 903/5, route#: 64, violation# : 45, overflow# : 45, conflict# : 55, node#: 19991
## CPU time: 0:3:27, REAL time: 0:3:31
 iter = 904/6, route#: 67, violation# : 32, overflow# : 32, conflict# : 46, node#: 20024
## CPU time: 0:3:28, REAL time: 0:3:31
 iter = 905/7, route#: 49, violation# : 25, overflow# : 25, conflict# : 43, node#: 20070
## CPU time: 0:3:28, REAL time: 0:3:32
 iter = 906/8, route#: 46, violation# : 22, overflow# : 22, conflict# : 38, node#: 20072
## CPU time: 0:3:28, REAL time: 0:3:32
 iter = 907/9, route#: 41, violation# : 15, overflow# : 15, conflict# : 30, node#: 20091
## CPU time: 0:3:28, REAL time: 0:3:32
 iter = 908/10, route#: 40, violation# : 21, overflow# : 21, conflict# : 35, node#: 20075
## CPU time: 0:3:28, REAL time: 0:3:32
 iter = 909/5, route#: 58, violation# : 36, overflow# : 36, conflict# : 48, node#: 20004
## CPU time: 0:3:28, REAL time: 0:3:32
 iter = 910/6, route#: 58, violation# : 29, overflow# : 29, conflict# : 48, node#: 20029
## CPU time: 0:3:29, REAL time: 0:3:32
 iter = 911/7, route#: 53, violation# : 23, overflow# : 23, conflict# : 35, node#: 20064
## CPU time: 0:3:29, REAL time: 0:3:33
 iter = 912/8, route#: 43, violation# : 22, overflow# : 22, conflict# : 35, node#: 20113
## CPU time: 0:3:29, REAL time: 0:3:33
 iter = 913/9, route#: 46, violation# : 17, overflow# : 17, conflict# : 31, node#: 20109
## CPU time: 0:3:29, REAL time: 0:3:33
 iter = 914/10, route#: 31, violation# : 12, overflow# : 12, conflict# : 23, node#: 20117
## CPU time: 0:3:29, REAL time: 0:3:33
 iter = 915/5, route#: 42, violation# : 26, overflow# : 26, conflict# : 39, node#: 20084
## CPU time: 0:3:30, REAL time: 0:3:33
 iter = 916/6, route#: 47, violation# : 22, overflow# : 22, conflict# : 36, node#: 20061
## CPU time: 0:3:30, REAL time: 0:3:34
 iter = 917/7, route#: 38, violation# : 16, overflow# : 16, conflict# : 28, node#: 20097
## CPU time: 0:3:30, REAL time: 0:3:34
 iter = 918/8, route#: 28, violation# : 17, overflow# : 17, conflict# : 27, node#: 20099
## CPU time: 0:3:30, REAL time: 0:3:34
 iter = 919/9, route#: 34, violation# : 17, overflow# : 17, conflict# : 29, node#: 20119
## CPU time: 0:3:30, REAL time: 0:3:34
 iter = 920/10, route#: 38, violation# : 20, overflow# : 20, conflict# : 32, node#: 20120
## CPU time: 0:3:30, REAL time: 0:3:34
 iter = 921/5, route#: 55, violation# : 28, overflow# : 28, conflict# : 43, node#: 20042
## CPU time: 0:3:30, REAL time: 0:3:34
 iter = 922/6, route#: 43, violation# : 26, overflow# : 26, conflict# : 41, node#: 20071
## CPU time: 0:3:31, REAL time: 0:3:34
 iter = 923/7, route#: 46, violation# : 23, overflow# : 23, conflict# : 39, node#: 20068
## CPU time: 0:3:31, REAL time: 0:3:35
 iter = 924/8, route#: 45, violation# : 19, overflow# : 19, conflict# : 31, node#: 20119
## CPU time: 0:3:31, REAL time: 0:3:35
 iter = 925/9, route#: 37, violation# : 15, overflow# : 15, conflict# : 28, node#: 20134
## CPU time: 0:3:31, REAL time: 0:3:35
 iter = 926/10, route#: 32, violation# : 15, overflow# : 15, conflict# : 26, node#: 20142
## CPU time: 0:3:31, REAL time: 0:3:35
 iter = 927/5, route#: 73, violation# : 39, overflow# : 39, conflict# : 55, node#: 20056
## CPU time: 0:3:32, REAL time: 0:3:36
 iter = 928/6, route#: 60, violation# : 24, overflow# : 24, conflict# : 39, node#: 20080
## CPU time: 0:3:32, REAL time: 0:3:36
 iter = 929/7, route#: 49, violation# : 27, overflow# : 27, conflict# : 37, node#: 20116
## CPU time: 0:3:32, REAL time: 0:3:36
 iter = 930/8, route#: 41, violation# : 17, overflow# : 17, conflict# : 29, node#: 20151
## CPU time: 0:3:32, REAL time: 0:3:36
 iter = 931/9, route#: 39, violation# : 20, overflow# : 20, conflict# : 34, node#: 20174
## CPU time: 0:3:33, REAL time: 0:3:36
 iter = 932/10, route#: 58, violation# : 29, overflow# : 29, conflict# : 40, node#: 20184
## CPU time: 0:3:33, REAL time: 0:3:37
 iter = 933/5, route#: 66, violation# : 30, overflow# : 30, conflict# : 47, node#: 20106
## CPU time: 0:3:33, REAL time: 0:3:37
 iter = 934/6, route#: 67, violation# : 41, overflow# : 41, conflict# : 58, node#: 20082
## CPU time: 0:3:33, REAL time: 0:3:37
 iter = 935/7, route#: 58, violation# : 22, overflow# : 22, conflict# : 37, node#: 20092
## CPU time: 0:3:34, REAL time: 0:3:37
 iter = 936/8, route#: 48, violation# : 27, overflow# : 27, conflict# : 41, node#: 20140
## CPU time: 0:3:34, REAL time: 0:3:38
 iter = 937/9, route#: 40, violation# : 17, overflow# : 17, conflict# : 28, node#: 20169
## CPU time: 0:3:34, REAL time: 0:3:38
 iter = 938/10, route#: 31, violation# : 15, overflow# : 15, conflict# : 26, node#: 20168
## CPU time: 0:3:34, REAL time: 0:3:38
 iter = 939/5, route#: 38, violation# : 29, overflow# : 29, conflict# : 41, node#: 20119
## CPU time: 0:3:34, REAL time: 0:3:38
 iter = 940/6, route#: 78, violation# : 42, overflow# : 42, conflict# : 59, node#: 20073
## CPU time: 0:3:35, REAL time: 0:3:38
 iter = 941/7, route#: 70, violation# : 28, overflow# : 28, conflict# : 43, node#: 20110
## CPU time: 0:3:35, REAL time: 0:3:39
 iter = 942/8, route#: 46, violation# : 24, overflow# : 24, conflict# : 38, node#: 20147
## CPU time: 0:3:35, REAL time: 0:3:39
 iter = 943/9, route#: 60, violation# : 30, overflow# : 30, conflict# : 46, node#: 20196
## CPU time: 0:3:35, REAL time: 0:3:39
 iter = 944/10, route#: 54, violation# : 25, overflow# : 25, conflict# : 40, node#: 20210
## CPU time: 0:3:36, REAL time: 0:3:39
 iter = 945/5, route#: 112, violation# : 66, overflow# : 66, conflict# : 91, node#: 20025
## CPU time: 0:3:36, REAL time: 0:3:40
 iter = 946/6, route#: 107, violation# : 51, overflow# : 51, conflict# : 78, node#: 20045
## CPU time: 0:3:36, REAL time: 0:3:40
 iter = 947/7, route#: 88, violation# : 40, overflow# : 40, conflict# : 58, node#: 20096
## CPU time: 0:3:37, REAL time: 0:3:40
 iter = 948/8, route#: 72, violation# : 28, overflow# : 28, conflict# : 47, node#: 20166
## CPU time: 0:3:37, REAL time: 0:3:41
 iter = 949/9, route#: 55, violation# : 31, overflow# : 31, conflict# : 51, node#: 20164
## CPU time: 0:3:37, REAL time: 0:3:41
 iter = 950/10, route#: 60, violation# : 26, overflow# : 26, conflict# : 45, node#: 20163
## CPU time: 0:3:37, REAL time: 0:3:41
 iter = 951/5, route#: 96, violation# : 57, overflow# : 57, conflict# : 82, node#: 20018
## CPU time: 0:3:38, REAL time: 0:3:42
 iter = 952/6, route#: 95, violation# : 39, overflow# : 39, conflict# : 66, node#: 20041
## CPU time: 0:3:38, REAL time: 0:3:42
 iter = 953/7, route#: 68, violation# : 25, overflow# : 25, conflict# : 44, node#: 20077
## CPU time: 0:3:38, REAL time: 0:3:42
 iter = 954/8, route#: 52, violation# : 23, overflow# : 23, conflict# : 41, node#: 20120
## CPU time: 0:3:38, REAL time: 0:3:42
 iter = 955/9, route#: 45, violation# : 18, overflow# : 18, conflict# : 33, node#: 20165
## CPU time: 0:3:39, REAL time: 0:3:43
 iter = 956/10, route#: 49, violation# : 22, overflow# : 22, conflict# : 37, node#: 20176
## CPU time: 0:3:39, REAL time: 0:3:43
 iter = 957/5, route#: 60, violation# : 35, overflow# : 35, conflict# : 51, node#: 20101
## CPU time: 0:3:39, REAL time: 0:3:43
 iter = 958/6, route#: 58, violation# : 37, overflow# : 37, conflict# : 55, node#: 20111
## CPU time: 0:3:40, REAL time: 0:3:43
 iter = 959/7, route#: 63, violation# : 22, overflow# : 22, conflict# : 39, node#: 20138
## CPU time: 0:3:40, REAL time: 0:3:44
 iter = 960/8, route#: 42, violation# : 22, overflow# : 22, conflict# : 37, node#: 20148
## CPU time: 0:3:40, REAL time: 0:3:44
 iter = 961/9, route#: 39, violation# : 19, overflow# : 19, conflict# : 34, node#: 20160
## CPU time: 0:3:40, REAL time: 0:3:44
 iter = 962/10, route#: 42, violation# : 20, overflow# : 20, conflict# : 35, node#: 20180
## CPU time: 0:3:40, REAL time: 0:3:44
 iter = 963/5, route#: 63, violation# : 38, overflow# : 38, conflict# : 52, node#: 20067
## CPU time: 0:3:41, REAL time: 0:3:44
 iter = 964/6, route#: 57, violation# : 30, overflow# : 30, conflict# : 48, node#: 20088
## CPU time: 0:3:41, REAL time: 0:3:45
 iter = 965/7, route#: 61, violation# : 24, overflow# : 24, conflict# : 44, node#: 20124
## CPU time: 0:3:41, REAL time: 0:3:45
 iter = 966/8, route#: 51, violation# : 24, overflow# : 24, conflict# : 39, node#: 20147
## CPU time: 0:3:41, REAL time: 0:3:45
 iter = 967/9, route#: 39, violation# : 20, overflow# : 20, conflict# : 33, node#: 20149
## CPU time: 0:3:41, REAL time: 0:3:45
 iter = 968/10, route#: 40, violation# : 21, overflow# : 21, conflict# : 37, node#: 20151
## CPU time: 0:3:42, REAL time: 0:3:46
 iter = 969/5, route#: 79, violation# : 42, overflow# : 42, conflict# : 63, node#: 20072
## CPU time: 0:3:42, REAL time: 0:3:46
 iter = 970/6, route#: 90, violation# : 39, overflow# : 39, conflict# : 62, node#: 20077
## CPU time: 0:3:42, REAL time: 0:3:46
 iter = 971/7, route#: 61, violation# : 25, overflow# : 25, conflict# : 41, node#: 20149
## CPU time: 0:3:43, REAL time: 0:3:46
 iter = 972/8, route#: 50, violation# : 31, overflow# : 31, conflict# : 47, node#: 20148
## CPU time: 0:3:43, REAL time: 0:3:47
 iter = 973/9, route#: 44, violation# : 21, overflow# : 21, conflict# : 36, node#: 20169
## CPU time: 0:3:43, REAL time: 0:3:47
 iter = 974/10, route#: 43, violation# : 20, overflow# : 20, conflict# : 36, node#: 20196
## CPU time: 0:3:43, REAL time: 0:3:47
 iter = 975/5, route#: 70, violation# : 37, overflow# : 37, conflict# : 55, node#: 20101
## CPU time: 0:3:43, REAL time: 0:3:47
 iter = 976/6, route#: 57, violation# : 25, overflow# : 25, conflict# : 40, node#: 20138
## CPU time: 0:3:43, REAL time: 0:3:47
 iter = 977/7, route#: 49, violation# : 29, overflow# : 29, conflict# : 43, node#: 20151
## CPU time: 0:3:44, REAL time: 0:3:48
 iter = 978/8, route#: 43, violation# : 22, overflow# : 22, conflict# : 37, node#: 20173
## CPU time: 0:3:44, REAL time: 0:3:48
 iter = 979/9, route#: 39, violation# : 20, overflow# : 20, conflict# : 35, node#: 20201
## CPU time: 0:3:44, REAL time: 0:3:48
 iter = 980/10, route#: 50, violation# : 25, overflow# : 25, conflict# : 39, node#: 20173
## CPU time: 0:3:44, REAL time: 0:3:48
 iter = 981/5, route#: 72, violation# : 42, overflow# : 42, conflict# : 65, node#: 20105
## CPU time: 0:3:45, REAL time: 0:3:49
 iter = 982/6, route#: 66, violation# : 33, overflow# : 33, conflict# : 52, node#: 20132
## CPU time: 0:3:45, REAL time: 0:3:49
 iter = 983/7, route#: 64, violation# : 29, overflow# : 29, conflict# : 49, node#: 20134
## CPU time: 0:3:45, REAL time: 0:3:49
 iter = 984/8, route#: 55, violation# : 27, overflow# : 27, conflict# : 41, node#: 20221
## CPU time: 0:3:45, REAL time: 0:3:49
 iter = 985/9, route#: 43, violation# : 22, overflow# : 22, conflict# : 35, node#: 20218
## CPU time: 0:3:45, REAL time: 0:3:49
 iter = 986/10, route#: 44, violation# : 22, overflow# : 22, conflict# : 37, node#: 20263
## CPU time: 0:3:46, REAL time: 0:3:49
 iter = 987/5, route#: 52, violation# : 36, overflow# : 36, conflict# : 48, node#: 20207
## CPU time: 0:3:46, REAL time: 0:3:50
 iter = 988/6, route#: 57, violation# : 25, overflow# : 25, conflict# : 41, node#: 20197
## CPU time: 0:3:46, REAL time: 0:3:50
 iter = 989/7, route#: 44, violation# : 24, overflow# : 24, conflict# : 38, node#: 20199
## CPU time: 0:3:46, REAL time: 0:3:50
 iter = 990/8, route#: 48, violation# : 24, overflow# : 24, conflict# : 40, node#: 20201
## CPU time: 0:3:46, REAL time: 0:3:50
 iter = 991/9, route#: 46, violation# : 26, overflow# : 26, conflict# : 43, node#: 20237
## CPU time: 0:3:46, REAL time: 0:3:50
 iter = 992/10, route#: 48, violation# : 23, overflow# : 23, conflict# : 40, node#: 20244
## CPU time: 0:3:47, REAL time: 0:3:51
 iter = 993/5, route#: 73, violation# : 50, overflow# : 50, conflict# : 71, node#: 20167
## CPU time: 0:3:47, REAL time: 0:3:51
 iter = 994/6, route#: 69, violation# : 30, overflow# : 30, conflict# : 49, node#: 20173
## CPU time: 0:3:47, REAL time: 0:3:51
 iter = 995/7, route#: 61, violation# : 28, overflow# : 28, conflict# : 48, node#: 20196
## CPU time: 0:3:48, REAL time: 0:3:52
 iter = 996/8, route#: 51, violation# : 21, overflow# : 21, conflict# : 37, node#: 20224
## CPU time: 0:3:48, REAL time: 0:3:52
 iter = 997/9, route#: 44, violation# : 20, overflow# : 20, conflict# : 33, node#: 20230
## CPU time: 0:3:48, REAL time: 0:3:52
 iter = 998/10, route#: 40, violation# : 20, overflow# : 20, conflict# : 34, node#: 20224
## CPU time: 0:3:48, REAL time: 0:3:52
 iter = 999/5, route#: 68, violation# : 44, overflow# : 43, conflict# : 63, node#: 20149
## CPU time: 0:3:49, REAL time: 0:3:53
 iter = 1000/6, route#: 61, violation# : 28, overflow# : 28, conflict# : 48, node#: 20163
## CPU time: 0:3:49, REAL time: 0:3:53
 iter = 1001/7, route#: 52, violation# : 20, overflow# : 20, conflict# : 34, node#: 20181
## CPU time: 0:3:49, REAL time: 0:3:53
 iter = 1002/8, route#: 36, violation# : 19, overflow# : 19, conflict# : 32, node#: 20193
## CPU time: 0:3:49, REAL time: 0:3:53
 iter = 1003/9, route#: 42, violation# : 23, overflow# : 23, conflict# : 36, node#: 20205
## CPU time: 0:3:49, REAL time: 0:3:53
 iter = 1004/10, route#: 42, violation# : 23, overflow# : 23, conflict# : 34, node#: 20216
## CPU time: 0:3:49, REAL time: 0:3:53
 iter = 1005/5, route#: 74, violation# : 44, overflow# : 44, conflict# : 57, node#: 20121
## CPU time: 0:3:50, REAL time: 0:3:54
 iter = 1006/6, route#: 71, violation# : 43, overflow# : 43, conflict# : 55, node#: 20127
## CPU time: 0:3:50, REAL time: 0:3:54
 iter = 1007/7, route#: 58, violation# : 29, overflow# : 29, conflict# : 44, node#: 20159
## CPU time: 0:3:50, REAL time: 0:3:54
 iter = 1008/8, route#: 51, violation# : 25, overflow# : 25, conflict# : 41, node#: 20172
## CPU time: 0:3:50, REAL time: 0:3:54
 iter = 1009/9, route#: 47, violation# : 28, overflow# : 28, conflict# : 41, node#: 20199
## CPU time: 0:3:50, REAL time: 0:3:54
 iter = 1010/10, route#: 52, violation# : 25, overflow# : 25, conflict# : 40, node#: 20205
## CPU time: 0:3:51, REAL time: 0:3:55
 iter = 1011/5, route#: 79, violation# : 49, overflow# : 49, conflict# : 71, node#: 20082
## CPU time: 0:3:51, REAL time: 0:3:55
 iter = 1012/6, route#: 83, violation# : 37, overflow# : 37, conflict# : 60, node#: 20131
## CPU time: 0:3:51, REAL time: 0:3:55
 iter = 1013/7, route#: 65, violation# : 28, overflow# : 28, conflict# : 49, node#: 20163
## CPU time: 0:3:51, REAL time: 0:3:56
 iter = 1014/8, route#: 59, violation# : 27, overflow# : 27, conflict# : 48, node#: 20196
## CPU time: 0:3:52, REAL time: 0:3:56
 iter = 1015/9, route#: 61, violation# : 24, overflow# : 24, conflict# : 42, node#: 20215
## CPU time: 0:3:52, REAL time: 0:3:56
 iter = 1016/10, route#: 48, violation# : 21, overflow# : 21, conflict# : 37, node#: 20213
## CPU time: 0:3:52, REAL time: 0:3:56
 iter = 1017/5, route#: 52, violation# : 32, overflow# : 32, conflict# : 54, node#: 20154
## CPU time: 0:3:52, REAL time: 0:3:56
 iter = 1018/6, route#: 55, violation# : 32, overflow# : 32, conflict# : 48, node#: 20173
## CPU time: 0:3:53, REAL time: 0:3:57
 iter = 1019/7, route#: 51, violation# : 20, overflow# : 20, conflict# : 36, node#: 20213
## CPU time: 0:3:53, REAL time: 0:3:57
 iter = 1020/8, route#: 39, violation# : 19, overflow# : 19, conflict# : 34, node#: 20226
## CPU time: 0:3:53, REAL time: 0:3:57
 iter = 1021/9, route#: 44, violation# : 21, overflow# : 21, conflict# : 34, node#: 20226
## CPU time: 0:3:53, REAL time: 0:3:57
 iter = 1022/10, route#: 40, violation# : 18, overflow# : 18, conflict# : 31, node#: 20261
## CPU time: 0:3:53, REAL time: 0:3:57
 iter = 1023/5, route#: 51, violation# : 29, overflow# : 29, conflict# : 49, node#: 20199
## CPU time: 0:3:54, REAL time: 0:3:58
 iter = 1024/6, route#: 56, violation# : 29, overflow# : 29, conflict# : 48, node#: 20212
## CPU time: 0:3:54, REAL time: 0:3:58
 iter = 1025/7, route#: 57, violation# : 21, overflow# : 21, conflict# : 36, node#: 20260
## CPU time: 0:3:54, REAL time: 0:3:58
 iter = 1026/8, route#: 46, violation# : 18, overflow# : 18, conflict# : 31, node#: 20278
## CPU time: 0:3:54, REAL time: 0:3:58
 iter = 1027/9, route#: 36, violation# : 15, overflow# : 15, conflict# : 26, node#: 20285
## CPU time: 0:3:54, REAL time: 0:3:58
 iter = 1028/10, route#: 27, violation# : 14, overflow# : 14, conflict# : 25, node#: 20285
## CPU time: 0:3:54, REAL time: 0:3:59
 iter = 1029/5, route#: 56, violation# : 33, overflow# : 33, conflict# : 45, node#: 20231
## CPU time: 0:3:55, REAL time: 0:3:59
 iter = 1030/6, route#: 57, violation# : 32, overflow# : 32, conflict# : 46, node#: 20245
## CPU time: 0:3:55, REAL time: 0:3:59
 iter = 1031/7, route#: 56, violation# : 25, overflow# : 25, conflict# : 38, node#: 20273
## CPU time: 0:3:55, REAL time: 0:3:59
 iter = 1032/8, route#: 51, violation# : 27, overflow# : 27, conflict# : 42, node#: 20272
## CPU time: 0:3:55, REAL time: 0:4:0
 iter = 1033/9, route#: 47, violation# : 23, overflow# : 23, conflict# : 39, node#: 20289
## CPU time: 0:3:56, REAL time: 0:4:0
 iter = 1034/10, route#: 49, violation# : 20, overflow# : 20, conflict# : 35, node#: 20295
## CPU time: 0:3:56, REAL time: 0:4:0
 iter = 1035/5, route#: 62, violation# : 45, overflow# : 45, conflict# : 57, node#: 20214
## CPU time: 0:3:56, REAL time: 0:4:0
 iter = 1036/6, route#: 59, violation# : 25, overflow# : 25, conflict# : 39, node#: 20242
## CPU time: 0:3:57, REAL time: 0:4:1
 iter = 1037/7, route#: 48, violation# : 20, overflow# : 20, conflict# : 32, node#: 20296
## CPU time: 0:3:57, REAL time: 0:4:1
 iter = 1038/8, route#: 51, violation# : 32, overflow# : 32, conflict# : 43, node#: 20331
## CPU time: 0:3:57, REAL time: 0:4:1
 iter = 1039/9, route#: 54, violation# : 28, overflow# : 28, conflict# : 40, node#: 20372
## CPU time: 0:3:57, REAL time: 0:4:1
 iter = 1040/10, route#: 42, violation# : 20, overflow# : 20, conflict# : 32, node#: 20367
## CPU time: 0:3:58, REAL time: 0:4:2
 iter = 1041/5, route#: 74, violation# : 45, overflow# : 45, conflict# : 60, node#: 20276
## CPU time: 0:3:58, REAL time: 0:4:2
 iter = 1042/6, route#: 67, violation# : 33, overflow# : 33, conflict# : 50, node#: 20278
## CPU time: 0:3:58, REAL time: 0:4:2
 iter = 1043/7, route#: 52, violation# : 24, overflow# : 24, conflict# : 39, node#: 20337
## CPU time: 0:3:58, REAL time: 0:4:3
 iter = 1044/8, route#: 41, violation# : 17, overflow# : 17, conflict# : 29, node#: 20356
## CPU time: 0:3:59, REAL time: 0:4:3
 iter = 1045/9, route#: 38, violation# : 17, overflow# : 17, conflict# : 29, node#: 20368
## CPU time: 0:3:59, REAL time: 0:4:3
 iter = 1046/10, route#: 30, violation# : 16, overflow# : 16, conflict# : 29, node#: 20365
## CPU time: 0:3:59, REAL time: 0:4:3
 iter = 1047/5, route#: 56, violation# : 37, overflow# : 37, conflict# : 50, node#: 20277
## CPU time: 0:3:59, REAL time: 0:4:3
 iter = 1048/6, route#: 62, violation# : 33, overflow# : 33, conflict# : 52, node#: 20308
## CPU time: 0:3:59, REAL time: 0:4:4
 iter = 1049/7, route#: 64, violation# : 25, overflow# : 25, conflict# : 39, node#: 20281
## CPU time: 0:4:0, REAL time: 0:4:4
 iter = 1050/8, route#: 49, violation# : 21, overflow# : 21, conflict# : 34, node#: 20328
## CPU time: 0:4:0, REAL time: 0:4:4
 iter = 1051/9, route#: 40, violation# : 21, overflow# : 21, conflict# : 32, node#: 20324
## CPU time: 0:4:0, REAL time: 0:4:4
 iter = 1052/10, route#: 37, violation# : 21, overflow# : 21, conflict# : 33, node#: 20318
## CPU time: 0:4:0, REAL time: 0:4:4
 iter = 1053/5, route#: 50, violation# : 32, overflow# : 31, conflict# : 48, node#: 20273
## CPU time: 0:4:0, REAL time: 0:4:5
 iter = 1054/6, route#: 41, violation# : 23, overflow# : 23, conflict# : 35, node#: 20301
## CPU time: 0:4:1, REAL time: 0:4:5
 iter = 1055/7, route#: 56, violation# : 24, overflow# : 24, conflict# : 37, node#: 20307
## CPU time: 0:4:1, REAL time: 0:4:5
 iter = 1056/8, route#: 43, violation# : 19, overflow# : 19, conflict# : 29, node#: 20350
## CPU time: 0:4:1, REAL time: 0:4:5
 iter = 1057/9, route#: 40, violation# : 13, overflow# : 13, conflict# : 23, node#: 20372
## CPU time: 0:4:1, REAL time: 0:4:5
 iter = 1058/10, route#: 30, violation# : 15, overflow# : 15, conflict# : 26, node#: 20378
## CPU time: 0:4:1, REAL time: 0:4:6
 iter = 1059/5, route#: 60, violation# : 43, overflow# : 43, conflict# : 56, node#: 20305
## CPU time: 0:4:2, REAL time: 0:4:6
 iter = 1060/6, route#: 66, violation# : 31, overflow# : 31, conflict# : 52, node#: 20312
## CPU time: 0:4:2, REAL time: 0:4:6
 iter = 1061/7, route#: 58, violation# : 24, overflow# : 24, conflict# : 39, node#: 20336
## CPU time: 0:4:2, REAL time: 0:4:6
 iter = 1062/8, route#: 46, violation# : 21, overflow# : 21, conflict# : 35, node#: 20347
## CPU time: 0:4:2, REAL time: 0:4:6
 iter = 1063/9, route#: 41, violation# : 19, overflow# : 19, conflict# : 32, node#: 20369
## CPU time: 0:4:2, REAL time: 0:4:7
 iter = 1064/10, route#: 36, violation# : 18, overflow# : 18, conflict# : 30, node#: 20369
## CPU time: 0:4:3, REAL time: 0:4:7
 iter = 1065/5, route#: 46, violation# : 20, overflow# : 20, conflict# : 35, node#: 20323
## CPU time: 0:4:3, REAL time: 0:4:7
 iter = 1066/6, route#: 50, violation# : 25, overflow# : 25, conflict# : 43, node#: 20299
## CPU time: 0:4:3, REAL time: 0:4:7
 iter = 1067/7, route#: 56, violation# : 28, overflow# : 28, conflict# : 45, node#: 20308
## CPU time: 0:4:3, REAL time: 0:4:7
 iter = 1068/8, route#: 51, violation# : 21, overflow# : 21, conflict# : 38, node#: 20331
## CPU time: 0:4:3, REAL time: 0:4:7
 iter = 1069/9, route#: 41, violation# : 21, overflow# : 21, conflict# : 36, node#: 20355
## CPU time: 0:4:3, REAL time: 0:4:8
 iter = 1070/10, route#: 37, violation# : 16, overflow# : 16, conflict# : 29, node#: 20331
## CPU time: 0:4:3, REAL time: 0:4:8
 iter = 1071/5, route#: 72, violation# : 44, overflow# : 44, conflict# : 59, node#: 20223
## CPU time: 0:4:4, REAL time: 0:4:8
 iter = 1072/6, route#: 57, violation# : 22, overflow# : 22, conflict# : 37, node#: 20240
## CPU time: 0:4:4, REAL time: 0:4:8
 iter = 1073/7, route#: 41, violation# : 20, overflow# : 20, conflict# : 34, node#: 20277
## CPU time: 0:4:4, REAL time: 0:4:8
 iter = 1074/8, route#: 38, violation# : 19, overflow# : 19, conflict# : 32, node#: 20310
## CPU time: 0:4:4, REAL time: 0:4:8
 iter = 1075/9, route#: 41, violation# : 20, overflow# : 20, conflict# : 34, node#: 20328
## CPU time: 0:4:4, REAL time: 0:4:8
 iter = 1076/10, route#: 42, violation# : 20, overflow# : 20, conflict# : 33, node#: 20320
## CPU time: 0:4:4, REAL time: 0:4:8
 iter = 1077/5, route#: 45, violation# : 24, overflow# : 24, conflict# : 38, node#: 20264
## CPU time: 0:4:4, REAL time: 0:4:9
 iter = 1078/6, route#: 43, violation# : 23, overflow# : 23, conflict# : 34, node#: 20287
## CPU time: 0:4:4, REAL time: 0:4:9
 iter = 1079/7, route#: 42, violation# : 23, overflow# : 23, conflict# : 36, node#: 20251
## CPU time: 0:4:4, REAL time: 0:4:9
 iter = 1080/8, route#: 41, violation# : 17, overflow# : 17, conflict# : 30, node#: 20291
## CPU time: 0:4:5, REAL time: 0:4:9
 iter = 1081/9, route#: 39, violation# : 17, overflow# : 17, conflict# : 29, node#: 20315
## CPU time: 0:4:5, REAL time: 0:4:9
 iter = 1082/10, route#: 36, violation# : 18, overflow# : 18, conflict# : 32, node#: 20307
## CPU time: 0:4:5, REAL time: 0:4:9
 iter = 1083/5, route#: 61, violation# : 38, overflow# : 38, conflict# : 51, node#: 20195
## CPU time: 0:4:5, REAL time: 0:4:9
 iter = 1084/6, route#: 54, violation# : 21, overflow# : 21, conflict# : 36, node#: 20248
## CPU time: 0:4:5, REAL time: 0:4:9
 iter = 1085/7, route#: 49, violation# : 20, overflow# : 20, conflict# : 34, node#: 20258
## CPU time: 0:4:5, REAL time: 0:4:10
 iter = 1086/8, route#: 36, violation# : 16, overflow# : 16, conflict# : 28, node#: 20257
## CPU time: 0:4:5, REAL time: 0:4:10
 iter = 1087/9, route#: 27, violation# : 14, overflow# : 14, conflict# : 24, node#: 20266
## CPU time: 0:4:5, REAL time: 0:4:10
 iter = 1088/10, route#: 27, violation# : 14, overflow# : 14, conflict# : 22, node#: 20270
## CPU time: 0:4:6, REAL time: 0:4:10
 iter = 1089/5, route#: 48, violation# : 32, overflow# : 32, conflict# : 47, node#: 20183
## CPU time: 0:4:6, REAL time: 0:4:10
 iter = 1090/6, route#: 50, violation# : 22, overflow# : 22, conflict# : 34, node#: 20220
## CPU time: 0:4:6, REAL time: 0:4:10
 iter = 1091/7, route#: 46, violation# : 22, overflow# : 22, conflict# : 32, node#: 20258
## CPU time: 0:4:6, REAL time: 0:4:10
 iter = 1092/8, route#: 33, violation# : 19, overflow# : 19, conflict# : 30, node#: 20262
## CPU time: 0:4:6, REAL time: 0:4:10
 iter = 1093/9, route#: 32, violation# : 16, overflow# : 16, conflict# : 25, node#: 20297
## CPU time: 0:4:6, REAL time: 0:4:11
 iter = 1094/10, route#: 29, violation# : 16, overflow# : 16, conflict# : 27, node#: 20318
## CPU time: 0:4:6, REAL time: 0:4:11
 iter = 1095/5, route#: 59, violation# : 46, overflow# : 46, conflict# : 58, node#: 20227
## CPU time: 0:4:7, REAL time: 0:4:11
 iter = 1096/6, route#: 75, violation# : 33, overflow# : 33, conflict# : 50, node#: 20237
## CPU time: 0:4:7, REAL time: 0:4:11
 iter = 1097/7, route#: 47, violation# : 22, overflow# : 22, conflict# : 37, node#: 20265
## CPU time: 0:4:7, REAL time: 0:4:11
 iter = 1098/8, route#: 49, violation# : 24, overflow# : 24, conflict# : 40, node#: 20287
## CPU time: 0:4:7, REAL time: 0:4:12
 iter = 1099/9, route#: 42, violation# : 22, overflow# : 22, conflict# : 39, node#: 20285
## CPU time: 0:4:7, REAL time: 0:4:12
 iter = 1100/10, route#: 41, violation# : 21, overflow# : 21, conflict# : 37, node#: 20308
## CPU time: 0:4:7, REAL time: 0:4:12
 iter = 1101/5, route#: 69, violation# : 40, overflow# : 40, conflict# : 56, node#: 20245
## CPU time: 0:4:8, REAL time: 0:4:12
 iter = 1102/6, route#: 57, violation# : 25, overflow# : 25, conflict# : 41, node#: 20258
## CPU time: 0:4:8, REAL time: 0:4:12
 iter = 1103/7, route#: 49, violation# : 21, overflow# : 21, conflict# : 32, node#: 20316
## CPU time: 0:4:8, REAL time: 0:4:12
 iter = 1104/8, route#: 48, violation# : 19, overflow# : 19, conflict# : 30, node#: 20342
## CPU time: 0:4:8, REAL time: 0:4:13
 iter = 1105/9, route#: 34, violation# : 21, overflow# : 21, conflict# : 31, node#: 20339
## CPU time: 0:4:8, REAL time: 0:4:13
 iter = 1106/10, route#: 39, violation# : 20, overflow# : 20, conflict# : 32, node#: 20336
## CPU time: 0:4:8, REAL time: 0:4:13
 iter = 1107/5, route#: 70, violation# : 46, overflow# : 46, conflict# : 65, node#: 20237
## CPU time: 0:4:9, REAL time: 0:4:13
 iter = 1108/6, route#: 63, violation# : 31, overflow# : 31, conflict# : 51, node#: 20247
## CPU time: 0:4:9, REAL time: 0:4:13
 iter = 1109/7, route#: 59, violation# : 23, overflow# : 23, conflict# : 36, node#: 20283
## CPU time: 0:4:9, REAL time: 0:4:13
 iter = 1110/8, route#: 53, violation# : 23, overflow# : 23, conflict# : 36, node#: 20314
## CPU time: 0:4:9, REAL time: 0:4:14
 iter = 1111/9, route#: 48, violation# : 28, overflow# : 28, conflict# : 41, node#: 20321
## CPU time: 0:4:9, REAL time: 0:4:14
 iter = 1112/10, route#: 44, violation# : 22, overflow# : 22, conflict# : 34, node#: 20320
## CPU time: 0:4:10, REAL time: 0:4:14
 iter = 1113/5, route#: 59, violation# : 42, overflow# : 42, conflict# : 62, node#: 20254
## CPU time: 0:4:10, REAL time: 0:4:14
 iter = 1114/6, route#: 56, violation# : 25, overflow# : 25, conflict# : 42, node#: 20270
## CPU time: 0:4:10, REAL time: 0:4:14
 iter = 1115/7, route#: 46, violation# : 21, overflow# : 21, conflict# : 34, node#: 20272
## CPU time: 0:4:10, REAL time: 0:4:15
 iter = 1116/8, route#: 38, violation# : 24, overflow# : 24, conflict# : 32, node#: 20314
## CPU time: 0:4:10, REAL time: 0:4:15
 iter = 1117/9, route#: 39, violation# : 20, overflow# : 20, conflict# : 32, node#: 20327
## CPU time: 0:4:11, REAL time: 0:4:15
 iter = 1118/10, route#: 43, violation# : 27, overflow# : 27, conflict# : 35, node#: 20313
## CPU time: 0:4:11, REAL time: 0:4:15
 iter = 1119/5, route#: 86, violation# : 47, overflow# : 47, conflict# : 72, node#: 20231
## CPU time: 0:4:11, REAL time: 0:4:16
 iter = 1120/6, route#: 77, violation# : 28, overflow# : 28, conflict# : 47, node#: 20257
## CPU time: 0:4:11, REAL time: 0:4:16
 iter = 1121/7, route#: 52, violation# : 17, overflow# : 17, conflict# : 30, node#: 20285
## CPU time: 0:4:11, REAL time: 0:4:16
 iter = 1122/8, route#: 37, violation# : 18, overflow# : 18, conflict# : 32, node#: 20308
## CPU time: 0:4:12, REAL time: 0:4:16
 iter = 1123/9, route#: 35, violation# : 18, overflow# : 18, conflict# : 31, node#: 20310
## CPU time: 0:4:12, REAL time: 0:4:16
 iter = 1124/10, route#: 34, violation# : 16, overflow# : 16, conflict# : 27, node#: 20306
## CPU time: 0:4:12, REAL time: 0:4:17
 iter = 1125/5, route#: 45, violation# : 28, overflow# : 28, conflict# : 43, node#: 20261
## CPU time: 0:4:12, REAL time: 0:4:17
 iter = 1126/6, route#: 38, violation# : 18, overflow# : 18, conflict# : 31, node#: 20288
## CPU time: 0:4:12, REAL time: 0:4:17
 iter = 1127/7, route#: 40, violation# : 18, overflow# : 18, conflict# : 29, node#: 20308
## CPU time: 0:4:12, REAL time: 0:4:17
 iter = 1128/8, route#: 36, violation# : 15, overflow# : 15, conflict# : 28, node#: 20317
## CPU time: 0:4:13, REAL time: 0:4:17
 iter = 1129/9, route#: 31, violation# : 15, overflow# : 15, conflict# : 29, node#: 20320
## CPU time: 0:4:13, REAL time: 0:4:17
 iter = 1130/10, route#: 35, violation# : 18, overflow# : 18, conflict# : 29, node#: 20322
## CPU time: 0:4:13, REAL time: 0:4:17
 iter = 1131/5, route#: 35, violation# : 21, overflow# : 21, conflict# : 30, node#: 20300
## CPU time: 0:4:13, REAL time: 0:4:17
 iter = 1132/6, route#: 33, violation# : 20, overflow# : 20, conflict# : 33, node#: 20307
## CPU time: 0:4:13, REAL time: 0:4:18
 iter = 1133/7, route#: 31, violation# : 18, overflow# : 18, conflict# : 28, node#: 20309
## CPU time: 0:4:13, REAL time: 0:4:18
 iter = 1134/8, route#: 31, violation# : 17, overflow# : 17, conflict# : 27, node#: 20323
## CPU time: 0:4:13, REAL time: 0:4:18
 iter = 1135/9, route#: 28, violation# : 14, overflow# : 14, conflict# : 24, node#: 20338
## CPU time: 0:4:13, REAL time: 0:4:18
 iter = 1136/10, route#: 31, violation# : 18, overflow# : 18, conflict# : 30, node#: 20340
## CPU time: 0:4:14, REAL time: 0:4:18
 iter = 1137/5, route#: 39, violation# : 22, overflow# : 22, conflict# : 33, node#: 20302
## CPU time: 0:4:14, REAL time: 0:4:18
 iter = 1138/6, route#: 44, violation# : 21, overflow# : 21, conflict# : 35, node#: 20295
## CPU time: 0:4:14, REAL time: 0:4:18
 iter = 1139/7, route#: 37, violation# : 18, overflow# : 18, conflict# : 31, node#: 20301
## CPU time: 0:4:14, REAL time: 0:4:18
 iter = 1140/8, route#: 35, violation# : 17, overflow# : 17, conflict# : 30, node#: 20317
## CPU time: 0:4:14, REAL time: 0:4:19
 iter = 1141/9, route#: 33, violation# : 15, overflow# : 15, conflict# : 28, node#: 20329
## CPU time: 0:4:14, REAL time: 0:4:19
 iter = 1142/10, route#: 30, violation# : 14, overflow# : 14, conflict# : 27, node#: 20354
## CPU time: 0:4:14, REAL time: 0:4:19
 iter = 1143/5, route#: 40, violation# : 22, overflow# : 22, conflict# : 37, node#: 20290
## CPU time: 0:4:14, REAL time: 0:4:19
 iter = 1144/6, route#: 50, violation# : 26, overflow# : 26, conflict# : 39, node#: 20285
## CPU time: 0:4:15, REAL time: 0:4:19
 iter = 1145/7, route#: 42, violation# : 21, overflow# : 21, conflict# : 35, node#: 20317
## CPU time: 0:4:15, REAL time: 0:4:19
 iter = 1146/8, route#: 39, violation# : 19, overflow# : 19, conflict# : 33, node#: 20356
## CPU time: 0:4:15, REAL time: 0:4:19
 iter = 1147/9, route#: 40, violation# : 20, overflow# : 20, conflict# : 36, node#: 20351
## CPU time: 0:4:15, REAL time: 0:4:19
 iter = 1148/10, route#: 36, violation# : 18, overflow# : 18, conflict# : 31, node#: 20338
## CPU time: 0:4:15, REAL time: 0:4:20
 iter = 1149/5, route#: 48, violation# : 30, overflow# : 30, conflict# : 44, node#: 20283
## CPU time: 0:4:15, REAL time: 0:4:20
 iter = 1150/6, route#: 52, violation# : 30, overflow# : 30, conflict# : 47, node#: 20292
## CPU time: 0:4:15, REAL time: 0:4:20
 iter = 1151/7, route#: 55, violation# : 23, overflow# : 23, conflict# : 42, node#: 20314
## CPU time: 0:4:16, REAL time: 0:4:20
 iter = 1152/8, route#: 47, violation# : 20, overflow# : 20, conflict# : 37, node#: 20319
## CPU time: 0:4:16, REAL time: 0:4:20
 iter = 1153/9, route#: 39, violation# : 21, overflow# : 21, conflict# : 37, node#: 20340
## CPU time: 0:4:16, REAL time: 0:4:20
 iter = 1154/10, route#: 47, violation# : 21, overflow# : 21, conflict# : 38, node#: 20361
## CPU time: 0:4:16, REAL time: 0:4:21
 iter = 1155/5, route#: 60, violation# : 35, overflow# : 35, conflict# : 56, node#: 20296
## CPU time: 0:4:16, REAL time: 0:4:21
 iter = 1156/6, route#: 57, violation# : 21, overflow# : 21, conflict# : 35, node#: 20295
## CPU time: 0:4:17, REAL time: 0:4:21
 iter = 1157/7, route#: 41, violation# : 16, overflow# : 16, conflict# : 29, node#: 20324
## CPU time: 0:4:17, REAL time: 0:4:21
 iter = 1158/8, route#: 32, violation# : 17, overflow# : 17, conflict# : 30, node#: 20337
## CPU time: 0:4:17, REAL time: 0:4:21
 iter = 1159/9, route#: 36, violation# : 18, overflow# : 18, conflict# : 30, node#: 20364
## CPU time: 0:4:17, REAL time: 0:4:21
 iter = 1160/10, route#: 29, violation# : 17, overflow# : 17, conflict# : 28, node#: 20356
## CPU time: 0:4:17, REAL time: 0:4:22
 iter = 1161/5, route#: 35, violation# : 25, overflow# : 25, conflict# : 34, node#: 20323
## CPU time: 0:4:17, REAL time: 0:4:22
 iter = 1162/6, route#: 50, violation# : 26, overflow# : 26, conflict# : 41, node#: 20291
## CPU time: 0:4:18, REAL time: 0:4:22
 iter = 1163/7, route#: 39, violation# : 16, overflow# : 16, conflict# : 30, node#: 20310
## CPU time: 0:4:18, REAL time: 0:4:22
 iter = 1164/8, route#: 35, violation# : 16, overflow# : 16, conflict# : 27, node#: 20304
## CPU time: 0:4:18, REAL time: 0:4:22
 iter = 1165/9, route#: 30, violation# : 16, overflow# : 16, conflict# : 27, node#: 20310
## CPU time: 0:4:18, REAL time: 0:4:22
 iter = 1166/10, route#: 25, violation# : 10, overflow# : 10, conflict# : 20, node#: 20311
## CPU time: 0:4:18, REAL time: 0:4:22
 iter = 1167/5, route#: 24, violation# : 15, overflow# : 15, conflict# : 24, node#: 20290
## CPU time: 0:4:18, REAL time: 0:4:23
 iter = 1168/6, route#: 26, violation# : 12, overflow# : 12, conflict# : 23, node#: 20306
## CPU time: 0:4:18, REAL time: 0:4:23
 iter = 1169/7, route#: 32, violation# : 18, overflow# : 18, conflict# : 28, node#: 20303
## CPU time: 0:4:18, REAL time: 0:4:23
 iter = 1170/8, route#: 29, violation# : 15, overflow# : 15, conflict# : 25, node#: 20318
## CPU time: 0:4:18, REAL time: 0:4:23
 iter = 1171/9, route#: 29, violation# : 17, overflow# : 17, conflict# : 26, node#: 20353
## CPU time: 0:4:18, REAL time: 0:4:23
 iter = 1172/10, route#: 35, violation# : 17, overflow# : 17, conflict# : 27, node#: 20360
## CPU time: 0:4:18, REAL time: 0:4:23
 iter = 1173/5, route#: 35, violation# : 26, overflow# : 26, conflict# : 34, node#: 20297
## CPU time: 0:4:18, REAL time: 0:4:23
 iter = 1174/6, route#: 40, violation# : 18, overflow# : 18, conflict# : 30, node#: 20305
## CPU time: 0:4:18, REAL time: 0:4:23
 iter = 1175/7, route#: 34, violation# : 13, overflow# : 13, conflict# : 25, node#: 20327
## CPU time: 0:4:19, REAL time: 0:4:23
 iter = 1176/8, route#: 32, violation# : 13, overflow# : 13, conflict# : 25, node#: 20347
## CPU time: 0:4:19, REAL time: 0:4:23
 iter = 1177/9, route#: 26, violation# : 12, overflow# : 12, conflict# : 22, node#: 20357
## CPU time: 0:4:19, REAL time: 0:4:23
 iter = 1178/10, route#: 31, violation# : 16, overflow# : 16, conflict# : 25, node#: 20361
## CPU time: 0:4:19, REAL time: 0:4:23
 iter = 1179/5, route#: 43, violation# : 24, overflow# : 24, conflict# : 38, node#: 20295
## CPU time: 0:4:19, REAL time: 0:4:24
 iter = 1180/6, route#: 45, violation# : 17, overflow# : 17, conflict# : 32, node#: 20320
## CPU time: 0:4:19, REAL time: 0:4:24
 iter = 1181/7, route#: 35, violation# : 16, overflow# : 16, conflict# : 28, node#: 20326
## CPU time: 0:4:19, REAL time: 0:4:24
 iter = 1182/8, route#: 29, violation# : 13, overflow# : 13, conflict# : 23, node#: 20342
## CPU time: 0:4:19, REAL time: 0:4:24
 iter = 1183/9, route#: 27, violation# : 13, overflow# : 13, conflict# : 24, node#: 20344
## CPU time: 0:4:19, REAL time: 0:4:24
 iter = 1184/10, route#: 24, violation# : 12, overflow# : 12, conflict# : 23, node#: 20350
## CPU time: 0:4:20, REAL time: 0:4:24
 iter = 1185/5, route#: 47, violation# : 24, overflow# : 24, conflict# : 43, node#: 20283
## CPU time: 0:4:20, REAL time: 0:4:25
 iter = 1186/6, route#: 42, violation# : 18, overflow# : 18, conflict# : 31, node#: 20292
## CPU time: 0:4:20, REAL time: 0:4:25
 iter = 1187/7, route#: 32, violation# : 15, overflow# : 15, conflict# : 27, node#: 20304
## CPU time: 0:4:20, REAL time: 0:4:25
 iter = 1188/8, route#: 35, violation# : 15, overflow# : 15, conflict# : 27, node#: 20320
## CPU time: 0:4:20, REAL time: 0:4:25
 iter = 1189/9, route#: 27, violation# : 13, overflow# : 13, conflict# : 25, node#: 20337
## CPU time: 0:4:21, REAL time: 0:4:25
 iter = 1190/10, route#: 27, violation# : 12, overflow# : 12, conflict# : 24, node#: 20324
## CPU time: 0:4:21, REAL time: 0:4:25
 iter = 1191/5, route#: 33, violation# : 18, overflow# : 18, conflict# : 27, node#: 20283
## CPU time: 0:4:21, REAL time: 0:4:25
 iter = 1192/6, route#: 32, violation# : 16, overflow# : 16, conflict# : 25, node#: 20296
## CPU time: 0:4:21, REAL time: 0:4:26
 iter = 1193/7, route#: 38, violation# : 18, overflow# : 18, conflict# : 30, node#: 20305
## CPU time: 0:4:21, REAL time: 0:4:26
 iter = 1194/8, route#: 38, violation# : 15, overflow# : 15, conflict# : 26, node#: 20343
## CPU time: 0:4:21, REAL time: 0:4:26
 iter = 1195/9, route#: 27, violation# : 17, overflow# : 17, conflict# : 27, node#: 20339
## CPU time: 0:4:21, REAL time: 0:4:26
 iter = 1196/10, route#: 33, violation# : 16, overflow# : 16, conflict# : 25, node#: 20352
## CPU time: 0:4:22, REAL time: 0:4:26
 iter = 1197/5, route#: 57, violation# : 43, overflow# : 43, conflict# : 53, node#: 20287
## CPU time: 0:4:22, REAL time: 0:4:27
 iter = 1198/6, route#: 52, violation# : 25, overflow# : 25, conflict# : 38, node#: 20293
## CPU time: 0:4:22, REAL time: 0:4:27
 iter = 1199/7, route#: 47, violation# : 23, overflow# : 23, conflict# : 39, node#: 20293
## CPU time: 0:4:22, REAL time: 0:4:27
 iter = 1200/8, route#: 42, violation# : 21, overflow# : 21, conflict# : 35, node#: 20327
## CPU time: 0:4:23, REAL time: 0:4:27
 iter = 1201/9, route#: 36, violation# : 19, overflow# : 19, conflict# : 32, node#: 20328
## CPU time: 0:4:23, REAL time: 0:4:27
 iter = 1202/10, route#: 33, violation# : 19, overflow# : 19, conflict# : 29, node#: 20323
## CPU time: 0:4:23, REAL time: 0:4:28
 iter = 1203/5, route#: 58, violation# : 35, overflow# : 35, conflict# : 53, node#: 20251
## CPU time: 0:4:23, REAL time: 0:4:28
 iter = 1204/6, route#: 58, violation# : 24, overflow# : 24, conflict# : 40, node#: 20281
## CPU time: 0:4:23, REAL time: 0:4:28
 iter = 1205/7, route#: 43, violation# : 18, overflow# : 18, conflict# : 31, node#: 20310
## CPU time: 0:4:23, REAL time: 0:4:28
 iter = 1206/8, route#: 36, violation# : 17, overflow# : 17, conflict# : 31, node#: 20322
## CPU time: 0:4:24, REAL time: 0:4:28
 iter = 1207/9, route#: 33, violation# : 17, overflow# : 17, conflict# : 31, node#: 20322
## CPU time: 0:4:24, REAL time: 0:4:28
 iter = 1208/10, route#: 36, violation# : 20, overflow# : 20, conflict# : 35, node#: 20333
## CPU time: 0:4:24, REAL time: 0:4:28
 iter = 1209/5, route#: 44, violation# : 26, overflow# : 26, conflict# : 40, node#: 20316
## CPU time: 0:4:24, REAL time: 0:4:29
 iter = 1210/6, route#: 42, violation# : 23, overflow# : 23, conflict# : 38, node#: 20324
## CPU time: 0:4:24, REAL time: 0:4:29
 iter = 1211/7, route#: 42, violation# : 22, overflow# : 22, conflict# : 36, node#: 20327
## CPU time: 0:4:24, REAL time: 0:4:29
 iter = 1212/8, route#: 46, violation# : 21, overflow# : 21, conflict# : 39, node#: 20347
## CPU time: 0:4:24, REAL time: 0:4:29
 iter = 1213/9, route#: 43, violation# : 23, overflow# : 23, conflict# : 38, node#: 20355
## CPU time: 0:4:25, REAL time: 0:4:29
 iter = 1214/10, route#: 40, violation# : 19, overflow# : 19, conflict# : 35, node#: 20366
## CPU time: 0:4:25, REAL time: 0:4:29
 iter = 1215/5, route#: 75, violation# : 41, overflow# : 41, conflict# : 64, node#: 20300
## CPU time: 0:4:25, REAL time: 0:4:30
 iter = 1216/6, route#: 74, violation# : 36, overflow# : 36, conflict# : 58, node#: 20334
## CPU time: 0:4:25, REAL time: 0:4:30
 iter = 1217/7, route#: 62, violation# : 27, overflow# : 27, conflict# : 43, node#: 20348
## CPU time: 0:4:25, REAL time: 0:4:30
 iter = 1218/8, route#: 50, violation# : 21, overflow# : 21, conflict# : 37, node#: 20379
## CPU time: 0:4:25, REAL time: 0:4:30
 iter = 1219/9, route#: 46, violation# : 19, overflow# : 19, conflict# : 34, node#: 20388
## CPU time: 0:4:26, REAL time: 0:4:30
 iter = 1220/10, route#: 35, violation# : 18, overflow# : 18, conflict# : 31, node#: 20396
## CPU time: 0:4:26, REAL time: 0:4:30
 iter = 1221/5, route#: 37, violation# : 18, overflow# : 18, conflict# : 32, node#: 20373
## CPU time: 0:4:26, REAL time: 0:4:30
 iter = 1222/6, route#: 33, violation# : 19, overflow# : 19, conflict# : 32, node#: 20385
## CPU time: 0:4:26, REAL time: 0:4:31
 iter = 1223/7, route#: 30, violation# : 15, overflow# : 15, conflict# : 26, node#: 20381
## CPU time: 0:4:26, REAL time: 0:4:31
 iter = 1224/8, route#: 32, violation# : 19, overflow# : 19, conflict# : 31, node#: 20375
## CPU time: 0:4:26, REAL time: 0:4:31
 iter = 1225/9, route#: 31, violation# : 18, overflow# : 18, conflict# : 30, node#: 20375
## CPU time: 0:4:26, REAL time: 0:4:31
 iter = 1226/10, route#: 33, violation# : 16, overflow# : 16, conflict# : 26, node#: 20399
## CPU time: 0:4:26, REAL time: 0:4:31
 iter = 1227/5, route#: 33, violation# : 22, overflow# : 22, conflict# : 35, node#: 20367
## CPU time: 0:4:26, REAL time: 0:4:31
 iter = 1228/6, route#: 45, violation# : 17, overflow# : 17, conflict# : 27, node#: 20357
## CPU time: 0:4:27, REAL time: 0:4:31
 iter = 1229/7, route#: 34, violation# : 14, overflow# : 14, conflict# : 24, node#: 20366
## CPU time: 0:4:27, REAL time: 0:4:31
 iter = 1230/8, route#: 29, violation# : 14, overflow# : 14, conflict# : 22, node#: 20384
## CPU time: 0:4:27, REAL time: 0:4:32
 iter = 1231/9, route#: 28, violation# : 16, overflow# : 16, conflict# : 26, node#: 20385
## CPU time: 0:4:27, REAL time: 0:4:32
 iter = 1232/10, route#: 28, violation# : 15, overflow# : 15, conflict# : 26, node#: 20381
## CPU time: 0:4:27, REAL time: 0:4:32
 iter = 1233/5, route#: 44, violation# : 27, overflow# : 27, conflict# : 41, node#: 20316
## CPU time: 0:4:27, REAL time: 0:4:32
 iter = 1234/6, route#: 49, violation# : 22, overflow# : 22, conflict# : 37, node#: 20327
## CPU time: 0:4:28, REAL time: 0:4:32
 iter = 1235/7, route#: 37, violation# : 19, overflow# : 19, conflict# : 32, node#: 20326
## CPU time: 0:4:28, REAL time: 0:4:32
 iter = 1236/8, route#: 45, violation# : 23, overflow# : 23, conflict# : 38, node#: 20374
## CPU time: 0:4:28, REAL time: 0:4:33
 iter = 1237/9, route#: 43, violation# : 21, overflow# : 21, conflict# : 34, node#: 20376
## CPU time: 0:4:28, REAL time: 0:4:33
 iter = 1238/10, route#: 40, violation# : 17, overflow# : 17, conflict# : 29, node#: 20395
## CPU time: 0:4:28, REAL time: 0:4:33
 iter = 1239/5, route#: 43, violation# : 30, overflow# : 30, conflict# : 47, node#: 20309
## CPU time: 0:4:28, REAL time: 0:4:33
 iter = 1240/6, route#: 51, violation# : 22, overflow# : 22, conflict# : 38, node#: 20335
## CPU time: 0:4:29, REAL time: 0:4:33
 iter = 1241/7, route#: 46, violation# : 20, overflow# : 20, conflict# : 34, node#: 20345
## CPU time: 0:4:29, REAL time: 0:4:33
 iter = 1242/8, route#: 37, violation# : 18, overflow# : 18, conflict# : 29, node#: 20374
## CPU time: 0:4:29, REAL time: 0:4:34
 iter = 1243/9, route#: 33, violation# : 18, overflow# : 18, conflict# : 31, node#: 20389
## CPU time: 0:4:29, REAL time: 0:4:34
 iter = 1244/10, route#: 33, violation# : 20, overflow# : 20, conflict# : 31, node#: 20380
## CPU time: 0:4:29, REAL time: 0:4:34
 iter = 1245/5, route#: 46, violation# : 25, overflow# : 25, conflict# : 37, node#: 20328
## CPU time: 0:4:29, REAL time: 0:4:34
 iter = 1246/6, route#: 45, violation# : 22, overflow# : 22, conflict# : 36, node#: 20346
## CPU time: 0:4:30, REAL time: 0:4:34
 iter = 1247/7, route#: 34, violation# : 13, overflow# : 13, conflict# : 24, node#: 20341
## CPU time: 0:4:30, REAL time: 0:4:34
 iter = 1248/8, route#: 35, violation# : 16, overflow# : 16, conflict# : 27, node#: 20363
## CPU time: 0:4:30, REAL time: 0:4:34
 iter = 1249/9, route#: 29, violation# : 15, overflow# : 15, conflict# : 26, node#: 20367
## CPU time: 0:4:30, REAL time: 0:4:35
 iter = 1250/10, route#: 28, violation# : 11, overflow# : 11, conflict# : 22, node#: 20377
## CPU time: 0:4:30, REAL time: 0:4:35
 iter = 1251/5, route#: 50, violation# : 28, overflow# : 28, conflict# : 44, node#: 20315
## CPU time: 0:4:30, REAL time: 0:4:35
 iter = 1252/6, route#: 50, violation# : 22, overflow# : 22, conflict# : 35, node#: 20331
## CPU time: 0:4:31, REAL time: 0:4:35
 iter = 1253/7, route#: 31, violation# : 15, overflow# : 15, conflict# : 24, node#: 20364
## CPU time: 0:4:31, REAL time: 0:4:35
 iter = 1254/8, route#: 25, violation# : 12, overflow# : 12, conflict# : 21, node#: 20392
## CPU time: 0:4:31, REAL time: 0:4:36
 iter = 1255/9, route#: 21, violation# : 12, overflow# : 12, conflict# : 20, node#: 20399
## CPU time: 0:4:31, REAL time: 0:4:36
 iter = 1256/10, route#: 23, violation# : 14, overflow# : 14, conflict# : 22, node#: 20419
## CPU time: 0:4:31, REAL time: 0:4:36
 iter = 1257/5, route#: 34, violation# : 23, overflow# : 23, conflict# : 32, node#: 20353
## CPU time: 0:4:31, REAL time: 0:4:36
 iter = 1258/6, route#: 30, violation# : 17, overflow# : 17, conflict# : 26, node#: 20370
## CPU time: 0:4:31, REAL time: 0:4:36
 iter = 1259/7, route#: 32, violation# : 14, overflow# : 14, conflict# : 24, node#: 20372
## CPU time: 0:4:32, REAL time: 0:4:36
 iter = 1260/8, route#: 30, violation# : 14, overflow# : 14, conflict# : 23, node#: 20391
## CPU time: 0:4:32, REAL time: 0:4:36
 iter = 1261/9, route#: 25, violation# : 13, overflow# : 13, conflict# : 23, node#: 20398
## CPU time: 0:4:32, REAL time: 0:4:37
 iter = 1262/10, route#: 28, violation# : 11, overflow# : 11, conflict# : 21, node#: 20426
## CPU time: 0:4:32, REAL time: 0:4:37
 iter = 1263/5, route#: 59, violation# : 40, overflow# : 40, conflict# : 50, node#: 20325
## CPU time: 0:4:32, REAL time: 0:4:37
 iter = 1264/6, route#: 56, violation# : 24, overflow# : 24, conflict# : 38, node#: 20357
## CPU time: 0:4:33, REAL time: 0:4:37
 iter = 1265/7, route#: 45, violation# : 21, overflow# : 21, conflict# : 32, node#: 20369
## CPU time: 0:4:33, REAL time: 0:4:37
 iter = 1266/8, route#: 33, violation# : 13, overflow# : 13, conflict# : 22, node#: 20402
## CPU time: 0:4:33, REAL time: 0:4:38
 iter = 1267/9, route#: 32, violation# : 19, overflow# : 19, conflict# : 29, node#: 20406
## CPU time: 0:4:33, REAL time: 0:4:38
 iter = 1268/10, route#: 31, violation# : 14, overflow# : 14, conflict# : 24, node#: 20438
## CPU time: 0:4:33, REAL time: 0:4:38
 iter = 1269/5, route#: 44, violation# : 27, overflow# : 27, conflict# : 39, node#: 20353
## CPU time: 0:4:33, REAL time: 0:4:38
 iter = 1270/6, route#: 40, violation# : 16, overflow# : 16, conflict# : 28, node#: 20378
## CPU time: 0:4:34, REAL time: 0:4:38
 iter = 1271/7, route#: 33, violation# : 16, overflow# : 16, conflict# : 27, node#: 20383
## CPU time: 0:4:34, REAL time: 0:4:39
 iter = 1272/8, route#: 32, violation# : 13, overflow# : 13, conflict# : 24, node#: 20414
## CPU time: 0:4:34, REAL time: 0:4:39
 iter = 1273/9, route#: 28, violation# : 16, overflow# : 16, conflict# : 25, node#: 20426
## CPU time: 0:4:34, REAL time: 0:4:39
 iter = 1274/10, route#: 31, violation# : 17, overflow# : 17, conflict# : 26, node#: 20436
## CPU time: 0:4:34, REAL time: 0:4:39
 iter = 1275/5, route#: 62, violation# : 39, overflow# : 39, conflict# : 50, node#: 20397
## CPU time: 0:4:35, REAL time: 0:4:39
 iter = 1276/6, route#: 48, violation# : 27, overflow# : 27, conflict# : 40, node#: 20413
## CPU time: 0:4:35, REAL time: 0:4:40
 iter = 1277/7, route#: 45, violation# : 21, overflow# : 21, conflict# : 32, node#: 20436
## CPU time: 0:4:35, REAL time: 0:4:40
 iter = 1278/8, route#: 39, violation# : 17, overflow# : 17, conflict# : 28, node#: 20431
## CPU time: 0:4:35, REAL time: 0:4:40
 iter = 1279/9, route#: 30, violation# : 18, overflow# : 18, conflict# : 28, node#: 20433
## CPU time: 0:4:35, REAL time: 0:4:40
 iter = 1280/10, route#: 41, violation# : 24, overflow# : 24, conflict# : 33, node#: 20460
## CPU time: 0:4:36, REAL time: 0:4:40
 iter = 1281/5, route#: 72, violation# : 56, overflow# : 56, conflict# : 68, node#: 20328
## CPU time: 0:4:36, REAL time: 0:4:41
 iter = 1282/6, route#: 70, violation# : 28, overflow# : 28, conflict# : 44, node#: 20387
## CPU time: 0:4:36, REAL time: 0:4:41
 iter = 1283/7, route#: 42, violation# : 19, overflow# : 19, conflict# : 33, node#: 20390
## CPU time: 0:4:36, REAL time: 0:4:41
 iter = 1284/8, route#: 31, violation# : 18, overflow# : 18, conflict# : 31, node#: 20404
## CPU time: 0:4:36, REAL time: 0:4:41
 iter = 1285/9, route#: 35, violation# : 15, overflow# : 15, conflict# : 28, node#: 20430
## CPU time: 0:4:36, REAL time: 0:4:41
 iter = 1286/10, route#: 39, violation# : 20, overflow# : 20, conflict# : 33, node#: 20454
## CPU time: 0:4:37, REAL time: 0:4:42
 iter = 1287/5, route#: 73, violation# : 43, overflow# : 43, conflict# : 61, node#: 20363
## CPU time: 0:4:37, REAL time: 0:4:42
 iter = 1288/6, route#: 80, violation# : 29, overflow# : 29, conflict# : 50, node#: 20380
## CPU time: 0:4:37, REAL time: 0:4:42
 iter = 1289/7, route#: 48, violation# : 19, overflow# : 19, conflict# : 31, node#: 20383
## CPU time: 0:4:37, REAL time: 0:4:42
 iter = 1290/8, route#: 33, violation# : 18, overflow# : 18, conflict# : 32, node#: 20367
## CPU time: 0:4:38, REAL time: 0:4:43
 iter = 1291/9, route#: 41, violation# : 18, overflow# : 18, conflict# : 32, node#: 20397
## CPU time: 0:4:38, REAL time: 0:4:43
 iter = 1292/10, route#: 36, violation# : 16, overflow# : 16, conflict# : 30, node#: 20407
## CPU time: 0:4:38, REAL time: 0:4:43
 iter = 1293/5, route#: 45, violation# : 26, overflow# : 26, conflict# : 40, node#: 20367
## CPU time: 0:4:38, REAL time: 0:4:43
 iter = 1294/6, route#: 39, violation# : 17, overflow# : 17, conflict# : 30, node#: 20387
## CPU time: 0:4:38, REAL time: 0:4:43
 iter = 1295/7, route#: 32, violation# : 16, overflow# : 16, conflict# : 30, node#: 20391
## CPU time: 0:4:39, REAL time: 0:4:43
 iter = 1296/8, route#: 38, violation# : 16, overflow# : 16, conflict# : 30, node#: 20414
## CPU time: 0:4:39, REAL time: 0:4:44
 iter = 1297/9, route#: 35, violation# : 16, overflow# : 16, conflict# : 29, node#: 20434
## CPU time: 0:4:39, REAL time: 0:4:44
 iter = 1298/10, route#: 30, violation# : 17, overflow# : 17, conflict# : 30, node#: 20421
## CPU time: 0:4:39, REAL time: 0:4:44
 iter = 1299/5, route#: 53, violation# : 36, overflow# : 36, conflict# : 51, node#: 20383
## CPU time: 0:4:39, REAL time: 0:4:44
 iter = 1300/6, route#: 58, violation# : 26, overflow# : 26, conflict# : 48, node#: 20396
## CPU time: 0:4:40, REAL time: 0:4:44
 iter = 1301/7, route#: 50, violation# : 16, overflow# : 16, conflict# : 30, node#: 20417
## CPU time: 0:4:40, REAL time: 0:4:45
 iter = 1302/8, route#: 30, violation# : 11, overflow# : 11, conflict# : 22, node#: 20427
## CPU time: 0:4:40, REAL time: 0:4:45
 iter = 1303/9, route#: 23, violation# : 10, overflow# : 10, conflict# : 19, node#: 20433
## CPU time: 0:4:40, REAL time: 0:4:45
 iter = 1304/10, route#: 19, violation# : 12, overflow# : 12, conflict# : 19, node#: 20436
## CPU time: 0:4:40, REAL time: 0:4:45
 iter = 1305/5, route#: 22, violation# : 15, overflow# : 15, conflict# : 23, node#: 20401
## CPU time: 0:4:40, REAL time: 0:4:45
 iter = 1306/6, route#: 34, violation# : 18, overflow# : 18, conflict# : 30, node#: 20406
## CPU time: 0:4:40, REAL time: 0:4:45
 iter = 1307/7, route#: 32, violation# : 13, overflow# : 13, conflict# : 24, node#: 20442
## CPU time: 0:4:40, REAL time: 0:4:45
 iter = 1308/8, route#: 26, violation# : 13, overflow# : 13, conflict# : 23, node#: 20450
## CPU time: 0:4:41, REAL time: 0:4:45
 iter = 1309/9, route#: 24, violation# : 13, overflow# : 13, conflict# : 22, node#: 20452
## CPU time: 0:4:41, REAL time: 0:4:45
 iter = 1310/10, route#: 29, violation# : 13, overflow# : 13, conflict# : 22, node#: 20452
## CPU time: 0:4:41, REAL time: 0:4:46
 iter = 1311/5, route#: 33, violation# : 20, overflow# : 20, conflict# : 28, node#: 20414
## CPU time: 0:4:41, REAL time: 0:4:46
 iter = 1312/6, route#: 43, violation# : 20, overflow# : 20, conflict# : 33, node#: 20375
## CPU time: 0:4:41, REAL time: 0:4:46
 iter = 1313/7, route#: 30, violation# : 12, overflow# : 12, conflict# : 21, node#: 20385
## CPU time: 0:4:41, REAL time: 0:4:46
 iter = 1314/8, route#: 27, violation# : 13, overflow# : 13, conflict# : 22, node#: 20396
## CPU time: 0:4:41, REAL time: 0:4:46
 iter = 1315/9, route#: 26, violation# : 15, overflow# : 15, conflict# : 24, node#: 20410
## CPU time: 0:4:41, REAL time: 0:4:46
 iter = 1316/10, route#: 27, violation# : 13, overflow# : 13, conflict# : 22, node#: 20419
## CPU time: 0:4:42, REAL time: 0:4:47
 iter = 1317/5, route#: 49, violation# : 24, overflow# : 24, conflict# : 38, node#: 20363
## CPU time: 0:4:42, REAL time: 0:4:47
 iter = 1318/6, route#: 44, violation# : 23, overflow# : 23, conflict# : 36, node#: 20344
## CPU time: 0:4:42, REAL time: 0:4:47
 iter = 1319/7, route#: 38, violation# : 15, overflow# : 15, conflict# : 24, node#: 20381
## CPU time: 0:4:42, REAL time: 0:4:47
 iter = 1320/8, route#: 32, violation# : 14, overflow# : 14, conflict# : 24, node#: 20383
## CPU time: 0:4:42, REAL time: 0:4:47
 iter = 1321/9, route#: 30, violation# : 14, overflow# : 14, conflict# : 23, node#: 20377
## CPU time: 0:4:42, REAL time: 0:4:47
 iter = 1322/10, route#: 26, violation# : 13, overflow# : 13, conflict# : 22, node#: 20393
## CPU time: 0:4:43, REAL time: 0:4:47
 iter = 1323/5, route#: 41, violation# : 22, overflow# : 22, conflict# : 35, node#: 20345
## CPU time: 0:4:43, REAL time: 0:4:47
 iter = 1324/6, route#: 36, violation# : 18, overflow# : 18, conflict# : 30, node#: 20362
## CPU time: 0:4:43, REAL time: 0:4:48
 iter = 1325/7, route#: 38, violation# : 16, overflow# : 16, conflict# : 27, node#: 20381
## CPU time: 0:4:43, REAL time: 0:4:48
 iter = 1326/8, route#: 35, violation# : 17, overflow# : 17, conflict# : 28, node#: 20405
## CPU time: 0:4:43, REAL time: 0:4:48
 iter = 1327/9, route#: 31, violation# : 14, overflow# : 14, conflict# : 23, node#: 20427
## CPU time: 0:4:43, REAL time: 0:4:48
 iter = 1328/10, route#: 22, violation# : 13, overflow# : 13, conflict# : 21, node#: 20424
## CPU time: 0:4:43, REAL time: 0:4:48
 iter = 1329/5, route#: 72, violation# : 39, overflow# : 39, conflict# : 58, node#: 20309
## CPU time: 0:4:44, REAL time: 0:4:49
 iter = 1330/6, route#: 60, violation# : 29, overflow# : 29, conflict# : 46, node#: 20350
## CPU time: 0:4:44, REAL time: 0:4:49
 iter = 1331/7, route#: 52, violation# : 20, overflow# : 20, conflict# : 35, node#: 20394
## CPU time: 0:4:44, REAL time: 0:4:49
 iter = 1332/8, route#: 34, violation# : 15, overflow# : 15, conflict# : 27, node#: 20418
## CPU time: 0:4:44, REAL time: 0:4:49
 iter = 1333/9, route#: 32, violation# : 18, overflow# : 18, conflict# : 29, node#: 20400
## CPU time: 0:4:44, REAL time: 0:4:49
 iter = 1334/10, route#: 31, violation# : 15, overflow# : 15, conflict# : 26, node#: 20411
## CPU time: 0:4:45, REAL time: 0:4:49
 iter = 1335/5, route#: 37, violation# : 26, overflow# : 26, conflict# : 34, node#: 20382
## CPU time: 0:4:45, REAL time: 0:4:50
 iter = 1336/6, route#: 39, violation# : 21, overflow# : 21, conflict# : 30, node#: 20374
## CPU time: 0:4:45, REAL time: 0:4:50
 iter = 1337/7, route#: 32, violation# : 17, overflow# : 17, conflict# : 27, node#: 20385
## CPU time: 0:4:45, REAL time: 0:4:50
 iter = 1338/8, route#: 28, violation# : 13, overflow# : 13, conflict# : 23, node#: 20397
## CPU time: 0:4:45, REAL time: 0:4:50
 iter = 1339/9, route#: 31, violation# : 13, overflow# : 13, conflict# : 21, node#: 20392
## CPU time: 0:4:45, REAL time: 0:4:50
 iter = 1340/10, route#: 20, violation# : 12, overflow# : 12, conflict# : 20, node#: 20394
## CPU time: 0:4:46, REAL time: 0:4:50
 iter = 1341/5, route#: 38, violation# : 25, overflow# : 25, conflict# : 32, node#: 20346
## CPU time: 0:4:46, REAL time: 0:4:51
 iter = 1342/6, route#: 36, violation# : 17, overflow# : 17, conflict# : 26, node#: 20365
## CPU time: 0:4:46, REAL time: 0:4:51
 iter = 1343/7, route#: 31, violation# : 16, overflow# : 16, conflict# : 26, node#: 20370
## CPU time: 0:4:46, REAL time: 0:4:51
 iter = 1344/8, route#: 50, violation# : 22, overflow# : 22, conflict# : 33, node#: 20381
## CPU time: 0:4:46, REAL time: 0:4:51
 iter = 1345/9, route#: 35, violation# : 17, overflow# : 17, conflict# : 28, node#: 20413
## CPU time: 0:4:46, REAL time: 0:4:51
 iter = 1346/10, route#: 37, violation# : 16, overflow# : 16, conflict# : 28, node#: 20450
## CPU time: 0:4:47, REAL time: 0:4:51
 iter = 1347/5, route#: 42, violation# : 22, overflow# : 22, conflict# : 36, node#: 20386
## CPU time: 0:4:47, REAL time: 0:4:52
 iter = 1348/6, route#: 40, violation# : 18, overflow# : 18, conflict# : 31, node#: 20388
## CPU time: 0:4:47, REAL time: 0:4:52
 iter = 1349/7, route#: 48, violation# : 22, overflow# : 22, conflict# : 36, node#: 20401
## CPU time: 0:4:47, REAL time: 0:4:52
 iter = 1350/8, route#: 40, violation# : 18, overflow# : 18, conflict# : 30, node#: 20475
## CPU time: 0:4:47, REAL time: 0:4:52
 iter = 1351/9, route#: 31, violation# : 18, overflow# : 18, conflict# : 28, node#: 20470
## CPU time: 0:4:48, REAL time: 0:4:52
 iter = 1352/10, route#: 27, violation# : 14, overflow# : 14, conflict# : 25, node#: 20477
## CPU time: 0:4:48, REAL time: 0:4:53
 iter = 1353/5, route#: 80, violation# : 55, overflow# : 55, conflict# : 67, node#: 20357
## CPU time: 0:4:48, REAL time: 0:4:53
 iter = 1354/6, route#: 76, violation# : 29, overflow# : 29, conflict# : 48, node#: 20363
## CPU time: 0:4:49, REAL time: 0:4:53
 iter = 1355/7, route#: 57, violation# : 28, overflow# : 28, conflict# : 45, node#: 20423
## CPU time: 0:4:49, REAL time: 0:4:54
 iter = 1356/8, route#: 51, violation# : 22, overflow# : 22, conflict# : 34, node#: 20436
## CPU time: 0:4:49, REAL time: 0:4:54
 iter = 1357/9, route#: 42, violation# : 20, overflow# : 20, conflict# : 36, node#: 20450
## CPU time: 0:4:49, REAL time: 0:4:54
 iter = 1358/10, route#: 34, violation# : 20, overflow# : 20, conflict# : 33, node#: 20445
## CPU time: 0:4:49, REAL time: 0:4:54
 iter = 1359/5, route#: 50, violation# : 30, overflow# : 30, conflict# : 48, node#: 20391
## CPU time: 0:4:50, REAL time: 0:4:54
 iter = 1360/6, route#: 57, violation# : 28, overflow# : 28, conflict# : 46, node#: 20412
## CPU time: 0:4:50, REAL time: 0:4:55
 iter = 1361/7, route#: 42, violation# : 18, overflow# : 18, conflict# : 32, node#: 20444
## CPU time: 0:4:50, REAL time: 0:4:55
 iter = 1362/8, route#: 38, violation# : 18, overflow# : 18, conflict# : 33, node#: 20463
## CPU time: 0:4:50, REAL time: 0:4:55
 iter = 1363/9, route#: 38, violation# : 20, overflow# : 20, conflict# : 35, node#: 20456
## CPU time: 0:4:50, REAL time: 0:4:55
 iter = 1364/10, route#: 40, violation# : 16, overflow# : 16, conflict# : 30, node#: 20497
## CPU time: 0:4:50, REAL time: 0:4:55
 iter = 1365/5, route#: 51, violation# : 34, overflow# : 34, conflict# : 46, node#: 20434
## CPU time: 0:4:51, REAL time: 0:4:55
 iter = 1366/6, route#: 57, violation# : 27, overflow# : 27, conflict# : 46, node#: 20455
## CPU time: 0:4:51, REAL time: 0:4:56
 iter = 1367/7, route#: 46, violation# : 19, overflow# : 19, conflict# : 34, node#: 20485
## CPU time: 0:4:51, REAL time: 0:4:56
 iter = 1368/8, route#: 39, violation# : 20, overflow# : 20, conflict# : 30, node#: 20486
## CPU time: 0:4:51, REAL time: 0:4:56
 iter = 1369/9, route#: 35, violation# : 15, overflow# : 15, conflict# : 27, node#: 20498
## CPU time: 0:4:51, REAL time: 0:4:56
 iter = 1370/10, route#: 29, violation# : 15, overflow# : 15, conflict# : 27, node#: 20485
## CPU time: 0:4:51, REAL time: 0:4:56
 iter = 1371/5, route#: 60, violation# : 35, overflow# : 35, conflict# : 57, node#: 20410
## CPU time: 0:4:51, REAL time: 0:4:56
 iter = 1372/6, route#: 55, violation# : 22, overflow# : 22, conflict# : 42, node#: 20400
## CPU time: 0:4:52, REAL time: 0:4:57
 iter = 1373/7, route#: 43, violation# : 15, overflow# : 15, conflict# : 28, node#: 20436
## CPU time: 0:4:52, REAL time: 0:4:57
 iter = 1374/8, route#: 31, violation# : 14, overflow# : 14, conflict# : 27, node#: 20453
## CPU time: 0:4:52, REAL time: 0:4:57
 iter = 1375/9, route#: 27, violation# : 13, overflow# : 13, conflict# : 25, node#: 20446
## CPU time: 0:4:52, REAL time: 0:4:57
 iter = 1376/10, route#: 26, violation# : 13, overflow# : 13, conflict# : 25, node#: 20447
## CPU time: 0:4:52, REAL time: 0:4:57
 iter = 1377/5, route#: 49, violation# : 34, overflow# : 34, conflict# : 47, node#: 20389
## CPU time: 0:4:52, REAL time: 0:4:57
 iter = 1378/6, route#: 47, violation# : 19, overflow# : 19, conflict# : 34, node#: 20419
## CPU time: 0:4:53, REAL time: 0:4:58
 iter = 1379/7, route#: 40, violation# : 15, overflow# : 15, conflict# : 27, node#: 20431
## CPU time: 0:4:53, REAL time: 0:4:58
 iter = 1380/8, route#: 34, violation# : 17, overflow# : 17, conflict# : 29, node#: 20459
## CPU time: 0:4:53, REAL time: 0:4:58
 iter = 1381/9, route#: 38, violation# : 14, overflow# : 14, conflict# : 26, node#: 20452
## CPU time: 0:4:53, REAL time: 0:4:58
 iter = 1382/10, route#: 27, violation# : 13, overflow# : 13, conflict# : 24, node#: 20471
## CPU time: 0:4:53, REAL time: 0:4:58
 iter = 1383/5, route#: 44, violation# : 31, overflow# : 31, conflict# : 44, node#: 20420
## CPU time: 0:4:54, REAL time: 0:4:58
 iter = 1384/6, route#: 49, violation# : 17, overflow# : 17, conflict# : 30, node#: 20404
## CPU time: 0:4:54, REAL time: 0:4:59
 iter = 1385/7, route#: 36, violation# : 18, overflow# : 18, conflict# : 30, node#: 20411
## CPU time: 0:4:54, REAL time: 0:4:59
 iter = 1386/8, route#: 34, violation# : 12, overflow# : 12, conflict# : 23, node#: 20436
## CPU time: 0:4:54, REAL time: 0:4:59
 iter = 1387/9, route#: 25, violation# : 12, overflow# : 12, conflict# : 23, node#: 20439
## CPU time: 0:4:54, REAL time: 0:4:59
 iter = 1388/10, route#: 26, violation# : 13, overflow# : 13, conflict# : 24, node#: 20442
## CPU time: 0:4:54, REAL time: 0:4:59
 iter = 1389/5, route#: 50, violation# : 34, overflow# : 34, conflict# : 47, node#: 20374
## CPU time: 0:4:55, REAL time: 0:4:59
 iter = 1390/6, route#: 53, violation# : 17, overflow# : 17, conflict# : 30, node#: 20377
## CPU time: 0:4:55, REAL time: 0:5:0
 iter = 1391/7, route#: 36, violation# : 15, overflow# : 15, conflict# : 26, node#: 20391
## CPU time: 0:4:55, REAL time: 0:5:0
 iter = 1392/8, route#: 31, violation# : 20, overflow# : 20, conflict# : 29, node#: 20405
## CPU time: 0:4:55, REAL time: 0:5:0
 iter = 1393/9, route#: 27, violation# : 14, overflow# : 14, conflict# : 25, node#: 20419
## CPU time: 0:4:55, REAL time: 0:5:0
 iter = 1394/10, route#: 40, violation# : 25, overflow# : 25, conflict# : 36, node#: 20451
## CPU time: 0:4:56, REAL time: 0:5:1
 iter = 1395/5, route#: 67, violation# : 47, overflow# : 47, conflict# : 57, node#: 20354
## CPU time: 0:4:56, REAL time: 0:5:1
 iter = 1396/6, route#: 50, violation# : 25, overflow# : 25, conflict# : 38, node#: 20378
## CPU time: 0:4:56, REAL time: 0:5:1
 iter = 1397/7, route#: 50, violation# : 20, overflow# : 20, conflict# : 33, node#: 20408
## CPU time: 0:4:56, REAL time: 0:5:1
 iter = 1398/8, route#: 37, violation# : 18, overflow# : 18, conflict# : 31, node#: 20423
## CPU time: 0:4:56, REAL time: 0:5:1
 iter = 1399/9, route#: 40, violation# : 16, overflow# : 16, conflict# : 30, node#: 20442
## CPU time: 0:4:57, REAL time: 0:5:2
 iter = 1400/10, route#: 37, violation# : 18, overflow# : 18, conflict# : 32, node#: 20449
## CPU time: 0:4:57, REAL time: 0:5:2
 iter = 1401/5, route#: 62, violation# : 43, overflow# : 43, conflict# : 58, node#: 20362
## CPU time: 0:4:57, REAL time: 0:5:2
 iter = 1402/6, route#: 57, violation# : 24, overflow# : 24, conflict# : 41, node#: 20399
## CPU time: 0:4:57, REAL time: 0:5:2
 iter = 1403/7, route#: 48, violation# : 22, overflow# : 22, conflict# : 35, node#: 20429
## CPU time: 0:4:58, REAL time: 0:5:3
 iter = 1404/8, route#: 35, violation# : 20, overflow# : 20, conflict# : 34, node#: 20434
## CPU time: 0:4:58, REAL time: 0:5:3
 iter = 1405/9, route#: 36, violation# : 22, overflow# : 22, conflict# : 34, node#: 20454
## CPU time: 0:4:58, REAL time: 0:5:3
 iter = 1406/10, route#: 49, violation# : 26, overflow# : 26, conflict# : 38, node#: 20480
## CPU time: 0:4:58, REAL time: 0:5:3
 iter = 1407/5, route#: 59, violation# : 31, overflow# : 31, conflict# : 46, node#: 20379
## CPU time: 0:4:58, REAL time: 0:5:3
 iter = 1408/6, route#: 51, violation# : 24, overflow# : 24, conflict# : 40, node#: 20407
## CPU time: 0:4:59, REAL time: 0:5:4
 iter = 1409/7, route#: 47, violation# : 22, overflow# : 22, conflict# : 32, node#: 20409
## CPU time: 0:4:59, REAL time: 0:5:4
 iter = 1410/8, route#: 40, violation# : 21, overflow# : 21, conflict# : 36, node#: 20434
## CPU time: 0:4:59, REAL time: 0:5:4
 iter = 1411/9, route#: 37, violation# : 16, overflow# : 16, conflict# : 28, node#: 20447
## CPU time: 0:4:59, REAL time: 0:5:4
 iter = 1412/10, route#: 33, violation# : 16, overflow# : 16, conflict# : 27, node#: 20462
## CPU time: 0:4:59, REAL time: 0:5:4
 iter = 1413/5, route#: 31, violation# : 19, overflow# : 19, conflict# : 32, node#: 20418
## CPU time: 0:4:59, REAL time: 0:5:4
 iter = 1414/6, route#: 35, violation# : 18, overflow# : 18, conflict# : 32, node#: 20396
## CPU time: 0:5:0, REAL time: 0:5:5
 iter = 1415/7, route#: 34, violation# : 14, overflow# : 14, conflict# : 26, node#: 20420
## CPU time: 0:5:0, REAL time: 0:5:5
 iter = 1416/8, route#: 28, violation# : 15, overflow# : 15, conflict# : 27, node#: 20449
## CPU time: 0:5:0, REAL time: 0:5:5
 iter = 1417/9, route#: 30, violation# : 16, overflow# : 16, conflict# : 27, node#: 20446
## CPU time: 0:5:0, REAL time: 0:5:5
 iter = 1418/10, route#: 32, violation# : 16, overflow# : 16, conflict# : 27, node#: 20465
## CPU time: 0:5:0, REAL time: 0:5:5
 iter = 1419/5, route#: 34, violation# : 21, overflow# : 21, conflict# : 29, node#: 20425
## CPU time: 0:5:1, REAL time: 0:5:6
 iter = 1420/6, route#: 31, violation# : 19, overflow# : 19, conflict# : 25, node#: 20449
## CPU time: 0:5:1, REAL time: 0:5:6
 iter = 1421/7, route#: 31, violation# : 21, overflow# : 21, conflict# : 27, node#: 20468
## CPU time: 0:5:1, REAL time: 0:5:6
 iter = 1422/8, route#: 32, violation# : 22, overflow# : 22, conflict# : 30, node#: 20502
## CPU time: 0:5:1, REAL time: 0:5:6
 iter = 1423/9, route#: 32, violation# : 16, overflow# : 16, conflict# : 29, node#: 20506
## CPU time: 0:5:1, REAL time: 0:5:6
 iter = 1424/10, route#: 31, violation# : 15, overflow# : 15, conflict# : 28, node#: 20504
## CPU time: 0:5:1, REAL time: 0:5:6
 iter = 1425/5, route#: 28, violation# : 22, overflow# : 22, conflict# : 28, node#: 20475
## CPU time: 0:5:2, REAL time: 0:5:7
 iter = 1426/6, route#: 39, violation# : 21, overflow# : 21, conflict# : 35, node#: 20481
## CPU time: 0:5:2, REAL time: 0:5:7
 iter = 1427/7, route#: 42, violation# : 22, overflow# : 22, conflict# : 33, node#: 20505
## CPU time: 0:5:2, REAL time: 0:5:7
 iter = 1428/8, route#: 37, violation# : 22, overflow# : 22, conflict# : 34, node#: 20524
## CPU time: 0:5:2, REAL time: 0:5:7
 iter = 1429/9, route#: 39, violation# : 24, overflow# : 24, conflict# : 35, node#: 20534
## CPU time: 0:5:2, REAL time: 0:5:7
 iter = 1430/10, route#: 41, violation# : 24, overflow# : 24, conflict# : 39, node#: 20548
## CPU time: 0:5:2, REAL time: 0:5:7
 iter = 1431/5, route#: 78, violation# : 50, overflow# : 50, conflict# : 70, node#: 20420
## CPU time: 0:5:3, REAL time: 0:5:8
 iter = 1432/6, route#: 80, violation# : 42, overflow# : 42, conflict# : 63, node#: 20456
## CPU time: 0:5:3, REAL time: 0:5:8
 iter = 1433/7, route#: 60, violation# : 25, overflow# : 25, conflict# : 41, node#: 20454
## CPU time: 0:5:3, REAL time: 0:5:8
 iter = 1434/8, route#: 48, violation# : 22, overflow# : 22, conflict# : 38, node#: 20496
## CPU time: 0:5:3, REAL time: 0:5:8
 iter = 1435/9, route#: 40, violation# : 21, overflow# : 21, conflict# : 38, node#: 20503
## CPU time: 0:5:3, REAL time: 0:5:8
 iter = 1436/10, route#: 41, violation# : 20, overflow# : 20, conflict# : 36, node#: 20494
## CPU time: 0:5:3, REAL time: 0:5:8
 iter = 1437/5, route#: 52, violation# : 29, overflow# : 29, conflict# : 46, node#: 20443
## CPU time: 0:5:3, REAL time: 0:5:9
 iter = 1438/6, route#: 44, violation# : 26, overflow# : 26, conflict# : 43, node#: 20476
## CPU time: 0:5:3, REAL time: 0:5:9
 iter = 1439/7, route#: 48, violation# : 22, overflow# : 22, conflict# : 38, node#: 20478
## CPU time: 0:5:4, REAL time: 0:5:9
 iter = 1440/8, route#: 42, violation# : 22, overflow# : 22, conflict# : 38, node#: 20500
## CPU time: 0:5:4, REAL time: 0:5:9
 iter = 1441/9, route#: 43, violation# : 22, overflow# : 22, conflict# : 37, node#: 20506
## CPU time: 0:5:4, REAL time: 0:5:9
 iter = 1442/10, route#: 43, violation# : 20, overflow# : 20, conflict# : 34, node#: 20499
## CPU time: 0:5:4, REAL time: 0:5:9
 iter = 1443/5, route#: 49, violation# : 25, overflow# : 25, conflict# : 42, node#: 20461
## CPU time: 0:5:4, REAL time: 0:5:9
 iter = 1444/6, route#: 45, violation# : 20, overflow# : 20, conflict# : 35, node#: 20480
## CPU time: 0:5:4, REAL time: 0:5:9
 iter = 1445/7, route#: 33, violation# : 17, overflow# : 17, conflict# : 31, node#: 20493
## CPU time: 0:5:4, REAL time: 0:5:9
 iter = 1446/8, route#: 43, violation# : 22, overflow# : 22, conflict# : 35, node#: 20509
## CPU time: 0:5:4, REAL time: 0:5:9
 iter = 1447/9, route#: 35, violation# : 18, overflow# : 18, conflict# : 31, node#: 20498
## CPU time: 0:5:4, REAL time: 0:5:10
 iter = 1448/10, route#: 34, violation# : 16, overflow# : 16, conflict# : 31, node#: 20505
## CPU time: 0:5:4, REAL time: 0:5:10
 iter = 1449/5, route#: 58, violation# : 31, overflow# : 31, conflict# : 48, node#: 20463
## CPU time: 0:5:5, REAL time: 0:5:10
 iter = 1450/6, route#: 51, violation# : 23, overflow# : 23, conflict# : 36, node#: 20454
## CPU time: 0:5:5, REAL time: 0:5:10
 iter = 1451/7, route#: 39, violation# : 18, overflow# : 18, conflict# : 33, node#: 20473
## CPU time: 0:5:5, REAL time: 0:5:10
 iter = 1452/8, route#: 41, violation# : 20, overflow# : 20, conflict# : 35, node#: 20489
## CPU time: 0:5:5, REAL time: 0:5:10
 iter = 1453/9, route#: 39, violation# : 20, overflow# : 20, conflict# : 32, node#: 20488
## CPU time: 0:5:5, REAL time: 0:5:10
 iter = 1454/10, route#: 34, violation# : 20, overflow# : 20, conflict# : 32, node#: 20511
## CPU time: 0:5:5, REAL time: 0:5:10
 iter = 1455/5, route#: 33, violation# : 18, overflow# : 18, conflict# : 31, node#: 20449
## CPU time: 0:5:5, REAL time: 0:5:10
 iter = 1456/6, route#: 43, violation# : 17, overflow# : 17, conflict# : 31, node#: 20477
## CPU time: 0:5:5, REAL time: 0:5:10
 iter = 1457/7, route#: 33, violation# : 16, overflow# : 16, conflict# : 29, node#: 20492
## CPU time: 0:5:5, REAL time: 0:5:11
 iter = 1458/8, route#: 38, violation# : 15, overflow# : 15, conflict# : 30, node#: 20516
## CPU time: 0:5:5, REAL time: 0:5:11
 iter = 1459/9, route#: 36, violation# : 17, overflow# : 17, conflict# : 31, node#: 20503
## CPU time: 0:5:5, REAL time: 0:5:11
 iter = 1460/10, route#: 29, violation# : 14, overflow# : 14, conflict# : 26, node#: 20516
## CPU time: 0:5:6, REAL time: 0:5:11
 iter = 1461/5, route#: 37, violation# : 27, overflow# : 27, conflict# : 39, node#: 20492
## CPU time: 0:5:6, REAL time: 0:5:11
 iter = 1462/6, route#: 43, violation# : 21, overflow# : 21, conflict# : 32, node#: 20503
## CPU time: 0:5:6, REAL time: 0:5:11
 iter = 1463/7, route#: 45, violation# : 22, overflow# : 22, conflict# : 36, node#: 20516
## CPU time: 0:5:6, REAL time: 0:5:11
 iter = 1464/8, route#: 42, violation# : 17, overflow# : 17, conflict# : 31, node#: 20521
## CPU time: 0:5:6, REAL time: 0:5:11
 iter = 1465/9, route#: 36, violation# : 16, overflow# : 16, conflict# : 30, node#: 20510
## CPU time: 0:5:6, REAL time: 0:5:11
 iter = 1466/10, route#: 34, violation# : 17, overflow# : 17, conflict# : 30, node#: 20515
## CPU time: 0:5:6, REAL time: 0:5:12
 iter = 1467/5, route#: 33, violation# : 20, overflow# : 20, conflict# : 29, node#: 20493
## CPU time: 0:5:6, REAL time: 0:5:12
 iter = 1468/6, route#: 34, violation# : 24, overflow# : 24, conflict# : 33, node#: 20505
## CPU time: 0:5:6, REAL time: 0:5:12
 iter = 1469/7, route#: 31, violation# : 21, overflow# : 21, conflict# : 28, node#: 20503
## CPU time: 0:5:7, REAL time: 0:5:12
 iter = 1470/8, route#: 36, violation# : 19, overflow# : 19, conflict# : 31, node#: 20526
## CPU time: 0:5:7, REAL time: 0:5:12
 iter = 1471/9, route#: 44, violation# : 23, overflow# : 23, conflict# : 35, node#: 20542
## CPU time: 0:5:7, REAL time: 0:5:12
 iter = 1472/10, route#: 37, violation# : 23, overflow# : 23, conflict# : 35, node#: 20523
## CPU time: 0:5:7, REAL time: 0:5:12
 iter = 1473/5, route#: 49, violation# : 27, overflow# : 27, conflict# : 43, node#: 20469
## CPU time: 0:5:7, REAL time: 0:5:12
 iter = 1474/6, route#: 40, violation# : 21, overflow# : 21, conflict# : 34, node#: 20499
## CPU time: 0:5:7, REAL time: 0:5:12
 iter = 1475/7, route#: 40, violation# : 17, overflow# : 17, conflict# : 30, node#: 20518
## CPU time: 0:5:7, REAL time: 0:5:12
 iter = 1476/8, route#: 31, violation# : 15, overflow# : 15, conflict# : 27, node#: 20538
## CPU time: 0:5:7, REAL time: 0:5:12
 iter = 1477/9, route#: 30, violation# : 16, overflow# : 16, conflict# : 28, node#: 20551
## CPU time: 0:5:7, REAL time: 0:5:13
 iter = 1478/10, route#: 32, violation# : 17, overflow# : 17, conflict# : 30, node#: 20541
## CPU time: 0:5:7, REAL time: 0:5:13
 iter = 1479/5, route#: 50, violation# : 27, overflow# : 27, conflict# : 41, node#: 20486
## CPU time: 0:5:7, REAL time: 0:5:13
 iter = 1480/6, route#: 49, violation# : 27, overflow# : 27, conflict# : 43, node#: 20496
## CPU time: 0:5:8, REAL time: 0:5:13
 iter = 1481/7, route#: 56, violation# : 25, overflow# : 25, conflict# : 39, node#: 20524
## CPU time: 0:5:8, REAL time: 0:5:13
 iter = 1482/8, route#: 51, violation# : 25, overflow# : 25, conflict# : 40, node#: 20540
## CPU time: 0:5:8, REAL time: 0:5:13
 iter = 1483/9, route#: 44, violation# : 27, overflow# : 27, conflict# : 39, node#: 20571
## CPU time: 0:5:8, REAL time: 0:5:13
 iter = 1484/10, route#: 43, violation# : 24, overflow# : 24, conflict# : 36, node#: 20573
## CPU time: 0:5:8, REAL time: 0:5:14
 iter = 1485/5, route#: 48, violation# : 33, overflow# : 33, conflict# : 52, node#: 20511
## CPU time: 0:5:8, REAL time: 0:5:14
 iter = 1486/6, route#: 65, violation# : 39, overflow# : 39, conflict# : 51, node#: 20486
## CPU time: 0:5:9, REAL time: 0:5:14
 iter = 1487/7, route#: 60, violation# : 28, overflow# : 28, conflict# : 43, node#: 20494
## CPU time: 0:5:9, REAL time: 0:5:14
 iter = 1488/8, route#: 53, violation# : 26, overflow# : 26, conflict# : 36, node#: 20518
## CPU time: 0:5:9, REAL time: 0:5:14
 iter = 1489/9, route#: 33, violation# : 19, overflow# : 19, conflict# : 28, node#: 20513
## CPU time: 0:5:9, REAL time: 0:5:14
 iter = 1490/10, route#: 37, violation# : 23, overflow# : 23, conflict# : 36, node#: 20525
## CPU time: 0:5:9, REAL time: 0:5:15
 iter = 1491/5, route#: 80, violation# : 50, overflow# : 50, conflict# : 70, node#: 20403
## CPU time: 0:5:10, REAL time: 0:5:15
 iter = 1492/6, route#: 80, violation# : 34, overflow# : 34, conflict# : 48, node#: 20451
## CPU time: 0:5:10, REAL time: 0:5:15
 iter = 1493/7, route#: 53, violation# : 28, overflow# : 28, conflict# : 39, node#: 20491
## CPU time: 0:5:10, REAL time: 0:5:15
 iter = 1494/8, route#: 40, violation# : 25, overflow# : 25, conflict# : 38, node#: 20476
## CPU time: 0:5:10, REAL time: 0:5:16
 iter = 1495/9, route#: 44, violation# : 24, overflow# : 24, conflict# : 36, node#: 20509
## CPU time: 0:5:10, REAL time: 0:5:16
 iter = 1496/10, route#: 40, violation# : 22, overflow# : 22, conflict# : 37, node#: 20499
## CPU time: 0:5:10, REAL time: 0:5:16
 iter = 1497/5, route#: 47, violation# : 25, overflow# : 25, conflict# : 41, node#: 20450
## CPU time: 0:5:10, REAL time: 0:5:16
 iter = 1498/6, route#: 42, violation# : 24, overflow# : 24, conflict# : 39, node#: 20442
## CPU time: 0:5:10, REAL time: 0:5:16
 iter = 1499/7, route#: 46, violation# : 21, overflow# : 21, conflict# : 35, node#: 20495
## CPU time: 0:5:11, REAL time: 0:5:16
 iter = 1500/8, route#: 45, violation# : 18, overflow# : 18, conflict# : 31, node#: 20525
Optimizing...
.
Error: Routing failed, 18 overflows remain unsolved.

Done
Error: [route_design] Failed to route design.

Total 0 fatals, 2 errors, 108 warnings, 20 infos.
