Thu Sep 10 15:19:07 2026
Using pre-ASF file example_board.pre.asf.
Total IO  : 150
Total Pin : 128/17
Top array is built.
Loading architect libraries...

## CPU time: 0:0:0, REAL time: 0:0:0
## Memory Usage: 53MB (53MB)
Loading route table...

## CPU time: 0:0:1, REAL time: 0:0:1
## Memory Usage: 318MB (318MB)
Using design VERILOG file ./simulation/modelsim/example_board.vo.
Using design VE file example_board.vex.
Preparing design...

Info: Rename duplicated module cell alta_rv32 to alta_rv32_duplicated at ./alta_db/flatten.vx:1956.
Info: Removing bbox feeder slice sys_ctrl_clkSource[0] driven by BBOX rv32|sys_ctrl_clkSource[0].
Info: Removing bbox feeder slice sys_ctrl_clkSource[1] driven by BBOX rv32|sys_ctrl_clkSource[1].
## CPU time: 0:0:0, REAL time: 0:0:1
## Memory Usage: 339MB (339MB)
Pseudo pack design...

Using location file example_board.vex
VCO frequency: 300.000 Mhz
  clkout0: Enabled , 150.000 Mhz
  clkout1: Disabled, 0.586 Mhz
  clkout2: Disabled, 0.586 Mhz
  clkout3: Disabled, 0.586 Mhz
  clkout4: Disabled, 0.586 Mhz
Info: Instance gclksw_inst|gclk_switch is identified as a clock switch.
Packing Statistics
 Total      Logics : 1917/2112 ( 90%)
 Total        LUTs : 1905/2112 ( 90%)
 Total   Registers :  922/2112 ( 43%)
 Total  Block Rams :    2/   4 ( 50%)
 Total        PLLs :    1/   1 (100%)
 Total        Pins :   44/ 128 ( 34%)
 Global    Signals :    6/   5 (120%)
                     MCU_SPI_CLK~inputclkctrl_outclk (from:                              MCU_SPI_CLK~input_o)
      auto_generated_inst.hbo_22_f9ff3d300b43c0f2_bp (from:   auto_generated_inst.hbo_22_f9ff3d300b43c0f2_bp)
        macro_inst|core_inst|ad_incr~0clkctrl_outclk (from:           macro_inst|core_inst|ad_incr~0_combout)
             macro_inst|core_inst|osc~clkctrl_outclk (from:                       macro_inst|core_inst|osc~q)
           macro_inst|legacy_spi_cs0~0clkctrl_outclk (from:              macro_inst|legacy_spi_cs0~0_combout)
                           sys_resetn~clkctrl_outclk (from:                               sys_resetn~combout)
 Total Lonely   Datain   : 49
 Total Lonely   Register : 12
 Total LUT-FF   Pairs    : 756
 Total Register Packings : 105
 Registers with synchronous    reset : 0
 Registers with asynchronous   reset : 578
 Registers with sync and async reset : 167
## CPU time: 0:0:0, REAL time: 0:0:0
## Memory Usage: 337MB (339MB)
Filter verilog...

## CPU time: 0:0:0, REAL time: 0:0:0
## Memory Usage: 338MB (339MB)
Reading DB design...

## CPU time: 0:0:0, REAL time: 0:0:1
## Memory Usage: 341MB (341MB)
Processing design...

Info: Found GCLK net macro_inst|core_inst|ad_incr~0clkctrl_outclk (3).
Info: Found GCLK net macro_inst|legacy_spi_cs0~0clkctrl_outclk (8).
Info: Found GCLK net sys_resetn~clkctrl_outclk (102).
Info: Found GCLK net macro_inst|core_inst|osc~clkctrl_outclk (7).
Info: Found GCLK net MCU_SPI_CLK~inputclkctrl_outclk (38).
Info: Found GCLK net auto_generated_inst.hbo_22_f9ff3d300b43c0f2_bp (144).
Info: Fixing net rv32.resetn_out, from rv32|resetn_out to gclksw_inst|gclk_switch__alta_gclksw|resetn.
Info: Fixing net PIN_HSE~input_o, from PIN_HSE~input|combout to gclksw_inst|gclk_switch__alta_gclksw|clkin1.
Info: Fixing net gclksw_inst|gclk_switch__alta_gclksw__clkout, from gclksw_inst|gclk_switch__alta_gclksw|clkout to rv32|sys_clk.
Info: Fixing net auto_generated_inst.hbo_13_1bc039b416d3bc4a_bp, from pll_inst|auto_generated|pll1|lock to rv32|sys_ctrl_pllReady.
Info: Slice ~VCC is removed.
Info: The input of IO PHI is disabled since all input pins are unused.
## CPU time: 0:0:0, REAL time: 0:0:0
## Memory Usage: 342MB (342MB)
Using design SDC file ./example_board.sdc.
Info: The input of IO PHI is disabled since all input pins are unused.
Info: Auto constraint PLL: create_generated_clock -name pll_inst|auto_generated|pll1|clk[0] -divide_by 4 -multiply_by 75 -add -source PLL_CLKIN -master_clock PIN_OSC pll_inst|auto_generated|pll1|clkout0.
Using ASF file example_board.asf.
************ DESIGN ASF ************

Info: The input of IO PHI is disabled since all input pins are unused.
Warn: Logic slice macro_inst|core_inst|cart_a_oe~1 is used as a latch, output net: macro_inst|core_inst|cart_a_oe~1_combout.
Warn: Logic slice macro_inst|core_inst|cart_nRD_out~1 is used as a latch, output net: macro_inst|core_inst|cart_nRD_out~1_combout.
Warn: Logic slice macro_inst|core_inst|cart_ad_oe~1 is used as a latch, output net: macro_inst|core_inst|cart_ad_oe~1_combout.
Warn: Logic slice macro_inst|core_inst|cart_a_oe_shadow is used as a latch, output net: macro_inst|core_inst|cart_cs1_out~1_combout.
Warn: Logic slice macro_inst|core_inst|cart_cs2_out~_emulated is used as a latch, output net: macro_inst|core_inst|cart_nWR_out~1_combout.
Warn: Logic slice macro_inst|core_inst|buf_miso_cs1[0]~5 is used as a latch, output net: macro_inst|core_inst|buf_miso_cs1[0]~5_combout.
Warn: Logic slice macro_inst|core_inst|buf_miso_cs1[1]~1 is used as a latch, output net: macro_inst|core_inst|buf_miso_cs1[1]~1_combout.
Warn: Logic slice macro_inst|core_inst|cart_cs2_out~1 is used as a latch, output net: macro_inst|core_inst|cart_cs2_out~1_combout.
Info: macro_inst|mode_guard|cpld_mode|Q is identified as a clock gate signal.
Warn: Auto constraint INTERNAL: create_clock -name Internal_generated_clock_example_board|ESP32_SPI2_CS_N -period 1000.000 ESP32_SPI2_CS_N.
Warn: Auto constraint INTERNAL: create_clock -name Internal_generated_clock_example_board|ESP32_SPI_CS1 -period 1000.000 ESP32_SPI_CS1.
Warn: Auto constraint INTERNAL: create_generated_clock -name Internal_generated_clock_macro_inst|core_inst|osc|Q -divide_by 2 -add -source PIN_HSE -master_clock PIN_HSE macro_inst|core_inst|osc|Q.
Warn: Auto constraint INTERNAL: create_generated_clock -name Internal_generated_clock_macro_inst|core_inst|osc|Q -divide_by 2 -add -source PIN_HSI -master_clock PIN_HSI macro_inst|core_inst|osc|Q.
Warn: Auto constraint INTERNAL: create_generated_clock -name Internal_generated_clock_macro_inst|core_inst|osc|Q -divide_by 2 -add -source pll_inst|auto_generated|pll1|clkout0 -master_clock pll_inst|auto_generated|pll1|clk[0] macro_inst|core_inst|osc|Q.
Placement Statistics
 Total  Logic    Counts  : 1916/2112 (90.7%)
 Total  Logic    Tiles   : 128/132 (97.0%)
 Total  Other    Tiles   : 2/4 (50.0%)
 Total  Valid    Nets    : 2488 (1425+1063)
 Total  Valid    Fanouts : 11059 (6632+4427)
 Total  Tile     Fanouts : 3248
 Tile   Zip      Fanins  : 20 (2:35)
 Tile   Zip      Fanouts : 31 (0:188)
 Total  Ignored  Nets    : 1622
 Total  Valid    Blocks  : 145 (123/20)
 Total  Ignored  Blocks  : 0
 Total  Zip Complexities : 1059/4208 1.83/1934.78
 Avg    Zip   Bottleneck : 5.82 61.48
 Avg    Net   Bottleneck : 19.83 657.52
Warn: Found CDC clock enable clken_ctrl_X43_Y1_N1|ClkEn, from clock Internal_generated_clock_example_board|ESP32_SPI_CS1 to ESP_SPI_SCK.
Warn: Found CDC clock enable clken_ctrl_X43_Y1_N1|ClkEn, from clock Internal_generated_clock_example_board|ESP32_SPI_CS1 to ESP_SPI_SCK.
Warn: Found CDC clock enable clken_ctrl_X43_Y1_N1|ClkEn, from clock Internal_generated_clock_example_board|ESP32_SPI2_CS_N to ESP_SPI_SCK.
Warn: Found CDC clock enable clken_ctrl_X43_Y1_N1|ClkEn, from clock Internal_generated_clock_example_board|ESP32_SPI2_CS_N to ESP_SPI_SCK.
Warn: Found CDC clock enable clken_ctrl_X43_Y4_N0|ClkEn, from clock Internal_generated_clock_example_board|ESP32_SPI2_CS_N to ESP_SPI_SCK.
Warn: Found CDC clock enable clken_ctrl_X43_Y4_N0|ClkEn, from clock Internal_generated_clock_example_board|ESP32_SPI2_CS_N to ESP_SPI_SCK.
Warn: Found CDC clock enable clken_ctrl_X43_Y4_N0|ClkEn, from clock Internal_generated_clock_example_board|ESP32_SPI_CS1 to ESP_SPI_SCK.
Warn: Found CDC clock enable clken_ctrl_X43_Y4_N0|ClkEn, from clock Internal_generated_clock_example_board|ESP32_SPI_CS1 to ESP_SPI_SCK.
Warn: Found CDC clock enable clken_ctrl_X44_Y3_N1|ClkEn, from clock Internal_generated_clock_example_board|ESP32_SPI_CS1 to Internal_generated_clock_macro_inst|core_inst|osc|Q.
Warn: Found CDC clock enable clken_ctrl_X44_Y3_N1|ClkEn, from clock Internal_generated_clock_example_board|ESP32_SPI_CS1 to Internal_generated_clock_macro_inst|core_inst|osc|Q.
Warn: Found CDC clock enable clken_ctrl_X44_Y3_N1|ClkEn, from clock Internal_generated_clock_example_board|ESP32_SPI2_CS_N to Internal_generated_clock_macro_inst|core_inst|osc|Q.
Warn: Found CDC clock enable clken_ctrl_X44_Y3_N1|ClkEn, from clock Internal_generated_clock_example_board|ESP32_SPI2_CS_N to Internal_generated_clock_macro_inst|core_inst|osc|Q.
Warn: Found CDC clock enable clken_ctrl_X45_Y1_N0|ClkEn, from clock Internal_generated_clock_example_board|ESP32_SPI2_CS_N to ESP_SPI_SCK.
Warn: Found CDC clock enable clken_ctrl_X45_Y1_N0|ClkEn, from clock Internal_generated_clock_example_board|ESP32_SPI2_CS_N to ESP_SPI_SCK.
Warn: Found CDC clock enable clken_ctrl_X45_Y1_N0|ClkEn, from clock PIN_HSI to ESP_SPI_SCK.
Warn: Found CDC clock enable clken_ctrl_X45_Y1_N0|ClkEn, from clock PIN_HSE to ESP_SPI_SCK.
Warn: Found CDC clock enable clken_ctrl_X45_Y1_N0|ClkEn, from clock pll_inst|auto_generated|pll1|clk[0] to ESP_SPI_SCK.
Warn: Found CDC clock enable clken_ctrl_X45_Y2_N0|ClkEn, from clock Internal_generated_clock_example_board|ESP32_SPI2_CS_N to Internal_generated_clock_macro_inst|core_inst|osc|Q.
Warn: Found CDC clock enable clken_ctrl_X45_Y2_N0|ClkEn, from clock Internal_generated_clock_example_board|ESP32_SPI2_CS_N to Internal_generated_clock_macro_inst|core_inst|osc|Q.
Warn: Found CDC clock enable clken_ctrl_X45_Y2_N0|ClkEn, from clock Internal_generated_clock_example_board|ESP32_SPI_CS1 to Internal_generated_clock_macro_inst|core_inst|osc|Q.
Warn: Found CDC clock enable clken_ctrl_X45_Y2_N0|ClkEn, from clock Internal_generated_clock_example_board|ESP32_SPI_CS1 to Internal_generated_clock_macro_inst|core_inst|osc|Q.
Warn: Found CDC clock enable clken_ctrl_X46_Y2_N1|ClkEn, from clock Internal_generated_clock_example_board|ESP32_SPI2_CS_N to Internal_generated_clock_macro_inst|core_inst|osc|Q.
Warn: Found CDC clock enable clken_ctrl_X46_Y2_N1|ClkEn, from clock Internal_generated_clock_example_board|ESP32_SPI2_CS_N to Internal_generated_clock_macro_inst|core_inst|osc|Q.
Warn: Found CDC clock enable clken_ctrl_X46_Y2_N1|ClkEn, from clock Internal_generated_clock_example_board|ESP32_SPI_CS1 to Internal_generated_clock_macro_inst|core_inst|osc|Q.
Warn: Found CDC clock enable clken_ctrl_X46_Y2_N1|ClkEn, from clock Internal_generated_clock_example_board|ESP32_SPI_CS1 to Internal_generated_clock_macro_inst|core_inst|osc|Q.
Warn: Found CDC clock enable clken_ctrl_X46_Y3_N1|ClkEn, from clock Internal_generated_clock_example_board|ESP32_SPI_CS1 to Internal_generated_clock_macro_inst|core_inst|osc|Q.
Warn: Found CDC clock enable clken_ctrl_X46_Y3_N1|ClkEn, from clock Internal_generated_clock_example_board|ESP32_SPI_CS1 to Internal_generated_clock_macro_inst|core_inst|osc|Q.
Warn: Found CDC clock enable clken_ctrl_X46_Y3_N1|ClkEn, from clock Internal_generated_clock_example_board|ESP32_SPI2_CS_N to Internal_generated_clock_macro_inst|core_inst|osc|Q.
Warn: Found CDC clock enable clken_ctrl_X46_Y3_N1|ClkEn, from clock Internal_generated_clock_example_board|ESP32_SPI2_CS_N to Internal_generated_clock_macro_inst|core_inst|osc|Q.
Warn: Found CDC clock enable clken_ctrl_X46_Y4_N1|ClkEn, from clock Internal_generated_clock_example_board|ESP32_SPI_CS1 to Internal_generated_clock_macro_inst|core_inst|osc|Q.
Warn: Found CDC clock enable clken_ctrl_X46_Y4_N1|ClkEn, from clock Internal_generated_clock_example_board|ESP32_SPI_CS1 to Internal_generated_clock_macro_inst|core_inst|osc|Q.
Warn: Found CDC clock enable clken_ctrl_X46_Y4_N1|ClkEn, from clock Internal_generated_clock_example_board|ESP32_SPI2_CS_N to Internal_generated_clock_macro_inst|core_inst|osc|Q.
Warn: Found CDC clock enable clken_ctrl_X46_Y4_N1|ClkEn, from clock Internal_generated_clock_example_board|ESP32_SPI2_CS_N to Internal_generated_clock_macro_inst|core_inst|osc|Q.
Warn: Found CDC clock enable clken_ctrl_X47_Y1_N1|ClkEn, from clock Internal_generated_clock_example_board|ESP32_SPI2_CS_N to ESP_SPI_SCK.
Warn: Found CDC clock enable clken_ctrl_X47_Y1_N1|ClkEn, from clock Internal_generated_clock_example_board|ESP32_SPI2_CS_N to ESP_SPI_SCK.
Warn: Found CDC clock enable clken_ctrl_X47_Y1_N1|ClkEn, from clock PIN_HSI to ESP_SPI_SCK.
Warn: Found CDC clock enable clken_ctrl_X47_Y1_N1|ClkEn, from clock PIN_HSE to ESP_SPI_SCK.
Warn: Found CDC clock enable clken_ctrl_X47_Y1_N1|ClkEn, from clock pll_inst|auto_generated|pll1|clk[0] to ESP_SPI_SCK.
Warn: Found CDC clock enable clken_ctrl_X48_Y1_N1|ClkEn, from clock Internal_generated_clock_example_board|ESP32_SPI2_CS_N to ESP_SPI_SCK.
Warn: Found CDC clock enable clken_ctrl_X48_Y1_N1|ClkEn, from clock Internal_generated_clock_example_board|ESP32_SPI2_CS_N to ESP_SPI_SCK.
Warn: Found CDC clock enable clken_ctrl_X48_Y1_N1|ClkEn, from clock PIN_HSI to ESP_SPI_SCK.
Warn: Found CDC clock enable clken_ctrl_X48_Y1_N1|ClkEn, from clock PIN_HSE to ESP_SPI_SCK.
Warn: Found CDC clock enable clken_ctrl_X48_Y1_N1|ClkEn, from clock pll_inst|auto_generated|pll1|clk[0] to ESP_SPI_SCK.
Warn: Found CDC clock enable clken_ctrl_X48_Y4_N1|ClkEn, from clock PIN_HSI to ESP_SPI_SCK.
Warn: Found CDC clock enable clken_ctrl_X48_Y4_N1|ClkEn, from clock PIN_HSE to ESP_SPI_SCK.
Warn: Found CDC clock enable clken_ctrl_X48_Y4_N1|ClkEn, from clock pll_inst|auto_generated|pll1|clk[0] to ESP_SPI_SCK.
Warn: Found CDC clock enable clken_ctrl_X48_Y4_N1|ClkEn, from clock Internal_generated_clock_example_board|ESP32_SPI2_CS_N to ESP_SPI_SCK.
Warn: Found CDC clock enable clken_ctrl_X48_Y4_N1|ClkEn, from clock Internal_generated_clock_example_board|ESP32_SPI2_CS_N to ESP_SPI_SCK.
Warn: Found CDC clock enable clken_ctrl_X48_Y4_N1|ClkEn, from clock Internal_generated_clock_example_board|ESP32_SPI_CS1 to ESP_SPI_SCK.
Warn: Found CDC clock enable clken_ctrl_X48_Y4_N1|ClkEn, from clock Internal_generated_clock_example_board|ESP32_SPI_CS1 to ESP_SPI_SCK.
Warn: Found CDC clock enable clken_ctrl_X49_Y4_N0|ClkEn, from clock Internal_generated_clock_example_board|ESP32_SPI_CS1 to ESP_SPI_SCK.
Warn: Found CDC clock enable clken_ctrl_X49_Y4_N0|ClkEn, from clock Internal_generated_clock_example_board|ESP32_SPI_CS1 to ESP_SPI_SCK.
Warn: Found CDC clock enable clken_ctrl_X49_Y4_N0|ClkEn, from clock PIN_HSI to ESP_SPI_SCK.
Warn: Found CDC clock enable clken_ctrl_X49_Y4_N0|ClkEn, from clock PIN_HSE to ESP_SPI_SCK.
Warn: Found CDC clock enable clken_ctrl_X49_Y4_N0|ClkEn, from clock pll_inst|auto_generated|pll1|clk[0] to ESP_SPI_SCK.
Warn: Found CDC clock enable clken_ctrl_X49_Y4_N0|ClkEn, from clock Internal_generated_clock_example_board|ESP32_SPI2_CS_N to ESP_SPI_SCK.
Warn: Found CDC clock enable clken_ctrl_X49_Y4_N0|ClkEn, from clock Internal_generated_clock_example_board|ESP32_SPI2_CS_N to ESP_SPI_SCK.
Warn: Found CDC clock enable clken_ctrl_X51_Y3_N1|ClkEn, from clock Internal_generated_clock_example_board|ESP32_SPI_CS1 to ESP_SPI_SCK.
Warn: Found CDC clock enable clken_ctrl_X51_Y3_N1|ClkEn, from clock Internal_generated_clock_example_board|ESP32_SPI_CS1 to ESP_SPI_SCK.
Warn: Found CDC clock enable clken_ctrl_X51_Y3_N1|ClkEn, from clock Internal_generated_clock_example_board|ESP32_SPI2_CS_N to ESP_SPI_SCK.
Warn: Found CDC clock enable clken_ctrl_X51_Y3_N1|ClkEn, from clock Internal_generated_clock_example_board|ESP32_SPI2_CS_N to ESP_SPI_SCK.
Warn: Found CDC clock enable clken_ctrl_X51_Y3_N1|ClkEn, from clock PIN_HSI to ESP_SPI_SCK.
Warn: Found CDC clock enable clken_ctrl_X51_Y3_N1|ClkEn, from clock PIN_HSE to ESP_SPI_SCK.
Warn: Found CDC clock enable clken_ctrl_X51_Y3_N1|ClkEn, from clock pll_inst|auto_generated|pll1|clk[0] to ESP_SPI_SCK.
Warn: Found CDC clock enable clken_ctrl_X52_Y3_N0|ClkEn, from clock Internal_generated_clock_example_board|ESP32_SPI_CS1 to ESP_SPI_SCK.
Warn: Found CDC clock enable clken_ctrl_X52_Y3_N0|ClkEn, from clock Internal_generated_clock_example_board|ESP32_SPI_CS1 to ESP_SPI_SCK.
Warn: Found CDC clock enable clken_ctrl_X52_Y3_N0|ClkEn, from clock Internal_generated_clock_example_board|ESP32_SPI2_CS_N to ESP_SPI_SCK.
Warn: Found CDC clock enable clken_ctrl_X52_Y3_N0|ClkEn, from clock Internal_generated_clock_example_board|ESP32_SPI2_CS_N to ESP_SPI_SCK.
Warn: Found CDC clock enable clken_ctrl_X52_Y3_N0|ClkEn, from clock PIN_HSI to ESP_SPI_SCK.
Warn: Found CDC clock enable clken_ctrl_X52_Y3_N0|ClkEn, from clock PIN_HSE to ESP_SPI_SCK.
Warn: Found CDC clock enable clken_ctrl_X52_Y3_N0|ClkEn, from clock pll_inst|auto_generated|pll1|clk[0] to ESP_SPI_SCK.
Warn: Found CDC clock enable clken_ctrl_X52_Y3_N1|ClkEn, from clock Internal_generated_clock_example_board|ESP32_SPI_CS1 to ESP_SPI_SCK.
Warn: Found CDC clock enable clken_ctrl_X52_Y3_N1|ClkEn, from clock Internal_generated_clock_example_board|ESP32_SPI_CS1 to ESP_SPI_SCK.
Warn: Found CDC clock enable clken_ctrl_X52_Y3_N1|ClkEn, from clock Internal_generated_clock_example_board|ESP32_SPI2_CS_N to ESP_SPI_SCK.
Warn: Found CDC clock enable clken_ctrl_X52_Y3_N1|ClkEn, from clock Internal_generated_clock_example_board|ESP32_SPI2_CS_N to ESP_SPI_SCK.
Warn: Found CDC clock enable clken_ctrl_X52_Y3_N1|ClkEn, from clock PIN_HSI to ESP_SPI_SCK.
Warn: Found CDC clock enable clken_ctrl_X52_Y3_N1|ClkEn, from clock PIN_HSE to ESP_SPI_SCK.
Warn: Found CDC clock enable clken_ctrl_X52_Y3_N1|ClkEn, from clock pll_inst|auto_generated|pll1|clk[0] to ESP_SPI_SCK.
Warn: Found CDC clock enable clken_ctrl_X53_Y1_N0|ClkEn, from clock Internal_generated_clock_example_board|ESP32_SPI2_CS_N to ESP_SPI_SCK.
Warn: Found CDC clock enable clken_ctrl_X53_Y1_N0|ClkEn, from clock Internal_generated_clock_example_board|ESP32_SPI2_CS_N to ESP_SPI_SCK.
Warn: Found CDC clock enable clken_ctrl_X53_Y1_N0|ClkEn, from clock PIN_HSI to ESP_SPI_SCK.
Warn: Found CDC clock enable clken_ctrl_X53_Y1_N0|ClkEn, from clock PIN_HSE to ESP_SPI_SCK.
Warn: Found CDC clock enable clken_ctrl_X53_Y1_N0|ClkEn, from clock pll_inst|auto_generated|pll1|clk[0] to ESP_SPI_SCK.
Warn: Found CDC clock enable clken_ctrl_X53_Y1_N0|ClkEn, from clock Internal_generated_clock_example_board|ESP32_SPI_CS1 to ESP_SPI_SCK.
Warn: Found CDC clock enable clken_ctrl_X53_Y1_N0|ClkEn, from clock Internal_generated_clock_example_board|ESP32_SPI_CS1 to ESP_SPI_SCK.
Warn: Found CDC clock enable clken_ctrl_X53_Y3_N1|ClkEn, from clock Internal_generated_clock_example_board|ESP32_SPI_CS1 to ESP_SPI_SCK.
Warn: Found CDC clock enable clken_ctrl_X53_Y3_N1|ClkEn, from clock Internal_generated_clock_example_board|ESP32_SPI_CS1 to ESP_SPI_SCK.
Warn: Found CDC clock enable clken_ctrl_X53_Y3_N1|ClkEn, from clock Internal_generated_clock_example_board|ESP32_SPI2_CS_N to ESP_SPI_SCK.
Warn: Found CDC clock enable clken_ctrl_X53_Y3_N1|ClkEn, from clock Internal_generated_clock_example_board|ESP32_SPI2_CS_N to ESP_SPI_SCK.
Warn: Found CDC clock enable clken_ctrl_X53_Y3_N1|ClkEn, from clock PIN_HSI to ESP_SPI_SCK.
Warn: Found CDC clock enable clken_ctrl_X53_Y3_N1|ClkEn, from clock PIN_HSE to ESP_SPI_SCK.
Warn: Found CDC clock enable clken_ctrl_X53_Y3_N1|ClkEn, from clock pll_inst|auto_generated|pll1|clk[0] to ESP_SPI_SCK.
Iter #1/1 ...
Pass 1 #1/2 ...
Partitioning...
 step = 3, partition : 2,2
....................
 step = 4, partition : 2,2
....................

## CPU time: 0:0:3, REAL time: 0:0:4
Pass 1 #2/2 ...
Partitioning...
 step = 3, partition : 2,2
....................
 step = 4, partition : 2,2
....................

## CPU time: 0:0:3, REAL time: 0:0:4
Pass 2 #1/1 ...
Legalization and Swapping...
..........

## CPU time: 0:0:2, REAL time: 0:0:2
Pass 3 #1/1 ...
Touchup...


## CPU time: 0:0:0, REAL time: 0:0:0
Pass 4 #1/1 ...
Optimization...
............................................................
Finishing...

## CPU time: 0:0:4, REAL time: 0:0:4
Total wire cost after placement: -1.28933:-0.1934:0.603(-1.28933:-0.1934) 6389.27(909.554)+21265(23)+9279.89 7848.33(3793.96)+3857.25


*** Post Placement Timing Report ***

=== User constraints ===
Fmax report
  User constraint:  40.000MHz, Fmax:  99.641MHz, Clock: ESP_SPI_SCK
  User constraint:   8.000MHz, Fmax: 125.691MHz, Clock: PIN_HSE
  User constraint:  10.000MHz, Fmax: 125.691MHz, Clock: PIN_HSI
  User constraint: 150.000MHz, Fmax: 125.691MHz, Clock: pll_inst|auto_generated|pll1|clk[0]

Clock transfer report:
  Worst setup:   7.482, with clock ESP_SPI_SCK
  Worst setup: 117.044, with clock PIN_HSE
  Worst setup:  92.044, with clock PIN_HSI
  Worst setup:  -1.289, with clock pll_inst|auto_generated|pll1|clk[0]

  Worst  hold:   0.603, with clock ESP_SPI_SCK
  Worst  hold:   0.603, with clock PIN_HSE
  Worst  hold:   0.603, with clock PIN_HSI
  Worst  hold:   0.603, with clock pll_inst|auto_generated|pll1|clk[0]

=== Auto constraints ===
Fmax report
  User constraint:  75.000MHz, Fmax: 123.594MHz, Clock: Internal_generated_clock_macro_inst|core_inst|osc|Q

Clock transfer report:
  Worst setup:   5.242, with clock Internal_generated_clock_macro_inst|core_inst|osc|Q
  Worst setup: 997.864, from clock Internal_generated_clock_example_board|ESP32_SPI2_CS_N to Internal_generated_clock_example_board|ESP32_SPI_CS1
  Worst setup:  14.012, from clock Internal_generated_clock_example_board|ESP32_SPI2_CS_N to Internal_generated_clock_macro_inst|core_inst|osc|Q
  Worst setup:   2.174, from clock Internal_generated_clock_example_board|ESP32_SPI2_CS_N to pll_inst|auto_generated|pll1|clk[0]
  Worst setup:  13.593, from clock Internal_generated_clock_example_board|ESP32_SPI_CS1 to Internal_generated_clock_macro_inst|core_inst|osc|Q
  Worst setup:   2.022, from clock Internal_generated_clock_example_board|ESP32_SPI_CS1 to pll_inst|auto_generated|pll1|clk[0]
  Worst setup:   5.854, from clock Internal_generated_clock_macro_inst|core_inst|osc|Q to pll_inst|auto_generated|pll1|clk[0]

  Worst  hold:   0.615, with clock Internal_generated_clock_macro_inst|core_inst|osc|Q
  Worst  hold:  -2.483, from clock Internal_generated_clock_example_board|ESP32_SPI2_CS_N to Internal_generated_clock_example_board|ESP32_SPI_CS1
  Worst  hold:  -2.669, from clock Internal_generated_clock_example_board|ESP32_SPI2_CS_N to Internal_generated_clock_macro_inst|core_inst|osc|Q
  Worst  hold:   2.558, from clock Internal_generated_clock_example_board|ESP32_SPI2_CS_N to pll_inst|auto_generated|pll1|clk[0]
  Worst  hold:  -2.402, from clock Internal_generated_clock_example_board|ESP32_SPI_CS1 to Internal_generated_clock_macro_inst|core_inst|osc|Q
  Worst  hold:   2.563, from clock Internal_generated_clock_example_board|ESP32_SPI_CS1 to pll_inst|auto_generated|pll1|clk[0]
  Worst  hold:   0.615, from clock Internal_generated_clock_macro_inst|core_inst|osc|Q to pll_inst|auto_generated|pll1|clk[0]

Coverage report
  User constraints covered 7655 connections out of 8540 total, coverage: 89.6%
  Auto constraints covered 8118 connections out of 8540 total, coverage: 95.1%


Hold from ESP32_SPI2_CS_N to macro_inst|core_inst|led_idle_ready, clock Internal_generated_clock_example_board|ESP32_SPI2_CS_N to Internal_generated_clock_macro_inst|core_inst|osc|Q, constraint 0.000, skew 6.084, data 3.187
  Slack:  -2.669
    Arrival Time:    2.964
    Required Time:   5.633

*** End Timing Report ***



route_design -dump ./alta_db/route.tx -replace ./alta_db/replace.tx 

Route Design Statistics
 Total Routing Nets : 2489
 Fanout     Average : 3.45 (1..162)
 Max   Fanout  Net  : macro_inst|mode_guard|cpld_mode~q
 Logic       Slices : 1916/2112 (90.7%)

Routing...
 Budget Useful Skew...
## CPU time: 0:0:0, REAL time: 0:0:0
 iter = 1/1, route#: 2489, violation# : 2003, overflow# : 1694, conflict# : 1375, node#: 16062
## CPU time: 0:0:0, REAL time: 0:0:1
 iter = 2/2, route#: 2489, violation# : 1437, overflow# : 1392, conflict# : 1128, node#: 17002
## CPU time: 0:0:1, REAL time: 0:0:1
 iter = 3/3, route#: 2489, violation# : 819, overflow# : 812, conflict# : 775, node#: 17871
## CPU time: 0:0:1, REAL time: 0:0:1
 iter = 4/4, route#: 2489, violation# : 374, overflow# : 374, conflict# : 457, node#: 18606
## CPU time: 0:0:2, REAL time: 0:0:2
 iter = 5/5, route#: 2489, violation# : 227, overflow# : 227, conflict# : 308, node#: 18924
## CPU time: 0:0:2, REAL time: 0:0:2
 iter = 6/6, route#: 2489, violation# : 177, overflow# : 177, conflict# : 264, node#: 19070
## CPU time: 0:0:2, REAL time: 0:0:3
 iter = 7/7, route#: 2489, violation# : 148, overflow# : 148, conflict# : 218, node#: 19256
## CPU time: 0:0:3, REAL time: 0:0:3
 iter = 8/4, route#: 456, violation# : 258, overflow# : 258, conflict# : 316, node#: 18878
## CPU time: 0:0:3, REAL time: 0:0:3
 iter = 9/5, route#: 398, violation# : 162, overflow# : 162, conflict# : 226, node#: 19080
## CPU time: 0:0:4, REAL time: 0:0:4
 iter = 10/6, route#: 329, violation# : 101, overflow# : 101, conflict# : 158, node#: 19203
## CPU time: 0:0:4, REAL time: 0:0:4
 iter = 11/7, route#: 297, violation# : 90, overflow# : 90, conflict# : 139, node#: 19360
## CPU time: 0:0:4, REAL time: 0:0:4
 iter = 12/8, route#: 283, violation# : 75, overflow# : 75, conflict# : 115, node#: 19464
## CPU time: 0:0:4, REAL time: 0:0:4
 iter = 13/9, route#: 284, violation# : 71, overflow# : 71, conflict# : 107, node#: 19476
## CPU time: 0:0:5, REAL time: 0:0:5
 iter = 14/4, route#: 411, violation# : 249, overflow# : 248, conflict# : 279, node#: 18973
## CPU time: 0:0:5, REAL time: 0:0:5
 iter = 15/5, route#: 371, violation# : 123, overflow# : 123, conflict# : 184, node#: 19236
## CPU time: 0:0:5, REAL time: 0:0:5
 iter = 16/6, route#: 326, violation# : 95, overflow# : 95, conflict# : 144, node#: 19368
## CPU time: 0:0:6, REAL time: 0:0:6
 iter = 17/7, route#: 290, violation# : 69, overflow# : 69, conflict# : 113, node#: 19435
## CPU time: 0:0:6, REAL time: 0:0:6
 iter = 18/8, route#: 259, violation# : 61, overflow# : 61, conflict# : 98, node#: 19530
## CPU time: 0:0:6, REAL time: 0:0:6
 iter = 19/9, route#: 258, violation# : 53, overflow# : 53, conflict# : 91, node#: 19634
## CPU time: 0:0:6, REAL time: 0:0:6
 iter = 20/5, route#: 159, violation# : 107, overflow# : 107, conflict# : 142, node#: 19476
## CPU time: 0:0:6, REAL time: 0:0:7
 iter = 21/6, route#: 144, violation# : 69, overflow# : 69, conflict# : 102, node#: 19563
## CPU time: 0:0:6, REAL time: 0:0:7
 iter = 22/7, route#: 135, violation# : 63, overflow# : 63, conflict# : 98, node#: 19592
## CPU time: 0:0:7, REAL time: 0:0:7
 iter = 23/8, route#: 111, violation# : 45, overflow# : 45, conflict# : 75, node#: 19706
## CPU time: 0:0:7, REAL time: 0:0:7
 iter = 24/9, route#: 83, violation# : 46, overflow# : 46, conflict# : 71, node#: 19732
## CPU time: 0:0:7, REAL time: 0:0:7
 iter = 25/10, route#: 81, violation# : 45, overflow# : 45, conflict# : 72, node#: 19770
## CPU time: 0:0:7, REAL time: 0:0:7
 iter = 26/5, route#: 138, violation# : 92, overflow# : 92, conflict# : 123, node#: 19569
## CPU time: 0:0:7, REAL time: 0:0:7
 iter = 27/6, route#: 122, violation# : 61, overflow# : 61, conflict# : 96, node#: 19648
## CPU time: 0:0:7, REAL time: 0:0:8
 iter = 28/7, route#: 127, violation# : 59, overflow# : 59, conflict# : 93, node#: 19735
## CPU time: 0:0:7, REAL time: 0:0:8
 iter = 29/8, route#: 108, violation# : 49, overflow# : 49, conflict# : 78, node#: 19811
## CPU time: 0:0:8, REAL time: 0:0:8
 iter = 30/9, route#: 99, violation# : 45, overflow# : 45, conflict# : 72, node#: 19788
## CPU time: 0:0:8, REAL time: 0:0:8
 iter = 31/10, route#: 83, violation# : 45, overflow# : 45, conflict# : 69, node#: 19833
## CPU time: 0:0:8, REAL time: 0:0:8
 iter = 32/5, route#: 111, violation# : 84, overflow# : 84, conflict# : 103, node#: 19734
## CPU time: 0:0:8, REAL time: 0:0:8
 iter = 33/6, route#: 142, violation# : 87, overflow# : 87, conflict# : 115, node#: 19703
## CPU time: 0:0:8, REAL time: 0:0:9
 iter = 34/7, route#: 123, violation# : 57, overflow# : 57, conflict# : 84, node#: 19786
## CPU time: 0:0:8, REAL time: 0:0:9
 iter = 35/8, route#: 95, violation# : 36, overflow# : 36, conflict# : 63, node#: 19845
## CPU time: 0:0:8, REAL time: 0:0:9
 iter = 36/9, route#: 73, violation# : 40, overflow# : 40, conflict# : 62, node#: 19835
## CPU time: 0:0:8, REAL time: 0:0:9
 iter = 37/10, route#: 68, violation# : 37, overflow# : 37, conflict# : 55, node#: 19839
## CPU time: 0:0:9, REAL time: 0:0:9
 iter = 38/5, route#: 105, violation# : 65, overflow# : 65, conflict# : 93, node#: 19722
## CPU time: 0:0:9, REAL time: 0:0:9
 iter = 39/6, route#: 113, violation# : 56, overflow# : 56, conflict# : 85, node#: 19770
## CPU time: 0:0:9, REAL time: 0:0:9
 iter = 40/7, route#: 95, violation# : 46, overflow# : 46, conflict# : 68, node#: 19810
## CPU time: 0:0:9, REAL time: 0:0:9
 iter = 41/8, route#: 73, violation# : 39, overflow# : 39, conflict# : 56, node#: 19858
## CPU time: 0:0:9, REAL time: 0:0:9
 iter = 42/9, route#: 74, violation# : 45, overflow# : 45, conflict# : 62, node#: 19914
## CPU time: 0:0:9, REAL time: 0:0:10
 iter = 43/10, route#: 68, violation# : 36, overflow# : 36, conflict# : 53, node#: 19980
## CPU time: 0:0:9, REAL time: 0:0:10
 iter = 44/5, route#: 100, violation# : 61, overflow# : 61, conflict# : 81, node#: 19888
## CPU time: 0:0:10, REAL time: 0:0:10
 iter = 45/6, route#: 92, violation# : 50, overflow# : 50, conflict# : 76, node#: 19891
## CPU time: 0:0:10, REAL time: 0:0:10
 iter = 46/7, route#: 88, violation# : 40, overflow# : 40, conflict# : 61, node#: 19880
## CPU time: 0:0:10, REAL time: 0:0:10
 iter = 47/8, route#: 73, violation# : 33, overflow# : 33, conflict# : 52, node#: 19904
## CPU time: 0:0:10, REAL time: 0:0:10
 iter = 48/9, route#: 58, violation# : 30, overflow# : 30, conflict# : 45, node#: 19935
## CPU time: 0:0:10, REAL time: 0:0:10
 iter = 49/10, route#: 56, violation# : 30, overflow# : 30, conflict# : 48, node#: 19951
## CPU time: 0:0:10, REAL time: 0:0:10
 iter = 50/5, route#: 77, violation# : 58, overflow# : 58, conflict# : 76, node#: 19875
## CPU time: 0:0:10, REAL time: 0:0:10
 iter = 51/6, route#: 108, violation# : 58, overflow# : 58, conflict# : 80, node#: 19858
## CPU time: 0:0:10, REAL time: 0:0:11
 iter = 52/7, route#: 102, violation# : 52, overflow# : 52, conflict# : 75, node#: 19915
## CPU time: 0:0:10, REAL time: 0:0:11
 iter = 53/8, route#: 80, violation# : 39, overflow# : 39, conflict# : 60, node#: 19912
## CPU time: 0:0:10, REAL time: 0:0:11
 iter = 54/9, route#: 69, violation# : 35, overflow# : 35, conflict# : 55, node#: 19950
## CPU time: 0:0:11, REAL time: 0:0:11
 iter = 55/10, route#: 63, violation# : 32, overflow# : 32, conflict# : 52, node#: 19974
## CPU time: 0:0:11, REAL time: 0:0:11
 iter = 56/5, route#: 69, violation# : 48, overflow# : 47, conflict# : 71, node#: 19881
## CPU time: 0:0:11, REAL time: 0:0:11
 iter = 57/6, route#: 86, violation# : 43, overflow# : 43, conflict# : 65, node#: 19888
## CPU time: 0:0:11, REAL time: 0:0:11
 iter = 58/7, route#: 82, violation# : 44, overflow# : 44, conflict# : 68, node#: 19925
## CPU time: 0:0:11, REAL time: 0:0:11
 iter = 59/8, route#: 80, violation# : 39, overflow# : 39, conflict# : 62, node#: 19959
## CPU time: 0:0:11, REAL time: 0:0:11
 iter = 60/9, route#: 82, violation# : 39, overflow# : 39, conflict# : 60, node#: 19981
## CPU time: 0:0:11, REAL time: 0:0:11
 iter = 61/10, route#: 68, violation# : 35, overflow# : 35, conflict# : 56, node#: 20031
## CPU time: 0:0:11, REAL time: 0:0:12
 iter = 62/5, route#: 105, violation# : 72, overflow# : 72, conflict# : 97, node#: 19940
## CPU time: 0:0:11, REAL time: 0:0:12
 iter = 63/6, route#: 111, violation# : 58, overflow# : 58, conflict# : 92, node#: 19884
## CPU time: 0:0:11, REAL time: 0:0:12
 iter = 64/7, route#: 121, violation# : 52, overflow# : 52, conflict# : 80, node#: 19915
## CPU time: 0:0:12, REAL time: 0:0:12
 iter = 65/8, route#: 87, violation# : 35, overflow# : 35, conflict# : 57, node#: 19965
## CPU time: 0:0:12, REAL time: 0:0:12
 iter = 66/9, route#: 90, violation# : 48, overflow# : 48, conflict# : 70, node#: 20017
## CPU time: 0:0:12, REAL time: 0:0:12
 iter = 67/10, route#: 90, violation# : 45, overflow# : 45, conflict# : 71, node#: 20039
## CPU time: 0:0:12, REAL time: 0:0:12
 iter = 68/5, route#: 127, violation# : 95, overflow# : 95, conflict# : 125, node#: 19855
## CPU time: 0:0:12, REAL time: 0:0:12
 iter = 69/6, route#: 148, violation# : 72, overflow# : 72, conflict# : 103, node#: 19953
## CPU time: 0:0:12, REAL time: 0:0:13
 iter = 70/7, route#: 136, violation# : 70, overflow# : 70, conflict# : 101, node#: 20001
## CPU time: 0:0:12, REAL time: 0:0:13
 iter = 71/8, route#: 118, violation# : 52, overflow# : 52, conflict# : 75, node#: 20089
## CPU time: 0:0:12, REAL time: 0:0:13
 iter = 72/9, route#: 88, violation# : 47, overflow# : 47, conflict# : 73, node#: 20097
## CPU time: 0:0:13, REAL time: 0:0:13
 iter = 73/10, route#: 90, violation# : 43, overflow# : 43, conflict# : 63, node#: 20122
## CPU time: 0:0:13, REAL time: 0:0:13
 iter = 74/5, route#: 117, violation# : 78, overflow# : 78, conflict# : 102, node#: 19974
## CPU time: 0:0:13, REAL time: 0:0:13
 iter = 75/6, route#: 151, violation# : 75, overflow# : 75, conflict# : 106, node#: 20032
## CPU time: 0:0:13, REAL time: 0:0:13
 iter = 76/7, route#: 115, violation# : 48, overflow# : 48, conflict# : 74, node#: 20115
## CPU time: 0:0:13, REAL time: 0:0:13
 iter = 77/8, route#: 85, violation# : 44, overflow# : 44, conflict# : 67, node#: 20186
## CPU time: 0:0:13, REAL time: 0:0:13
 iter = 78/9, route#: 87, violation# : 40, overflow# : 40, conflict# : 65, node#: 20182
## CPU time: 0:0:13, REAL time: 0:0:13
 iter = 79/10, route#: 69, violation# : 37, overflow# : 37, conflict# : 58, node#: 20184
## CPU time: 0:0:13, REAL time: 0:0:14
 iter = 80/5, route#: 72, violation# : 52, overflow# : 52, conflict# : 79, node#: 20104
## CPU time: 0:0:13, REAL time: 0:0:14
 iter = 81/6, route#: 105, violation# : 50, overflow# : 50, conflict# : 86, node#: 20067
## CPU time: 0:0:14, REAL time: 0:0:14
 iter = 82/7, route#: 106, violation# : 44, overflow# : 44, conflict# : 67, node#: 20103
## CPU time: 0:0:14, REAL time: 0:0:14
 iter = 83/8, route#: 81, violation# : 36, overflow# : 36, conflict# : 58, node#: 20144
## CPU time: 0:0:14, REAL time: 0:0:14
 iter = 84/9, route#: 67, violation# : 33, overflow# : 33, conflict# : 53, node#: 20131
## CPU time: 0:0:14, REAL time: 0:0:14
 iter = 85/10, route#: 59, violation# : 29, overflow# : 29, conflict# : 46, node#: 20159
## CPU time: 0:0:14, REAL time: 0:0:14
 iter = 86/5, route#: 93, violation# : 51, overflow# : 51, conflict# : 75, node#: 20047
## CPU time: 0:0:14, REAL time: 0:0:14
 iter = 87/6, route#: 100, violation# : 46, overflow# : 46, conflict# : 73, node#: 20063
## CPU time: 0:0:14, REAL time: 0:0:15
 iter = 88/7, route#: 103, violation# : 49, overflow# : 49, conflict# : 74, node#: 20131
## CPU time: 0:0:14, REAL time: 0:0:15
 iter = 89/8, route#: 77, violation# : 29, overflow# : 29, conflict# : 53, node#: 20168
## CPU time: 0:0:14, REAL time: 0:0:15
 iter = 90/9, route#: 69, violation# : 36, overflow# : 36, conflict# : 54, node#: 20174
## CPU time: 0:0:14, REAL time: 0:0:15
 iter = 91/10, route#: 63, violation# : 31, overflow# : 31, conflict# : 49, node#: 20197
## CPU time: 0:0:15, REAL time: 0:0:15
 iter = 92/5, route#: 66, violation# : 51, overflow# : 51, conflict# : 62, node#: 20091
## CPU time: 0:0:15, REAL time: 0:0:15
 iter = 93/6, route#: 84, violation# : 41, overflow# : 41, conflict# : 61, node#: 20089
## CPU time: 0:0:15, REAL time: 0:0:15
 iter = 94/7, route#: 70, violation# : 22, overflow# : 22, conflict# : 38, node#: 20142
## CPU time: 0:0:15, REAL time: 0:0:15
 iter = 95/8, route#: 43, violation# : 20, overflow# : 20, conflict# : 34, node#: 20171
## CPU time: 0:0:15, REAL time: 0:0:15
 iter = 96/9, route#: 35, violation# : 16, overflow# : 16, conflict# : 27, node#: 20168
## CPU time: 0:0:15, REAL time: 0:0:15
 iter = 97/10, route#: 27, violation# : 16, overflow# : 16, conflict# : 24, node#: 20169
## CPU time: 0:0:15, REAL time: 0:0:15
 iter = 98/5, route#: 53, violation# : 30, overflow# : 30, conflict# : 44, node#: 20088
## CPU time: 0:0:15, REAL time: 0:0:15
 iter = 99/6, route#: 66, violation# : 41, overflow# : 41, conflict# : 54, node#: 20093
## CPU time: 0:0:15, REAL time: 0:0:15
 iter = 100/7, route#: 69, violation# : 33, overflow# : 33, conflict# : 50, node#: 20102
## CPU time: 0:0:15, REAL time: 0:0:16
 iter = 101/8, route#: 63, violation# : 26, overflow# : 26, conflict# : 40, node#: 20122
## CPU time: 0:0:15, REAL time: 0:0:16
 iter = 102/9, route#: 50, violation# : 24, overflow# : 24, conflict# : 36, node#: 20151
## CPU time: 0:0:15, REAL time: 0:0:16
 iter = 103/10, route#: 47, violation# : 21, overflow# : 21, conflict# : 34, node#: 20164
## CPU time: 0:0:15, REAL time: 0:0:16
 iter = 104/5, route#: 101, violation# : 55, overflow# : 55, conflict# : 77, node#: 20024
## CPU time: 0:0:16, REAL time: 0:0:16
 iter = 105/6, route#: 77, violation# : 37, overflow# : 37, conflict# : 56, node#: 20038
## CPU time: 0:0:16, REAL time: 0:0:16
 iter = 106/7, route#: 69, violation# : 28, overflow# : 28, conflict# : 50, node#: 20051
## CPU time: 0:0:16, REAL time: 0:0:16
 iter = 107/8, route#: 62, violation# : 27, overflow# : 27, conflict# : 40, node#: 20088
## CPU time: 0:0:16, REAL time: 0:0:16
 iter = 108/9, route#: 48, violation# : 19, overflow# : 19, conflict# : 33, node#: 20103
## CPU time: 0:0:16, REAL time: 0:0:16
 iter = 109/10, route#: 35, violation# : 17, overflow# : 17, conflict# : 31, node#: 20114
## CPU time: 0:0:16, REAL time: 0:0:16
 iter = 110/5, route#: 57, violation# : 36, overflow# : 36, conflict# : 52, node#: 20055
## CPU time: 0:0:16, REAL time: 0:0:16
 iter = 111/6, route#: 63, violation# : 32, overflow# : 32, conflict# : 50, node#: 20041
## CPU time: 0:0:16, REAL time: 0:0:16
 iter = 112/7, route#: 49, violation# : 15, overflow# : 15, conflict# : 25, node#: 20066
## CPU time: 0:0:16, REAL time: 0:0:16
 iter = 113/8, route#: 35, violation# : 18, overflow# : 18, conflict# : 31, node#: 20083
## CPU time: 0:0:16, REAL time: 0:0:17
 iter = 114/9, route#: 29, violation# : 11, overflow# : 11, conflict# : 20, node#: 20107
## CPU time: 0:0:16, REAL time: 0:0:17
 iter = 115/10, route#: 23, violation# : 14, overflow# : 14, conflict# : 22, node#: 20100
## CPU time: 0:0:16, REAL time: 0:0:17
 iter = 116/5, route#: 59, violation# : 41, overflow# : 41, conflict# : 52, node#: 20021
## CPU time: 0:0:16, REAL time: 0:0:17
 iter = 117/6, route#: 58, violation# : 26, overflow# : 26, conflict# : 43, node#: 20049
## CPU time: 0:0:16, REAL time: 0:0:17
 iter = 118/7, route#: 47, violation# : 22, overflow# : 22, conflict# : 36, node#: 20067
## CPU time: 0:0:16, REAL time: 0:0:17
 iter = 119/8, route#: 32, violation# : 16, overflow# : 16, conflict# : 28, node#: 20093
## CPU time: 0:0:17, REAL time: 0:0:17
 iter = 120/9, route#: 37, violation# : 21, overflow# : 21, conflict# : 28, node#: 20092
## CPU time: 0:0:17, REAL time: 0:0:17
 iter = 121/10, route#: 25, violation# : 16, overflow# : 16, conflict# : 23, node#: 20090
## CPU time: 0:0:17, REAL time: 0:0:17
 iter = 122/5, route#: 33, violation# : 20, overflow# : 20, conflict# : 30, node#: 20075
## CPU time: 0:0:17, REAL time: 0:0:17
 iter = 123/6, route#: 32, violation# : 18, overflow# : 18, conflict# : 30, node#: 20090
## CPU time: 0:0:17, REAL time: 0:0:17
 iter = 124/7, route#: 34, violation# : 18, overflow# : 18, conflict# : 28, node#: 20102
## CPU time: 0:0:17, REAL time: 0:0:17
 iter = 125/8, route#: 28, violation# : 16, overflow# : 16, conflict# : 27, node#: 20112
## CPU time: 0:0:17, REAL time: 0:0:17
 iter = 126/9, route#: 32, violation# : 18, overflow# : 18, conflict# : 27, node#: 20114
## CPU time: 0:0:17, REAL time: 0:0:17
 iter = 127/10, route#: 33, violation# : 17, overflow# : 17, conflict# : 26, node#: 20143
## CPU time: 0:0:17, REAL time: 0:0:17
 iter = 128/5, route#: 53, violation# : 39, overflow# : 39, conflict# : 56, node#: 20051
## CPU time: 0:0:17, REAL time: 0:0:17
 iter = 129/6, route#: 61, violation# : 28, overflow# : 28, conflict# : 48, node#: 20051
## CPU time: 0:0:17, REAL time: 0:0:17
 iter = 130/7, route#: 53, violation# : 22, overflow# : 22, conflict# : 36, node#: 20086
## CPU time: 0:0:17, REAL time: 0:0:17
 iter = 131/8, route#: 49, violation# : 24, overflow# : 24, conflict# : 40, node#: 20122
## CPU time: 0:0:17, REAL time: 0:0:17
 iter = 132/9, route#: 50, violation# : 18, overflow# : 18, conflict# : 33, node#: 20127
## CPU time: 0:0:17, REAL time: 0:0:18
 iter = 133/10, route#: 34, violation# : 15, overflow# : 15, conflict# : 29, node#: 20134
## CPU time: 0:0:17, REAL time: 0:0:18
 iter = 134/5, route#: 49, violation# : 32, overflow# : 32, conflict# : 52, node#: 20083
## CPU time: 0:0:17, REAL time: 0:0:18
 iter = 135/6, route#: 48, violation# : 20, overflow# : 20, conflict# : 34, node#: 20105
## CPU time: 0:0:17, REAL time: 0:0:18
 iter = 136/7, route#: 37, violation# : 17, overflow# : 17, conflict# : 28, node#: 20121
## CPU time: 0:0:17, REAL time: 0:0:18
 iter = 137/8, route#: 29, violation# : 16, overflow# : 16, conflict# : 27, node#: 20122
## CPU time: 0:0:17, REAL time: 0:0:18
 iter = 138/9, route#: 29, violation# : 13, overflow# : 13, conflict# : 24, node#: 20130
## CPU time: 0:0:18, REAL time: 0:0:18
 iter = 139/10, route#: 33, violation# : 15, overflow# : 15, conflict# : 28, node#: 20138
## CPU time: 0:0:18, REAL time: 0:0:18
 iter = 140/5, route#: 53, violation# : 39, overflow# : 39, conflict# : 57, node#: 20056
## CPU time: 0:0:18, REAL time: 0:0:18
 iter = 141/6, route#: 68, violation# : 23, overflow# : 23, conflict# : 36, node#: 20074
## CPU time: 0:0:18, REAL time: 0:0:18
 iter = 142/7, route#: 61, violation# : 34, overflow# : 34, conflict# : 50, node#: 20067
## CPU time: 0:0:18, REAL time: 0:0:18
 iter = 143/8, route#: 50, violation# : 17, overflow# : 17, conflict# : 28, node#: 20115
## CPU time: 0:0:18, REAL time: 0:0:18
 iter = 144/9, route#: 29, violation# : 15, overflow# : 15, conflict# : 22, node#: 20128
## CPU time: 0:0:18, REAL time: 0:0:18
 iter = 145/10, route#: 30, violation# : 15, overflow# : 15, conflict# : 23, node#: 20125
## CPU time: 0:0:18, REAL time: 0:0:18
 iter = 146/5, route#: 39, violation# : 22, overflow# : 22, conflict# : 37, node#: 20074
## CPU time: 0:0:18, REAL time: 0:0:18
 iter = 147/6, route#: 36, violation# : 18, overflow# : 18, conflict# : 28, node#: 20068
## CPU time: 0:0:18, REAL time: 0:0:19
 iter = 148/7, route#: 39, violation# : 19, overflow# : 19, conflict# : 29, node#: 20100
## CPU time: 0:0:18, REAL time: 0:0:19
 iter = 149/8, route#: 32, violation# : 17, overflow# : 17, conflict# : 24, node#: 20098
## CPU time: 0:0:18, REAL time: 0:0:19
 iter = 150/9, route#: 34, violation# : 17, overflow# : 17, conflict# : 27, node#: 20124
## CPU time: 0:0:18, REAL time: 0:0:19
 iter = 151/10, route#: 33, violation# : 12, overflow# : 12, conflict# : 20, node#: 20097
## CPU time: 0:0:18, REAL time: 0:0:19
 iter = 152/5, route#: 25, violation# : 16, overflow# : 16, conflict# : 27, node#: 20094
## CPU time: 0:0:18, REAL time: 0:0:19
 iter = 153/6, route#: 33, violation# : 15, overflow# : 15, conflict# : 26, node#: 20109
## CPU time: 0:0:18, REAL time: 0:0:19
 iter = 154/7, route#: 45, violation# : 25, overflow# : 25, conflict# : 35, node#: 20125
## CPU time: 0:0:19, REAL time: 0:0:19
 iter = 155/8, route#: 33, violation# : 12, overflow# : 12, conflict# : 21, node#: 20137
## CPU time: 0:0:19, REAL time: 0:0:19
 iter = 156/9, route#: 19, violation# : 8, overflow# : 8, conflict# : 15, node#: 20164
## CPU time: 0:0:19, REAL time: 0:0:19
 iter = 157/10, route#: 22, violation# : 11, overflow# : 11, conflict# : 18, node#: 20161
## CPU time: 0:0:19, REAL time: 0:0:19
 iter = 158/5, route#: 27, violation# : 17, overflow# : 17, conflict# : 26, node#: 20132
## CPU time: 0:0:19, REAL time: 0:0:19
 iter = 159/6, route#: 46, violation# : 17, overflow# : 17, conflict# : 29, node#: 20130
## CPU time: 0:0:19, REAL time: 0:0:19
 iter = 160/7, route#: 28, violation# : 11, overflow# : 11, conflict# : 19, node#: 20135
## CPU time: 0:0:19, REAL time: 0:0:19
 iter = 161/8, route#: 17, violation# : 8, overflow# : 8, conflict# : 14, node#: 20142
## CPU time: 0:0:19, REAL time: 0:0:19
 iter = 162/9, route#: 15, violation# : 8, overflow# : 8, conflict# : 14, node#: 20140
## CPU time: 0:0:19, REAL time: 0:0:19
 iter = 163/10, route#: 18, violation# : 11, overflow# : 11, conflict# : 17, node#: 20135
## CPU time: 0:0:19, REAL time: 0:0:19
 iter = 164/5, route#: 21, violation# : 14, overflow# : 14, conflict# : 23, node#: 20127
## CPU time: 0:0:19, REAL time: 0:0:19
 iter = 165/6, route#: 35, violation# : 20, overflow# : 20, conflict# : 29, node#: 20115
## CPU time: 0:0:19, REAL time: 0:0:19
 iter = 166/7, route#: 31, violation# : 15, overflow# : 15, conflict# : 22, node#: 20133
## CPU time: 0:0:19, REAL time: 0:0:19
 iter = 167/8, route#: 24, violation# : 16, overflow# : 16, conflict# : 22, node#: 20143
## CPU time: 0:0:19, REAL time: 0:0:19
 iter = 168/9, route#: 21, violation# : 10, overflow# : 10, conflict# : 17, node#: 20138
## CPU time: 0:0:19, REAL time: 0:0:20
 iter = 169/10, route#: 33, violation# : 14, overflow# : 14, conflict# : 23, node#: 20152
## CPU time: 0:0:19, REAL time: 0:0:20
 iter = 170/5, route#: 67, violation# : 39, overflow# : 39, conflict# : 55, node#: 20076
## CPU time: 0:0:19, REAL time: 0:0:20
 iter = 171/6, route#: 49, violation# : 25, overflow# : 25, conflict# : 38, node#: 20109
## CPU time: 0:0:19, REAL time: 0:0:20
 iter = 172/7, route#: 48, violation# : 23, overflow# : 23, conflict# : 38, node#: 20121
## CPU time: 0:0:19, REAL time: 0:0:20
 iter = 173/8, route#: 44, violation# : 20, overflow# : 20, conflict# : 31, node#: 20091
## CPU time: 0:0:19, REAL time: 0:0:20
 iter = 174/9, route#: 30, violation# : 14, overflow# : 14, conflict# : 25, node#: 20131
## CPU time: 0:0:20, REAL time: 0:0:20
 iter = 175/10, route#: 32, violation# : 13, overflow# : 13, conflict# : 22, node#: 20135
## CPU time: 0:0:20, REAL time: 0:0:20
 iter = 176/5, route#: 60, violation# : 40, overflow# : 40, conflict# : 56, node#: 20044
## CPU time: 0:0:20, REAL time: 0:0:20
 iter = 177/6, route#: 67, violation# : 32, overflow# : 32, conflict# : 48, node#: 20040
## CPU time: 0:0:20, REAL time: 0:0:20
 iter = 178/7, route#: 65, violation# : 22, overflow# : 22, conflict# : 35, node#: 20079
## CPU time: 0:0:20, REAL time: 0:0:20
 iter = 179/8, route#: 43, violation# : 20, overflow# : 20, conflict# : 28, node#: 20124
## CPU time: 0:0:20, REAL time: 0:0:20
 iter = 180/9, route#: 39, violation# : 15, overflow# : 15, conflict# : 25, node#: 20123
## CPU time: 0:0:20, REAL time: 0:0:20
 iter = 181/10, route#: 30, violation# : 14, overflow# : 14, conflict# : 23, node#: 20134
## CPU time: 0:0:20, REAL time: 0:0:20
 iter = 182/5, route#: 34, violation# : 19, overflow# : 19, conflict# : 29, node#: 20108
## CPU time: 0:0:20, REAL time: 0:0:20
 iter = 183/6, route#: 35, violation# : 13, overflow# : 13, conflict# : 22, node#: 20116
## CPU time: 0:0:20, REAL time: 0:0:20
 iter = 184/7, route#: 26, violation# : 13, overflow# : 13, conflict# : 21, node#: 20133
## CPU time: 0:0:20, REAL time: 0:0:20
 iter = 185/8, route#: 29, violation# : 12, overflow# : 12, conflict# : 19, node#: 20135
## CPU time: 0:0:20, REAL time: 0:0:20
 iter = 186/9, route#: 21, violation# : 10, overflow# : 10, conflict# : 17, node#: 20139
## CPU time: 0:0:20, REAL time: 0:0:20
 iter = 187/10, route#: 23, violation# : 10, overflow# : 10, conflict# : 18, node#: 20149
## CPU time: 0:0:20, REAL time: 0:0:20
 iter = 188/5, route#: 30, violation# : 21, overflow# : 21, conflict# : 25, node#: 20111
## CPU time: 0:0:20, REAL time: 0:0:21
 iter = 189/6, route#: 36, violation# : 21, overflow# : 21, conflict# : 29, node#: 20128
## CPU time: 0:0:20, REAL time: 0:0:21
 iter = 190/7, route#: 32, violation# : 15, overflow# : 15, conflict# : 23, node#: 20131
## CPU time: 0:0:20, REAL time: 0:0:21
 iter = 191/8, route#: 32, violation# : 13, overflow# : 13, conflict# : 22, node#: 20151
## CPU time: 0:0:20, REAL time: 0:0:21
 iter = 192/9, route#: 23, violation# : 11, overflow# : 11, conflict# : 18, node#: 20145
## CPU time: 0:0:20, REAL time: 0:0:21
 iter = 193/10, route#: 19, violation# : 10, overflow# : 10, conflict# : 17, node#: 20162
## CPU time: 0:0:20, REAL time: 0:0:21
 iter = 194/5, route#: 17, violation# : 15, overflow# : 15, conflict# : 24, node#: 20144
## CPU time: 0:0:20, REAL time: 0:0:21
 iter = 195/6, route#: 36, violation# : 14, overflow# : 14, conflict# : 23, node#: 20142
## CPU time: 0:0:20, REAL time: 0:0:21
 iter = 196/7, route#: 28, violation# : 12, overflow# : 12, conflict# : 19, node#: 20154
## CPU time: 0:0:20, REAL time: 0:0:21
 iter = 197/8, route#: 20, violation# : 10, overflow# : 10, conflict# : 18, node#: 20154
## CPU time: 0:0:20, REAL time: 0:0:21
 iter = 198/9, route#: 21, violation# : 9, overflow# : 9, conflict# : 18, node#: 20180
## CPU time: 0:0:20, REAL time: 0:0:21
 iter = 199/10, route#: 20, violation# : 13, overflow# : 13, conflict# : 20, node#: 20160
## CPU time: 0:0:20, REAL time: 0:0:21
 iter = 200/5, route#: 20, violation# : 16, overflow# : 16, conflict# : 24, node#: 20155
## CPU time: 0:0:21, REAL time: 0:0:21
 iter = 201/6, route#: 36, violation# : 18, overflow# : 18, conflict# : 25, node#: 20143
## CPU time: 0:0:21, REAL time: 0:0:21
 iter = 202/7, route#: 29, violation# : 15, overflow# : 15, conflict# : 24, node#: 20152
## CPU time: 0:0:21, REAL time: 0:0:21
 iter = 203/8, route#: 23, violation# : 12, overflow# : 12, conflict# : 19, node#: 20174
## CPU time: 0:0:21, REAL time: 0:0:21
 iter = 204/9, route#: 22, violation# : 10, overflow# : 10, conflict# : 18, node#: 20178
## CPU time: 0:0:21, REAL time: 0:0:21
 iter = 205/10, route#: 19, violation# : 8, overflow# : 8, conflict# : 12, node#: 20181
## CPU time: 0:0:21, REAL time: 0:0:21
 iter = 206/5, route#: 14, violation# : 11, overflow# : 11, conflict# : 18, node#: 20148
## CPU time: 0:0:21, REAL time: 0:0:21
 iter = 207/6, route#: 21, violation# : 10, overflow# : 10, conflict# : 17, node#: 20153
## CPU time: 0:0:21, REAL time: 0:0:21
 iter = 208/7, route#: 20, violation# : 8, overflow# : 8, conflict# : 13, node#: 20158
## CPU time: 0:0:21, REAL time: 0:0:21
 iter = 209/8, route#: 17, violation# : 9, overflow# : 9, conflict# : 14, node#: 20166
## CPU time: 0:0:21, REAL time: 0:0:21
 iter = 210/9, route#: 14, violation# : 7, overflow# : 7, conflict# : 13, node#: 20193
## CPU time: 0:0:21, REAL time: 0:0:21
 iter = 211/10, route#: 13, violation# : 8, overflow# : 8, conflict# : 11, node#: 20186
## CPU time: 0:0:21, REAL time: 0:0:21
 iter = 212/5, route#: 23, violation# : 23, overflow# : 23, conflict# : 28, node#: 20141
## CPU time: 0:0:21, REAL time: 0:0:21
 iter = 213/6, route#: 34, violation# : 18, overflow# : 18, conflict# : 23, node#: 20146
## CPU time: 0:0:21, REAL time: 0:0:21
 iter = 214/7, route#: 33, violation# : 10, overflow# : 10, conflict# : 16, node#: 20145
## CPU time: 0:0:21, REAL time: 0:0:21
 iter = 215/8, route#: 14, violation# : 4, overflow# : 4, conflict# : 8, node#: 20169
## CPU time: 0:0:21, REAL time: 0:0:21
 iter = 216/9, route#: 13, violation# : 5, overflow# : 5, conflict# : 9, node#: 20174
## CPU time: 0:0:21, REAL time: 0:0:21
 iter = 217/10, route#: 8, violation# : 3, overflow# : 3, conflict# : 6, node#: 20177
## CPU time: 0:0:21, REAL time: 0:0:21
 iter = 218/5, route#: 15, violation# : 11, overflow# : 11, conflict# : 16, node#: 20162
## CPU time: 0:0:21, REAL time: 0:0:21
 iter = 219/6, route#: 12, violation# : 9, overflow# : 9, conflict# : 14, node#: 20178
## CPU time: 0:0:21, REAL time: 0:0:21
 iter = 220/7, route#: 15, violation# : 6, overflow# : 6, conflict# : 10, node#: 20183
## CPU time: 0:0:21, REAL time: 0:0:22
 iter = 221/8, route#: 12, violation# : 5, overflow# : 5, conflict# : 8, node#: 20191
## CPU time: 0:0:21, REAL time: 0:0:22
 iter = 222/9, route#: 8, violation# : 5, overflow# : 5, conflict# : 8, node#: 20192
## CPU time: 0:0:21, REAL time: 0:0:22
 iter = 223/10, route#: 16, violation# : 4, overflow# : 4, conflict# : 8, node#: 20208
## CPU time: 0:0:21, REAL time: 0:0:22
 iter = 224/5, route#: 8, violation# : 5, overflow# : 5, conflict# : 8, node#: 20190
## CPU time: 0:0:21, REAL time: 0:0:22
 iter = 225/6, route#: 9, violation# : 4, overflow# : 4, conflict# : 8, node#: 20186
## CPU time: 0:0:21, REAL time: 0:0:22
 iter = 226/7, route#: 8, violation# : 4, overflow# : 4, conflict# : 8, node#: 20191
## CPU time: 0:0:21, REAL time: 0:0:22
 iter = 227/8, route#: 7, violation# : 5, overflow# : 5, conflict# : 7, node#: 20186
## CPU time: 0:0:21, REAL time: 0:0:22
 iter = 228/9, route#: 9, violation# : 5, overflow# : 5, conflict# : 9, node#: 20188
## CPU time: 0:0:21, REAL time: 0:0:22
 iter = 229/10, route#: 9, violation# : 4, overflow# : 4, conflict# : 8, node#: 20187
## CPU time: 0:0:21, REAL time: 0:0:22
 iter = 230/5, route#: 11, violation# : 8, overflow# : 8, conflict# : 14, node#: 20177
## CPU time: 0:0:21, REAL time: 0:0:22
 iter = 231/6, route#: 19, violation# : 10, overflow# : 10, conflict# : 16, node#: 20153
## CPU time: 0:0:21, REAL time: 0:0:22
 iter = 232/7, route#: 18, violation# : 7, overflow# : 7, conflict# : 13, node#: 20174
## CPU time: 0:0:21, REAL time: 0:0:22
 iter = 233/8, route#: 13, violation# : 6, overflow# : 6, conflict# : 11, node#: 20172
## CPU time: 0:0:21, REAL time: 0:0:22
 iter = 234/9, route#: 12, violation# : 6, overflow# : 6, conflict# : 10, node#: 20165
## CPU time: 0:0:21, REAL time: 0:0:22
 iter = 235/10, route#: 10, violation# : 6, overflow# : 6, conflict# : 10, node#: 20183
## CPU time: 0:0:22, REAL time: 0:0:22
 iter = 236/5, route#: 11, violation# : 7, overflow# : 7, conflict# : 11, node#: 20156
## CPU time: 0:0:22, REAL time: 0:0:22
 iter = 237/6, route#: 10, violation# : 5, overflow# : 5, conflict# : 8, node#: 20154
## CPU time: 0:0:22, REAL time: 0:0:22
 iter = 238/7, route#: 10, violation# : 5, overflow# : 5, conflict# : 10, node#: 20158
## CPU time: 0:0:22, REAL time: 0:0:22
 iter = 239/8, route#: 12, violation# : 6, overflow# : 6, conflict# : 11, node#: 20169
## CPU time: 0:0:22, REAL time: 0:0:22
 iter = 240/9, route#: 11, violation# : 5, overflow# : 5, conflict# : 9, node#: 20179
## CPU time: 0:0:22, REAL time: 0:0:22
 iter = 241/10, route#: 10, violation# : 5, overflow# : 5, conflict# : 9, node#: 20183
## CPU time: 0:0:22, REAL time: 0:0:22
 iter = 242/5, route#: 14, violation# : 10, overflow# : 10, conflict# : 17, node#: 20166
## CPU time: 0:0:22, REAL time: 0:0:22
 iter = 243/6, route#: 17, violation# : 11, overflow# : 11, conflict# : 16, node#: 20176
## CPU time: 0:0:22, REAL time: 0:0:22
 iter = 244/7, route#: 25, violation# : 10, overflow# : 10, conflict# : 18, node#: 20202
## CPU time: 0:0:22, REAL time: 0:0:22
 iter = 245/8, route#: 22, violation# : 10, overflow# : 10, conflict# : 15, node#: 20216
## CPU time: 0:0:22, REAL time: 0:0:22
 iter = 246/9, route#: 15, violation# : 6, overflow# : 6, conflict# : 8, node#: 20224
## CPU time: 0:0:22, REAL time: 0:0:22
 iter = 247/10, route#: 10, violation# : 6, overflow# : 6, conflict# : 9, node#: 20227
## CPU time: 0:0:22, REAL time: 0:0:22
 iter = 248/5, route#: 17, violation# : 12, overflow# : 12, conflict# : 15, node#: 20179
## CPU time: 0:0:22, REAL time: 0:0:22
 iter = 249/6, route#: 14, violation# : 7, overflow# : 7, conflict# : 12, node#: 20192
## CPU time: 0:0:22, REAL time: 0:0:22
 iter = 250/7, route#: 14, violation# : 8, overflow# : 8, conflict# : 13, node#: 20190
## CPU time: 0:0:22, REAL time: 0:0:22
 iter = 251/8, route#: 14, violation# : 6, overflow# : 6, conflict# : 11, node#: 20207
## CPU time: 0:0:22, REAL time: 0:0:22
 iter = 252/9, route#: 19, violation# : 7, overflow# : 7, conflict# : 13, node#: 20221
## CPU time: 0:0:22, REAL time: 0:0:22
 iter = 253/10, route#: 12, violation# : 5, overflow# : 5, conflict# : 10, node#: 20233
## CPU time: 0:0:22, REAL time: 0:0:22
 iter = 254/5, route#: 13, violation# : 11, overflow# : 11, conflict# : 18, node#: 20215
## CPU time: 0:0:22, REAL time: 0:0:23
 iter = 255/6, route#: 33, violation# : 16, overflow# : 16, conflict# : 25, node#: 20216
## CPU time: 0:0:22, REAL time: 0:0:23
 iter = 256/7, route#: 24, violation# : 12, overflow# : 12, conflict# : 19, node#: 20201
## CPU time: 0:0:22, REAL time: 0:0:23
 iter = 257/8, route#: 15, violation# : 7, overflow# : 7, conflict# : 13, node#: 20201
## CPU time: 0:0:22, REAL time: 0:0:23
 iter = 258/9, route#: 19, violation# : 8, overflow# : 8, conflict# : 15, node#: 20213
## CPU time: 0:0:22, REAL time: 0:0:23
 iter = 259/10, route#: 16, violation# : 7, overflow# : 7, conflict# : 14, node#: 20230
## CPU time: 0:0:22, REAL time: 0:0:23
 iter = 260/5, route#: 19, violation# : 11, overflow# : 11, conflict# : 19, node#: 20200
## CPU time: 0:0:22, REAL time: 0:0:23
 iter = 261/6, route#: 18, violation# : 7, overflow# : 7, conflict# : 12, node#: 20207
## CPU time: 0:0:22, REAL time: 0:0:23
 iter = 262/7, route#: 13, violation# : 6, overflow# : 6, conflict# : 10, node#: 20207
## CPU time: 0:0:22, REAL time: 0:0:23
 iter = 263/8, route#: 11, violation# : 5, overflow# : 5, conflict# : 8, node#: 20211
## CPU time: 0:0:22, REAL time: 0:0:23
 iter = 264/9, route#: 9, violation# : 5, overflow# : 5, conflict# : 8, node#: 20210
## CPU time: 0:0:22, REAL time: 0:0:23
 iter = 265/10, route#: 12, violation# : 9, overflow# : 9, conflict# : 11, node#: 20221
## CPU time: 0:0:22, REAL time: 0:0:23
 iter = 266/5, route#: 10, violation# : 8, overflow# : 8, conflict# : 10, node#: 20211
## CPU time: 0:0:22, REAL time: 0:0:23
 iter = 267/6, route#: 12, violation# : 6, overflow# : 6, conflict# : 10, node#: 20201
## CPU time: 0:0:22, REAL time: 0:0:23
 iter = 268/7, route#: 12, violation# : 7, overflow# : 7, conflict# : 12, node#: 20212
## CPU time: 0:0:22, REAL time: 0:0:23
 iter = 269/8, route#: 18, violation# : 5, overflow# : 5, conflict# : 9, node#: 20222
## CPU time: 0:0:22, REAL time: 0:0:23
 iter = 270/9, route#: 8, violation# : 4, overflow# : 4, conflict# : 8, node#: 20217
## CPU time: 0:0:22, REAL time: 0:0:23
 iter = 271/10, route#: 8, violation# : 3, overflow# : 3, conflict# : 6, node#: 20225
## CPU time: 0:0:22, REAL time: 0:0:23
 iter = 272/5, route#: 6, violation# : 7, overflow# : 7, conflict# : 8, node#: 20222
## CPU time: 0:0:22, REAL time: 0:0:23
 iter = 273/6, route#: 10, violation# : 4, overflow# : 4, conflict# : 7, node#: 20221
## CPU time: 0:0:22, REAL time: 0:0:23
 iter = 274/7, route#: 8, violation# : 4, overflow# : 4, conflict# : 7, node#: 20229
## CPU time: 0:0:23, REAL time: 0:0:23
 iter = 275/8, route#: 13, violation# : 6, overflow# : 6, conflict# : 11, node#: 20229
## CPU time: 0:0:23, REAL time: 0:0:23
 iter = 276/9, route#: 11, violation# : 6, overflow# : 6, conflict# : 11, node#: 20227
## CPU time: 0:0:23, REAL time: 0:0:23
 iter = 277/10, route#: 16, violation# : 6, overflow# : 6, conflict# : 9, node#: 20239
## CPU time: 0:0:23, REAL time: 0:0:23
 iter = 278/5, route#: 9, violation# : 9, overflow# : 9, conflict# : 11, node#: 20237
## CPU time: 0:0:23, REAL time: 0:0:23
 iter = 279/6, route#: 17, violation# : 9, overflow# : 9, conflict# : 14, node#: 20235
## CPU time: 0:0:23, REAL time: 0:0:23
 iter = 280/7, route#: 18, violation# : 6, overflow# : 6, conflict# : 11, node#: 20240
## CPU time: 0:0:23, REAL time: 0:0:23
 iter = 281/8, route#: 13, violation# : 5, overflow# : 5, conflict# : 10, node#: 20240
## CPU time: 0:0:23, REAL time: 0:0:23
 iter = 282/9, route#: 9, violation# : 3, overflow# : 3, conflict# : 6, node#: 20249
## CPU time: 0:0:23, REAL time: 0:0:23
 iter = 283/10, route#: 7, violation# : 4, overflow# : 4, conflict# : 8, node#: 20252
## CPU time: 0:0:23, REAL time: 0:0:23
 iter = 284/5, route#: 15, violation# : 9, overflow# : 9, conflict# : 13, node#: 20221
## CPU time: 0:0:23, REAL time: 0:0:23
 iter = 285/6, route#: 27, violation# : 10, overflow# : 10, conflict# : 17, node#: 20230
## CPU time: 0:0:23, REAL time: 0:0:23
 iter = 286/7, route#: 31, violation# : 14, overflow# : 14, conflict# : 22, node#: 20230
## CPU time: 0:0:23, REAL time: 0:0:23
 iter = 287/8, route#: 23, violation# : 6, overflow# : 6, conflict# : 10, node#: 20252
## CPU time: 0:0:23, REAL time: 0:0:23
 iter = 288/9, route#: 14, violation# : 8, overflow# : 8, conflict# : 12, node#: 20276
## CPU time: 0:0:23, REAL time: 0:0:23
 iter = 289/10, route#: 18, violation# : 8, overflow# : 8, conflict# : 12, node#: 20262
## CPU time: 0:0:23, REAL time: 0:0:23
 iter = 290/5, route#: 32, violation# : 19, overflow# : 19, conflict# : 27, node#: 20201
## CPU time: 0:0:23, REAL time: 0:0:23
 iter = 291/6, route#: 25, violation# : 10, overflow# : 10, conflict# : 17, node#: 20222
## CPU time: 0:0:23, REAL time: 0:0:23
 iter = 292/7, route#: 35, violation# : 14, overflow# : 14, conflict# : 23, node#: 20229
## CPU time: 0:0:23, REAL time: 0:0:23
 iter = 293/8, route#: 29, violation# : 10, overflow# : 10, conflict# : 16, node#: 20239
## CPU time: 0:0:23, REAL time: 0:0:23
 iter = 294/9, route#: 19, violation# : 8, overflow# : 8, conflict# : 15, node#: 20262
## CPU time: 0:0:23, REAL time: 0:0:24
 iter = 295/10, route#: 22, violation# : 12, overflow# : 12, conflict# : 18, node#: 20269
## CPU time: 0:0:23, REAL time: 0:0:24
 iter = 296/5, route#: 32, violation# : 26, overflow# : 26, conflict# : 35, node#: 20186
## CPU time: 0:0:23, REAL time: 0:0:24
 iter = 297/6, route#: 41, violation# : 18, overflow# : 18, conflict# : 29, node#: 20175
## CPU time: 0:0:23, REAL time: 0:0:24
 iter = 298/7, route#: 25, violation# : 8, overflow# : 8, conflict# : 13, node#: 20203
## CPU time: 0:0:23, REAL time: 0:0:24
 iter = 299/8, route#: 14, violation# : 6, overflow# : 6, conflict# : 10, node#: 20216
## CPU time: 0:0:23, REAL time: 0:0:24
 iter = 300/9, route#: 14, violation# : 7, overflow# : 7, conflict# : 12, node#: 20211
## CPU time: 0:0:23, REAL time: 0:0:24
 iter = 301/10, route#: 15, violation# : 7, overflow# : 7, conflict# : 13, node#: 20216
## CPU time: 0:0:23, REAL time: 0:0:24
 iter = 302/5, route#: 15, violation# : 9, overflow# : 9, conflict# : 14, node#: 20198
## CPU time: 0:0:23, REAL time: 0:0:24
 iter = 303/6, route#: 23, violation# : 13, overflow# : 13, conflict# : 17, node#: 20176
## CPU time: 0:0:23, REAL time: 0:0:24
 iter = 304/7, route#: 20, violation# : 8, overflow# : 8, conflict# : 13, node#: 20194
## CPU time: 0:0:23, REAL time: 0:0:24
 iter = 305/8, route#: 23, violation# : 12, overflow# : 12, conflict# : 16, node#: 20173
## CPU time: 0:0:24, REAL time: 0:0:24
 iter = 306/9, route#: 19, violation# : 5, overflow# : 5, conflict# : 9, node#: 20196
## CPU time: 0:0:24, REAL time: 0:0:24
 iter = 307/10, route#: 10, violation# : 4, overflow# : 4, conflict# : 5, node#: 20194
## CPU time: 0:0:24, REAL time: 0:0:24
 iter = 308/5, route#: 11, violation# : 8, overflow# : 8, conflict# : 12, node#: 20181
## CPU time: 0:0:24, REAL time: 0:0:24
 iter = 309/6, route#: 15, violation# : 8, overflow# : 8, conflict# : 12, node#: 20177
## CPU time: 0:0:24, REAL time: 0:0:24
 iter = 310/7, route#: 10, violation# : 5, overflow# : 5, conflict# : 9, node#: 20186
## CPU time: 0:0:24, REAL time: 0:0:24
 iter = 311/8, route#: 7, violation# : 3, overflow# : 3, conflict# : 5, node#: 20191
## CPU time: 0:0:24, REAL time: 0:0:24
 iter = 312/9, route#: 7, violation# : 4, overflow# : 4, conflict# : 6, node#: 20195
## CPU time: 0:0:24, REAL time: 0:0:24
 iter = 313/10, route#: 6, violation# : 3, overflow# : 3, conflict# : 6, node#: 20194
## CPU time: 0:0:24, REAL time: 0:0:24
 iter = 314/5, route#: 11, violation# : 9, overflow# : 9, conflict# : 12, node#: 20175
## CPU time: 0:0:24, REAL time: 0:0:24
 iter = 315/6, route#: 14, violation# : 5, overflow# : 5, conflict# : 9, node#: 20182
## CPU time: 0:0:24, REAL time: 0:0:24
 iter = 316/7, route#: 9, violation# : 3, overflow# : 3, conflict# : 6, node#: 20190
## CPU time: 0:0:24, REAL time: 0:0:24
 iter = 317/8, route#: 6, violation# : 3, overflow# : 3, conflict# : 6, node#: 20196
## CPU time: 0:0:24, REAL time: 0:0:24
 iter = 318/9, route#: 6, violation# : 3, overflow# : 3, conflict# : 6, node#: 20189
## CPU time: 0:0:24, REAL time: 0:0:24
 iter = 319/10, route#: 7, violation# : 4, overflow# : 4, conflict# : 7, node#: 20191
## CPU time: 0:0:24, REAL time: 0:0:24
 iter = 320/5, route#: 12, violation# : 9, overflow# : 9, conflict# : 13, node#: 20187
## CPU time: 0:0:24, REAL time: 0:0:24
 iter = 321/6, route#: 9, violation# : 3, overflow# : 3, conflict# : 6, node#: 20194
## CPU time: 0:0:24, REAL time: 0:0:24
 iter = 322/7, route#: 10, violation# : 5, overflow# : 5, conflict# : 8, node#: 20207
## CPU time: 0:0:24, REAL time: 0:0:24
 iter = 323/8, route#: 14, violation# : 3, overflow# : 3, conflict# : 6, node#: 20232
## CPU time: 0:0:24, REAL time: 0:0:24
 iter = 324/9, route#: 7, violation# : 2, overflow# : 2, conflict# : 4, node#: 20226
## CPU time: 0:0:24, REAL time: 0:0:24
 iter = 325/10, route#: 4, violation# : 2, overflow# : 2, conflict# : 4, node#: 20226
## CPU time: 0:0:24, REAL time: 0:0:24
 iter = 326/5, route#: 5, violation# : 3, overflow# : 3, conflict# : 6, node#: 20224
## CPU time: 0:0:24, REAL time: 0:0:24
 iter = 327/6, route#: 5, violation# : 2, overflow# : 2, conflict# : 4, node#: 20223
## CPU time: 0:0:24, REAL time: 0:0:24
 iter = 328/7, route#: 6, violation# : 2, overflow# : 2, conflict# : 4, node#: 20232
## CPU time: 0:0:24, REAL time: 0:0:24
 iter = 329/8, route#: 4, violation# : 2, overflow# : 2, conflict# : 4, node#: 20231
## CPU time: 0:0:24, REAL time: 0:0:24
 iter = 330/9, route#: 4, violation# : 2, overflow# : 2, conflict# : 4, node#: 20232
## CPU time: 0:0:24, REAL time: 0:0:24
 iter = 331/10, route#: 4, violation# : 2, overflow# : 2, conflict# : 4, node#: 20231
## CPU time: 0:0:24, REAL time: 0:0:24
 iter = 332/5, route#: 4, violation# : 4, overflow# : 4, conflict# : 5, node#: 20221
## CPU time: 0:0:24, REAL time: 0:0:24
 iter = 333/6, route#: 6, violation# : 3, overflow# : 3, conflict# : 4, node#: 20231
## CPU time: 0:0:24, REAL time: 0:0:24
 iter = 334/7, route#: 5, violation# : 3, overflow# : 3, conflict# : 4, node#: 20235
## CPU time: 0:0:24, REAL time: 0:0:25
 iter = 335/8, route#: 5, violation# : 4, overflow# : 4, conflict# : 5, node#: 20232
## CPU time: 0:0:24, REAL time: 0:0:25
 iter = 336/9, route#: 5, violation# : 3, overflow# : 3, conflict# : 5, node#: 20233
## CPU time: 0:0:24, REAL time: 0:0:25
 iter = 337/10, route#: 6, violation# : 4, overflow# : 4, conflict# : 6, node#: 20233
## CPU time: 0:0:24, REAL time: 0:0:25
 iter = 338/5, route#: 6, violation# : 5, overflow# : 5, conflict# : 6, node#: 20226
## CPU time: 0:0:24, REAL time: 0:0:25
 iter = 339/6, route#: 8, violation# : 4, overflow# : 4, conflict# : 6, node#: 20228
## CPU time: 0:0:24, REAL time: 0:0:25
 iter = 340/7, route#: 6, violation# : 2, overflow# : 2, conflict# : 4, node#: 20228
## CPU time: 0:0:24, REAL time: 0:0:25
 iter = 341/8, route#: 5, violation# : 3, overflow# : 3, conflict# : 5, node#: 20226
## CPU time: 0:0:24, REAL time: 0:0:25
 iter = 342/9, route#: 4, violation# : 2, overflow# : 2, conflict# : 4, node#: 20227
## CPU time: 0:0:24, REAL time: 0:0:25
 iter = 343/10, route#: 5, violation# : 3, overflow# : 3, conflict# : 5, node#: 20231
## CPU time: 0:0:24, REAL time: 0:0:25
 iter = 344/5, route#: 6, violation# : 4, overflow# : 4, conflict# : 4, node#: 20228
## CPU time: 0:0:24, REAL time: 0:0:25
 iter = 345/6, route#: 15, violation# : 9, overflow# : 9, conflict# : 16, node#: 20206
## CPU time: 0:0:24, REAL time: 0:0:25
 iter = 346/7, route#: 23, violation# : 10, overflow# : 10, conflict# : 15, node#: 20218
## CPU time: 0:0:24, REAL time: 0:0:25
 iter = 347/8, route#: 17, violation# : 7, overflow# : 7, conflict# : 12, node#: 20237
## CPU time: 0:0:24, REAL time: 0:0:25
 iter = 348/9, route#: 11, violation# : 5, overflow# : 5, conflict# : 9, node#: 20233
## CPU time: 0:0:24, REAL time: 0:0:25
 iter = 349/10, route#: 19, violation# : 12, overflow# : 12, conflict# : 16, node#: 20254
## CPU time: 0:0:24, REAL time: 0:0:25
 iter = 350/5, route#: 23, violation# : 20, overflow# : 20, conflict# : 26, node#: 20213
## CPU time: 0:0:25, REAL time: 0:0:25
 iter = 351/6, route#: 29, violation# : 16, overflow# : 16, conflict# : 26, node#: 20229
## CPU time: 0:0:25, REAL time: 0:0:25
 iter = 352/7, route#: 25, violation# : 7, overflow# : 7, conflict# : 12, node#: 20248
## CPU time: 0:0:25, REAL time: 0:0:25
 iter = 353/8, route#: 12, violation# : 4, overflow# : 4, conflict# : 7, node#: 20238
## CPU time: 0:0:25, REAL time: 0:0:25
 iter = 354/9, route#: 16, violation# : 10, overflow# : 10, conflict# : 13, node#: 20243
## CPU time: 0:0:25, REAL time: 0:0:25
 iter = 355/10, route#: 13, violation# : 8, overflow# : 8, conflict# : 11, node#: 20261
## CPU time: 0:0:25, REAL time: 0:0:25
 iter = 356/5, route#: 10, violation# : 11, overflow# : 11, conflict# : 13, node#: 20247
## CPU time: 0:0:25, REAL time: 0:0:25
 iter = 357/6, route#: 18, violation# : 12, overflow# : 12, conflict# : 17, node#: 20247
## CPU time: 0:0:25, REAL time: 0:0:25
 iter = 358/7, route#: 23, violation# : 8, overflow# : 8, conflict# : 12, node#: 20266
## CPU time: 0:0:25, REAL time: 0:0:25
 iter = 359/8, route#: 19, violation# : 8, overflow# : 8, conflict# : 13, node#: 20283
## CPU time: 0:0:25, REAL time: 0:0:25
 iter = 360/9, route#: 15, violation# : 8, overflow# : 8, conflict# : 13, node#: 20292
## CPU time: 0:0:25, REAL time: 0:0:25
 iter = 361/10, route#: 11, violation# : 5, overflow# : 5, conflict# : 9, node#: 20294
## CPU time: 0:0:25, REAL time: 0:0:25
 iter = 362/5, route#: 16, violation# : 14, overflow# : 14, conflict# : 16, node#: 20263
## CPU time: 0:0:25, REAL time: 0:0:25
 iter = 363/6, route#: 31, violation# : 18, overflow# : 18, conflict# : 28, node#: 20251
## CPU time: 0:0:25, REAL time: 0:0:25
 iter = 364/7, route#: 23, violation# : 12, overflow# : 12, conflict# : 18, node#: 20262
## CPU time: 0:0:25, REAL time: 0:0:26
 iter = 365/8, route#: 18, violation# : 8, overflow# : 8, conflict# : 12, node#: 20262
## CPU time: 0:0:25, REAL time: 0:0:26
 iter = 366/9, route#: 13, violation# : 6, overflow# : 6, conflict# : 11, node#: 20283
## CPU time: 0:0:25, REAL time: 0:0:26
 iter = 367/10, route#: 11, violation# : 5, overflow# : 5, conflict# : 8, node#: 20292
## CPU time: 0:0:25, REAL time: 0:0:26
 iter = 368/5, route#: 10, violation# : 9, overflow# : 9, conflict# : 13, node#: 20278
## CPU time: 0:0:25, REAL time: 0:0:26
 iter = 369/6, route#: 17, violation# : 14, overflow# : 14, conflict# : 17, node#: 20274
## CPU time: 0:0:25, REAL time: 0:0:26
 iter = 370/7, route#: 18, violation# : 7, overflow# : 7, conflict# : 13, node#: 20279
## CPU time: 0:0:25, REAL time: 0:0:26
 iter = 371/8, route#: 12, violation# : 4, overflow# : 4, conflict# : 7, node#: 20299
## CPU time: 0:0:25, REAL time: 0:0:26
 iter = 372/9, route#: 7, violation# : 5, overflow# : 5, conflict# : 7, node#: 20296
## CPU time: 0:0:25, REAL time: 0:0:26
 iter = 373/10, route#: 9, violation# : 7, overflow# : 7, conflict# : 9, node#: 20302
## CPU time: 0:0:25, REAL time: 0:0:26
 iter = 374/5, route#: 13, violation# : 10, overflow# : 10, conflict# : 11, node#: 20290
## CPU time: 0:0:25, REAL time: 0:0:26
 iter = 375/6, route#: 23, violation# : 18, overflow# : 18, conflict# : 20, node#: 20285
## CPU time: 0:0:25, REAL time: 0:0:26
 iter = 376/7, route#: 21, violation# : 11, overflow# : 11, conflict# : 14, node#: 20294
## CPU time: 0:0:25, REAL time: 0:0:26
 iter = 377/8, route#: 19, violation# : 9, overflow# : 9, conflict# : 11, node#: 20282
## CPU time: 0:0:25, REAL time: 0:0:26
 iter = 378/9, route#: 16, violation# : 9, overflow# : 9, conflict# : 14, node#: 20302
## CPU time: 0:0:25, REAL time: 0:0:26
 iter = 379/10, route#: 20, violation# : 8, overflow# : 8, conflict# : 14, node#: 20298
## CPU time: 0:0:25, REAL time: 0:0:26
 iter = 380/5, route#: 30, violation# : 18, overflow# : 18, conflict# : 27, node#: 20245
## CPU time: 0:0:26, REAL time: 0:0:26
 iter = 381/6, route#: 34, violation# : 20, overflow# : 20, conflict# : 31, node#: 20263
## CPU time: 0:0:26, REAL time: 0:0:26
 iter = 382/7, route#: 33, violation# : 14, overflow# : 14, conflict# : 22, node#: 20266
## CPU time: 0:0:26, REAL time: 0:0:26
 iter = 383/8, route#: 28, violation# : 14, overflow# : 14, conflict# : 21, node#: 20266
## CPU time: 0:0:26, REAL time: 0:0:26
 iter = 384/9, route#: 22, violation# : 6, overflow# : 6, conflict# : 11, node#: 20282
## CPU time: 0:0:26, REAL time: 0:0:26
 iter = 385/10, route#: 16, violation# : 6, overflow# : 6, conflict# : 10, node#: 20295
## CPU time: 0:0:26, REAL time: 0:0:26
 iter = 386/5, route#: 7, violation# : 7, overflow# : 7, conflict# : 11, node#: 20288
## CPU time: 0:0:26, REAL time: 0:0:26
 iter = 387/6, route#: 15, violation# : 8, overflow# : 8, conflict# : 14, node#: 20285
## CPU time: 0:0:26, REAL time: 0:0:26
 iter = 388/7, route#: 14, violation# : 7, overflow# : 7, conflict# : 11, node#: 20283
## CPU time: 0:0:26, REAL time: 0:0:26
 iter = 389/8, route#: 12, violation# : 7, overflow# : 7, conflict# : 12, node#: 20287
## CPU time: 0:0:26, REAL time: 0:0:26
 iter = 390/9, route#: 11, violation# : 5, overflow# : 5, conflict# : 10, node#: 20294
## CPU time: 0:0:26, REAL time: 0:0:26
 iter = 391/10, route#: 11, violation# : 5, overflow# : 5, conflict# : 9, node#: 20297
## CPU time: 0:0:26, REAL time: 0:0:26
 iter = 392/5, route#: 29, violation# : 22, overflow# : 22, conflict# : 30, node#: 20273
## CPU time: 0:0:26, REAL time: 0:0:26
 iter = 393/6, route#: 40, violation# : 23, overflow# : 23, conflict# : 32, node#: 20253
## CPU time: 0:0:26, REAL time: 0:0:26
 iter = 394/7, route#: 51, violation# : 18, overflow# : 18, conflict# : 28, node#: 20286
## CPU time: 0:0:26, REAL time: 0:0:26
 iter = 395/8, route#: 42, violation# : 16, overflow# : 16, conflict# : 25, node#: 20331
## CPU time: 0:0:26, REAL time: 0:0:27
 iter = 396/9, route#: 30, violation# : 15, overflow# : 15, conflict# : 22, node#: 20324
## CPU time: 0:0:26, REAL time: 0:0:27
 iter = 397/10, route#: 28, violation# : 15, overflow# : 15, conflict# : 22, node#: 20323
## CPU time: 0:0:26, REAL time: 0:0:27
 iter = 398/5, route#: 64, violation# : 49, overflow# : 49, conflict# : 58, node#: 20223
## CPU time: 0:0:26, REAL time: 0:0:27
 iter = 399/6, route#: 82, violation# : 40, overflow# : 40, conflict# : 63, node#: 20232
## CPU time: 0:0:26, REAL time: 0:0:27
 iter = 400/7, route#: 79, violation# : 31, overflow# : 31, conflict# : 49, node#: 20230
## CPU time: 0:0:27, REAL time: 0:0:27
 iter = 401/8, route#: 49, violation# : 18, overflow# : 18, conflict# : 29, node#: 20265
## CPU time: 0:0:27, REAL time: 0:0:27
 iter = 402/9, route#: 42, violation# : 11, overflow# : 11, conflict# : 21, node#: 20268
## CPU time: 0:0:27, REAL time: 0:0:27
 iter = 403/10, route#: 25, violation# : 11, overflow# : 11, conflict# : 20, node#: 20256
## CPU time: 0:0:27, REAL time: 0:0:27
 iter = 404/5, route#: 33, violation# : 22, overflow# : 22, conflict# : 34, node#: 20230
## CPU time: 0:0:27, REAL time: 0:0:27
 iter = 405/6, route#: 43, violation# : 19, overflow# : 19, conflict# : 29, node#: 20241
## CPU time: 0:0:27, REAL time: 0:0:27
 iter = 406/7, route#: 39, violation# : 16, overflow# : 16, conflict# : 24, node#: 20267
## CPU time: 0:0:27, REAL time: 0:0:27
 iter = 407/8, route#: 28, violation# : 11, overflow# : 11, conflict# : 18, node#: 20286
## CPU time: 0:0:27, REAL time: 0:0:27
 iter = 408/9, route#: 25, violation# : 13, overflow# : 13, conflict# : 21, node#: 20300
## CPU time: 0:0:27, REAL time: 0:0:27
 iter = 409/10, route#: 24, violation# : 12, overflow# : 12, conflict# : 21, node#: 20289
## CPU time: 0:0:27, REAL time: 0:0:28
 iter = 410/5, route#: 60, violation# : 42, overflow# : 42, conflict# : 58, node#: 20201
## CPU time: 0:0:27, REAL time: 0:0:28
 iter = 411/6, route#: 87, violation# : 41, overflow# : 41, conflict# : 59, node#: 20245
## CPU time: 0:0:27, REAL time: 0:0:28
 iter = 412/7, route#: 60, violation# : 20, overflow# : 20, conflict# : 32, node#: 20283
## CPU time: 0:0:27, REAL time: 0:0:28
 iter = 413/8, route#: 31, violation# : 10, overflow# : 10, conflict# : 16, node#: 20308
## CPU time: 0:0:27, REAL time: 0:0:28
 iter = 414/9, route#: 23, violation# : 10, overflow# : 10, conflict# : 14, node#: 20325
## CPU time: 0:0:27, REAL time: 0:0:28
 iter = 415/10, route#: 19, violation# : 9, overflow# : 9, conflict# : 13, node#: 20344
## CPU time: 0:0:27, REAL time: 0:0:28
 iter = 416/5, route#: 11, violation# : 7, overflow# : 7, conflict# : 11, node#: 20319
## CPU time: 0:0:27, REAL time: 0:0:28
 iter = 417/6, route#: 12, violation# : 9, overflow# : 9, conflict# : 13, node#: 20321
## CPU time: 0:0:27, REAL time: 0:0:28
 iter = 418/7, route#: 13, violation# : 7, overflow# : 7, conflict# : 12, node#: 20320
## CPU time: 0:0:27, REAL time: 0:0:28
 iter = 419/8, route#: 16, violation# : 6, overflow# : 6, conflict# : 10, node#: 20339
## CPU time: 0:0:27, REAL time: 0:0:28
 iter = 420/9, route#: 9, violation# : 5, overflow# : 5, conflict# : 8, node#: 20344
## CPU time: 0:0:27, REAL time: 0:0:28
 iter = 421/10, route#: 9, violation# : 5, overflow# : 5, conflict# : 8, node#: 20352
## CPU time: 0:0:27, REAL time: 0:0:28
 iter = 422/5, route#: 10, violation# : 9, overflow# : 9, conflict# : 13, node#: 20333
## CPU time: 0:0:28, REAL time: 0:0:28
 iter = 423/6, route#: 18, violation# : 11, overflow# : 11, conflict# : 17, node#: 20327
## CPU time: 0:0:28, REAL time: 0:0:28
 iter = 424/7, route#: 24, violation# : 13, overflow# : 13, conflict# : 18, node#: 20322
## CPU time: 0:0:28, REAL time: 0:0:28
 iter = 425/8, route#: 20, violation# : 9, overflow# : 9, conflict# : 14, node#: 20363
## CPU time: 0:0:28, REAL time: 0:0:28
 iter = 426/9, route#: 19, violation# : 9, overflow# : 9, conflict# : 13, node#: 20368
## CPU time: 0:0:28, REAL time: 0:0:28
 iter = 427/10, route#: 14, violation# : 8, overflow# : 8, conflict# : 14, node#: 20385
## CPU time: 0:0:28, REAL time: 0:0:28
 iter = 428/5, route#: 22, violation# : 15, overflow# : 15, conflict# : 23, node#: 20341
## CPU time: 0:0:28, REAL time: 0:0:28
 iter = 429/6, route#: 31, violation# : 15, overflow# : 15, conflict# : 23, node#: 20353
## CPU time: 0:0:28, REAL time: 0:0:28
 iter = 430/7, route#: 26, violation# : 10, overflow# : 10, conflict# : 16, node#: 20364
## CPU time: 0:0:28, REAL time: 0:0:28
 iter = 431/8, route#: 21, violation# : 9, overflow# : 9, conflict# : 13, node#: 20372
## CPU time: 0:0:28, REAL time: 0:0:28
 iter = 432/9, route#: 20, violation# : 11, overflow# : 11, conflict# : 16, node#: 20373
## CPU time: 0:0:28, REAL time: 0:0:28
 iter = 433/10, route#: 20, violation# : 11, overflow# : 11, conflict# : 17, node#: 20369
## CPU time: 0:0:28, REAL time: 0:0:28
 iter = 434/5, route#: 15, violation# : 11, overflow# : 11, conflict# : 18, node#: 20363
## CPU time: 0:0:28, REAL time: 0:0:28
 iter = 435/6, route#: 31, violation# : 14, overflow# : 14, conflict# : 19, node#: 20349
## CPU time: 0:0:28, REAL time: 0:0:28
 iter = 436/7, route#: 18, violation# : 8, overflow# : 8, conflict# : 12, node#: 20366
## CPU time: 0:0:28, REAL time: 0:0:28
 iter = 437/8, route#: 17, violation# : 7, overflow# : 7, conflict# : 12, node#: 20393
## CPU time: 0:0:28, REAL time: 0:0:28
 iter = 438/9, route#: 14, violation# : 6, overflow# : 6, conflict# : 10, node#: 20408
## CPU time: 0:0:28, REAL time: 0:0:28
 iter = 439/10, route#: 13, violation# : 4, overflow# : 4, conflict# : 7, node#: 20419
## CPU time: 0:0:28, REAL time: 0:0:28
 iter = 440/5, route#: 10, violation# : 5, overflow# : 5, conflict# : 8, node#: 20406
## CPU time: 0:0:28, REAL time: 0:0:29
 iter = 441/6, route#: 10, violation# : 6, overflow# : 6, conflict# : 9, node#: 20406
## CPU time: 0:0:28, REAL time: 0:0:29
 iter = 442/7, route#: 12, violation# : 5, overflow# : 5, conflict# : 9, node#: 20383
## CPU time: 0:0:28, REAL time: 0:0:29
 iter = 443/8, route#: 9, violation# : 4, overflow# : 4, conflict# : 6, node#: 20385
## CPU time: 0:0:28, REAL time: 0:0:29
 iter = 444/9, route#: 6, violation# : 4, overflow# : 4, conflict# : 6, node#: 20390
## CPU time: 0:0:28, REAL time: 0:0:29
 iter = 445/10, route#: 6, violation# : 4, overflow# : 4, conflict# : 6, node#: 20385
## CPU time: 0:0:28, REAL time: 0:0:29
 iter = 446/5, route#: 9, violation# : 6, overflow# : 6, conflict# : 10, node#: 20378
## CPU time: 0:0:28, REAL time: 0:0:29
 iter = 447/6, route#: 9, violation# : 4, overflow# : 4, conflict# : 8, node#: 20386
## CPU time: 0:0:28, REAL time: 0:0:29
 iter = 448/7, route#: 12, violation# : 5, overflow# : 5, conflict# : 8, node#: 20384
## CPU time: 0:0:28, REAL time: 0:0:29
 iter = 449/8, route#: 9, violation# : 4, overflow# : 4, conflict# : 8, node#: 20386
## CPU time: 0:0:28, REAL time: 0:0:29
 iter = 450/9, route#: 8, violation# : 4, overflow# : 4, conflict# : 8, node#: 20392
## CPU time: 0:0:28, REAL time: 0:0:29
 iter = 451/10, route#: 9, violation# : 3, overflow# : 3, conflict# : 6, node#: 20385
## CPU time: 0:0:28, REAL time: 0:0:29
 iter = 452/5, route#: 9, violation# : 3, overflow# : 3, conflict# : 6, node#: 20380
## CPU time: 0:0:28, REAL time: 0:0:29
 iter = 453/6, route#: 9, violation# : 3, overflow# : 3, conflict# : 6, node#: 20392
## CPU time: 0:0:28, REAL time: 0:0:29
 iter = 454/7, route#: 6, violation# : 3, overflow# : 3, conflict# : 6, node#: 20392
## CPU time: 0:0:28, REAL time: 0:0:29
 iter = 455/8, route#: 6, violation# : 3, overflow# : 3, conflict# : 6, node#: 20391
## CPU time: 0:0:28, REAL time: 0:0:29
 iter = 456/9, route#: 6, violation# : 4, overflow# : 4, conflict# : 6, node#: 20397
## CPU time: 0:0:28, REAL time: 0:0:29
 iter = 457/10, route#: 8, violation# : 5, overflow# : 5, conflict# : 8, node#: 20396
## CPU time: 0:0:28, REAL time: 0:0:29
 iter = 458/5, route#: 19, violation# : 11, overflow# : 11, conflict# : 14, node#: 20380
## CPU time: 0:0:28, REAL time: 0:0:29
 iter = 459/6, route#: 24, violation# : 7, overflow# : 7, conflict# : 12, node#: 20381
## CPU time: 0:0:28, REAL time: 0:0:29
 iter = 460/7, route#: 10, violation# : 5, overflow# : 5, conflict# : 7, node#: 20382
## CPU time: 0:0:28, REAL time: 0:0:29
 iter = 461/8, route#: 11, violation# : 6, overflow# : 6, conflict# : 11, node#: 20393
## CPU time: 0:0:28, REAL time: 0:0:29
 iter = 462/9, route#: 14, violation# : 7, overflow# : 7, conflict# : 12, node#: 20390
## CPU time: 0:0:28, REAL time: 0:0:29
 iter = 463/10, route#: 20, violation# : 11, overflow# : 11, conflict# : 18, node#: 20387
## CPU time: 0:0:28, REAL time: 0:0:29
 iter = 464/5, route#: 20, violation# : 18, overflow# : 18, conflict# : 23, node#: 20367
## CPU time: 0:0:28, REAL time: 0:0:29
 iter = 465/6, route#: 28, violation# : 15, overflow# : 15, conflict# : 21, node#: 20370
## CPU time: 0:0:29, REAL time: 0:0:29
 iter = 466/7, route#: 25, violation# : 13, overflow# : 13, conflict# : 18, node#: 20375
## CPU time: 0:0:29, REAL time: 0:0:29
 iter = 467/8, route#: 19, violation# : 8, overflow# : 8, conflict# : 14, node#: 20380
## CPU time: 0:0:29, REAL time: 0:0:29
 iter = 468/9, route#: 17, violation# : 11, overflow# : 11, conflict# : 17, node#: 20382
## CPU time: 0:0:29, REAL time: 0:0:29
 iter = 469/10, route#: 19, violation# : 10, overflow# : 10, conflict# : 17, node#: 20389
## CPU time: 0:0:29, REAL time: 0:0:29
 iter = 470/5, route#: 28, violation# : 26, overflow# : 26, conflict# : 32, node#: 20337
## CPU time: 0:0:29, REAL time: 0:0:29
 iter = 471/6, route#: 42, violation# : 26, overflow# : 26, conflict# : 36, node#: 20333
## CPU time: 0:0:29, REAL time: 0:0:29
 iter = 472/7, route#: 47, violation# : 18, overflow# : 18, conflict# : 27, node#: 20348
## CPU time: 0:0:29, REAL time: 0:0:29
 iter = 473/8, route#: 33, violation# : 9, overflow# : 9, conflict# : 16, node#: 20371
## CPU time: 0:0:29, REAL time: 0:0:29
 iter = 474/9, route#: 16, violation# : 8, overflow# : 8, conflict# : 14, node#: 20381
## CPU time: 0:0:29, REAL time: 0:0:29
 iter = 475/10, route#: 21, violation# : 6, overflow# : 6, conflict# : 9, node#: 20409
## CPU time: 0:0:29, REAL time: 0:0:29
 iter = 476/5, route#: 18, violation# : 11, overflow# : 11, conflict# : 18, node#: 20382
## CPU time: 0:0:29, REAL time: 0:0:29
 iter = 477/6, route#: 20, violation# : 7, overflow# : 7, conflict# : 14, node#: 20382
## CPU time: 0:0:29, REAL time: 0:0:29
 iter = 478/7, route#: 11, violation# : 3, overflow# : 3, conflict# : 6, node#: 20391
## CPU time: 0:0:29, REAL time: 0:0:29
 iter = 479/8, route#: 6, violation# : 3, overflow# : 3, conflict# : 6, node#: 20399
## CPU time: 0:0:29, REAL time: 0:0:29
 iter = 480/9, route#: 8, violation# : 5, overflow# : 5, conflict# : 8, node#: 20397
## CPU time: 0:0:29, REAL time: 0:0:29
 iter = 481/10, route#: 8, violation# : 3, overflow# : 3, conflict# : 6, node#: 20390
## CPU time: 0:0:29, REAL time: 0:0:29
 iter = 482/5, route#: 8, violation# : 5, overflow# : 5, conflict# : 7, node#: 20387
## CPU time: 0:0:29, REAL time: 0:0:29
 iter = 483/6, route#: 7, violation# : 4, overflow# : 4, conflict# : 7, node#: 20392
## CPU time: 0:0:29, REAL time: 0:0:29
 iter = 484/7, route#: 9, violation# : 3, overflow# : 3, conflict# : 6, node#: 20397
## CPU time: 0:0:29, REAL time: 0:0:29
 iter = 485/8, route#: 11, violation# : 5, overflow# : 5, conflict# : 8, node#: 20414
## CPU time: 0:0:29, REAL time: 0:0:29
 iter = 486/9, route#: 9, violation# : 6, overflow# : 6, conflict# : 8, node#: 20415
## CPU time: 0:0:29, REAL time: 0:0:29
 iter = 487/10, route#: 11, violation# : 5, overflow# : 5, conflict# : 8, node#: 20422
## CPU time: 0:0:29, REAL time: 0:0:30
 iter = 488/5, route#: 19, violation# : 14, overflow# : 14, conflict# : 22, node#: 20378
## CPU time: 0:0:29, REAL time: 0:0:30
 iter = 489/6, route#: 23, violation# : 9, overflow# : 9, conflict# : 16, node#: 20359
## CPU time: 0:0:29, REAL time: 0:0:30
 iter = 490/7, route#: 15, violation# : 6, overflow# : 6, conflict# : 12, node#: 20370
## CPU time: 0:0:29, REAL time: 0:0:30
 iter = 491/8, route#: 19, violation# : 5, overflow# : 5, conflict# : 8, node#: 20372
## CPU time: 0:0:29, REAL time: 0:0:30
 iter = 492/9, route#: 5, violation# : 1, overflow# : 1, conflict# : 2, node#: 20373
## CPU time: 0:0:29, REAL time: 0:0:30
 iter = 493/10, route#: 3, violation# : 2, overflow# : 2, conflict# : 3, node#: 20372
## CPU time: 0:0:29, REAL time: 0:0:30
 iter = 494/5, route#: 14, violation# : 9, overflow# : 9, conflict# : 12, node#: 20367
## CPU time: 0:0:29, REAL time: 0:0:30
 iter = 495/6, route#: 16, violation# : 11, overflow# : 11, conflict# : 12, node#: 20357
## CPU time: 0:0:29, REAL time: 0:0:30
 iter = 496/7, route#: 12, violation# : 7, overflow# : 7, conflict# : 10, node#: 20379
## CPU time: 0:0:29, REAL time: 0:0:30
 iter = 497/8, route#: 10, violation# : 4, overflow# : 4, conflict# : 8, node#: 20377
## CPU time: 0:0:29, REAL time: 0:0:30
 iter = 498/9, route#: 11, violation# : 3, overflow# : 3, conflict# : 6, node#: 20381
## CPU time: 0:0:29, REAL time: 0:0:30
 iter = 499/10, route#: 6, violation# : 2, overflow# : 2, conflict# : 4, node#: 20380
## CPU time: 0:0:29, REAL time: 0:0:30
 iter = 500/5, route#: 12, violation# : 9, overflow# : 9, conflict# : 12, node#: 20365
## CPU time: 0:0:29, REAL time: 0:0:30
 iter = 501/6, route#: 21, violation# : 11, overflow# : 11, conflict# : 14, node#: 20349
## CPU time: 0:0:29, REAL time: 0:0:30
 iter = 502/7, route#: 17, violation# : 6, overflow# : 6, conflict# : 11, node#: 20358
## CPU time: 0:0:29, REAL time: 0:0:30
 iter = 503/8, route#: 12, violation# : 4, overflow# : 4, conflict# : 8, node#: 20369
## CPU time: 0:0:29, REAL time: 0:0:30
 iter = 504/9, route#: 8, violation# : 3, overflow# : 3, conflict# : 6, node#: 20376
## CPU time: 0:0:29, REAL time: 0:0:30
 iter = 505/10, route#: 9, violation# : 4, overflow# : 4, conflict# : 7, node#: 20380
## CPU time: 0:0:29, REAL time: 0:0:30
 iter = 506/5, route#: 12, violation# : 6, overflow# : 6, conflict# : 9, node#: 20371
## CPU time: 0:0:30, REAL time: 0:0:30
 iter = 507/6, route#: 12, violation# : 9, overflow# : 9, conflict# : 14, node#: 20371
## CPU time: 0:0:30, REAL time: 0:0:30
 iter = 508/7, route#: 24, violation# : 10, overflow# : 10, conflict# : 19, node#: 20379
## CPU time: 0:0:30, REAL time: 0:0:30
 iter = 509/8, route#: 21, violation# : 9, overflow# : 9, conflict# : 17, node#: 20408
## CPU time: 0:0:30, REAL time: 0:0:30
 iter = 510/9, route#: 21, violation# : 7, overflow# : 7, conflict# : 13, node#: 20403
## CPU time: 0:0:30, REAL time: 0:0:30
 iter = 511/10, route#: 14, violation# : 5, overflow# : 5, conflict# : 9, node#: 20414
## CPU time: 0:0:30, REAL time: 0:0:30
 iter = 512/5, route#: 20, violation# : 12, overflow# : 12, conflict# : 20, node#: 20371
## CPU time: 0:0:30, REAL time: 0:0:30
 iter = 513/6, route#: 32, violation# : 12, overflow# : 12, conflict# : 17, node#: 20351
## CPU time: 0:0:30, REAL time: 0:0:30
 iter = 514/7, route#: 18, violation# : 9, overflow# : 9, conflict# : 14, node#: 20353
## CPU time: 0:0:30, REAL time: 0:0:30
 iter = 515/8, route#: 15, violation# : 7, overflow# : 7, conflict# : 11, node#: 20360
## CPU time: 0:0:30, REAL time: 0:0:30
 iter = 516/9, route#: 12, violation# : 6, overflow# : 6, conflict# : 9, node#: 20364
## CPU time: 0:0:30, REAL time: 0:0:30
 iter = 517/10, route#: 13, violation# : 6, overflow# : 6, conflict# : 10, node#: 20358
## CPU time: 0:0:30, REAL time: 0:0:30
 iter = 518/5, route#: 62, violation# : 43, overflow# : 43, conflict# : 55, node#: 20284
## CPU time: 0:0:30, REAL time: 0:0:30
 iter = 519/6, route#: 58, violation# : 24, overflow# : 24, conflict# : 38, node#: 20320
## CPU time: 0:0:30, REAL time: 0:0:31
 iter = 520/7, route#: 51, violation# : 23, overflow# : 23, conflict# : 34, node#: 20317
## CPU time: 0:0:30, REAL time: 0:0:31
 iter = 521/8, route#: 32, violation# : 13, overflow# : 13, conflict# : 23, node#: 20341
## CPU time: 0:0:30, REAL time: 0:0:31
 iter = 522/9, route#: 33, violation# : 17, overflow# : 17, conflict# : 28, node#: 20365
## CPU time: 0:0:30, REAL time: 0:0:31
 iter = 523/10, route#: 29, violation# : 15, overflow# : 15, conflict# : 23, node#: 20362
## CPU time: 0:0:30, REAL time: 0:0:31
 iter = 524/5, route#: 41, violation# : 24, overflow# : 24, conflict# : 34, node#: 20317
## CPU time: 0:0:30, REAL time: 0:0:31
 iter = 525/6, route#: 38, violation# : 15, overflow# : 15, conflict# : 24, node#: 20346
## CPU time: 0:0:30, REAL time: 0:0:31
 iter = 526/7, route#: 27, violation# : 13, overflow# : 13, conflict# : 20, node#: 20330
## CPU time: 0:0:30, REAL time: 0:0:31
 iter = 527/8, route#: 20, violation# : 7, overflow# : 7, conflict# : 12, node#: 20328
## CPU time: 0:0:30, REAL time: 0:0:31
 iter = 528/9, route#: 13, violation# : 9, overflow# : 9, conflict# : 13, node#: 20331
## CPU time: 0:0:30, REAL time: 0:0:31
 iter = 529/10, route#: 14, violation# : 8, overflow# : 8, conflict# : 13, node#: 20337
## CPU time: 0:0:30, REAL time: 0:0:31
 iter = 530/5, route#: 19, violation# : 12, overflow# : 12, conflict# : 19, node#: 20316
## CPU time: 0:0:30, REAL time: 0:0:31
 iter = 531/6, route#: 30, violation# : 16, overflow# : 16, conflict# : 26, node#: 20317
## CPU time: 0:0:31, REAL time: 0:0:31
 iter = 532/7, route#: 31, violation# : 9, overflow# : 9, conflict# : 17, node#: 20320
## CPU time: 0:0:31, REAL time: 0:0:31
 iter = 533/8, route#: 25, violation# : 6, overflow# : 6, conflict# : 12, node#: 20353
## CPU time: 0:0:31, REAL time: 0:0:31
 iter = 534/9, route#: 15, violation# : 6, overflow# : 6, conflict# : 11, node#: 20359
## CPU time: 0:0:31, REAL time: 0:0:31
 iter = 535/10, route#: 11, violation# : 5, overflow# : 5, conflict# : 10, node#: 20345
## CPU time: 0:0:31, REAL time: 0:0:31
 iter = 536/5, route#: 19, violation# : 14, overflow# : 14, conflict# : 18, node#: 20325
## CPU time: 0:0:31, REAL time: 0:0:31
 iter = 537/6, route#: 19, violation# : 10, overflow# : 10, conflict# : 16, node#: 20342
## CPU time: 0:0:31, REAL time: 0:0:31
 iter = 538/7, route#: 13, violation# : 5, overflow# : 5, conflict# : 9, node#: 20349
## CPU time: 0:0:31, REAL time: 0:0:31
 iter = 539/8, route#: 9, violation# : 5, overflow# : 5, conflict# : 9, node#: 20348
## CPU time: 0:0:31, REAL time: 0:0:31
 iter = 540/9, route#: 9, violation# : 6, overflow# : 6, conflict# : 9, node#: 20347
## CPU time: 0:0:31, REAL time: 0:0:31
 iter = 541/10, route#: 11, violation# : 5, overflow# : 5, conflict# : 8, node#: 20345
## CPU time: 0:0:31, REAL time: 0:0:31
 iter = 542/5, route#: 10, violation# : 7, overflow# : 7, conflict# : 13, node#: 20334
## CPU time: 0:0:31, REAL time: 0:0:31
 iter = 543/6, route#: 13, violation# : 5, overflow# : 5, conflict# : 10, node#: 20338
## CPU time: 0:0:31, REAL time: 0:0:31
 iter = 544/7, route#: 9, violation# : 4, overflow# : 4, conflict# : 8, node#: 20343
## CPU time: 0:0:31, REAL time: 0:0:31
 iter = 545/8, route#: 8, violation# : 4, overflow# : 4, conflict# : 8, node#: 20354
## CPU time: 0:0:31, REAL time: 0:0:31
 iter = 546/9, route#: 9, violation# : 4, overflow# : 4, conflict# : 8, node#: 20346
## CPU time: 0:0:31, REAL time: 0:0:31
 iter = 547/10, route#: 8, violation# : 4, overflow# : 4, conflict# : 8, node#: 20352
## CPU time: 0:0:31, REAL time: 0:0:31
 iter = 548/5, route#: 27, violation# : 20, overflow# : 20, conflict# : 25, node#: 20301
## CPU time: 0:0:31, REAL time: 0:0:31
 iter = 549/6, route#: 22, violation# : 7, overflow# : 7, conflict# : 11, node#: 20315
## CPU time: 0:0:31, REAL time: 0:0:31
 iter = 550/7, route#: 11, violation# : 5, overflow# : 5, conflict# : 9, node#: 20316
## CPU time: 0:0:31, REAL time: 0:0:31
 iter = 551/8, route#: 7, violation# : 3, overflow# : 3, conflict# : 6, node#: 20318
## CPU time: 0:0:31, REAL time: 0:0:31
 iter = 552/9, route#: 6, violation# : 3, overflow# : 3, conflict# : 6, node#: 20319
## CPU time: 0:0:31, REAL time: 0:0:32
 iter = 553/10, route#: 8, violation# : 3, overflow# : 3, conflict# : 6, node#: 20316
## CPU time: 0:0:31, REAL time: 0:0:32
 iter = 554/5, route#: 6, violation# : 5, overflow# : 5, conflict# : 7, node#: 20307
## CPU time: 0:0:31, REAL time: 0:0:32
 iter = 555/6, route#: 8, violation# : 3, overflow# : 3, conflict# : 6, node#: 20315
## CPU time: 0:0:31, REAL time: 0:0:32
 iter = 556/7, route#: 7, violation# : 2, overflow# : 2, conflict# : 4, node#: 20319
## CPU time: 0:0:31, REAL time: 0:0:32
 iter = 557/8, route#: 4, violation# : 2, overflow# : 2, conflict# : 4, node#: 20319
## CPU time: 0:0:31, REAL time: 0:0:32
 iter = 558/9, route#: 4, violation# : 2, overflow# : 2, conflict# : 4, node#: 20319
## CPU time: 0:0:31, REAL time: 0:0:32
 iter = 559/10, route#: 6, violation# : 2, overflow# : 2, conflict# : 4, node#: 20329
## CPU time: 0:0:31, REAL time: 0:0:32
 iter = 560/5, route#: 2, violation# : 3, overflow# : 3, conflict# : 5, node#: 20320
## CPU time: 0:0:31, REAL time: 0:0:32
 iter = 561/6, route#: 6, violation# : 2, overflow# : 2, conflict# : 4, node#: 20311
## CPU time: 0:0:31, REAL time: 0:0:32
 iter = 562/7, route#: 4, violation# : 2, overflow# : 2, conflict# : 4, node#: 20311
## CPU time: 0:0:31, REAL time: 0:0:32
 iter = 563/8, route#: 4, violation# : 2, overflow# : 2, conflict# : 4, node#: 20311
## CPU time: 0:0:31, REAL time: 0:0:32
 iter = 564/9, route#: 4, violation# : 2, overflow# : 2, conflict# : 4, node#: 20313
## CPU time: 0:0:31, REAL time: 0:0:32
 iter = 565/10, route#: 5, violation# : 1, overflow# : 1, conflict# : 2, node#: 20320
## CPU time: 0:0:31, REAL time: 0:0:32
 iter = 566/5, route#: 2, violation# : 1, overflow# : 1, conflict# : 2, node#: 20320
## CPU time: 0:0:31, REAL time: 0:0:32
 iter = 567/6, route#: 2, violation# : 1, overflow# : 1, conflict# : 2, node#: 20320
## CPU time: 0:0:31, REAL time: 0:0:32
 iter = 568/7, route#: 2, violation# : 1, overflow# : 1, conflict# : 2, node#: 20320
## CPU time: 0:0:31, REAL time: 0:0:32
 iter = 569/8, route#: 2, violation# : 1, overflow# : 1, conflict# : 2, node#: 20320
## CPU time: 0:0:31, REAL time: 0:0:32
 iter = 570/9, route#: 2, violation# : 1, overflow# : 1, conflict# : 2, node#: 20320
## CPU time: 0:0:31, REAL time: 0:0:32
 iter = 571/10, route#: 2, violation# : 1, overflow# : 1, conflict# : 2, node#: 20320
## CPU time: 0:0:31, REAL time: 0:0:32
 iter = 572/5, route#: 2, violation# : 1, overflow# : 1, conflict# : 2, node#: 20320
## CPU time: 0:0:31, REAL time: 0:0:32
 iter = 573/6, route#: 2, violation# : 1, overflow# : 1, conflict# : 2, node#: 20320
## CPU time: 0:0:31, REAL time: 0:0:32
 iter = 574/7, route#: 2, violation# : 1, overflow# : 1, conflict# : 2, node#: 20320
## CPU time: 0:0:31, REAL time: 0:0:32
 iter = 575/8, route#: 2, violation# : 1, overflow# : 1, conflict# : 2, node#: 20320
## CPU time: 0:0:31, REAL time: 0:0:32
 iter = 576/9, route#: 2, violation# : 1, overflow# : 1, conflict# : 2, node#: 20320
## CPU time: 0:0:31, REAL time: 0:0:32
 iter = 577/10, route#: 3, violation# : 1, overflow# : 1, conflict# : 2, node#: 20325
## CPU time: 0:0:31, REAL time: 0:0:32
 iter = 578/5, route#: 9, violation# : 5, overflow# : 5, conflict# : 8, node#: 20314
## CPU time: 0:0:31, REAL time: 0:0:32
 iter = 579/6, route#: 6, violation# : 1, overflow# : 1, conflict# : 2, node#: 20319
## CPU time: 0:0:31, REAL time: 0:0:32
 iter = 580/7, route#: 2, violation# : 1, overflow# : 1, conflict# : 2, node#: 20319
## CPU time: 0:0:31, REAL time: 0:0:32
 iter = 581/8, route#: 2, violation# : 1, overflow# : 1, conflict# : 2, node#: 20319
## CPU time: 0:0:31, REAL time: 0:0:32
 iter = 582/9, route#: 2, violation# : 1, overflow# : 1, conflict# : 2, node#: 20319
## CPU time: 0:0:31, REAL time: 0:0:32
 iter = 583/10, route#: 3, violation# : 2, overflow# : 2, conflict# : 3, node#: 20318
## CPU time: 0:0:31, REAL time: 0:0:32
 iter = 584/5, route#: 2, violation# : 1, overflow# : 1, conflict# : 2, node#: 20319
## CPU time: 0:0:31, REAL time: 0:0:32
 iter = 585/6, route#: 2, violation# : 1, overflow# : 1, conflict# : 2, node#: 20319
## CPU time: 0:0:31, REAL time: 0:0:32
 iter = 586/7, route#: 3, violation# : 2, overflow# : 2, conflict# : 3, node#: 20320
## CPU time: 0:0:31, REAL time: 0:0:32
 iter = 587/8, route#: 7, violation# : 3, overflow# : 3, conflict# : 5, node#: 20327
## CPU time: 0:0:31, REAL time: 0:0:32
 iter = 588/9, route#: 10, violation# : 6, overflow# : 6, conflict# : 8, node#: 20335
## CPU time: 0:0:31, REAL time: 0:0:32
 iter = 589/10, route#: 16, violation# : 8, overflow# : 8, conflict# : 9, node#: 20326
## CPU time: 0:0:31, REAL time: 0:0:32
 iter = 590/5, route#: 20, violation# : 9, overflow# : 9, conflict# : 11, node#: 20301
## CPU time: 0:0:31, REAL time: 0:0:32
 iter = 591/6, route#: 13, violation# : 6, overflow# : 6, conflict# : 9, node#: 20304
## CPU time: 0:0:32, REAL time: 0:0:32
 iter = 592/7, route#: 14, violation# : 3, overflow# : 3, conflict# : 6, node#: 20321
## CPU time: 0:0:32, REAL time: 0:0:32
 iter = 593/8, route#: 7, violation# : 3, overflow# : 3, conflict# : 4, node#: 20337
## CPU time: 0:0:32, REAL time: 0:0:32
 iter = 594/9, route#: 7, violation# : 4, overflow# : 4, conflict# : 5, node#: 20336
## CPU time: 0:0:32, REAL time: 0:0:32
 iter = 595/10, route#: 5, violation# : 2, overflow# : 2, conflict# : 4, node#: 20340
## CPU time: 0:0:32, REAL time: 0:0:32
 iter = 596/5, route#: 13, violation# : 11, overflow# : 11, conflict# : 13, node#: 20321
## CPU time: 0:0:32, REAL time: 0:0:32
 iter = 597/6, route#: 20, violation# : 9, overflow# : 9, conflict# : 14, node#: 20320
## CPU time: 0:0:32, REAL time: 0:0:32
 iter = 598/7, route#: 14, violation# : 5, overflow# : 5, conflict# : 8, node#: 20331
## CPU time: 0:0:32, REAL time: 0:0:32
 iter = 599/8, route#: 7, violation# : 4, overflow# : 4, conflict# : 6, node#: 20334
## CPU time: 0:0:32, REAL time: 0:0:32
 iter = 600/9, route#: 10, violation# : 2, overflow# : 2, conflict# : 3, node#: 20368
## CPU time: 0:0:32, REAL time: 0:0:32
 iter = 601/10, route#: 6, violation# : 2, overflow# : 2, conflict# : 3, node#: 20373
## CPU time: 0:0:32, REAL time: 0:0:32
 iter = 602/5, route#: 6, violation# : 4, overflow# : 4, conflict# : 6, node#: 20362
## CPU time: 0:0:32, REAL time: 0:0:32
 iter = 603/6, route#: 8, violation# : 4, overflow# : 4, conflict# : 5, node#: 20359
## CPU time: 0:0:32, REAL time: 0:0:32
 iter = 604/7, route#: 6, violation# : 4, overflow# : 4, conflict# : 5, node#: 20361
## CPU time: 0:0:32, REAL time: 0:0:32
 iter = 605/8, route#: 6, violation# : 1, overflow# : 1, conflict# : 2, node#: 20372
## CPU time: 0:0:32, REAL time: 0:0:33
 iter = 606/9, route#: 2, violation# : 0, overflow# : 0, conflict# : 0, node#: 20379
## CPU time: 0:0:33, REAL time: 0:0:33
 iter = 607/2, route#: 676, violation# : 726, overflow# : 720, conflict# : 564, node#: 18659
## CPU time: 0:0:33, REAL time: 0:0:34
 iter = 608/3, route#: 581, violation# : 306, overflow# : 306, conflict# : 358, node#: 19193
## CPU time: 0:0:34, REAL time: 0:0:34
 iter = 609/4, route#: 428, violation# : 118, overflow# : 118, conflict# : 183, node#: 19545
## CPU time: 0:0:34, REAL time: 0:0:35
 iter = 610/5, route#: 310, violation# : 63, overflow# : 63, conflict# : 97, node#: 19673
## CPU time: 0:0:34, REAL time: 0:0:35
 iter = 611/6, route#: 260, violation# : 33, overflow# : 33, conflict# : 60, node#: 19728
## CPU time: 0:0:35, REAL time: 0:0:35
 iter = 612/4, route#: 301, violation# : 84, overflow# : 84, conflict# : 117, node#: 19600
## CPU time: 0:0:35, REAL time: 0:0:35
 iter = 613/5, route#: 261, violation# : 40, overflow# : 40, conflict# : 69, node#: 19724
## CPU time: 0:0:35, REAL time: 0:0:36
 iter = 614/6, route#: 235, violation# : 27, overflow# : 27, conflict# : 45, node#: 19750
## CPU time: 0:0:35, REAL time: 0:0:36
 iter = 615/7, route#: 231, violation# : 20, overflow# : 20, conflict# : 34, node#: 19774
## CPU time: 0:0:35, REAL time: 0:0:36
 iter = 616/8, route#: 223, violation# : 20, overflow# : 20, conflict# : 33, node#: 19816
## CPU time: 0:0:35, REAL time: 0:0:36
 iter = 617/9, route#: 221, violation# : 20, overflow# : 20, conflict# : 29, node#: 19800
## CPU time: 0:0:36, REAL time: 0:0:36
 iter = 618/4, route#: 281, violation# : 69, overflow# : 69, conflict# : 102, node#: 19620
## CPU time: 0:0:36, REAL time: 0:0:37
 iter = 619/5, route#: 246, violation# : 32, overflow# : 32, conflict# : 50, node#: 19730
## CPU time: 0:0:36, REAL time: 0:0:37
 iter = 620/6, route#: 223, violation# : 20, overflow# : 20, conflict# : 35, node#: 19771
## CPU time: 0:0:36, REAL time: 0:0:37
 iter = 621/7, route#: 214, violation# : 14, overflow# : 14, conflict# : 27, node#: 19745
## CPU time: 0:0:36, REAL time: 0:0:37
 iter = 622/8, route#: 198, violation# : 10, overflow# : 10, conflict# : 20, node#: 19738
## CPU time: 0:0:36, REAL time: 0:0:37
 iter = 623/9, route#: 200, violation# : 10, overflow# : 10, conflict# : 19, node#: 19760
## CPU time: 0:0:37, REAL time: 0:0:37
 iter = 624/5, route#: 22, violation# : 8, overflow# : 8, conflict# : 15, node#: 19760
## CPU time: 0:0:37, REAL time: 0:0:37
 iter = 625/6, route#: 15, violation# : 6, overflow# : 6, conflict# : 11, node#: 19773
## CPU time: 0:0:37, REAL time: 0:0:37
 iter = 626/7, route#: 12, violation# : 4, overflow# : 4, conflict# : 8, node#: 19794
## CPU time: 0:0:37, REAL time: 0:0:37
 iter = 627/8, route#: 12, violation# : 5, overflow# : 5, conflict# : 9, node#: 19775
## CPU time: 0:0:37, REAL time: 0:0:37
 iter = 628/9, route#: 9, violation# : 4, overflow# : 4, conflict# : 8, node#: 19783
## CPU time: 0:0:37, REAL time: 0:0:37
 iter = 629/10, route#: 9, violation# : 3, overflow# : 3, conflict# : 6, node#: 19783
## CPU time: 0:0:37, REAL time: 0:0:37
 iter = 630/5, route#: 6, violation# : 3, overflow# : 3, conflict# : 6, node#: 19782
## CPU time: 0:0:37, REAL time: 0:0:37
 iter = 631/6, route#: 6, violation# : 3, overflow# : 3, conflict# : 6, node#: 19780
## CPU time: 0:0:37, REAL time: 0:0:37
 iter = 632/7, route#: 6, violation# : 3, overflow# : 3, conflict# : 6, node#: 19780
## CPU time: 0:0:37, REAL time: 0:0:37
 iter = 633/8, route#: 7, violation# : 3, overflow# : 3, conflict# : 6, node#: 19785
## CPU time: 0:0:37, REAL time: 0:0:37
 iter = 634/9, route#: 6, violation# : 3, overflow# : 3, conflict# : 6, node#: 19785
## CPU time: 0:0:37, REAL time: 0:0:37
 iter = 635/10, route#: 6, violation# : 3, overflow# : 3, conflict# : 6, node#: 19785
## CPU time: 0:0:37, REAL time: 0:0:37
 iter = 636/5, route#: 8, violation# : 3, overflow# : 3, conflict# : 6, node#: 19779
## CPU time: 0:0:37, REAL time: 0:0:37
 iter = 637/6, route#: 6, violation# : 3, overflow# : 3, conflict# : 5, node#: 19780
## CPU time: 0:0:37, REAL time: 0:0:37
 iter = 638/7, route#: 5, violation# : 2, overflow# : 2, conflict# : 4, node#: 19782
## CPU time: 0:0:37, REAL time: 0:0:37
 iter = 639/8, route#: 4, violation# : 2, overflow# : 2, conflict# : 4, node#: 19785
## CPU time: 0:0:37, REAL time: 0:0:37
 iter = 640/9, route#: 5, violation# : 4, overflow# : 4, conflict# : 4, node#: 19786
## CPU time: 0:0:37, REAL time: 0:0:37
 iter = 641/10, route#: 4, violation# : 2, overflow# : 2, conflict# : 4, node#: 19790
## CPU time: 0:0:37, REAL time: 0:0:37
 iter = 642/5, route#: 3, violation# : 2, overflow# : 2, conflict# : 4, node#: 19787
## CPU time: 0:0:37, REAL time: 0:0:37
 iter = 643/6, route#: 4, violation# : 2, overflow# : 2, conflict# : 4, node#: 19788
## CPU time: 0:0:37, REAL time: 0:0:37
 iter = 644/7, route#: 5, violation# : 3, overflow# : 3, conflict# : 5, node#: 19783
## CPU time: 0:0:37, REAL time: 0:0:37
 iter = 645/8, route#: 4, violation# : 2, overflow# : 2, conflict# : 4, node#: 19788
## CPU time: 0:0:37, REAL time: 0:0:37
 iter = 646/9, route#: 5, violation# : 1, overflow# : 1, conflict# : 2, node#: 19788
## CPU time: 0:0:37, REAL time: 0:0:37
 iter = 647/10, route#: 4, violation# : 1, overflow# : 1, conflict# : 2, node#: 19796
## CPU time: 0:0:37, REAL time: 0:0:37
 iter = 648/5, route#: 2, violation# : 1, overflow# : 1, conflict# : 2, node#: 19796
## CPU time: 0:0:37, REAL time: 0:0:37
 iter = 649/6, route#: 2, violation# : 1, overflow# : 1, conflict# : 2, node#: 19796
## CPU time: 0:0:37, REAL time: 0:0:37
 iter = 650/7, route#: 2, violation# : 1, overflow# : 1, conflict# : 2, node#: 19795
## CPU time: 0:0:37, REAL time: 0:0:37
 iter = 651/8, route#: 2, violation# : 1, overflow# : 1, conflict# : 2, node#: 19795
## CPU time: 0:0:37, REAL time: 0:0:37
 iter = 652/9, route#: 2, violation# : 1, overflow# : 1, conflict# : 2, node#: 19795
## CPU time: 0:0:37, REAL time: 0:0:37
 iter = 653/10, route#: 2, violation# : 1, overflow# : 1, conflict# : 2, node#: 19795
## CPU time: 0:0:37, REAL time: 0:0:37
 iter = 654/5, route#: 2, violation# : 1, overflow# : 1, conflict# : 2, node#: 19796
## CPU time: 0:0:37, REAL time: 0:0:37
 iter = 655/6, route#: 2, violation# : 1, overflow# : 1, conflict# : 2, node#: 19796
## CPU time: 0:0:37, REAL time: 0:0:37
 iter = 656/7, route#: 2, violation# : 1, overflow# : 1, conflict# : 2, node#: 19795
## CPU time: 0:0:37, REAL time: 0:0:37
 iter = 657/8, route#: 2, violation# : 1, overflow# : 1, conflict# : 2, node#: 19795
## CPU time: 0:0:37, REAL time: 0:0:37
 iter = 658/9, route#: 2, violation# : 1, overflow# : 1, conflict# : 2, node#: 19795
## CPU time: 0:0:37, REAL time: 0:0:37
 iter = 659/10, route#: 2, violation# : 1, overflow# : 1, conflict# : 2, node#: 19795
## CPU time: 0:0:37, REAL time: 0:0:37
 iter = 660/5, route#: 2, violation# : 1, overflow# : 1, conflict# : 2, node#: 19791
## CPU time: 0:0:37, REAL time: 0:0:37
 iter = 661/6, route#: 2, violation# : 1, overflow# : 1, conflict# : 2, node#: 19797
## CPU time: 0:0:37, REAL time: 0:0:37
 iter = 662/7, route#: 2, violation# : 1, overflow# : 1, conflict# : 2, node#: 19797
## CPU time: 0:0:37, REAL time: 0:0:37
 iter = 663/8, route#: 2, violation# : 1, overflow# : 1, conflict# : 2, node#: 19797
## CPU time: 0:0:37, REAL time: 0:0:37
 iter = 664/9, route#: 2, violation# : 1, overflow# : 1, conflict# : 2, node#: 19797
## CPU time: 0:0:37, REAL time: 0:0:37
 iter = 665/10, route#: 2, violation# : 1, overflow# : 1, conflict# : 2, node#: 19797
## CPU time: 0:0:37, REAL time: 0:0:37
 iter = 666/5, route#: 2, violation# : 1, overflow# : 1, conflict# : 2, node#: 19797
## CPU time: 0:0:37, REAL time: 0:0:37
 iter = 667/6, route#: 2, violation# : 1, overflow# : 1, conflict# : 2, node#: 19797
## CPU time: 0:0:37, REAL time: 0:0:37
 iter = 668/7, route#: 2, violation# : 1, overflow# : 1, conflict# : 2, node#: 19797
## CPU time: 0:0:37, REAL time: 0:0:37
 iter = 669/8, route#: 2, violation# : 1, overflow# : 1, conflict# : 2, node#: 19804
## CPU time: 0:0:37, REAL time: 0:0:37
 iter = 670/9, route#: 2, violation# : 1, overflow# : 1, conflict# : 2, node#: 19797
## CPU time: 0:0:37, REAL time: 0:0:37
 iter = 671/10, route#: 5, violation# : 3, overflow# : 3, conflict# : 5, node#: 19796
## CPU time: 0:0:37, REAL time: 0:0:37
 iter = 672/5, route#: 5, violation# : 3, overflow# : 3, conflict# : 5, node#: 19796
## CPU time: 0:0:37, REAL time: 0:0:38
 iter = 673/6, route#: 5, violation# : 3, overflow# : 3, conflict# : 5, node#: 19796
## CPU time: 0:0:37, REAL time: 0:0:38
 iter = 674/7, route#: 4, violation# : 3, overflow# : 3, conflict# : 4, node#: 19798
## CPU time: 0:0:37, REAL time: 0:0:38
 iter = 675/8, route#: 3, violation# : 1, overflow# : 1, conflict# : 2, node#: 19804
## CPU time: 0:0:37, REAL time: 0:0:38
 iter = 676/9, route#: 2, violation# : 1, overflow# : 1, conflict# : 2, node#: 19797
## CPU time: 0:0:37, REAL time: 0:0:38
 iter = 677/10, route#: 2, violation# : 1, overflow# : 1, conflict# : 2, node#: 19801
## CPU time: 0:0:37, REAL time: 0:0:38
 iter = 678/5, route#: 3, violation# : 1, overflow# : 1, conflict# : 2, node#: 19800
## CPU time: 0:0:37, REAL time: 0:0:38
 iter = 679/6, route#: 2, violation# : 1, overflow# : 1, conflict# : 2, node#: 19800
## CPU time: 0:0:37, REAL time: 0:0:38
 iter = 680/7, route#: 2, violation# : 1, overflow# : 1, conflict# : 2, node#: 19800
## CPU time: 0:0:37, REAL time: 0:0:38
 iter = 681/8, route#: 2, violation# : 1, overflow# : 1, conflict# : 2, node#: 19800
## CPU time: 0:0:37, REAL time: 0:0:38
 iter = 682/9, route#: 2, violation# : 1, overflow# : 1, conflict# : 2, node#: 19800
## CPU time: 0:0:37, REAL time: 0:0:38
 iter = 683/10, route#: 2, violation# : 1, overflow# : 1, conflict# : 2, node#: 19806
## CPU time: 0:0:37, REAL time: 0:0:38
 iter = 684/5, route#: 2, violation# : 2, overflow# : 2, conflict# : 3, node#: 19801
## CPU time: 0:0:37, REAL time: 0:0:38
 iter = 685/6, route#: 3, violation# : 1, overflow# : 1, conflict# : 2, node#: 19810
## CPU time: 0:0:37, REAL time: 0:0:38
 iter = 686/7, route#: 2, violation# : 1, overflow# : 1, conflict# : 2, node#: 19810
## CPU time: 0:0:37, REAL time: 0:0:38
 iter = 687/8, route#: 2, violation# : 1, overflow# : 1, conflict# : 2, node#: 19810
## CPU time: 0:0:37, REAL time: 0:0:38
 iter = 688/9, route#: 2, violation# : 1, overflow# : 1, conflict# : 2, node#: 19810
## CPU time: 0:0:37, REAL time: 0:0:38
 iter = 689/10, route#: 2, violation# : 1, overflow# : 1, conflict# : 2, node#: 19810
## CPU time: 0:0:37, REAL time: 0:0:38
 iter = 690/5, route#: 3, violation# : 1, overflow# : 1, conflict# : 2, node#: 19807
## CPU time: 0:0:37, REAL time: 0:0:38
 iter = 691/6, route#: 2, violation# : 1, overflow# : 1, conflict# : 2, node#: 19807
## CPU time: 0:0:37, REAL time: 0:0:38
 iter = 692/7, route#: 2, violation# : 1, overflow# : 1, conflict# : 2, node#: 19807
## CPU time: 0:0:37, REAL time: 0:0:38
 iter = 693/8, route#: 2, violation# : 1, overflow# : 1, conflict# : 2, node#: 19808
## CPU time: 0:0:37, REAL time: 0:0:38
 iter = 694/9, route#: 2, violation# : 1, overflow# : 1, conflict# : 2, node#: 19807
## CPU time: 0:0:37, REAL time: 0:0:38
 iter = 695/10, route#: 2, violation# : 1, overflow# : 1, conflict# : 2, node#: 19812
## CPU time: 0:0:37, REAL time: 0:0:38
 iter = 696/5, route#: 3, violation# : 3, overflow# : 3, conflict# : 4, node#: 19803
## CPU time: 0:0:37, REAL time: 0:0:38
 iter = 697/6, route#: 4, violation# : 3, overflow# : 3, conflict# : 4, node#: 19803
## CPU time: 0:0:37, REAL time: 0:0:38
 iter = 698/7, route#: 5, violation# : 2, overflow# : 2, conflict# : 3, node#: 19805
## CPU time: 0:0:37, REAL time: 0:0:38
 iter = 699/8, route#: 2, violation# : 2, overflow# : 2, conflict# : 2, node#: 19808
## CPU time: 0:0:37, REAL time: 0:0:38
 iter = 700/9, route#: 2, violation# : 1, overflow# : 1, conflict# : 2, node#: 19809
## CPU time: 0:0:37, REAL time: 0:0:38
 iter = 701/10, route#: 2, violation# : 1, overflow# : 1, conflict# : 2, node#: 19809
## CPU time: 0:0:37, REAL time: 0:0:38
 iter = 702/5, route#: 3, violation# : 1, overflow# : 1, conflict# : 2, node#: 19808
## CPU time: 0:0:37, REAL time: 0:0:38
 iter = 703/6, route#: 3, violation# : 2, overflow# : 2, conflict# : 3, node#: 19808
## CPU time: 0:0:37, REAL time: 0:0:38
 iter = 704/7, route#: 4, violation# : 1, overflow# : 1, conflict# : 2, node#: 19815
## CPU time: 0:0:37, REAL time: 0:0:38
 iter = 705/8, route#: 2, violation# : 1, overflow# : 1, conflict# : 2, node#: 19815
## CPU time: 0:0:37, REAL time: 0:0:38
 iter = 706/9, route#: 5, violation# : 2, overflow# : 2, conflict# : 4, node#: 19812
## CPU time: 0:0:37, REAL time: 0:0:38
 iter = 707/10, route#: 3, violation# : 2, overflow# : 2, conflict# : 3, node#: 19812
## CPU time: 0:0:37, REAL time: 0:0:38
 iter = 708/5, route#: 3, violation# : 1, overflow# : 1, conflict# : 2, node#: 19811
## CPU time: 0:0:37, REAL time: 0:0:38
 iter = 709/6, route#: 2, violation# : 2, overflow# : 2, conflict# : 3, node#: 19819
## CPU time: 0:0:37, REAL time: 0:0:38
 iter = 710/7, route#: 10, violation# : 4, overflow# : 4, conflict# : 6, node#: 19838
## CPU time: 0:0:37, REAL time: 0:0:38
 iter = 711/8, route#: 3, violation# : 1, overflow# : 1, conflict# : 2, node#: 19828
## CPU time: 0:0:37, REAL time: 0:0:38
 iter = 712/9, route#: 2, violation# : 1, overflow# : 1, conflict# : 2, node#: 19828
## CPU time: 0:0:37, REAL time: 0:0:38
 iter = 713/10, route#: 2, violation# : 1, overflow# : 1, conflict# : 2, node#: 19828
## CPU time: 0:0:37, REAL time: 0:0:38
 iter = 714/5, route#: 2, violation# : 1, overflow# : 1, conflict# : 2, node#: 19828
## CPU time: 0:0:37, REAL time: 0:0:38
 iter = 715/6, route#: 2, violation# : 1, overflow# : 1, conflict# : 2, node#: 19828
## CPU time: 0:0:37, REAL time: 0:0:38
 iter = 716/7, route#: 2, violation# : 1, overflow# : 1, conflict# : 2, node#: 19828
## CPU time: 0:0:37, REAL time: 0:0:38
 iter = 717/8, route#: 4, violation# : 1, overflow# : 1, conflict# : 2, node#: 19841
## CPU time: 0:0:37, REAL time: 0:0:38
 iter = 718/9, route#: 2, violation# : 1, overflow# : 1, conflict# : 2, node#: 19841
## CPU time: 0:0:37, REAL time: 0:0:38
 iter = 719/10, route#: 2, violation# : 1, overflow# : 1, conflict# : 2, node#: 19841
## CPU time: 0:0:37, REAL time: 0:0:38
 iter = 720/5, route#: 2, violation# : 1, overflow# : 1, conflict# : 2, node#: 19835
## CPU time: 0:0:37, REAL time: 0:0:38
 iter = 721/6, route#: 2, violation# : 1, overflow# : 1, conflict# : 2, node#: 19841
## CPU time: 0:0:37, REAL time: 0:0:38
 iter = 722/7, route#: 2, violation# : 1, overflow# : 1, conflict# : 2, node#: 19835
## CPU time: 0:0:37, REAL time: 0:0:38
 iter = 723/8, route#: 2, violation# : 1, overflow# : 1, conflict# : 2, node#: 19841
## CPU time: 0:0:37, REAL time: 0:0:38
 iter = 724/9, route#: 6, violation# : 3, overflow# : 3, conflict# : 4, node#: 19856
## CPU time: 0:0:37, REAL time: 0:0:38
 iter = 725/10, route#: 5, violation# : 2, overflow# : 2, conflict# : 3, node#: 19850
## CPU time: 0:0:37, REAL time: 0:0:38
 iter = 726/5, route#: 3, violation# : 1, overflow# : 1, conflict# : 2, node#: 19839
## CPU time: 0:0:38, REAL time: 0:0:38
 iter = 727/6, route#: 2, violation# : 1, overflow# : 1, conflict# : 2, node#: 19845
## CPU time: 0:0:38, REAL time: 0:0:38
 iter = 728/7, route#: 2, violation# : 1, overflow# : 1, conflict# : 2, node#: 19839
## CPU time: 0:0:38, REAL time: 0:0:38
 iter = 729/8, route#: 2, violation# : 1, overflow# : 1, conflict# : 2, node#: 19845
## CPU time: 0:0:38, REAL time: 0:0:38
 iter = 730/9, route#: 3, violation# : 2, overflow# : 2, conflict# : 3, node#: 19849
## CPU time: 0:0:38, REAL time: 0:0:38
 iter = 731/10, route#: 4, violation# : 3, overflow# : 3, conflict# : 4, node#: 19848
## CPU time: 0:0:38, REAL time: 0:0:38
 iter = 732/5, route#: 6, violation# : 4, overflow# : 4, conflict# : 6, node#: 19845
## CPU time: 0:0:38, REAL time: 0:0:38
 iter = 733/6, route#: 7, violation# : 4, overflow# : 4, conflict# : 6, node#: 19844
## CPU time: 0:0:38, REAL time: 0:0:38
 iter = 734/7, route#: 7, violation# : 2, overflow# : 2, conflict# : 4, node#: 19847
## CPU time: 0:0:38, REAL time: 0:0:38
 iter = 735/8, route#: 4, violation# : 1, overflow# : 1, conflict# : 2, node#: 19849
## CPU time: 0:0:38, REAL time: 0:0:38
 iter = 736/9, route#: 2, violation# : 1, overflow# : 1, conflict# : 2, node#: 19849
## CPU time: 0:0:38, REAL time: 0:0:38
 iter = 737/10, route#: 2, violation# : 1, overflow# : 1, conflict# : 2, node#: 19850
## CPU time: 0:0:38, REAL time: 0:0:38
 iter = 738/5, route#: 2, violation# : 1, overflow# : 1, conflict# : 2, node#: 19844
## CPU time: 0:0:38, REAL time: 0:0:38
 iter = 739/6, route#: 2, violation# : 1, overflow# : 1, conflict# : 2, node#: 19849
## CPU time: 0:0:38, REAL time: 0:0:38
 iter = 740/7, route#: 4, violation# : 1, overflow# : 1, conflict# : 2, node#: 19855
## CPU time: 0:0:38, REAL time: 0:0:38
 iter = 741/8, route#: 2, violation# : 1, overflow# : 1, conflict# : 2, node#: 19852
## CPU time: 0:0:38, REAL time: 0:0:38
 iter = 742/9, route#: 2, violation# : 1, overflow# : 1, conflict# : 2, node#: 19852
## CPU time: 0:0:38, REAL time: 0:0:38
 iter = 743/10, route#: 3, violation# : 1, overflow# : 1, conflict# : 2, node#: 19853
## CPU time: 0:0:38, REAL time: 0:0:38
 iter = 744/5, route#: 2, violation# : 1, overflow# : 1, conflict# : 2, node#: 19852
## CPU time: 0:0:38, REAL time: 0:0:38
 iter = 745/6, route#: 3, violation# : 1, overflow# : 1, conflict# : 2, node#: 19853
## CPU time: 0:0:38, REAL time: 0:0:38
 iter = 746/7, route#: 2, violation# : 1, overflow# : 1, conflict# : 2, node#: 19852
## CPU time: 0:0:38, REAL time: 0:0:38
 iter = 747/8, route#: 3, violation# : 1, overflow# : 1, conflict# : 2, node#: 19853
## CPU time: 0:0:38, REAL time: 0:0:38
 iter = 748/9, route#: 3, violation# : 2, overflow# : 2, conflict# : 2, node#: 19855
## CPU time: 0:0:38, REAL time: 0:0:38
 iter = 749/10, route#: 2, violation# : 1, overflow# : 1, conflict# : 2, node#: 19855
## CPU time: 0:0:38, REAL time: 0:0:38
 iter = 750/5, route#: 2, violation# : 1, overflow# : 1, conflict# : 2, node#: 19855
## CPU time: 0:0:38, REAL time: 0:0:38
 iter = 751/6, route#: 2, violation# : 1, overflow# : 1, conflict# : 2, node#: 19855
## CPU time: 0:0:38, REAL time: 0:0:38
 iter = 752/7, route#: 2, violation# : 1, overflow# : 1, conflict# : 2, node#: 19855
## CPU time: 0:0:38, REAL time: 0:0:38
 iter = 753/8, route#: 2, violation# : 1, overflow# : 1, conflict# : 2, node#: 19855
## CPU time: 0:0:38, REAL time: 0:0:38
 iter = 754/9, route#: 2, violation# : 1, overflow# : 1, conflict# : 2, node#: 19855
## CPU time: 0:0:38, REAL time: 0:0:38
 iter = 755/10, route#: 2, violation# : 1, overflow# : 1, conflict# : 2, node#: 19855
## CPU time: 0:0:38, REAL time: 0:0:38
 iter = 756/5, route#: 2, violation# : 2, overflow# : 2, conflict# : 3, node#: 19855
## CPU time: 0:0:38, REAL time: 0:0:38
 iter = 757/6, route#: 4, violation# : 3, overflow# : 3, conflict# : 4, node#: 19862
## CPU time: 0:0:38, REAL time: 0:0:38
 iter = 758/7, route#: 5, violation# : 2, overflow# : 2, conflict# : 4, node#: 19859
## CPU time: 0:0:38, REAL time: 0:0:38
 iter = 759/8, route#: 7, violation# : 3, overflow# : 3, conflict# : 5, node#: 19865
## CPU time: 0:0:38, REAL time: 0:0:38
 iter = 760/9, route#: 5, violation# : 2, overflow# : 2, conflict# : 3, node#: 19876
## CPU time: 0:0:38, REAL time: 0:0:38
 iter = 761/10, route#: 5, violation# : 2, overflow# : 2, conflict# : 4, node#: 19879
## CPU time: 0:0:38, REAL time: 0:0:38
 iter = 762/5, route#: 4, violation# : 2, overflow# : 2, conflict# : 4, node#: 19875
## CPU time: 0:0:38, REAL time: 0:0:38
 iter = 763/6, route#: 4, violation# : 2, overflow# : 2, conflict# : 4, node#: 19879
## CPU time: 0:0:38, REAL time: 0:0:38
 iter = 764/7, route#: 4, violation# : 2, overflow# : 2, conflict# : 4, node#: 19875
## CPU time: 0:0:38, REAL time: 0:0:38
 iter = 765/8, route#: 4, violation# : 2, overflow# : 2, conflict# : 4, node#: 19880
## CPU time: 0:0:38, REAL time: 0:0:38
 iter = 766/9, route#: 4, violation# : 2, overflow# : 2, conflict# : 4, node#: 19875
## CPU time: 0:0:38, REAL time: 0:0:38
 iter = 767/10, route#: 4, violation# : 1, overflow# : 1, conflict# : 2, node#: 19879
## CPU time: 0:0:38, REAL time: 0:0:38
 iter = 768/5, route#: 2, violation# : 1, overflow# : 1, conflict# : 2, node#: 19878
## CPU time: 0:0:38, REAL time: 0:0:38
 iter = 769/6, route#: 2, violation# : 1, overflow# : 1, conflict# : 2, node#: 19879
## CPU time: 0:0:38, REAL time: 0:0:38
 iter = 770/7, route#: 1, violation# : 0, overflow# : 0, conflict# : 0, node#: 19879
## CPU time: 0:0:39, REAL time: 0:0:39
 iter = 771/2, route#: 610, violation# : 554, overflow# : 548, conflict# : 497, node#: 18840
## CPU time: 0:0:39, REAL time: 0:0:40
 iter = 772/3, route#: 535, violation# : 227, overflow# : 227, conflict# : 293, node#: 19250
## CPU time: 0:0:40, REAL time: 0:0:40
 iter = 773/4, route#: 383, violation# : 106, overflow# : 106, conflict# : 153, node#: 19486
## CPU time: 0:0:40, REAL time: 0:0:40
 iter = 774/5, route#: 266, violation# : 39, overflow# : 39, conflict# : 68, node#: 19650
## CPU time: 0:0:40, REAL time: 0:0:41
 iter = 775/6, route#: 225, violation# : 18, overflow# : 18, conflict# : 33, node#: 19693
## CPU time: 0:0:40, REAL time: 0:0:41
 iter = 776/4, route#: 252, violation# : 42, overflow# : 42, conflict# : 70, node#: 19624
## CPU time: 0:0:41, REAL time: 0:0:41
 iter = 777/5, route#: 225, violation# : 22, overflow# : 22, conflict# : 39, node#: 19669
## CPU time: 0:0:41, REAL time: 0:0:41
 iter = 778/6, route#: 190, violation# : 10, overflow# : 10, conflict# : 20, node#: 19685
## CPU time: 0:0:41, REAL time: 0:0:41
 iter = 779/7, route#: 187, violation# : 5, overflow# : 5, conflict# : 10, node#: 19732
## CPU time: 0:0:41, REAL time: 0:0:41
 iter = 780/8, route#: 175, violation# : 3, overflow# : 3, conflict# : 6, node#: 19718
## CPU time: 0:0:41, REAL time: 0:0:41
 iter = 781/9, route#: 177, violation# : 5, overflow# : 5, conflict# : 9, node#: 19715
## CPU time: 0:0:41, REAL time: 0:0:42
 iter = 782/4, route#: 198, violation# : 20, overflow# : 20, conflict# : 39, node#: 19660
## CPU time: 0:0:41, REAL time: 0:0:42
 iter = 783/5, route#: 191, violation# : 8, overflow# : 8, conflict# : 16, node#: 19709
## CPU time: 0:0:41, REAL time: 0:0:42
 iter = 784/6, route#: 174, violation# : 7, overflow# : 7, conflict# : 12, node#: 19710
## CPU time: 0:0:42, REAL time: 0:0:42
 iter = 785/7, route#: 180, violation# : 5, overflow# : 5, conflict# : 9, node#: 19722
## CPU time: 0:0:42, REAL time: 0:0:42
 iter = 786/8, route#: 171, violation# : 5, overflow# : 5, conflict# : 8, node#: 19716
## CPU time: 0:0:42, REAL time: 0:0:42
 iter = 787/9, route#: 169, violation# : 3, overflow# : 3, conflict# : 5, node#: 19727
## CPU time: 0:0:42, REAL time: 0:0:42
 iter = 788/5, route#: 8, violation# : 4, overflow# : 4, conflict# : 7, node#: 19723
## CPU time: 0:0:42, REAL time: 0:0:42
 iter = 789/6, route#: 4, violation# : 2, overflow# : 2, conflict# : 3, node#: 19732
## CPU time: 0:0:42, REAL time: 0:0:42
 iter = 790/7, route#: 4, violation# : 2, overflow# : 2, conflict# : 4, node#: 19732
## CPU time: 0:0:42, REAL time: 0:0:42
 iter = 791/8, route#: 7, violation# : 3, overflow# : 3, conflict# : 5, node#: 19737
## CPU time: 0:0:42, REAL time: 0:0:42
 iter = 792/9, route#: 8, violation# : 2, overflow# : 2, conflict# : 4, node#: 19727
## CPU time: 0:0:42, REAL time: 0:0:42
 iter = 793/10, route#: 4, violation# : 1, overflow# : 1, conflict# : 2, node#: 19728
## CPU time: 0:0:42, REAL time: 0:0:42
 iter = 794/5, route#: 3, violation# : 2, overflow# : 2, conflict# : 3, node#: 19723
## CPU time: 0:0:42, REAL time: 0:0:42
 iter = 795/6, route#: 2, violation# : 1, overflow# : 1, conflict# : 2, node#: 19728
## CPU time: 0:0:42, REAL time: 0:0:42
 iter = 796/7, route#: 2, violation# : 1, overflow# : 1, conflict# : 2, node#: 19727
## CPU time: 0:0:42, REAL time: 0:0:42
 iter = 797/8, route#: 2, violation# : 1, overflow# : 1, conflict# : 2, node#: 19727
## CPU time: 0:0:42, REAL time: 0:0:42
 iter = 798/9, route#: 2, violation# : 1, overflow# : 1, conflict# : 2, node#: 19728
## CPU time: 0:0:42, REAL time: 0:0:42
 iter = 799/10, route#: 3, violation# : 1, overflow# : 1, conflict# : 2, node#: 19733
## CPU time: 0:0:42, REAL time: 0:0:42
 iter = 800/5, route#: 5, violation# : 3, overflow# : 3, conflict# : 5, node#: 19735
## CPU time: 0:0:42, REAL time: 0:0:42
 iter = 801/6, route#: 5, violation# : 1, overflow# : 1, conflict# : 2, node#: 19737
## CPU time: 0:0:42, REAL time: 0:0:42
 iter = 802/7, route#: 2, violation# : 1, overflow# : 1, conflict# : 2, node#: 19737
## CPU time: 0:0:42, REAL time: 0:0:42
 iter = 803/8, route#: 3, violation# : 1, overflow# : 1, conflict# : 2, node#: 19754
## CPU time: 0:0:42, REAL time: 0:0:42
 iter = 804/9, route#: 6, violation# : 2, overflow# : 2, conflict# : 3, node#: 19738
## CPU time: 0:0:42, REAL time: 0:0:42
 iter = 805/10, route#: 3, violation# : 2, overflow# : 2, conflict# : 3, node#: 19738
## CPU time: 0:0:42, REAL time: 0:0:42
 iter = 806/5, route#: 3, violation# : 2, overflow# : 2, conflict# : 3, node#: 19738
## CPU time: 0:0:42, REAL time: 0:0:42
 iter = 807/6, route#: 5, violation# : 2, overflow# : 2, conflict# : 4, node#: 19740
## CPU time: 0:0:42, REAL time: 0:0:43
 iter = 808/7, route#: 2, violation# : 0, overflow# : 0, conflict# : 0, node#: 19746
## CPU time: 0:0:43, REAL time: 0:0:43
 iter = 809/2, route#: 479, violation# : 378, overflow# : 378, conflict# : 370, node#: 19040
## CPU time: 0:0:43, REAL time: 0:0:44
 iter = 810/3, route#: 449, violation# : 147, overflow# : 147, conflict# : 202, node#: 19343
## CPU time: 0:0:44, REAL time: 0:0:44
 iter = 811/4, route#: 316, violation# : 67, overflow# : 67, conflict# : 107, node#: 19504
## CPU time: 0:0:44, REAL time: 0:0:44
 iter = 812/5, route#: 244, violation# : 26, overflow# : 26, conflict# : 49, node#: 19587
## CPU time: 0:0:44, REAL time: 0:0:45
 iter = 813/6, route#: 216, violation# : 21, overflow# : 21, conflict# : 37, node#: 19645
## CPU time: 0:0:44, REAL time: 0:0:45
 iter = 814/4, route#: 249, violation# : 44, overflow# : 44, conflict# : 72, node#: 19544
## CPU time: 0:0:44, REAL time: 0:0:45
 iter = 815/5, route#: 223, violation# : 20, overflow# : 20, conflict# : 37, node#: 19633
## CPU time: 0:0:45, REAL time: 0:0:45
 iter = 816/6, route#: 210, violation# : 15, overflow# : 15, conflict# : 27, node#: 19647
## CPU time: 0:0:45, REAL time: 0:0:45
 iter = 817/7, route#: 204, violation# : 11, overflow# : 11, conflict# : 21, node#: 19652
## CPU time: 0:0:45, REAL time: 0:0:45
 iter = 818/8, route#: 200, violation# : 9, overflow# : 9, conflict# : 17, node#: 19668
## CPU time: 0:0:45, REAL time: 0:0:46
 iter = 819/9, route#: 208, violation# : 13, overflow# : 13, conflict# : 22, node#: 19690
## CPU time: 0:0:45, REAL time: 0:0:46
 iter = 820/4, route#: 225, violation# : 25, overflow# : 25, conflict# : 43, node#: 19635
## CPU time: 0:0:45, REAL time: 0:0:46
 iter = 821/5, route#: 213, violation# : 12, overflow# : 12, conflict# : 24, node#: 19670
## CPU time: 0:0:46, REAL time: 0:0:46
 iter = 822/6, route#: 205, violation# : 12, overflow# : 12, conflict# : 23, node#: 19679
## CPU time: 0:0:46, REAL time: 0:0:46
 iter = 823/7, route#: 204, violation# : 6, overflow# : 6, conflict# : 12, node#: 19710
## CPU time: 0:0:46, REAL time: 0:0:46
 iter = 824/8, route#: 195, violation# : 5, overflow# : 5, conflict# : 10, node#: 19728
## CPU time: 0:0:46, REAL time: 0:0:46
 iter = 825/9, route#: 196, violation# : 5, overflow# : 5, conflict# : 10, node#: 19707
## CPU time: 0:0:46, REAL time: 0:0:47
 iter = 826/5, route#: 10, violation# : 5, overflow# : 5, conflict# : 10, node#: 19709
## CPU time: 0:0:46, REAL time: 0:0:47
 iter = 827/6, route#: 13, violation# : 7, overflow# : 7, conflict# : 13, node#: 19727
## CPU time: 0:0:46, REAL time: 0:0:47
 iter = 828/7, route#: 12, violation# : 5, overflow# : 5, conflict# : 10, node#: 19738
## CPU time: 0:0:46, REAL time: 0:0:47
 iter = 829/8, route#: 10, violation# : 5, overflow# : 5, conflict# : 10, node#: 19731
## CPU time: 0:0:46, REAL time: 0:0:47
 iter = 830/9, route#: 10, violation# : 5, overflow# : 5, conflict# : 10, node#: 19736
## CPU time: 0:0:46, REAL time: 0:0:47
 iter = 831/10, route#: 11, violation# : 5, overflow# : 5, conflict# : 10, node#: 19729
## CPU time: 0:0:46, REAL time: 0:0:47
 iter = 832/5, route#: 9, violation# : 6, overflow# : 6, conflict# : 11, node#: 19729
## CPU time: 0:0:46, REAL time: 0:0:47
 iter = 833/6, route#: 11, violation# : 5, overflow# : 5, conflict# : 8, node#: 19742
## CPU time: 0:0:46, REAL time: 0:0:47
 iter = 834/7, route#: 8, violation# : 4, overflow# : 4, conflict# : 8, node#: 19741
## CPU time: 0:0:46, REAL time: 0:0:47
 iter = 835/8, route#: 12, violation# : 4, overflow# : 4, conflict# : 8, node#: 19747
## CPU time: 0:0:46, REAL time: 0:0:47
 iter = 836/9, route#: 9, violation# : 5, overflow# : 5, conflict# : 8, node#: 19746
## CPU time: 0:0:46, REAL time: 0:0:47
 iter = 837/10, route#: 9, violation# : 5, overflow# : 5, conflict# : 9, node#: 19748
## CPU time: 0:0:46, REAL time: 0:0:47
 iter = 838/5, route#: 9, violation# : 5, overflow# : 5, conflict# : 9, node#: 19739
## CPU time: 0:0:46, REAL time: 0:0:47
 iter = 839/6, route#: 8, violation# : 5, overflow# : 5, conflict# : 7, node#: 19743
## CPU time: 0:0:46, REAL time: 0:0:47
 iter = 840/7, route#: 8, violation# : 6, overflow# : 6, conflict# : 8, node#: 19752
## CPU time: 0:0:46, REAL time: 0:0:47
 iter = 841/8, route#: 11, violation# : 7, overflow# : 7, conflict# : 10, node#: 19748
## CPU time: 0:0:46, REAL time: 0:0:47
 iter = 842/9, route#: 18, violation# : 6, overflow# : 6, conflict# : 10, node#: 19760
## CPU time: 0:0:46, REAL time: 0:0:47
 iter = 843/10, route#: 18, violation# : 6, overflow# : 6, conflict# : 10, node#: 19782
## CPU time: 0:0:46, REAL time: 0:0:47
 iter = 844/5, route#: 15, violation# : 9, overflow# : 9, conflict# : 11, node#: 19787
## CPU time: 0:0:46, REAL time: 0:0:47
 iter = 845/6, route#: 17, violation# : 9, overflow# : 9, conflict# : 14, node#: 19796
## CPU time: 0:0:46, REAL time: 0:0:47
 iter = 846/7, route#: 10, violation# : 3, overflow# : 3, conflict# : 6, node#: 19796
## CPU time: 0:0:46, REAL time: 0:0:47
 iter = 847/8, route#: 7, violation# : 4, overflow# : 4, conflict# : 7, node#: 19797
## CPU time: 0:0:46, REAL time: 0:0:47
 iter = 848/9, route#: 6, violation# : 3, overflow# : 3, conflict# : 6, node#: 19803
## CPU time: 0:0:46, REAL time: 0:0:47
 iter = 849/10, route#: 7, violation# : 4, overflow# : 4, conflict# : 7, node#: 19802
## CPU time: 0:0:46, REAL time: 0:0:47
 iter = 850/5, route#: 6, violation# : 4, overflow# : 4, conflict# : 7, node#: 19796
## CPU time: 0:0:46, REAL time: 0:0:47
 iter = 851/6, route#: 7, violation# : 5, overflow# : 5, conflict# : 7, node#: 19793
## CPU time: 0:0:46, REAL time: 0:0:47
 iter = 852/7, route#: 11, violation# : 5, overflow# : 5, conflict# : 8, node#: 19803
## CPU time: 0:0:46, REAL time: 0:0:47
 iter = 853/8, route#: 8, violation# : 5, overflow# : 5, conflict# : 8, node#: 19802
## CPU time: 0:0:47, REAL time: 0:0:47
 iter = 854/9, route#: 11, violation# : 5, overflow# : 5, conflict# : 8, node#: 19819
## CPU time: 0:0:47, REAL time: 0:0:47
 iter = 855/10, route#: 7, violation# : 3, overflow# : 3, conflict# : 6, node#: 19817
## CPU time: 0:0:47, REAL time: 0:0:47
 iter = 856/5, route#: 8, violation# : 4, overflow# : 4, conflict# : 7, node#: 19810
## CPU time: 0:0:47, REAL time: 0:0:47
 iter = 857/6, route#: 9, violation# : 5, overflow# : 5, conflict# : 6, node#: 19812
## CPU time: 0:0:47, REAL time: 0:0:47
 iter = 858/7, route#: 6, violation# : 3, overflow# : 3, conflict# : 4, node#: 19811
## CPU time: 0:0:47, REAL time: 0:0:47
 iter = 859/8, route#: 4, violation# : 3, overflow# : 3, conflict# : 4, node#: 19811
## CPU time: 0:0:47, REAL time: 0:0:47
 iter = 860/9, route#: 4, violation# : 3, overflow# : 3, conflict# : 4, node#: 19817
## CPU time: 0:0:47, REAL time: 0:0:47
 iter = 861/10, route#: 5, violation# : 3, overflow# : 3, conflict# : 5, node#: 19817
## CPU time: 0:0:47, REAL time: 0:0:47
 iter = 862/5, route#: 4, violation# : 3, overflow# : 3, conflict# : 5, node#: 19811
## CPU time: 0:0:47, REAL time: 0:0:47
 iter = 863/6, route#: 6, violation# : 3, overflow# : 3, conflict# : 5, node#: 19813
## CPU time: 0:0:47, REAL time: 0:0:47
 iter = 864/7, route#: 4, violation# : 2, overflow# : 2, conflict# : 4, node#: 19813
## CPU time: 0:0:47, REAL time: 0:0:47
 iter = 865/8, route#: 6, violation# : 3, overflow# : 3, conflict# : 5, node#: 19814
## CPU time: 0:0:47, REAL time: 0:0:47
 iter = 866/9, route#: 6, violation# : 3, overflow# : 3, conflict# : 5, node#: 19817
## CPU time: 0:0:47, REAL time: 0:0:47
 iter = 867/10, route#: 5, violation# : 3, overflow# : 3, conflict# : 5, node#: 19818
## CPU time: 0:0:47, REAL time: 0:0:47
 iter = 868/5, route#: 6, violation# : 3, overflow# : 3, conflict# : 5, node#: 19813
## CPU time: 0:0:47, REAL time: 0:0:47
 iter = 869/6, route#: 7, violation# : 4, overflow# : 4, conflict# : 6, node#: 19814
## CPU time: 0:0:47, REAL time: 0:0:47
 iter = 870/7, route#: 5, violation# : 3, overflow# : 3, conflict# : 5, node#: 19814
## CPU time: 0:0:47, REAL time: 0:0:47
 iter = 871/8, route#: 6, violation# : 4, overflow# : 4, conflict# : 6, node#: 19814
## CPU time: 0:0:47, REAL time: 0:0:47
 iter = 872/9, route#: 5, violation# : 3, overflow# : 3, conflict# : 5, node#: 19819
## CPU time: 0:0:47, REAL time: 0:0:47
 iter = 873/10, route#: 6, violation# : 3, overflow# : 3, conflict# : 5, node#: 19820
## CPU time: 0:0:47, REAL time: 0:0:47
 iter = 874/5, route#: 4, violation# : 3, overflow# : 3, conflict# : 5, node#: 19814
## CPU time: 0:0:47, REAL time: 0:0:47
 iter = 875/6, route#: 7, violation# : 5, overflow# : 5, conflict# : 8, node#: 19806
## CPU time: 0:0:47, REAL time: 0:0:47
 iter = 876/7, route#: 12, violation# : 5, overflow# : 5, conflict# : 9, node#: 19812
## CPU time: 0:0:47, REAL time: 0:0:47
 iter = 877/8, route#: 10, violation# : 5, overflow# : 5, conflict# : 9, node#: 19821
## CPU time: 0:0:47, REAL time: 0:0:47
 iter = 878/9, route#: 9, violation# : 5, overflow# : 5, conflict# : 9, node#: 19819
## CPU time: 0:0:47, REAL time: 0:0:47
 iter = 879/10, route#: 10, violation# : 6, overflow# : 6, conflict# : 10, node#: 19818
## CPU time: 0:0:47, REAL time: 0:0:47
 iter = 880/5, route#: 15, violation# : 8, overflow# : 8, conflict# : 12, node#: 19821
## CPU time: 0:0:47, REAL time: 0:0:47
 iter = 881/6, route#: 11, violation# : 7, overflow# : 7, conflict# : 11, node#: 19822
## CPU time: 0:0:47, REAL time: 0:0:47
 iter = 882/7, route#: 19, violation# : 10, overflow# : 10, conflict# : 16, node#: 19833
## CPU time: 0:0:47, REAL time: 0:0:47
 iter = 883/8, route#: 16, violation# : 7, overflow# : 7, conflict# : 12, node#: 19835
## CPU time: 0:0:47, REAL time: 0:0:47
 iter = 884/9, route#: 15, violation# : 6, overflow# : 6, conflict# : 11, node#: 19839
## CPU time: 0:0:47, REAL time: 0:0:47
 iter = 885/10, route#: 11, violation# : 5, overflow# : 5, conflict# : 9, node#: 19843
## CPU time: 0:0:47, REAL time: 0:0:47
 iter = 886/5, route#: 11, violation# : 5, overflow# : 5, conflict# : 9, node#: 19830
## CPU time: 0:0:47, REAL time: 0:0:47
 iter = 887/6, route#: 8, violation# : 4, overflow# : 4, conflict# : 8, node#: 19832
## CPU time: 0:0:47, REAL time: 0:0:47
 iter = 888/7, route#: 8, violation# : 3, overflow# : 3, conflict# : 6, node#: 19830
## CPU time: 0:0:47, REAL time: 0:0:47
 iter = 889/8, route#: 7, violation# : 4, overflow# : 4, conflict# : 7, node#: 19838
## CPU time: 0:0:47, REAL time: 0:0:47
 iter = 890/9, route#: 6, violation# : 3, overflow# : 3, conflict# : 6, node#: 19838
## CPU time: 0:0:47, REAL time: 0:0:47
 iter = 891/10, route#: 6, violation# : 3, overflow# : 3, conflict# : 6, node#: 19830
## CPU time: 0:0:47, REAL time: 0:0:47
 iter = 892/5, route#: 6, violation# : 3, overflow# : 3, conflict# : 6, node#: 19825
## CPU time: 0:0:47, REAL time: 0:0:47
 iter = 893/6, route#: 6, violation# : 5, overflow# : 5, conflict# : 7, node#: 19832
## CPU time: 0:0:47, REAL time: 0:0:47
 iter = 894/7, route#: 6, violation# : 3, overflow# : 3, conflict# : 6, node#: 19837
## CPU time: 0:0:47, REAL time: 0:0:47
 iter = 895/8, route#: 6, violation# : 3, overflow# : 3, conflict# : 6, node#: 19838
## CPU time: 0:0:47, REAL time: 0:0:47
 iter = 896/9, route#: 7, violation# : 4, overflow# : 4, conflict# : 7, node#: 19842
## CPU time: 0:0:47, REAL time: 0:0:48
 iter = 897/10, route#: 18, violation# : 7, overflow# : 7, conflict# : 11, node#: 19875
## CPU time: 0:0:47, REAL time: 0:0:48
 iter = 898/5, route#: 24, violation# : 19, overflow# : 19, conflict# : 20, node#: 19831
## CPU time: 0:0:47, REAL time: 0:0:48
 iter = 899/6, route#: 26, violation# : 10, overflow# : 10, conflict# : 12, node#: 19863
## CPU time: 0:0:47, REAL time: 0:0:48
 iter = 900/7, route#: 11, violation# : 6, overflow# : 6, conflict# : 7, node#: 19874
## CPU time: 0:0:47, REAL time: 0:0:48
 iter = 901/8, route#: 9, violation# : 7, overflow# : 7, conflict# : 9, node#: 19892
## CPU time: 0:0:47, REAL time: 0:0:48
 iter = 902/9, route#: 13, violation# : 5, overflow# : 5, conflict# : 8, node#: 19907
## CPU time: 0:0:47, REAL time: 0:0:48
 iter = 903/10, route#: 8, violation# : 6, overflow# : 6, conflict# : 8, node#: 19897
## CPU time: 0:0:47, REAL time: 0:0:48
 iter = 904/5, route#: 9, violation# : 4, overflow# : 4, conflict# : 8, node#: 19883
## CPU time: 0:0:47, REAL time: 0:0:48
 iter = 905/6, route#: 12, violation# : 7, overflow# : 7, conflict# : 10, node#: 19896
## CPU time: 0:0:47, REAL time: 0:0:48
 iter = 906/7, route#: 20, violation# : 10, overflow# : 10, conflict# : 14, node#: 19904
## CPU time: 0:0:47, REAL time: 0:0:48
 iter = 907/8, route#: 8, violation# : 3, overflow# : 3, conflict# : 6, node#: 19910
## CPU time: 0:0:47, REAL time: 0:0:48
 iter = 908/9, route#: 7, violation# : 4, overflow# : 4, conflict# : 7, node#: 19908
## CPU time: 0:0:47, REAL time: 0:0:48
 iter = 909/10, route#: 7, violation# : 2, overflow# : 2, conflict# : 4, node#: 19915
## CPU time: 0:0:47, REAL time: 0:0:48
 iter = 910/5, route#: 5, violation# : 3, overflow# : 3, conflict# : 5, node#: 19913
## CPU time: 0:0:47, REAL time: 0:0:48
 iter = 911/6, route#: 4, violation# : 3, overflow# : 3, conflict# : 4, node#: 19911
## CPU time: 0:0:47, REAL time: 0:0:48
 iter = 912/7, route#: 3, violation# : 1, overflow# : 1, conflict# : 2, node#: 19909
## CPU time: 0:0:47, REAL time: 0:0:48
 iter = 913/8, route#: 2, violation# : 1, overflow# : 1, conflict# : 2, node#: 19908
## CPU time: 0:0:47, REAL time: 0:0:48
 iter = 914/9, route#: 4, violation# : 1, overflow# : 1, conflict# : 2, node#: 19913
## CPU time: 0:0:47, REAL time: 0:0:48
 iter = 915/10, route#: 2, violation# : 1, overflow# : 1, conflict# : 2, node#: 19915
## CPU time: 0:0:47, REAL time: 0:0:48
 iter = 916/5, route#: 2, violation# : 1, overflow# : 1, conflict# : 2, node#: 19911
## CPU time: 0:0:47, REAL time: 0:0:48
 iter = 917/6, route#: 2, violation# : 3, overflow# : 3, conflict# : 3, node#: 19915
## CPU time: 0:0:47, REAL time: 0:0:48
 iter = 918/7, route#: 4, violation# : 1, overflow# : 1, conflict# : 2, node#: 19917
## CPU time: 0:0:47, REAL time: 0:0:48
 iter = 919/8, route#: 5, violation# : 1, overflow# : 1, conflict# : 2, node#: 19913
## CPU time: 0:0:47, REAL time: 0:0:48
 iter = 920/9, route#: 2, violation# : 1, overflow# : 1, conflict# : 2, node#: 19913
## CPU time: 0:0:47, REAL time: 0:0:48
 iter = 921/10, route#: 2, violation# : 1, overflow# : 1, conflict# : 2, node#: 19913
## CPU time: 0:0:47, REAL time: 0:0:48
 iter = 922/5, route#: 2, violation# : 1, overflow# : 1, conflict# : 2, node#: 19913
## CPU time: 0:0:47, REAL time: 0:0:48
 iter = 923/6, route#: 2, violation# : 1, overflow# : 1, conflict# : 2, node#: 19913
## CPU time: 0:0:47, REAL time: 0:0:48
 iter = 924/7, route#: 3, violation# : 2, overflow# : 2, conflict# : 3, node#: 19915
## CPU time: 0:0:47, REAL time: 0:0:48
 iter = 925/8, route#: 2, violation# : 1, overflow# : 1, conflict# : 2, node#: 19916
## CPU time: 0:0:47, REAL time: 0:0:48
 iter = 926/9, route#: 2, violation# : 1, overflow# : 1, conflict# : 2, node#: 19917
## CPU time: 0:0:47, REAL time: 0:0:48
 iter = 927/10, route#: 3, violation# : 1, overflow# : 1, conflict# : 2, node#: 19913
## CPU time: 0:0:47, REAL time: 0:0:48
 iter = 928/5, route#: 2, violation# : 1, overflow# : 1, conflict# : 2, node#: 19913
## CPU time: 0:0:47, REAL time: 0:0:48
 iter = 929/6, route#: 2, violation# : 1, overflow# : 1, conflict# : 2, node#: 19913
## CPU time: 0:0:47, REAL time: 0:0:48
 iter = 930/7, route#: 2, violation# : 1, overflow# : 1, conflict# : 2, node#: 19911
## CPU time: 0:0:47, REAL time: 0:0:48
 iter = 931/8, route#: 2, violation# : 2, overflow# : 2, conflict# : 2, node#: 19909
## CPU time: 0:0:47, REAL time: 0:0:48
 iter = 932/9, route#: 2, violation# : 1, overflow# : 1, conflict# : 2, node#: 19913
## CPU time: 0:0:47, REAL time: 0:0:48
 iter = 933/10, route#: 2, violation# : 1, overflow# : 1, conflict# : 2, node#: 19911
## CPU time: 0:0:47, REAL time: 0:0:48
 iter = 934/5, route#: 2, violation# : 1, overflow# : 1, conflict# : 2, node#: 19911
## CPU time: 0:0:47, REAL time: 0:0:48
 iter = 935/6, route#: 3, violation# : 2, overflow# : 2, conflict# : 4, node#: 19910
## CPU time: 0:0:47, REAL time: 0:0:48
 iter = 936/7, route#: 3, violation# : 1, overflow# : 1, conflict# : 2, node#: 19912
## CPU time: 0:0:47, REAL time: 0:0:48
 iter = 937/8, route#: 2, violation# : 1, overflow# : 1, conflict# : 2, node#: 19912
## CPU time: 0:0:47, REAL time: 0:0:48
 iter = 938/9, route#: 2, violation# : 1, overflow# : 1, conflict# : 2, node#: 19912
## CPU time: 0:0:47, REAL time: 0:0:48
 iter = 939/10, route#: 2, violation# : 1, overflow# : 1, conflict# : 2, node#: 19912
## CPU time: 0:0:47, REAL time: 0:0:48
 iter = 940/5, route#: 2, violation# : 2, overflow# : 2, conflict# : 3, node#: 19911
## CPU time: 0:0:47, REAL time: 0:0:48
 iter = 941/6, route#: 3, violation# : 2, overflow# : 2, conflict# : 3, node#: 19911
## CPU time: 0:0:47, REAL time: 0:0:48
 iter = 942/7, route#: 3, violation# : 2, overflow# : 2, conflict# : 3, node#: 19911
## CPU time: 0:0:47, REAL time: 0:0:48
 iter = 943/8, route#: 3, violation# : 2, overflow# : 2, conflict# : 3, node#: 19911
## CPU time: 0:0:47, REAL time: 0:0:48
 iter = 944/9, route#: 5, violation# : 2, overflow# : 2, conflict# : 4, node#: 19907
## CPU time: 0:0:47, REAL time: 0:0:48
 iter = 945/10, route#: 3, violation# : 1, overflow# : 1, conflict# : 2, node#: 19912
## CPU time: 0:0:47, REAL time: 0:0:48
 iter = 946/5, route#: 2, violation# : 2, overflow# : 2, conflict# : 3, node#: 19912
## CPU time: 0:0:47, REAL time: 0:0:48
 iter = 947/6, route#: 4, violation# : 1, overflow# : 1, conflict# : 2, node#: 19914
## CPU time: 0:0:47, REAL time: 0:0:48
 iter = 948/7, route#: 2, violation# : 1, overflow# : 1, conflict# : 2, node#: 19914
## CPU time: 0:0:48, REAL time: 0:0:48
 iter = 949/8, route#: 2, violation# : 1, overflow# : 1, conflict# : 2, node#: 19914
## CPU time: 0:0:48, REAL time: 0:0:48
 iter = 950/9, route#: 2, violation# : 1, overflow# : 1, conflict# : 2, node#: 19914
## CPU time: 0:0:48, REAL time: 0:0:48
 iter = 951/10, route#: 2, violation# : 1, overflow# : 1, conflict# : 2, node#: 19912
## CPU time: 0:0:48, REAL time: 0:0:48
 iter = 952/5, route#: 2, violation# : 2, overflow# : 2, conflict# : 3, node#: 19911
## CPU time: 0:0:48, REAL time: 0:0:48
 iter = 953/6, route#: 3, violation# : 1, overflow# : 1, conflict# : 2, node#: 19912
## CPU time: 0:0:48, REAL time: 0:0:48
 iter = 954/7, route#: 2, violation# : 1, overflow# : 1, conflict# : 2, node#: 19912
## CPU time: 0:0:48, REAL time: 0:0:48
 iter = 955/8, route#: 2, violation# : 1, overflow# : 1, conflict# : 2, node#: 19912
## CPU time: 0:0:48, REAL time: 0:0:48
 iter = 956/9, route#: 2, violation# : 1, overflow# : 1, conflict# : 2, node#: 19914
## CPU time: 0:0:48, REAL time: 0:0:48
 iter = 957/10, route#: 2, violation# : 2, overflow# : 2, conflict# : 2, node#: 19913
## CPU time: 0:0:48, REAL time: 0:0:48
 iter = 958/5, route#: 3, violation# : 2, overflow# : 2, conflict# : 3, node#: 19912
## CPU time: 0:0:48, REAL time: 0:0:48
 iter = 959/6, route#: 3, violation# : 1, overflow# : 1, conflict# : 2, node#: 19913
## CPU time: 0:0:48, REAL time: 0:0:48
 iter = 960/7, route#: 2, violation# : 1, overflow# : 1, conflict# : 2, node#: 19913
## CPU time: 0:0:48, REAL time: 0:0:48
 iter = 961/8, route#: 2, violation# : 1, overflow# : 1, conflict# : 2, node#: 19913
## CPU time: 0:0:48, REAL time: 0:0:48
 iter = 962/9, route#: 2, violation# : 1, overflow# : 1, conflict# : 2, node#: 19913
## CPU time: 0:0:48, REAL time: 0:0:48
 iter = 963/10, route#: 2, violation# : 1, overflow# : 1, conflict# : 2, node#: 19913
## CPU time: 0:0:48, REAL time: 0:0:48
 iter = 964/5, route#: 2, violation# : 1, overflow# : 1, conflict# : 2, node#: 19913
## CPU time: 0:0:48, REAL time: 0:0:48
 iter = 965/6, route#: 2, violation# : 1, overflow# : 1, conflict# : 2, node#: 19913
## CPU time: 0:0:48, REAL time: 0:0:48
 iter = 966/7, route#: 2, violation# : 1, overflow# : 1, conflict# : 2, node#: 19913
## CPU time: 0:0:48, REAL time: 0:0:48
 iter = 967/8, route#: 2, violation# : 1, overflow# : 1, conflict# : 2, node#: 19913
## CPU time: 0:0:48, REAL time: 0:0:48
 iter = 968/9, route#: 2, violation# : 1, overflow# : 1, conflict# : 2, node#: 19913
## CPU time: 0:0:48, REAL time: 0:0:48
 iter = 969/10, route#: 2, violation# : 1, overflow# : 1, conflict# : 2, node#: 19913
## CPU time: 0:0:48, REAL time: 0:0:48
 iter = 970/5, route#: 1, violation# : 3, overflow# : 3, conflict# : 4, node#: 19909
## CPU time: 0:0:48, REAL time: 0:0:48
 iter = 971/6, route#: 4, violation# : 2, overflow# : 2, conflict# : 3, node#: 19912
## CPU time: 0:0:48, REAL time: 0:0:48
 iter = 972/7, route#: 3, violation# : 2, overflow# : 2, conflict# : 3, node#: 19912
## CPU time: 0:0:48, REAL time: 0:0:48
 iter = 973/8, route#: 3, violation# : 2, overflow# : 2, conflict# : 3, node#: 19912
## CPU time: 0:0:48, REAL time: 0:0:48
 iter = 974/9, route#: 3, violation# : 2, overflow# : 2, conflict# : 3, node#: 19912
## CPU time: 0:0:48, REAL time: 0:0:48
 iter = 975/10, route#: 5, violation# : 1, overflow# : 1, conflict# : 2, node#: 19916
## CPU time: 0:0:48, REAL time: 0:0:48
 iter = 976/5, route#: 2, violation# : 2, overflow# : 2, conflict# : 3, node#: 19915
## CPU time: 0:0:48, REAL time: 0:0:48
 iter = 977/6, route#: 3, violation# : 3, overflow# : 3, conflict# : 4, node#: 19919
## CPU time: 0:0:48, REAL time: 0:0:48
 iter = 978/7, route#: 4, violation# : 2, overflow# : 2, conflict# : 3, node#: 19921
## CPU time: 0:0:48, REAL time: 0:0:48
 iter = 979/8, route#: 4, violation# : 2, overflow# : 2, conflict# : 3, node#: 19919
## CPU time: 0:0:48, REAL time: 0:0:48
 iter = 980/9, route#: 3, violation# : 1, overflow# : 1, conflict# : 2, node#: 19917
## CPU time: 0:0:48, REAL time: 0:0:48
 iter = 981/10, route#: 2, violation# : 1, overflow# : 1, conflict# : 2, node#: 19917
## CPU time: 0:0:48, REAL time: 0:0:48
 iter = 982/5, route#: 1, violation# : 1, overflow# : 1, conflict# : 2, node#: 19917
## CPU time: 0:0:48, REAL time: 0:0:48
 iter = 983/6, route#: 2, violation# : 1, overflow# : 1, conflict# : 2, node#: 19917
## CPU time: 0:0:48, REAL time: 0:0:48
 iter = 984/7, route#: 2, violation# : 1, overflow# : 1, conflict# : 2, node#: 19917
## CPU time: 0:0:48, REAL time: 0:0:48
 iter = 985/8, route#: 2, violation# : 1, overflow# : 1, conflict# : 2, node#: 19917
## CPU time: 0:0:48, REAL time: 0:0:48
 iter = 986/9, route#: 2, violation# : 1, overflow# : 1, conflict# : 2, node#: 19917
## CPU time: 0:0:48, REAL time: 0:0:48
 iter = 987/10, route#: 2, violation# : 1, overflow# : 1, conflict# : 2, node#: 19917
## CPU time: 0:0:48, REAL time: 0:0:48
 iter = 988/5, route#: 2, violation# : 1, overflow# : 1, conflict# : 2, node#: 19917
## CPU time: 0:0:48, REAL time: 0:0:48
 iter = 989/6, route#: 2, violation# : 1, overflow# : 1, conflict# : 2, node#: 19917
## CPU time: 0:0:48, REAL time: 0:0:48
 iter = 990/7, route#: 2, violation# : 1, overflow# : 1, conflict# : 2, node#: 19917
## CPU time: 0:0:48, REAL time: 0:0:48
 iter = 991/8, route#: 2, violation# : 1, overflow# : 1, conflict# : 2, node#: 19917
## CPU time: 0:0:48, REAL time: 0:0:48
 iter = 992/9, route#: 2, violation# : 1, overflow# : 1, conflict# : 2, node#: 19917
## CPU time: 0:0:48, REAL time: 0:0:48
 iter = 993/10, route#: 2, violation# : 1, overflow# : 1, conflict# : 2, node#: 19917
## CPU time: 0:0:48, REAL time: 0:0:48
 iter = 994/5, route#: 2, violation# : 1, overflow# : 1, conflict# : 2, node#: 19917
## CPU time: 0:0:48, REAL time: 0:0:48
 iter = 995/6, route#: 2, violation# : 1, overflow# : 1, conflict# : 2, node#: 19916
## CPU time: 0:0:48, REAL time: 0:0:48
 iter = 996/7, route#: 2, violation# : 1, overflow# : 1, conflict# : 2, node#: 19916
## CPU time: 0:0:48, REAL time: 0:0:48
 iter = 997/8, route#: 2, violation# : 1, overflow# : 1, conflict# : 2, node#: 19916
## CPU time: 0:0:48, REAL time: 0:0:48
 iter = 998/9, route#: 2, violation# : 1, overflow# : 1, conflict# : 2, node#: 19916
## CPU time: 0:0:48, REAL time: 0:0:48
 iter = 999/10, route#: 2, violation# : 1, overflow# : 1, conflict# : 2, node#: 19916
## CPU time: 0:0:48, REAL time: 0:0:48
 iter = 1000/5, route#: 2, violation# : 1, overflow# : 1, conflict# : 2, node#: 19916
## CPU time: 0:0:48, REAL time: 0:0:48
 iter = 1001/6, route#: 2, violation# : 1, overflow# : 1, conflict# : 2, node#: 19916
## CPU time: 0:0:48, REAL time: 0:0:48
 iter = 1002/7, route#: 2, violation# : 1, overflow# : 1, conflict# : 2, node#: 19916
## CPU time: 0:0:48, REAL time: 0:0:48
 iter = 1003/8, route#: 2, violation# : 1, overflow# : 1, conflict# : 2, node#: 19916
## CPU time: 0:0:48, REAL time: 0:0:48
 iter = 1004/9, route#: 2, violation# : 1, overflow# : 1, conflict# : 2, node#: 19916
## CPU time: 0:0:48, REAL time: 0:0:48
 iter = 1005/10, route#: 3, violation# : 1, overflow# : 1, conflict# : 2, node#: 19917
## CPU time: 0:0:48, REAL time: 0:0:48
 iter = 1006/5, route#: 1, violation# : 2, overflow# : 2, conflict# : 3, node#: 19915
## CPU time: 0:0:48, REAL time: 0:0:48
 iter = 1007/6, route#: 3, violation# : 2, overflow# : 2, conflict# : 3, node#: 19912
## CPU time: 0:0:48, REAL time: 0:0:48
 iter = 1008/7, route#: 5, violation# : 3, overflow# : 3, conflict# : 5, node#: 19925
## CPU time: 0:0:48, REAL time: 0:0:48
 iter = 1009/8, route#: 5, violation# : 2, overflow# : 2, conflict# : 4, node#: 19929
## CPU time: 0:0:48, REAL time: 0:0:48
 iter = 1010/9, route#: 4, violation# : 2, overflow# : 2, conflict# : 4, node#: 19926
## CPU time: 0:0:48, REAL time: 0:0:48
 iter = 1011/10, route#: 3, violation# : 2, overflow# : 2, conflict# : 3, node#: 19919
## CPU time: 0:0:48, REAL time: 0:0:48
 iter = 1012/5, route#: 3, violation# : 2, overflow# : 2, conflict# : 3, node#: 19919
## CPU time: 0:0:48, REAL time: 0:0:48
 iter = 1013/6, route#: 4, violation# : 2, overflow# : 2, conflict# : 4, node#: 19924
## CPU time: 0:0:48, REAL time: 0:0:48
 iter = 1014/7, route#: 4, violation# : 4, overflow# : 4, conflict# : 4, node#: 19919
## CPU time: 0:0:48, REAL time: 0:0:48
 iter = 1015/8, route#: 4, violation# : 2, overflow# : 2, conflict# : 4, node#: 19926
## CPU time: 0:0:48, REAL time: 0:0:48
 iter = 1016/9, route#: 4, violation# : 2, overflow# : 2, conflict# : 4, node#: 19924
## CPU time: 0:0:48, REAL time: 0:0:48
 iter = 1017/10, route#: 4, violation# : 2, overflow# : 2, conflict# : 4, node#: 19924
## CPU time: 0:0:48, REAL time: 0:0:48
 iter = 1018/5, route#: 9, violation# : 6, overflow# : 6, conflict# : 10, node#: 19914
## CPU time: 0:0:48, REAL time: 0:0:48
 iter = 1019/6, route#: 8, violation# : 4, overflow# : 4, conflict# : 6, node#: 19920
## CPU time: 0:0:48, REAL time: 0:0:48
 iter = 1020/7, route#: 7, violation# : 2, overflow# : 2, conflict# : 3, node#: 19928
## CPU time: 0:0:48, REAL time: 0:0:48
 iter = 1021/8, route#: 3, violation# : 2, overflow# : 2, conflict# : 3, node#: 19929
## CPU time: 0:0:48, REAL time: 0:0:48
 iter = 1022/9, route#: 3, violation# : 2, overflow# : 2, conflict# : 3, node#: 19929
## CPU time: 0:0:48, REAL time: 0:0:48
 iter = 1023/10, route#: 3, violation# : 2, overflow# : 2, conflict# : 3, node#: 19928
## CPU time: 0:0:48, REAL time: 0:0:48
 iter = 1024/5, route#: 3, violation# : 2, overflow# : 2, conflict# : 3, node#: 19928
## CPU time: 0:0:48, REAL time: 0:0:48
 iter = 1025/6, route#: 4, violation# : 2, overflow# : 2, conflict# : 4, node#: 19928
## CPU time: 0:0:48, REAL time: 0:0:48
 iter = 1026/7, route#: 3, violation# : 2, overflow# : 2, conflict# : 3, node#: 19929
## CPU time: 0:0:48, REAL time: 0:0:48
 iter = 1027/8, route#: 4, violation# : 2, overflow# : 2, conflict# : 4, node#: 19928
## CPU time: 0:0:48, REAL time: 0:0:48
 iter = 1028/9, route#: 3, violation# : 2, overflow# : 2, conflict# : 2, node#: 19928
## CPU time: 0:0:48, REAL time: 0:0:49
 iter = 1029/10, route#: 3, violation# : 1, overflow# : 1, conflict# : 2, node#: 19937
## CPU time: 0:0:48, REAL time: 0:0:49
 iter = 1030/5, route#: 3, violation# : 1, overflow# : 1, conflict# : 2, node#: 19927
## CPU time: 0:0:48, REAL time: 0:0:49
 iter = 1031/6, route#: 2, violation# : 1, overflow# : 1, conflict# : 2, node#: 19931
## CPU time: 0:0:48, REAL time: 0:0:49
 iter = 1032/7, route#: 2, violation# : 1, overflow# : 1, conflict# : 2, node#: 19931
## CPU time: 0:0:48, REAL time: 0:0:49
 iter = 1033/8, route#: 2, violation# : 1, overflow# : 1, conflict# : 2, node#: 19927
## CPU time: 0:0:48, REAL time: 0:0:49
 iter = 1034/9, route#: 2, violation# : 1, overflow# : 1, conflict# : 2, node#: 19931
## CPU time: 0:0:48, REAL time: 0:0:49
 iter = 1035/10, route#: 2, violation# : 1, overflow# : 1, conflict# : 2, node#: 19927
## CPU time: 0:0:48, REAL time: 0:0:49
 iter = 1036/5, route#: 2, violation# : 1, overflow# : 1, conflict# : 2, node#: 19927
## CPU time: 0:0:48, REAL time: 0:0:49
 iter = 1037/6, route#: 1, violation# : 1, overflow# : 1, conflict# : 2, node#: 19929
## CPU time: 0:0:48, REAL time: 0:0:49
 iter = 1038/7, route#: 3, violation# : 1, overflow# : 1, conflict# : 2, node#: 19935
## CPU time: 0:0:48, REAL time: 0:0:49
 iter = 1039/8, route#: 4, violation# : 2, overflow# : 2, conflict# : 3, node#: 19929
## CPU time: 0:0:48, REAL time: 0:0:49
 iter = 1040/9, route#: 7, violation# : 3, overflow# : 3, conflict# : 5, node#: 19933
## CPU time: 0:0:48, REAL time: 0:0:49
 iter = 1041/10, route#: 3, violation# : 1, overflow# : 1, conflict# : 2, node#: 19939
## CPU time: 0:0:48, REAL time: 0:0:49
 iter = 1042/5, route#: 5, violation# : 3, overflow# : 3, conflict# : 5, node#: 19930
## CPU time: 0:0:48, REAL time: 0:0:49
 iter = 1043/6, route#: 5, violation# : 3, overflow# : 3, conflict# : 5, node#: 19927
## CPU time: 0:0:48, REAL time: 0:0:49
 iter = 1044/7, route#: 5, violation# : 2, overflow# : 2, conflict# : 4, node#: 19926
## CPU time: 0:0:48, REAL time: 0:0:49
 iter = 1045/8, route#: 5, violation# : 2, overflow# : 2, conflict# : 4, node#: 19933
## CPU time: 0:0:48, REAL time: 0:0:49
 iter = 1046/9, route#: 3, violation# : 1, overflow# : 1, conflict# : 2, node#: 19930
## CPU time: 0:0:48, REAL time: 0:0:49
 iter = 1047/10, route#: 3, violation# : 1, overflow# : 1, conflict# : 2, node#: 19938
## CPU time: 0:0:48, REAL time: 0:0:49
 iter = 1048/5, route#: 2, violation# : 1, overflow# : 1, conflict# : 2, node#: 19936
## CPU time: 0:0:48, REAL time: 0:0:49
 iter = 1049/6, route#: 3, violation# : 1, overflow# : 1, conflict# : 2, node#: 19931
## CPU time: 0:0:48, REAL time: 0:0:49
 iter = 1050/7, route#: 2, violation# : 1, overflow# : 1, conflict# : 2, node#: 19931
## CPU time: 0:0:48, REAL time: 0:0:49
 iter = 1051/8, route#: 3, violation# : 1, overflow# : 1, conflict# : 2, node#: 19936
## CPU time: 0:0:48, REAL time: 0:0:49
 iter = 1052/9, route#: 2, violation# : 0, overflow# : 0, conflict# : 0, node#: 19933
## CPU time: 0:0:49, REAL time: 0:0:50
 iter = 1053/2, route#: 473, violation# : 389, overflow# : 387, conflict# : 374, node#: 19039
## CPU time: 0:0:50, REAL time: 0:0:50
 iter = 1054/3, route#: 476, violation# : 178, overflow# : 178, conflict# : 244, node#: 19292
## CPU time: 0:0:50, REAL time: 0:0:51
 iter = 1055/4, route#: 351, violation# : 93, overflow# : 93, conflict# : 137, node#: 19496
## CPU time: 0:0:50, REAL time: 0:0:51
 iter = 1056/5, route#: 280, violation# : 46, overflow# : 46, conflict# : 76, node#: 19595
## CPU time: 0:0:51, REAL time: 0:0:51
 iter = 1057/6, route#: 234, violation# : 27, overflow# : 27, conflict# : 42, node#: 19653
## CPU time: 0:0:51, REAL time: 0:0:51
 iter = 1058/4, route#: 248, violation# : 67, overflow# : 67, conflict# : 95, node#: 19524
## CPU time: 0:0:51, REAL time: 0:0:52
 iter = 1059/5, route#: 230, violation# : 21, overflow# : 21, conflict# : 37, node#: 19630
## CPU time: 0:0:51, REAL time: 0:0:52
 iter = 1060/6, route#: 213, violation# : 19, overflow# : 19, conflict# : 36, node#: 19638
## CPU time: 0:0:51, REAL time: 0:0:52
 iter = 1061/7, route#: 199, violation# : 15, overflow# : 15, conflict# : 30, node#: 19694
## CPU time: 0:0:51, REAL time: 0:0:52
 iter = 1062/8, route#: 210, violation# : 15, overflow# : 15, conflict# : 25, node#: 19747
## CPU time: 0:0:52, REAL time: 0:0:52
 iter = 1063/9, route#: 194, violation# : 12, overflow# : 12, conflict# : 23, node#: 19772
## CPU time: 0:0:52, REAL time: 0:0:52
 iter = 1064/4, route#: 244, violation# : 44, overflow# : 44, conflict# : 66, node#: 19604
## CPU time: 0:0:52, REAL time: 0:0:53
 iter = 1065/5, route#: 220, violation# : 22, overflow# : 22, conflict# : 38, node#: 19681
## CPU time: 0:0:52, REAL time: 0:0:53
 iter = 1066/6, route#: 202, violation# : 13, overflow# : 13, conflict# : 26, node#: 19698
## CPU time: 0:0:52, REAL time: 0:0:53
 iter = 1067/7, route#: 198, violation# : 7, overflow# : 7, conflict# : 14, node#: 19721
## CPU time: 0:0:52, REAL time: 0:0:53
 iter = 1068/8, route#: 184, violation# : 7, overflow# : 7, conflict# : 9, node#: 19754
## CPU time: 0:0:52, REAL time: 0:0:53
 iter = 1069/9, route#: 187, violation# : 5, overflow# : 5, conflict# : 9, node#: 19758
## CPU time: 0:0:53, REAL time: 0:0:53
 iter = 1070/5, route#: 10, violation# : 7, overflow# : 7, conflict# : 11, node#: 19750
## CPU time: 0:0:53, REAL time: 0:0:53
 iter = 1071/6, route#: 13, violation# : 8, overflow# : 8, conflict# : 12, node#: 19760
## CPU time: 0:0:53, REAL time: 0:0:53
 iter = 1072/7, route#: 12, violation# : 5, overflow# : 5, conflict# : 10, node#: 19776
## CPU time: 0:0:53, REAL time: 0:0:53
 iter = 1073/8, route#: 14, violation# : 6, overflow# : 6, conflict# : 11, node#: 19796
## CPU time: 0:0:53, REAL time: 0:0:53
 iter = 1074/9, route#: 25, violation# : 11, overflow# : 11, conflict# : 17, node#: 19812
## CPU time: 0:0:53, REAL time: 0:0:53
 iter = 1075/10, route#: 21, violation# : 8, overflow# : 8, conflict# : 14, node#: 19827
## CPU time: 0:0:53, REAL time: 0:0:53
 iter = 1076/5, route#: 24, violation# : 8, overflow# : 8, conflict# : 15, node#: 19798
## CPU time: 0:0:53, REAL time: 0:0:53
 iter = 1077/6, route#: 18, violation# : 6, overflow# : 6, conflict# : 12, node#: 19803
## CPU time: 0:0:53, REAL time: 0:0:53
 iter = 1078/7, route#: 13, violation# : 6, overflow# : 6, conflict# : 10, node#: 19788
## CPU time: 0:0:53, REAL time: 0:0:53
 iter = 1079/8, route#: 11, violation# : 5, overflow# : 5, conflict# : 8, node#: 19795
## CPU time: 0:0:53, REAL time: 0:0:53
 iter = 1080/9, route#: 9, violation# : 5, overflow# : 5, conflict# : 9, node#: 19808
## CPU time: 0:0:53, REAL time: 0:0:53
 iter = 1081/10, route#: 8, violation# : 4, overflow# : 4, conflict# : 8, node#: 19798
## CPU time: 0:0:53, REAL time: 0:0:53
 iter = 1082/5, route#: 7, violation# : 4, overflow# : 4, conflict# : 8, node#: 19795
## CPU time: 0:0:53, REAL time: 0:0:53
 iter = 1083/6, route#: 10, violation# : 4, overflow# : 4, conflict# : 7, node#: 19789
## CPU time: 0:0:53, REAL time: 0:0:53
 iter = 1084/7, route#: 6, violation# : 3, overflow# : 3, conflict# : 6, node#: 19788
## CPU time: 0:0:53, REAL time: 0:0:53
 iter = 1085/8, route#: 7, violation# : 3, overflow# : 3, conflict# : 6, node#: 19789
## CPU time: 0:0:53, REAL time: 0:0:53
 iter = 1086/9, route#: 6, violation# : 3, overflow# : 3, conflict# : 6, node#: 19790
## CPU time: 0:0:53, REAL time: 0:0:53
 iter = 1087/10, route#: 7, violation# : 4, overflow# : 4, conflict# : 7, node#: 19792
## CPU time: 0:0:53, REAL time: 0:0:53
 iter = 1088/5, route#: 5, violation# : 4, overflow# : 4, conflict# : 7, node#: 19788
## CPU time: 0:0:53, REAL time: 0:0:53
 iter = 1089/6, route#: 7, violation# : 3, overflow# : 3, conflict# : 6, node#: 19786
## CPU time: 0:0:53, REAL time: 0:0:53
 iter = 1090/7, route#: 8, violation# : 4, overflow# : 4, conflict# : 7, node#: 19785
## CPU time: 0:0:53, REAL time: 0:0:53
 iter = 1091/8, route#: 11, violation# : 5, overflow# : 5, conflict# : 8, node#: 19805
## CPU time: 0:0:53, REAL time: 0:0:53
 iter = 1092/9, route#: 7, violation# : 3, overflow# : 3, conflict# : 6, node#: 19796
## CPU time: 0:0:53, REAL time: 0:0:54
 iter = 1093/10, route#: 6, violation# : 2, overflow# : 2, conflict# : 4, node#: 19799
## CPU time: 0:0:53, REAL time: 0:0:54
 iter = 1094/5, route#: 5, violation# : 2, overflow# : 2, conflict# : 4, node#: 19799
## CPU time: 0:0:53, REAL time: 0:0:54
 iter = 1095/6, route#: 4, violation# : 2, overflow# : 2, conflict# : 4, node#: 19799
## CPU time: 0:0:53, REAL time: 0:0:54
 iter = 1096/7, route#: 4, violation# : 2, overflow# : 2, conflict# : 4, node#: 19801
## CPU time: 0:0:53, REAL time: 0:0:54
 iter = 1097/8, route#: 4, violation# : 2, overflow# : 2, conflict# : 4, node#: 19799
## CPU time: 0:0:53, REAL time: 0:0:54
 iter = 1098/9, route#: 5, violation# : 2, overflow# : 2, conflict# : 4, node#: 19801
## CPU time: 0:0:53, REAL time: 0:0:54
 iter = 1099/10, route#: 4, violation# : 2, overflow# : 2, conflict# : 4, node#: 19799
## CPU time: 0:0:53, REAL time: 0:0:54
 iter = 1100/5, route#: 4, violation# : 3, overflow# : 3, conflict# : 4, node#: 19798
## CPU time: 0:0:53, REAL time: 0:0:54
 iter = 1101/6, route#: 4, violation# : 3, overflow# : 3, conflict# : 4, node#: 19798
## CPU time: 0:0:53, REAL time: 0:0:54
 iter = 1102/7, route#: 4, violation# : 3, overflow# : 3, conflict# : 4, node#: 19800
## CPU time: 0:0:53, REAL time: 0:0:54
 iter = 1103/8, route#: 4, violation# : 3, overflow# : 3, conflict# : 4, node#: 19798
## CPU time: 0:0:53, REAL time: 0:0:54
 iter = 1104/9, route#: 5, violation# : 3, overflow# : 3, conflict# : 4, node#: 19800
## CPU time: 0:0:53, REAL time: 0:0:54
 iter = 1105/10, route#: 4, violation# : 3, overflow# : 3, conflict# : 4, node#: 19798
## CPU time: 0:0:53, REAL time: 0:0:54
 iter = 1106/5, route#: 5, violation# : 3, overflow# : 3, conflict# : 5, node#: 19798
## CPU time: 0:0:53, REAL time: 0:0:54
 iter = 1107/6, route#: 5, violation# : 2, overflow# : 2, conflict# : 4, node#: 19799
## CPU time: 0:0:53, REAL time: 0:0:54
 iter = 1108/7, route#: 4, violation# : 2, overflow# : 2, conflict# : 4, node#: 19799
## CPU time: 0:0:53, REAL time: 0:0:54
 iter = 1109/8, route#: 4, violation# : 2, overflow# : 2, conflict# : 4, node#: 19801
## CPU time: 0:0:53, REAL time: 0:0:54
 iter = 1110/9, route#: 4, violation# : 2, overflow# : 2, conflict# : 4, node#: 19799
## CPU time: 0:0:53, REAL time: 0:0:54
 iter = 1111/10, route#: 5, violation# : 2, overflow# : 2, conflict# : 4, node#: 19801
## CPU time: 0:0:53, REAL time: 0:0:54
 iter = 1112/5, route#: 4, violation# : 2, overflow# : 2, conflict# : 4, node#: 19799
## CPU time: 0:0:53, REAL time: 0:0:54
 iter = 1113/6, route#: 4, violation# : 2, overflow# : 2, conflict# : 4, node#: 19797
## CPU time: 0:0:53, REAL time: 0:0:54
 iter = 1114/7, route#: 5, violation# : 2, overflow# : 2, conflict# : 4, node#: 19800
## CPU time: 0:0:53, REAL time: 0:0:54
 iter = 1115/8, route#: 4, violation# : 2, overflow# : 2, conflict# : 4, node#: 19800
## CPU time: 0:0:53, REAL time: 0:0:54
 iter = 1116/9, route#: 5, violation# : 3, overflow# : 3, conflict# : 5, node#: 19812
## CPU time: 0:0:53, REAL time: 0:0:54
 iter = 1117/10, route#: 5, violation# : 2, overflow# : 2, conflict# : 4, node#: 19816
## CPU time: 0:0:53, REAL time: 0:0:54
 iter = 1118/5, route#: 4, violation# : 2, overflow# : 2, conflict# : 4, node#: 19810
## CPU time: 0:0:53, REAL time: 0:0:54
 iter = 1119/6, route#: 4, violation# : 2, overflow# : 2, conflict# : 4, node#: 19810
## CPU time: 0:0:53, REAL time: 0:0:54
 iter = 1120/7, route#: 5, violation# : 4, overflow# : 4, conflict# : 5, node#: 19813
## CPU time: 0:0:53, REAL time: 0:0:54
 iter = 1121/8, route#: 5, violation# : 2, overflow# : 2, conflict# : 4, node#: 19811
## CPU time: 0:0:53, REAL time: 0:0:54
 iter = 1122/9, route#: 5, violation# : 3, overflow# : 3, conflict# : 5, node#: 19805
## CPU time: 0:0:53, REAL time: 0:0:54
 iter = 1123/10, route#: 5, violation# : 3, overflow# : 3, conflict# : 4, node#: 19810
## CPU time: 0:0:53, REAL time: 0:0:54
 iter = 1124/5, route#: 5, violation# : 2, overflow# : 2, conflict# : 4, node#: 19809
## CPU time: 0:0:53, REAL time: 0:0:54
 iter = 1125/6, route#: 5, violation# : 3, overflow# : 3, conflict# : 6, node#: 19809
## CPU time: 0:0:53, REAL time: 0:0:54
 iter = 1126/7, route#: 6, violation# : 3, overflow# : 3, conflict# : 6, node#: 19811
## CPU time: 0:0:53, REAL time: 0:0:54
 iter = 1127/8, route#: 6, violation# : 3, overflow# : 3, conflict# : 6, node#: 19811
## CPU time: 0:0:53, REAL time: 0:0:54
 iter = 1128/9, route#: 6, violation# : 3, overflow# : 3, conflict# : 6, node#: 19809
## CPU time: 0:0:53, REAL time: 0:0:54
 iter = 1129/10, route#: 6, violation# : 3, overflow# : 3, conflict# : 5, node#: 19814
## CPU time: 0:0:53, REAL time: 0:0:54
 iter = 1130/5, route#: 5, violation# : 2, overflow# : 2, conflict# : 4, node#: 19812
## CPU time: 0:0:53, REAL time: 0:0:54
 iter = 1131/6, route#: 5, violation# : 2, overflow# : 2, conflict# : 4, node#: 19811
## CPU time: 0:0:53, REAL time: 0:0:54
 iter = 1132/7, route#: 4, violation# : 2, overflow# : 2, conflict# : 4, node#: 19813
## CPU time: 0:0:53, REAL time: 0:0:54
 iter = 1133/8, route#: 4, violation# : 2, overflow# : 2, conflict# : 4, node#: 19812
## CPU time: 0:0:53, REAL time: 0:0:54
 iter = 1134/9, route#: 5, violation# : 3, overflow# : 3, conflict# : 4, node#: 19812
## CPU time: 0:0:53, REAL time: 0:0:54
 iter = 1135/10, route#: 4, violation# : 3, overflow# : 3, conflict# : 4, node#: 19810
## CPU time: 0:0:53, REAL time: 0:0:54
 iter = 1136/5, route#: 5, violation# : 4, overflow# : 4, conflict# : 6, node#: 19814
## CPU time: 0:0:53, REAL time: 0:0:54
 iter = 1137/6, route#: 6, violation# : 2, overflow# : 2, conflict# : 4, node#: 19822
## CPU time: 0:0:53, REAL time: 0:0:54
 iter = 1138/7, route#: 4, violation# : 2, overflow# : 2, conflict# : 4, node#: 19822
## CPU time: 0:0:53, REAL time: 0:0:54
 iter = 1139/8, route#: 4, violation# : 3, overflow# : 3, conflict# : 4, node#: 19821
## CPU time: 0:0:53, REAL time: 0:0:54
 iter = 1140/9, route#: 4, violation# : 2, overflow# : 2, conflict# : 4, node#: 19822
## CPU time: 0:0:53, REAL time: 0:0:54
 iter = 1141/10, route#: 4, violation# : 2, overflow# : 2, conflict# : 4, node#: 19822
## CPU time: 0:0:53, REAL time: 0:0:54
 iter = 1142/5, route#: 5, violation# : 3, overflow# : 3, conflict# : 4, node#: 19807
## CPU time: 0:0:53, REAL time: 0:0:54
 iter = 1143/6, route#: 3, violation# : 4, overflow# : 4, conflict# : 6, node#: 19816
## CPU time: 0:0:53, REAL time: 0:0:54
 iter = 1144/7, route#: 5, violation# : 2, overflow# : 2, conflict# : 4, node#: 19823
## CPU time: 0:0:53, REAL time: 0:0:54
 iter = 1145/8, route#: 4, violation# : 3, overflow# : 3, conflict# : 4, node#: 19810
## CPU time: 0:0:53, REAL time: 0:0:54
 iter = 1146/9, route#: 5, violation# : 2, overflow# : 2, conflict# : 4, node#: 19820
## CPU time: 0:0:53, REAL time: 0:0:54
 iter = 1147/10, route#: 5, violation# : 2, overflow# : 2, conflict# : 4, node#: 19819
## CPU time: 0:0:53, REAL time: 0:0:54
 iter = 1148/5, route#: 8, violation# : 4, overflow# : 4, conflict# : 6, node#: 19809
## CPU time: 0:0:53, REAL time: 0:0:54
 iter = 1149/6, route#: 5, violation# : 2, overflow# : 2, conflict# : 4, node#: 19820
## CPU time: 0:0:53, REAL time: 0:0:54
 iter = 1150/7, route#: 6, violation# : 2, overflow# : 2, conflict# : 4, node#: 19826
## CPU time: 0:0:53, REAL time: 0:0:54
 iter = 1151/8, route#: 4, violation# : 2, overflow# : 2, conflict# : 4, node#: 19827
## CPU time: 0:0:53, REAL time: 0:0:54
 iter = 1152/9, route#: 4, violation# : 2, overflow# : 2, conflict# : 4, node#: 19824
## CPU time: 0:0:53, REAL time: 0:0:54
 iter = 1153/10, route#: 4, violation# : 3, overflow# : 3, conflict# : 4, node#: 19850
## CPU time: 0:0:53, REAL time: 0:0:54
 iter = 1154/5, route#: 5, violation# : 2, overflow# : 2, conflict# : 4, node#: 19824
## CPU time: 0:0:53, REAL time: 0:0:54
 iter = 1155/6, route#: 4, violation# : 3, overflow# : 3, conflict# : 4, node#: 19824
## CPU time: 0:0:53, REAL time: 0:0:54
 iter = 1156/7, route#: 4, violation# : 2, overflow# : 2, conflict# : 4, node#: 19828
## CPU time: 0:0:53, REAL time: 0:0:54
 iter = 1157/8, route#: 6, violation# : 2, overflow# : 2, conflict# : 4, node#: 19857
## CPU time: 0:0:53, REAL time: 0:0:54
 iter = 1158/9, route#: 4, violation# : 2, overflow# : 2, conflict# : 4, node#: 19846
## CPU time: 0:0:53, REAL time: 0:0:54
 iter = 1159/10, route#: 4, violation# : 2, overflow# : 2, conflict# : 4, node#: 19846
## CPU time: 0:0:53, REAL time: 0:0:54
 iter = 1160/5, route#: 4, violation# : 3, overflow# : 3, conflict# : 5, node#: 19836
## CPU time: 0:0:53, REAL time: 0:0:54
 iter = 1161/6, route#: 6, violation# : 2, overflow# : 2, conflict# : 4, node#: 19836
## CPU time: 0:0:53, REAL time: 0:0:54
 iter = 1162/7, route#: 4, violation# : 2, overflow# : 2, conflict# : 4, node#: 19836
## CPU time: 0:0:53, REAL time: 0:0:54
 iter = 1163/8, route#: 4, violation# : 2, overflow# : 2, conflict# : 4, node#: 19836
## CPU time: 0:0:53, REAL time: 0:0:54
 iter = 1164/9, route#: 6, violation# : 2, overflow# : 2, conflict# : 4, node#: 19838
## CPU time: 0:0:54, REAL time: 0:0:54
 iter = 1165/10, route#: 7, violation# : 4, overflow# : 4, conflict# : 6, node#: 19844
## CPU time: 0:0:54, REAL time: 0:0:54
 iter = 1166/5, route#: 9, violation# : 6, overflow# : 6, conflict# : 9, node#: 19831
## CPU time: 0:0:54, REAL time: 0:0:54
 iter = 1167/6, route#: 5, violation# : 2, overflow# : 2, conflict# : 4, node#: 19836
## CPU time: 0:0:54, REAL time: 0:0:54
 iter = 1168/7, route#: 5, violation# : 1, overflow# : 1, conflict# : 2, node#: 19844
## CPU time: 0:0:54, REAL time: 0:0:54
 iter = 1169/8, route#: 4, violation# : 2, overflow# : 2, conflict# : 4, node#: 19860
## CPU time: 0:0:54, REAL time: 0:0:54
 iter = 1170/9, route#: 5, violation# : 1, overflow# : 1, conflict# : 2, node#: 19846
## CPU time: 0:0:54, REAL time: 0:0:54
 iter = 1171/10, route#: 2, violation# : 1, overflow# : 1, conflict# : 2, node#: 19846
## CPU time: 0:0:54, REAL time: 0:0:54
 iter = 1172/5, route#: 2, violation# : 1, overflow# : 1, conflict# : 2, node#: 19846
## CPU time: 0:0:54, REAL time: 0:0:54
 iter = 1173/6, route#: 2, violation# : 1, overflow# : 1, conflict# : 2, node#: 19846
## CPU time: 0:0:54, REAL time: 0:0:54
 iter = 1174/7, route#: 7, violation# : 1, overflow# : 1, conflict# : 2, node#: 19863
## CPU time: 0:0:54, REAL time: 0:0:54
 iter = 1175/8, route#: 2, violation# : 1, overflow# : 1, conflict# : 2, node#: 19863
## CPU time: 0:0:54, REAL time: 0:0:54
 iter = 1176/9, route#: 2, violation# : 1, overflow# : 1, conflict# : 2, node#: 19863
## CPU time: 0:0:54, REAL time: 0:0:54
 iter = 1177/10, route#: 2, violation# : 1, overflow# : 1, conflict# : 2, node#: 19863
## CPU time: 0:0:54, REAL time: 0:0:54
 iter = 1178/5, route#: 5, violation# : 1, overflow# : 1, conflict# : 2, node#: 19858
## CPU time: 0:0:54, REAL time: 0:0:54
 iter = 1179/6, route#: 3, violation# : 1, overflow# : 1, conflict# : 2, node#: 19862
## CPU time: 0:0:54, REAL time: 0:0:54
 iter = 1180/7, route#: 4, violation# : 2, overflow# : 2, conflict# : 3, node#: 19867
## CPU time: 0:0:54, REAL time: 0:0:54
 iter = 1181/8, route#: 3, violation# : 2, overflow# : 2, conflict# : 3, node#: 19867
## CPU time: 0:0:54, REAL time: 0:0:54
 iter = 1182/9, route#: 5, violation# : 2, overflow# : 2, conflict# : 3, node#: 19872
## CPU time: 0:0:54, REAL time: 0:0:54
 iter = 1183/10, route#: 3, violation# : 2, overflow# : 2, conflict# : 3, node#: 19872
## CPU time: 0:0:54, REAL time: 0:0:54
 iter = 1184/5, route#: 10, violation# : 6, overflow# : 6, conflict# : 10, node#: 19852
## CPU time: 0:0:54, REAL time: 0:0:54
 iter = 1185/6, route#: 9, violation# : 4, overflow# : 4, conflict# : 6, node#: 19857
## CPU time: 0:0:54, REAL time: 0:0:54
 iter = 1186/7, route#: 7, violation# : 6, overflow# : 6, conflict# : 7, node#: 19861
## CPU time: 0:0:54, REAL time: 0:0:54
 iter = 1187/8, route#: 7, violation# : 6, overflow# : 6, conflict# : 6, node#: 19867
## CPU time: 0:0:54, REAL time: 0:0:54
 iter = 1188/9, route#: 10, violation# : 3, overflow# : 3, conflict# : 5, node#: 19859
## CPU time: 0:0:54, REAL time: 0:0:54
 iter = 1189/10, route#: 6, violation# : 2, overflow# : 2, conflict# : 4, node#: 19859
## CPU time: 0:0:54, REAL time: 0:0:54
 iter = 1190/5, route#: 5, violation# : 3, overflow# : 3, conflict# : 5, node#: 19856
## CPU time: 0:0:54, REAL time: 0:0:54
 iter = 1191/6, route#: 7, violation# : 3, overflow# : 3, conflict# : 6, node#: 19846
## CPU time: 0:0:54, REAL time: 0:0:54
 iter = 1192/7, route#: 6, violation# : 3, overflow# : 3, conflict# : 6, node#: 19849
## CPU time: 0:0:54, REAL time: 0:0:54
 iter = 1193/8, route#: 11, violation# : 3, overflow# : 3, conflict# : 6, node#: 19868
## CPU time: 0:0:54, REAL time: 0:0:54
 iter = 1194/9, route#: 7, violation# : 3, overflow# : 3, conflict# : 6, node#: 19862
## CPU time: 0:0:54, REAL time: 0:0:54
 iter = 1195/10, route#: 14, violation# : 3, overflow# : 3, conflict# : 6, node#: 19861
## CPU time: 0:0:54, REAL time: 0:0:55
 iter = 1196/5, route#: 5, violation# : 2, overflow# : 2, conflict# : 4, node#: 19849
## CPU time: 0:0:54, REAL time: 0:0:55
 iter = 1197/6, route#: 8, violation# : 3, overflow# : 3, conflict# : 6, node#: 19861
## CPU time: 0:0:54, REAL time: 0:0:55
 iter = 1198/7, route#: 7, violation# : 2, overflow# : 2, conflict# : 4, node#: 19871
## CPU time: 0:0:54, REAL time: 0:0:55
 iter = 1199/8, route#: 5, violation# : 1, overflow# : 1, conflict# : 2, node#: 19895
## CPU time: 0:0:54, REAL time: 0:0:55
 iter = 1200/9, route#: 3, violation# : 1, overflow# : 1, conflict# : 2, node#: 19889
## CPU time: 0:0:54, REAL time: 0:0:55
 iter = 1201/10, route#: 5, violation# : 1, overflow# : 1, conflict# : 2, node#: 19904
## CPU time: 0:0:54, REAL time: 0:0:55
 iter = 1202/5, route#: 2, violation# : 1, overflow# : 1, conflict# : 2, node#: 19904
## CPU time: 0:0:54, REAL time: 0:0:55
 iter = 1203/6, route#: 2, violation# : 1, overflow# : 1, conflict# : 2, node#: 19904
## CPU time: 0:0:54, REAL time: 0:0:55
 iter = 1204/7, route#: 2, violation# : 1, overflow# : 1, conflict# : 2, node#: 19904
## CPU time: 0:0:54, REAL time: 0:0:55
 iter = 1205/8, route#: 2, violation# : 1, overflow# : 1, conflict# : 2, node#: 19904
## CPU time: 0:0:54, REAL time: 0:0:55
 iter = 1206/9, route#: 2, violation# : 1, overflow# : 1, conflict# : 2, node#: 19904
## CPU time: 0:0:54, REAL time: 0:0:55
 iter = 1207/10, route#: 2, violation# : 1, overflow# : 1, conflict# : 2, node#: 19908
## CPU time: 0:0:54, REAL time: 0:0:55
 iter = 1208/5, route#: 3, violation# : 2, overflow# : 2, conflict# : 3, node#: 19902
## CPU time: 0:0:54, REAL time: 0:0:55
 iter = 1209/6, route#: 3, violation# : 1, overflow# : 1, conflict# : 2, node#: 19904
## CPU time: 0:0:54, REAL time: 0:0:55
 iter = 1210/7, route#: 2, violation# : 1, overflow# : 1, conflict# : 2, node#: 19904
## CPU time: 0:0:54, REAL time: 0:0:55
 iter = 1211/8, route#: 2, violation# : 1, overflow# : 1, conflict# : 2, node#: 19908
## CPU time: 0:0:54, REAL time: 0:0:55
 iter = 1212/9, route#: 4, violation# : 2, overflow# : 2, conflict# : 3, node#: 19903
## CPU time: 0:0:54, REAL time: 0:0:55
 iter = 1213/10, route#: 8, violation# : 4, overflow# : 4, conflict# : 6, node#: 19919
## CPU time: 0:0:54, REAL time: 0:0:55
 iter = 1214/5, route#: 6, violation# : 3, overflow# : 3, conflict# : 5, node#: 19909
## CPU time: 0:0:54, REAL time: 0:0:55
 iter = 1215/6, route#: 4, violation# : 3, overflow# : 3, conflict# : 5, node#: 19916
## CPU time: 0:0:54, REAL time: 0:0:55
 iter = 1216/7, route#: 5, violation# : 2, overflow# : 2, conflict# : 4, node#: 19924
## CPU time: 0:0:54, REAL time: 0:0:55
 iter = 1217/8, route#: 10, violation# : 5, overflow# : 5, conflict# : 9, node#: 19919
## CPU time: 0:0:54, REAL time: 0:0:55
 iter = 1218/9, route#: 6, violation# : 1, overflow# : 1, conflict# : 2, node#: 19917
## CPU time: 0:0:54, REAL time: 0:0:55
 iter = 1219/10, route#: 5, violation# : 1, overflow# : 1, conflict# : 2, node#: 19930
## CPU time: 0:0:54, REAL time: 0:0:55
 iter = 1220/5, route#: 5, violation# : 1, overflow# : 1, conflict# : 2, node#: 19921
## CPU time: 0:0:54, REAL time: 0:0:55
 iter = 1221/6, route#: 2, violation# : 1, overflow# : 1, conflict# : 2, node#: 19921
## CPU time: 0:0:54, REAL time: 0:0:55
 iter = 1222/7, route#: 2, violation# : 1, overflow# : 1, conflict# : 2, node#: 19921
## CPU time: 0:0:54, REAL time: 0:0:55
 iter = 1223/8, route#: 2, violation# : 1, overflow# : 1, conflict# : 2, node#: 19921
## CPU time: 0:0:54, REAL time: 0:0:55
 iter = 1224/9, route#: 2, violation# : 1, overflow# : 1, conflict# : 2, node#: 19921
## CPU time: 0:0:54, REAL time: 0:0:55
 iter = 1225/10, route#: 2, violation# : 1, overflow# : 1, conflict# : 2, node#: 19921
## CPU time: 0:0:54, REAL time: 0:0:55
 iter = 1226/5, route#: 2, violation# : 1, overflow# : 1, conflict# : 2, node#: 19921
## CPU time: 0:0:54, REAL time: 0:0:55
 iter = 1227/6, route#: 4, violation# : 3, overflow# : 3, conflict# : 4, node#: 19922
## CPU time: 0:0:54, REAL time: 0:0:55
 iter = 1228/7, route#: 11, violation# : 5, overflow# : 5, conflict# : 8, node#: 19913
## CPU time: 0:0:54, REAL time: 0:0:55
 iter = 1229/8, route#: 8, violation# : 2, overflow# : 2, conflict# : 3, node#: 19936
## CPU time: 0:0:54, REAL time: 0:0:55
 iter = 1230/9, route#: 4, violation# : 1, overflow# : 1, conflict# : 2, node#: 19940
## CPU time: 0:0:54, REAL time: 0:0:55
 iter = 1231/10, route#: 2, violation# : 1, overflow# : 1, conflict# : 2, node#: 19940
## CPU time: 0:0:54, REAL time: 0:0:55
 iter = 1232/5, route#: 2, violation# : 1, overflow# : 1, conflict# : 2, node#: 19940
## CPU time: 0:0:54, REAL time: 0:0:55
 iter = 1233/6, route#: 2, violation# : 1, overflow# : 1, conflict# : 2, node#: 19940
## CPU time: 0:0:54, REAL time: 0:0:55
 iter = 1234/7, route#: 2, violation# : 1, overflow# : 1, conflict# : 2, node#: 19940
## CPU time: 0:0:54, REAL time: 0:0:55
 iter = 1235/8, route#: 2, violation# : 1, overflow# : 1, conflict# : 2, node#: 19947
## CPU time: 0:0:54, REAL time: 0:0:55
 iter = 1236/9, route#: 2, violation# : 1, overflow# : 1, conflict# : 2, node#: 19940
## CPU time: 0:0:54, REAL time: 0:0:55
 iter = 1237/10, route#: 5, violation# : 1, overflow# : 1, conflict# : 2, node#: 19950
## CPU time: 0:0:54, REAL time: 0:0:55
 iter = 1238/5, route#: 2, violation# : 2, overflow# : 2, conflict# : 3, node#: 19943
## CPU time: 0:0:54, REAL time: 0:0:55
 iter = 1239/6, route#: 3, violation# : 1, overflow# : 1, conflict# : 2, node#: 19945
## CPU time: 0:0:54, REAL time: 0:0:55
 iter = 1240/7, route#: 2, violation# : 1, overflow# : 1, conflict# : 2, node#: 19939
## CPU time: 0:0:54, REAL time: 0:0:55
 iter = 1241/8, route#: 2, violation# : 1, overflow# : 1, conflict# : 2, node#: 19945
## CPU time: 0:0:54, REAL time: 0:0:55
 iter = 1242/9, route#: 3, violation# : 2, overflow# : 2, conflict# : 3, node#: 19941
## CPU time: 0:0:54, REAL time: 0:0:55
 iter = 1243/10, route#: 2, violation# : 1, overflow# : 1, conflict# : 2, node#: 19946
## CPU time: 0:0:54, REAL time: 0:0:55
 iter = 1244/5, route#: 2, violation# : 1, overflow# : 1, conflict# : 2, node#: 19940
## CPU time: 0:0:54, REAL time: 0:0:55
 iter = 1245/6, route#: 2, violation# : 1, overflow# : 1, conflict# : 2, node#: 19946
## CPU time: 0:0:54, REAL time: 0:0:55
 iter = 1246/7, route#: 2, violation# : 1, overflow# : 1, conflict# : 2, node#: 19940
## CPU time: 0:0:54, REAL time: 0:0:55
 iter = 1247/8, route#: 4, violation# : 3, overflow# : 3, conflict# : 4, node#: 19944
## CPU time: 0:0:54, REAL time: 0:0:55
 iter = 1248/9, route#: 3, violation# : 2, overflow# : 2, conflict# : 3, node#: 19946
## CPU time: 0:0:54, REAL time: 0:0:55
 iter = 1249/10, route#: 2, violation# : 1, overflow# : 1, conflict# : 2, node#: 19947
## CPU time: 0:0:54, REAL time: 0:0:55
 iter = 1250/5, route#: 2, violation# : 1, overflow# : 1, conflict# : 2, node#: 19941
## CPU time: 0:0:54, REAL time: 0:0:55
 iter = 1251/6, route#: 5, violation# : 2, overflow# : 2, conflict# : 3, node#: 19946
## CPU time: 0:0:54, REAL time: 0:0:55
 iter = 1252/7, route#: 3, violation# : 2, overflow# : 2, conflict# : 3, node#: 19946
## CPU time: 0:0:54, REAL time: 0:0:55
 iter = 1253/8, route#: 4, violation# : 1, overflow# : 1, conflict# : 2, node#: 19946
## CPU time: 0:0:54, REAL time: 0:0:55
 iter = 1254/9, route#: 2, violation# : 1, overflow# : 1, conflict# : 2, node#: 19946
## CPU time: 0:0:54, REAL time: 0:0:55
 iter = 1255/10, route#: 2, violation# : 1, overflow# : 1, conflict# : 2, node#: 19946
## CPU time: 0:0:54, REAL time: 0:0:55
 iter = 1256/5, route#: 5, violation# : 3, overflow# : 3, conflict# : 4, node#: 19942
## CPU time: 0:0:54, REAL time: 0:0:55
 iter = 1257/6, route#: 4, violation# : 2, overflow# : 2, conflict# : 3, node#: 19946
## CPU time: 0:0:54, REAL time: 0:0:55
 iter = 1258/7, route#: 2, violation# : 1, overflow# : 1, conflict# : 2, node#: 19946
## CPU time: 0:0:54, REAL time: 0:0:55
 iter = 1259/8, route#: 3, violation# : 1, overflow# : 1, conflict# : 2, node#: 19947
## CPU time: 0:0:54, REAL time: 0:0:55
 iter = 1260/9, route#: 2, violation# : 1, overflow# : 1, conflict# : 2, node#: 19947
## CPU time: 0:0:54, REAL time: 0:0:55
 iter = 1261/10, route#: 2, violation# : 1, overflow# : 1, conflict# : 2, node#: 19951
## CPU time: 0:0:54, REAL time: 0:0:55
 iter = 1262/5, route#: 2, violation# : 1, overflow# : 1, conflict# : 2, node#: 19947
## CPU time: 0:0:54, REAL time: 0:0:55
 iter = 1263/6, route#: 3, violation# : 2, overflow# : 2, conflict# : 3, node#: 19951
## CPU time: 0:0:54, REAL time: 0:0:55
 iter = 1264/7, route#: 2, violation# : 1, overflow# : 1, conflict# : 2, node#: 19951
## CPU time: 0:0:54, REAL time: 0:0:55
 iter = 1265/8, route#: 2, violation# : 1, overflow# : 1, conflict# : 2, node#: 19947
## CPU time: 0:0:54, REAL time: 0:0:55
 iter = 1266/9, route#: 2, violation# : 2, overflow# : 2, conflict# : 2, node#: 19950
## CPU time: 0:0:54, REAL time: 0:0:55
 iter = 1267/10, route#: 2, violation# : 1, overflow# : 1, conflict# : 2, node#: 19951
## CPU time: 0:0:54, REAL time: 0:0:55
 iter = 1268/5, route#: 2, violation# : 1, overflow# : 1, conflict# : 2, node#: 19947
## CPU time: 0:0:54, REAL time: 0:0:55
 iter = 1269/6, route#: 2, violation# : 2, overflow# : 2, conflict# : 3, node#: 19953
## CPU time: 0:0:54, REAL time: 0:0:55
 iter = 1270/7, route#: 3, violation# : 2, overflow# : 2, conflict# : 3, node#: 19953
## CPU time: 0:0:54, REAL time: 0:0:55
 iter = 1271/8, route#: 4, violation# : 1, overflow# : 1, conflict# : 2, node#: 19971
## CPU time: 0:0:54, REAL time: 0:0:55
 iter = 1272/9, route#: 2, violation# : 1, overflow# : 1, conflict# : 2, node#: 19971
## CPU time: 0:0:54, REAL time: 0:0:55
 iter = 1273/10, route#: 2, violation# : 1, overflow# : 1, conflict# : 2, node#: 19971
## CPU time: 0:0:54, REAL time: 0:0:55
 iter = 1274/5, route#: 2, violation# : 1, overflow# : 1, conflict# : 2, node#: 19964
## CPU time: 0:0:54, REAL time: 0:0:55
 iter = 1275/6, route#: 2, violation# : 1, overflow# : 1, conflict# : 2, node#: 19971
## CPU time: 0:0:54, REAL time: 0:0:55
 iter = 1276/7, route#: 2, violation# : 1, overflow# : 1, conflict# : 2, node#: 19971
## CPU time: 0:0:54, REAL time: 0:0:55
 iter = 1277/8, route#: 2, violation# : 1, overflow# : 1, conflict# : 2, node#: 19968
## CPU time: 0:0:54, REAL time: 0:0:55
 iter = 1278/9, route#: 3, violation# : 2, overflow# : 2, conflict# : 3, node#: 19968
## CPU time: 0:0:54, REAL time: 0:0:55
 iter = 1279/10, route#: 4, violation# : 2, overflow# : 2, conflict# : 3, node#: 19980
## CPU time: 0:0:55, REAL time: 0:0:55
 iter = 1280/5, route#: 4, violation# : 2, overflow# : 2, conflict# : 3, node#: 19963
## CPU time: 0:0:55, REAL time: 0:0:55
 iter = 1281/6, route#: 4, violation# : 3, overflow# : 3, conflict# : 5, node#: 19963
## CPU time: 0:0:55, REAL time: 0:0:55
 iter = 1282/7, route#: 5, violation# : 2, overflow# : 2, conflict# : 3, node#: 19963
## CPU time: 0:0:55, REAL time: 0:0:55
 iter = 1283/8, route#: 4, violation# : 2, overflow# : 2, conflict# : 4, node#: 19966
## CPU time: 0:0:55, REAL time: 0:0:55
 iter = 1284/9, route#: 3, violation# : 2, overflow# : 2, conflict# : 3, node#: 19963
## CPU time: 0:0:55, REAL time: 0:0:55
 iter = 1285/10, route#: 4, violation# : 2, overflow# : 2, conflict# : 4, node#: 19968
## CPU time: 0:0:55, REAL time: 0:0:55
 iter = 1286/5, route#: 6, violation# : 2, overflow# : 2, conflict# : 4, node#: 19958
## CPU time: 0:0:55, REAL time: 0:0:55
 iter = 1287/6, route#: 4, violation# : 2, overflow# : 2, conflict# : 4, node#: 19959
## CPU time: 0:0:55, REAL time: 0:0:55
 iter = 1288/7, route#: 5, violation# : 2, overflow# : 2, conflict# : 4, node#: 19962
## CPU time: 0:0:55, REAL time: 0:0:55
 iter = 1289/8, route#: 5, violation# : 1, overflow# : 1, conflict# : 2, node#: 19969
## CPU time: 0:0:55, REAL time: 0:0:55
 iter = 1290/9, route#: 2, violation# : 1, overflow# : 1, conflict# : 2, node#: 19969
## CPU time: 0:0:55, REAL time: 0:0:55
 iter = 1291/10, route#: 2, violation# : 1, overflow# : 1, conflict# : 2, node#: 19969
## CPU time: 0:0:55, REAL time: 0:0:55
 iter = 1292/5, route#: 2, violation# : 1, overflow# : 1, conflict# : 2, node#: 19967
## CPU time: 0:0:55, REAL time: 0:0:55
 iter = 1293/6, route#: 2, violation# : 1, overflow# : 1, conflict# : 2, node#: 19967
## CPU time: 0:0:55, REAL time: 0:0:55
 iter = 1294/7, route#: 2, violation# : 1, overflow# : 1, conflict# : 2, node#: 19967
## CPU time: 0:0:55, REAL time: 0:0:55
 iter = 1295/8, route#: 2, violation# : 1, overflow# : 1, conflict# : 2, node#: 19969
## CPU time: 0:0:55, REAL time: 0:0:55
 iter = 1296/9, route#: 2, violation# : 1, overflow# : 1, conflict# : 2, node#: 19967
## CPU time: 0:0:55, REAL time: 0:0:55
 iter = 1297/10, route#: 2, violation# : 1, overflow# : 1, conflict# : 2, node#: 19969
## CPU time: 0:0:55, REAL time: 0:0:55
 iter = 1298/5, route#: 2, violation# : 1, overflow# : 1, conflict# : 2, node#: 19967
## CPU time: 0:0:55, REAL time: 0:0:55
 iter = 1299/6, route#: 2, violation# : 1, overflow# : 1, conflict# : 2, node#: 19967
## CPU time: 0:0:55, REAL time: 0:0:55
 iter = 1300/7, route#: 2, violation# : 1, overflow# : 1, conflict# : 2, node#: 19967
## CPU time: 0:0:55, REAL time: 0:0:55
 iter = 1301/8, route#: 2, violation# : 1, overflow# : 1, conflict# : 2, node#: 19969
## CPU time: 0:0:55, REAL time: 0:0:55
 iter = 1302/9, route#: 2, violation# : 1, overflow# : 1, conflict# : 2, node#: 19967
## CPU time: 0:0:55, REAL time: 0:0:55
 iter = 1303/10, route#: 2, violation# : 1, overflow# : 1, conflict# : 2, node#: 19968
## CPU time: 0:0:55, REAL time: 0:0:55
 iter = 1304/5, route#: 3, violation# : 1, overflow# : 1, conflict# : 2, node#: 19967
## CPU time: 0:0:55, REAL time: 0:0:55
 iter = 1305/6, route#: 2, violation# : 1, overflow# : 1, conflict# : 2, node#: 19967
## CPU time: 0:0:55, REAL time: 0:0:55
 iter = 1306/7, route#: 2, violation# : 1, overflow# : 1, conflict# : 2, node#: 19968
## CPU time: 0:0:55, REAL time: 0:0:55
 iter = 1307/8, route#: 3, violation# : 1, overflow# : 1, conflict# : 2, node#: 19969
## CPU time: 0:0:55, REAL time: 0:0:55
 iter = 1308/9, route#: 2, violation# : 1, overflow# : 1, conflict# : 2, node#: 19969
## CPU time: 0:0:55, REAL time: 0:0:55
 iter = 1309/10, route#: 2, violation# : 1, overflow# : 1, conflict# : 2, node#: 19967
## CPU time: 0:0:55, REAL time: 0:0:55
 iter = 1310/5, route#: 2, violation# : 1, overflow# : 1, conflict# : 2, node#: 19967
## CPU time: 0:0:55, REAL time: 0:0:55
 iter = 1311/6, route#: 2, violation# : 1, overflow# : 1, conflict# : 2, node#: 19967
## CPU time: 0:0:55, REAL time: 0:0:55
 iter = 1312/7, route#: 2, violation# : 1, overflow# : 1, conflict# : 2, node#: 19968
## CPU time: 0:0:55, REAL time: 0:0:55
 iter = 1313/8, route#: 4, violation# : 1, overflow# : 1, conflict# : 2, node#: 19969
## CPU time: 0:0:55, REAL time: 0:0:55
 iter = 1314/9, route#: 2, violation# : 1, overflow# : 1, conflict# : 2, node#: 19969
## CPU time: 0:0:55, REAL time: 0:0:55
 iter = 1315/10, route#: 2, violation# : 1, overflow# : 1, conflict# : 2, node#: 19969
## CPU time: 0:0:55, REAL time: 0:0:55
 iter = 1316/5, route#: 2, violation# : 3, overflow# : 3, conflict# : 4, node#: 19969
## CPU time: 0:0:55, REAL time: 0:0:55
 iter = 1317/6, route#: 5, violation# : 3, overflow# : 3, conflict# : 5, node#: 19973
## CPU time: 0:0:55, REAL time: 0:0:55
 iter = 1318/7, route#: 4, violation# : 1, overflow# : 1, conflict# : 2, node#: 19969
## CPU time: 0:0:55, REAL time: 0:0:55
 iter = 1319/8, route#: 2, violation# : 1, overflow# : 1, conflict# : 2, node#: 19969
## CPU time: 0:0:55, REAL time: 0:0:56
 iter = 1320/9, route#: 2, violation# : 1, overflow# : 1, conflict# : 2, node#: 19969
## CPU time: 0:0:55, REAL time: 0:0:56
 iter = 1321/10, route#: 2, violation# : 1, overflow# : 1, conflict# : 2, node#: 19969
## CPU time: 0:0:55, REAL time: 0:0:56
 iter = 1322/5, route#: 2, violation# : 1, overflow# : 1, conflict# : 2, node#: 19969
## CPU time: 0:0:55, REAL time: 0:0:56
 iter = 1323/6, route#: 1, violation# : 2, overflow# : 2, conflict# : 2, node#: 19976
## CPU time: 0:0:55, REAL time: 0:0:56
 iter = 1324/7, route#: 2, violation# : 2, overflow# : 2, conflict# : 2, node#: 19976
## CPU time: 0:0:55, REAL time: 0:0:56
 iter = 1325/8, route#: 2, violation# : 2, overflow# : 2, conflict# : 2, node#: 19976
## CPU time: 0:0:55, REAL time: 0:0:56
 iter = 1326/9, route#: 3, violation# : 3, overflow# : 3, conflict# : 3, node#: 19978
## CPU time: 0:0:55, REAL time: 0:0:56
 iter = 1327/10, route#: 7, violation# : 4, overflow# : 4, conflict# : 7, node#: 19996
## CPU time: 0:0:55, REAL time: 0:0:56
 iter = 1328/5, route#: 6, violation# : 3, overflow# : 3, conflict# : 4, node#: 19974
## CPU time: 0:0:55, REAL time: 0:0:56
 iter = 1329/6, route#: 12, violation# : 5, overflow# : 5, conflict# : 7, node#: 19979
## CPU time: 0:0:55, REAL time: 0:0:56
 iter = 1330/7, route#: 8, violation# : 4, overflow# : 4, conflict# : 7, node#: 19984
## CPU time: 0:0:55, REAL time: 0:0:56
 iter = 1331/8, route#: 7, violation# : 4, overflow# : 4, conflict# : 7, node#: 19984
## CPU time: 0:0:55, REAL time: 0:0:56
 iter = 1332/9, route#: 7, violation# : 2, overflow# : 2, conflict# : 4, node#: 19982
## CPU time: 0:0:55, REAL time: 0:0:56
 iter = 1333/10, route#: 5, violation# : 3, overflow# : 3, conflict# : 5, node#: 19981
## CPU time: 0:0:55, REAL time: 0:0:56
 iter = 1334/5, route#: 4, violation# : 2, overflow# : 2, conflict# : 4, node#: 19984
## CPU time: 0:0:55, REAL time: 0:0:56
 iter = 1335/6, route#: 5, violation# : 3, overflow# : 3, conflict# : 5, node#: 19982
## CPU time: 0:0:55, REAL time: 0:0:56
 iter = 1336/7, route#: 4, violation# : 2, overflow# : 2, conflict# : 4, node#: 19984
## CPU time: 0:0:55, REAL time: 0:0:56
 iter = 1337/8, route#: 7, violation# : 5, overflow# : 5, conflict# : 7, node#: 19977
## CPU time: 0:0:55, REAL time: 0:0:56
 iter = 1338/9, route#: 5, violation# : 3, overflow# : 3, conflict# : 5, node#: 19977
## CPU time: 0:0:55, REAL time: 0:0:56
 iter = 1339/10, route#: 7, violation# : 4, overflow# : 4, conflict# : 6, node#: 19992
## CPU time: 0:0:55, REAL time: 0:0:56
 iter = 1340/5, route#: 8, violation# : 5, overflow# : 5, conflict# : 7, node#: 19976
## CPU time: 0:0:55, REAL time: 0:0:56
 iter = 1341/6, route#: 6, violation# : 4, overflow# : 4, conflict# : 5, node#: 19974
## CPU time: 0:0:55, REAL time: 0:0:56
 iter = 1342/7, route#: 7, violation# : 4, overflow# : 4, conflict# : 7, node#: 19978
## CPU time: 0:0:55, REAL time: 0:0:56
 iter = 1343/8, route#: 7, violation# : 4, overflow# : 4, conflict# : 7, node#: 19994
## CPU time: 0:0:55, REAL time: 0:0:56
 iter = 1344/9, route#: 13, violation# : 5, overflow# : 5, conflict# : 8, node#: 19982
## CPU time: 0:0:55, REAL time: 0:0:56
 iter = 1345/10, route#: 11, violation# : 7, overflow# : 7, conflict# : 10, node#: 19987
## CPU time: 0:0:55, REAL time: 0:0:56
 iter = 1346/5, route#: 10, violation# : 4, overflow# : 4, conflict# : 7, node#: 19989
## CPU time: 0:0:55, REAL time: 0:0:56
 iter = 1347/6, route#: 9, violation# : 5, overflow# : 5, conflict# : 9, node#: 19991
## CPU time: 0:0:55, REAL time: 0:0:56
 iter = 1348/7, route#: 9, violation# : 5, overflow# : 5, conflict# : 9, node#: 19998
## CPU time: 0:0:55, REAL time: 0:0:56
 iter = 1349/8, route#: 10, violation# : 4, overflow# : 4, conflict# : 8, node#: 19999
## CPU time: 0:0:55, REAL time: 0:0:56
 iter = 1350/9, route#: 10, violation# : 4, overflow# : 4, conflict# : 6, node#: 20009
## CPU time: 0:0:55, REAL time: 0:0:56
 iter = 1351/10, route#: 7, violation# : 4, overflow# : 4, conflict# : 7, node#: 20011
## CPU time: 0:0:55, REAL time: 0:0:56
 iter = 1352/5, route#: 11, violation# : 7, overflow# : 7, conflict# : 10, node#: 19989
## CPU time: 0:0:55, REAL time: 0:0:56
 iter = 1353/6, route#: 7, violation# : 5, overflow# : 5, conflict# : 8, node#: 20000
## CPU time: 0:0:55, REAL time: 0:0:56
 iter = 1354/7, route#: 11, violation# : 5, overflow# : 5, conflict# : 7, node#: 20010
## CPU time: 0:0:55, REAL time: 0:0:56
 iter = 1355/8, route#: 6, violation# : 4, overflow# : 4, conflict# : 6, node#: 20010
## CPU time: 0:0:55, REAL time: 0:0:56
 iter = 1356/9, route#: 10, violation# : 6, overflow# : 6, conflict# : 7, node#: 20018
## CPU time: 0:0:55, REAL time: 0:0:56
 iter = 1357/10, route#: 8, violation# : 5, overflow# : 5, conflict# : 7, node#: 20017
## CPU time: 0:0:55, REAL time: 0:0:56
 iter = 1358/5, route#: 11, violation# : 6, overflow# : 6, conflict# : 11, node#: 20010
## CPU time: 0:0:55, REAL time: 0:0:56
 iter = 1359/6, route#: 11, violation# : 5, overflow# : 5, conflict# : 10, node#: 20003
## CPU time: 0:0:55, REAL time: 0:0:56
 iter = 1360/7, route#: 11, violation# : 4, overflow# : 4, conflict# : 8, node#: 20010
## CPU time: 0:0:55, REAL time: 0:0:56
 iter = 1361/8, route#: 12, violation# : 5, overflow# : 5, conflict# : 9, node#: 20002
## CPU time: 0:0:55, REAL time: 0:0:56
 iter = 1362/9, route#: 11, violation# : 2, overflow# : 2, conflict# : 4, node#: 20011
## CPU time: 0:0:55, REAL time: 0:0:56
 iter = 1363/10, route#: 4, violation# : 2, overflow# : 2, conflict# : 4, node#: 20011
## CPU time: 0:0:55, REAL time: 0:0:56
 iter = 1364/5, route#: 9, violation# : 4, overflow# : 4, conflict# : 7, node#: 20007
## CPU time: 0:0:55, REAL time: 0:0:56
 iter = 1365/6, route#: 8, violation# : 3, overflow# : 3, conflict# : 6, node#: 20015
## CPU time: 0:0:55, REAL time: 0:0:56
 iter = 1366/7, route#: 7, violation# : 3, overflow# : 3, conflict# : 6, node#: 20014
## CPU time: 0:0:55, REAL time: 0:0:56
 iter = 1367/8, route#: 7, violation# : 3, overflow# : 3, conflict# : 5, node#: 20026
## CPU time: 0:0:55, REAL time: 0:0:56
 iter = 1368/9, route#: 7, violation# : 4, overflow# : 4, conflict# : 6, node#: 20022
## CPU time: 0:0:55, REAL time: 0:0:56
 iter = 1369/10, route#: 7, violation# : 4, overflow# : 4, conflict# : 6, node#: 20015
## CPU time: 0:0:55, REAL time: 0:0:56
 iter = 1370/5, route#: 7, violation# : 5, overflow# : 5, conflict# : 8, node#: 20013
## CPU time: 0:0:55, REAL time: 0:0:56
 iter = 1371/6, route#: 9, violation# : 4, overflow# : 4, conflict# : 7, node#: 20018
## CPU time: 0:0:55, REAL time: 0:0:56
 iter = 1372/7, route#: 9, violation# : 6, overflow# : 6, conflict# : 9, node#: 20017
## CPU time: 0:0:55, REAL time: 0:0:56
 iter = 1373/8, route#: 10, violation# : 4, overflow# : 4, conflict# : 7, node#: 20035
## CPU time: 0:0:55, REAL time: 0:0:56
 iter = 1374/9, route#: 8, violation# : 4, overflow# : 4, conflict# : 7, node#: 20055
## CPU time: 0:0:55, REAL time: 0:0:56
 iter = 1375/10, route#: 9, violation# : 2, overflow# : 2, conflict# : 4, node#: 20054
## CPU time: 0:0:55, REAL time: 0:0:56
 iter = 1376/5, route#: 3, violation# : 2, overflow# : 2, conflict# : 4, node#: 20055
## CPU time: 0:0:55, REAL time: 0:0:56
 iter = 1377/6, route#: 8, violation# : 4, overflow# : 4, conflict# : 7, node#: 20045
## CPU time: 0:0:55, REAL time: 0:0:56
 iter = 1378/7, route#: 9, violation# : 2, overflow# : 2, conflict# : 3, node#: 20048
## CPU time: 0:0:55, REAL time: 0:0:56
 iter = 1379/8, route#: 4, violation# : 1, overflow# : 1, conflict# : 2, node#: 20047
## CPU time: 0:0:55, REAL time: 0:0:56
 iter = 1380/9, route#: 2, violation# : 1, overflow# : 1, conflict# : 2, node#: 20047
## CPU time: 0:0:55, REAL time: 0:0:56
 iter = 1381/10, route#: 2, violation# : 1, overflow# : 1, conflict# : 2, node#: 20047
## CPU time: 0:0:55, REAL time: 0:0:56
 iter = 1382/5, route#: 1, violation# : 1, overflow# : 1, conflict# : 2, node#: 20046
## CPU time: 0:0:56, REAL time: 0:0:56
 iter = 1383/6, route#: 5, violation# : 1, overflow# : 1, conflict# : 2, node#: 20046
## CPU time: 0:0:56, REAL time: 0:0:56
 iter = 1384/7, route#: 3, violation# : 2, overflow# : 2, conflict# : 3, node#: 20045
## CPU time: 0:0:56, REAL time: 0:0:56
 iter = 1385/8, route#: 5, violation# : 2, overflow# : 2, conflict# : 3, node#: 20057
## CPU time: 0:0:56, REAL time: 0:0:56
 iter = 1386/9, route#: 3, violation# : 1, overflow# : 1, conflict# : 2, node#: 20055
## CPU time: 0:0:56, REAL time: 0:0:56
 iter = 1387/10, route#: 2, violation# : 1, overflow# : 1, conflict# : 2, node#: 20056
## CPU time: 0:0:56, REAL time: 0:0:56
 iter = 1388/5, route#: 2, violation# : 1, overflow# : 1, conflict# : 2, node#: 20048
## CPU time: 0:0:56, REAL time: 0:0:57
 iter = 1389/6, route#: 3, violation# : 0, overflow# : 0, conflict# : 0, node#: 20060
## CPU time: 0:0:56, REAL time: 0:0:57
 iter = 1390/2, route#: 474, violation# : 386, overflow# : 385, conflict# : 369, node#: 19018
## CPU time: 0:0:57, REAL time: 0:0:58
 iter = 1391/3, route#: 464, violation# : 192, overflow# : 192, conflict# : 249, node#: 19282
## CPU time: 0:0:57, REAL time: 0:0:58
 iter = 1392/4, route#: 340, violation# : 74, overflow# : 74, conflict# : 120, node#: 19490
## CPU time: 0:0:58, REAL time: 0:0:59
 iter = 1393/5, route#: 271, violation# : 36, overflow# : 36, conflict# : 65, node#: 19581
## CPU time: 0:0:58, REAL time: 0:0:59
 iter = 1394/6, route#: 229, violation# : 19, overflow# : 19, conflict# : 34, node#: 19627
## CPU time: 0:0:58, REAL time: 0:0:59
 iter = 1395/4, route#: 259, violation# : 57, overflow# : 57, conflict# : 88, node#: 19509
## CPU time: 0:0:58, REAL time: 0:0:59
 iter = 1396/5, route#: 233, violation# : 20, overflow# : 20, conflict# : 36, node#: 19581
## CPU time: 0:0:58, REAL time: 0:0:59
 iter = 1397/6, route#: 206, violation# : 12, overflow# : 12, conflict# : 24, node#: 19618
## CPU time: 0:0:59, REAL time: 0:1:0
 iter = 1398/7, route#: 216, violation# : 12, overflow# : 12, conflict# : 24, node#: 19627
## CPU time: 0:0:59, REAL time: 0:1:0
 iter = 1399/8, route#: 207, violation# : 11, overflow# : 11, conflict# : 19, node#: 19641
## CPU time: 0:0:59, REAL time: 0:1:0
 iter = 1400/9, route#: 208, violation# : 10, overflow# : 10, conflict# : 17, node#: 19683
## CPU time: 0:0:59, REAL time: 0:1:0
 iter = 1401/4, route#: 276, violation# : 55, overflow# : 55, conflict# : 82, node#: 19557
## CPU time: 0:0:59, REAL time: 0:1:0
 iter = 1402/5, route#: 235, violation# : 22, overflow# : 22, conflict# : 41, node#: 19598
## CPU time: 0:1:0, REAL time: 0:1:0
 iter = 1403/6, route#: 210, violation# : 12, overflow# : 12, conflict# : 23, node#: 19633
## CPU time: 0:1:0, REAL time: 0:1:1
 iter = 1404/7, route#: 209, violation# : 10, overflow# : 10, conflict# : 18, node#: 19641
## CPU time: 0:1:0, REAL time: 0:1:1
 iter = 1405/8, route#: 199, violation# : 9, overflow# : 9, conflict# : 16, node#: 19659
## CPU time: 0:1:0, REAL time: 0:1:1
 iter = 1406/9, route#: 200, violation# : 9, overflow# : 9, conflict# : 16, node#: 19642
## CPU time: 0:1:0, REAL time: 0:1:1
 iter = 1407/5, route#: 15, violation# : 8, overflow# : 8, conflict# : 13, node#: 19643
## CPU time: 0:1:0, REAL time: 0:1:1
 iter = 1408/6, route#: 15, violation# : 9, overflow# : 9, conflict# : 15, node#: 19647
## CPU time: 0:1:0, REAL time: 0:1:1
 iter = 1409/7, route#: 15, violation# : 8, overflow# : 8, conflict# : 13, node#: 19662
## CPU time: 0:1:0, REAL time: 0:1:1
 iter = 1410/8, route#: 13, violation# : 8, overflow# : 8, conflict# : 13, node#: 19660
## CPU time: 0:1:0, REAL time: 0:1:1
 iter = 1411/9, route#: 15, violation# : 8, overflow# : 8, conflict# : 15, node#: 19672
## CPU time: 0:1:0, REAL time: 0:1:1
 iter = 1412/10, route#: 15, violation# : 8, overflow# : 8, conflict# : 15, node#: 19666
## CPU time: 0:1:0, REAL time: 0:1:1
 iter = 1413/5, route#: 15, violation# : 9, overflow# : 9, conflict# : 15, node#: 19649
## CPU time: 0:1:0, REAL time: 0:1:1
 iter = 1414/6, route#: 15, violation# : 8, overflow# : 8, conflict# : 13, node#: 19671
## CPU time: 0:1:0, REAL time: 0:1:1
 iter = 1415/7, route#: 11, violation# : 5, overflow# : 5, conflict# : 9, node#: 19662
## CPU time: 0:1:0, REAL time: 0:1:1
 iter = 1416/8, route#: 9, violation# : 5, overflow# : 5, conflict# : 9, node#: 19665
## CPU time: 0:1:0, REAL time: 0:1:1
 iter = 1417/9, route#: 12, violation# : 9, overflow# : 9, conflict# : 12, node#: 19659
## CPU time: 0:1:0, REAL time: 0:1:1
 iter = 1418/10, route#: 11, violation# : 5, overflow# : 5, conflict# : 9, node#: 19669
## CPU time: 0:1:0, REAL time: 0:1:1
 iter = 1419/5, route#: 13, violation# : 9, overflow# : 9, conflict# : 14, node#: 19652
## CPU time: 0:1:0, REAL time: 0:1:1
 iter = 1420/6, route#: 12, violation# : 4, overflow# : 4, conflict# : 8, node#: 19658
## CPU time: 0:1:0, REAL time: 0:1:1
 iter = 1421/7, route#: 9, violation# : 4, overflow# : 4, conflict# : 8, node#: 19672
## CPU time: 0:1:0, REAL time: 0:1:1
 iter = 1422/8, route#: 8, violation# : 4, overflow# : 4, conflict# : 8, node#: 19672
## CPU time: 0:1:0, REAL time: 0:1:1
 iter = 1423/9, route#: 8, violation# : 4, overflow# : 4, conflict# : 8, node#: 19672
## CPU time: 0:1:0, REAL time: 0:1:1
 iter = 1424/10, route#: 11, violation# : 4, overflow# : 4, conflict# : 8, node#: 19686
## CPU time: 0:1:0, REAL time: 0:1:1
 iter = 1425/5, route#: 8, violation# : 5, overflow# : 5, conflict# : 9, node#: 19682
## CPU time: 0:1:0, REAL time: 0:1:1
 iter = 1426/6, route#: 10, violation# : 5, overflow# : 5, conflict# : 10, node#: 19683
## CPU time: 0:1:1, REAL time: 0:1:1
 iter = 1427/7, route#: 10, violation# : 6, overflow# : 6, conflict# : 10, node#: 19687
## CPU time: 0:1:1, REAL time: 0:1:1
 iter = 1428/8, route#: 10, violation# : 5, overflow# : 5, conflict# : 10, node#: 19690
## CPU time: 0:1:1, REAL time: 0:1:1
 iter = 1429/9, route#: 12, violation# : 7, overflow# : 7, conflict# : 11, node#: 19685
## CPU time: 0:1:1, REAL time: 0:1:1
 iter = 1430/10, route#: 13, violation# : 7, overflow# : 7, conflict# : 12, node#: 19680
## CPU time: 0:1:1, REAL time: 0:1:2
 iter = 1431/5, route#: 12, violation# : 7, overflow# : 7, conflict# : 12, node#: 19681
## CPU time: 0:1:1, REAL time: 0:1:2
 iter = 1432/6, route#: 11, violation# : 5, overflow# : 5, conflict# : 10, node#: 19685
## CPU time: 0:1:1, REAL time: 0:1:2
 iter = 1433/7, route#: 11, violation# : 4, overflow# : 4, conflict# : 8, node#: 19700
## CPU time: 0:1:1, REAL time: 0:1:2
 iter = 1434/8, route#: 8, violation# : 4, overflow# : 4, conflict# : 8, node#: 19700
## CPU time: 0:1:1, REAL time: 0:1:2
 iter = 1435/9, route#: 8, violation# : 4, overflow# : 4, conflict# : 8, node#: 19699
## CPU time: 0:1:1, REAL time: 0:1:2
 iter = 1436/10, route#: 8, violation# : 4, overflow# : 4, conflict# : 8, node#: 19696
## CPU time: 0:1:1, REAL time: 0:1:2
 iter = 1437/5, route#: 10, violation# : 6, overflow# : 6, conflict# : 11, node#: 19686
## CPU time: 0:1:1, REAL time: 0:1:2
 iter = 1438/6, route#: 11, violation# : 6, overflow# : 6, conflict# : 10, node#: 19694
## CPU time: 0:1:1, REAL time: 0:1:2
 iter = 1439/7, route#: 10, violation# : 5, overflow# : 5, conflict# : 8, node#: 19694
## CPU time: 0:1:1, REAL time: 0:1:2
 iter = 1440/8, route#: 9, violation# : 6, overflow# : 6, conflict# : 9, node#: 19706
## CPU time: 0:1:1, REAL time: 0:1:2
 iter = 1441/9, route#: 8, violation# : 5, overflow# : 5, conflict# : 8, node#: 19694
## CPU time: 0:1:1, REAL time: 0:1:2
 iter = 1442/10, route#: 9, violation# : 5, overflow# : 5, conflict# : 8, node#: 19705
## CPU time: 0:1:1, REAL time: 0:1:2
 iter = 1443/5, route#: 7, violation# : 8, overflow# : 8, conflict# : 12, node#: 19693
## CPU time: 0:1:1, REAL time: 0:1:2
 iter = 1444/6, route#: 15, violation# : 6, overflow# : 6, conflict# : 12, node#: 19693
## CPU time: 0:1:1, REAL time: 0:1:2
 iter = 1445/7, route#: 10, violation# : 4, overflow# : 4, conflict# : 8, node#: 19720
## CPU time: 0:1:1, REAL time: 0:1:2
 iter = 1446/8, route#: 8, violation# : 4, overflow# : 4, conflict# : 8, node#: 19726
## CPU time: 0:1:1, REAL time: 0:1:2
 iter = 1447/9, route#: 10, violation# : 5, overflow# : 5, conflict# : 9, node#: 19716
## CPU time: 0:1:1, REAL time: 0:1:2
 iter = 1448/10, route#: 9, violation# : 4, overflow# : 4, conflict# : 8, node#: 19716
## CPU time: 0:1:1, REAL time: 0:1:2
 iter = 1449/5, route#: 8, violation# : 4, overflow# : 4, conflict# : 8, node#: 19710
## CPU time: 0:1:1, REAL time: 0:1:2
 iter = 1450/6, route#: 10, violation# : 3, overflow# : 3, conflict# : 6, node#: 19714
## CPU time: 0:1:1, REAL time: 0:1:2
 iter = 1451/7, route#: 6, violation# : 3, overflow# : 3, conflict# : 6, node#: 19721
## CPU time: 0:1:1, REAL time: 0:1:2
 iter = 1452/8, route#: 8, violation# : 3, overflow# : 3, conflict# : 6, node#: 19719
## CPU time: 0:1:1, REAL time: 0:1:2
 iter = 1453/9, route#: 6, violation# : 3, overflow# : 3, conflict# : 6, node#: 19714
## CPU time: 0:1:1, REAL time: 0:1:2
 iter = 1454/10, route#: 6, violation# : 3, overflow# : 3, conflict# : 6, node#: 19719
## CPU time: 0:1:1, REAL time: 0:1:2
 iter = 1455/5, route#: 5, violation# : 6, overflow# : 6, conflict# : 9, node#: 19715
## CPU time: 0:1:1, REAL time: 0:1:2
 iter = 1456/6, route#: 10, violation# : 4, overflow# : 4, conflict# : 8, node#: 19716
## CPU time: 0:1:1, REAL time: 0:1:2
 iter = 1457/7, route#: 8, violation# : 3, overflow# : 3, conflict# : 6, node#: 19719
## CPU time: 0:1:1, REAL time: 0:1:2
 iter = 1458/8, route#: 6, violation# : 3, overflow# : 3, conflict# : 6, node#: 19719
## CPU time: 0:1:1, REAL time: 0:1:2
 iter = 1459/9, route#: 8, violation# : 4, overflow# : 4, conflict# : 7, node#: 19718
## CPU time: 0:1:1, REAL time: 0:1:2
 iter = 1460/10, route#: 7, violation# : 4, overflow# : 4, conflict# : 7, node#: 19720
## CPU time: 0:1:1, REAL time: 0:1:2
 iter = 1461/5, route#: 6, violation# : 6, overflow# : 6, conflict# : 7, node#: 19717
## CPU time: 0:1:1, REAL time: 0:1:2
 iter = 1462/6, route#: 8, violation# : 6, overflow# : 6, conflict# : 9, node#: 19721
## CPU time: 0:1:1, REAL time: 0:1:2
 iter = 1463/7, route#: 10, violation# : 3, overflow# : 3, conflict# : 6, node#: 19725
## CPU time: 0:1:1, REAL time: 0:1:2
 iter = 1464/8, route#: 6, violation# : 3, overflow# : 3, conflict# : 6, node#: 19725
## CPU time: 0:1:1, REAL time: 0:1:2
 iter = 1465/9, route#: 6, violation# : 3, overflow# : 3, conflict# : 6, node#: 19724
## CPU time: 0:1:1, REAL time: 0:1:2
 iter = 1466/10, route#: 6, violation# : 3, overflow# : 3, conflict# : 6, node#: 19724
## CPU time: 0:1:1, REAL time: 0:1:2
 iter = 1467/5, route#: 7, violation# : 3, overflow# : 3, conflict# : 6, node#: 19719
## CPU time: 0:1:1, REAL time: 0:1:2
 iter = 1468/6, route#: 6, violation# : 3, overflow# : 3, conflict# : 6, node#: 19719
## CPU time: 0:1:1, REAL time: 0:1:2
 iter = 1469/7, route#: 6, violation# : 3, overflow# : 3, conflict# : 6, node#: 19720
## CPU time: 0:1:1, REAL time: 0:1:2
 iter = 1470/8, route#: 8, violation# : 4, overflow# : 4, conflict# : 7, node#: 19726
## CPU time: 0:1:1, REAL time: 0:1:2
 iter = 1471/9, route#: 6, violation# : 3, overflow# : 3, conflict# : 6, node#: 19727
## CPU time: 0:1:1, REAL time: 0:1:2
 iter = 1472/10, route#: 8, violation# : 4, overflow# : 4, conflict# : 7, node#: 19730
## CPU time: 0:1:1, REAL time: 0:1:2
 iter = 1473/5, route#: 8, violation# : 3, overflow# : 3, conflict# : 5, node#: 19714
## CPU time: 0:1:1, REAL time: 0:1:2
 iter = 1474/6, route#: 6, violation# : 2, overflow# : 2, conflict# : 4, node#: 19728
## CPU time: 0:1:1, REAL time: 0:1:2
 iter = 1475/7, route#: 4, violation# : 2, overflow# : 2, conflict# : 4, node#: 19728
## CPU time: 0:1:1, REAL time: 0:1:2
 iter = 1476/8, route#: 4, violation# : 2, overflow# : 2, conflict# : 4, node#: 19728
## CPU time: 0:1:1, REAL time: 0:1:2
 iter = 1477/9, route#: 4, violation# : 2, overflow# : 2, conflict# : 4, node#: 19749
## CPU time: 0:1:1, REAL time: 0:1:2
 iter = 1478/10, route#: 4, violation# : 2, overflow# : 2, conflict# : 4, node#: 19742
## CPU time: 0:1:1, REAL time: 0:1:2
 iter = 1479/5, route#: 4, violation# : 2, overflow# : 2, conflict# : 4, node#: 19733
## CPU time: 0:1:1, REAL time: 0:1:2
 iter = 1480/6, route#: 4, violation# : 2, overflow# : 2, conflict# : 4, node#: 19733
## CPU time: 0:1:1, REAL time: 0:1:2
 iter = 1481/7, route#: 5, violation# : 3, overflow# : 3, conflict# : 5, node#: 19743
## CPU time: 0:1:1, REAL time: 0:1:2
 iter = 1482/8, route#: 5, violation# : 2, overflow# : 2, conflict# : 4, node#: 19750
## CPU time: 0:1:1, REAL time: 0:1:2
 iter = 1483/9, route#: 4, violation# : 2, overflow# : 2, conflict# : 4, node#: 19742
## CPU time: 0:1:1, REAL time: 0:1:2
 iter = 1484/10, route#: 5, violation# : 3, overflow# : 3, conflict# : 5, node#: 19743
## CPU time: 0:1:1, REAL time: 0:1:2
 iter = 1485/5, route#: 5, violation# : 3, overflow# : 3, conflict# : 5, node#: 19733
## CPU time: 0:1:1, REAL time: 0:1:2
 iter = 1486/6, route#: 5, violation# : 3, overflow# : 3, conflict# : 5, node#: 19733
## CPU time: 0:1:1, REAL time: 0:1:2
 iter = 1487/7, route#: 7, violation# : 3, overflow# : 3, conflict# : 6, node#: 19747
## CPU time: 0:1:1, REAL time: 0:1:2
 iter = 1488/8, route#: 5, violation# : 3, overflow# : 3, conflict# : 5, node#: 19747
## CPU time: 0:1:1, REAL time: 0:1:2
 iter = 1489/9, route#: 7, violation# : 3, overflow# : 3, conflict# : 6, node#: 19765
## CPU time: 0:1:1, REAL time: 0:1:2
 iter = 1490/10, route#: 6, violation# : 5, overflow# : 5, conflict# : 6, node#: 19765
## CPU time: 0:1:1, REAL time: 0:1:2
 iter = 1491/5, route#: 7, violation# : 3, overflow# : 3, conflict# : 6, node#: 19755
## CPU time: 0:1:1, REAL time: 0:1:2
 iter = 1492/6, route#: 7, violation# : 3, overflow# : 3, conflict# : 6, node#: 19759
## CPU time: 0:1:1, REAL time: 0:1:2
 iter = 1493/7, route#: 6, violation# : 3, overflow# : 3, conflict# : 6, node#: 19757
## CPU time: 0:1:1, REAL time: 0:1:2
 iter = 1494/8, route#: 6, violation# : 2, overflow# : 2, conflict# : 4, node#: 19760
## CPU time: 0:1:1, REAL time: 0:1:2
 iter = 1495/9, route#: 4, violation# : 2, overflow# : 2, conflict# : 4, node#: 19768
## CPU time: 0:1:1, REAL time: 0:1:2
 iter = 1496/10, route#: 5, violation# : 2, overflow# : 2, conflict# : 4, node#: 19769
## CPU time: 0:1:1, REAL time: 0:1:2
 iter = 1497/5, route#: 9, violation# : 5, overflow# : 5, conflict# : 6, node#: 19772
## CPU time: 0:1:2, REAL time: 0:1:2
 iter = 1498/6, route#: 7, violation# : 3, overflow# : 3, conflict# : 6, node#: 19769
## CPU time: 0:1:2, REAL time: 0:1:2
 iter = 1499/7, route#: 6, violation# : 3, overflow# : 3, conflict# : 6, node#: 19777
## CPU time: 0:1:2, REAL time: 0:1:2
 iter = 1500/8, route#: 5, violation# : 2, overflow# : 2, conflict# : 4, node#: 19779
Optimizing...
...

Done


*** Post Routing Timing Report ***

=== User constraints ===
Fmax report
  User constraint:  40.000MHz, Fmax:  80.828MHz, Clock: ESP_SPI_SCK
  User constraint:   8.000MHz, Fmax: 120.178MHz, Clock: PIN_HSE
  User constraint:  10.000MHz, Fmax: 120.178MHz, Clock: PIN_HSI
  User constraint: 150.000MHz, Fmax: 120.178MHz, Clock: pll_inst|auto_generated|pll1|clk[0]

Clock transfer report:
  Worst setup:   6.314, with clock ESP_SPI_SCK
  Worst setup: 116.679, with clock PIN_HSE
  Worst setup:  91.679, with clock PIN_HSI
  Worst setup:  -1.654, with clock pll_inst|auto_generated|pll1|clk[0]

  Worst  hold:   0.603, with clock ESP_SPI_SCK
  Worst  hold:   0.323, with clock PIN_HSE
  Worst  hold:   0.323, with clock PIN_HSI
  Worst  hold:   0.323, with clock pll_inst|auto_generated|pll1|clk[0]

=== Auto constraints ===
Fmax report
  User constraint:  75.000MHz, Fmax: 128.502MHz, Clock: Internal_generated_clock_macro_inst|core_inst|osc|Q

Clock transfer report:
  Worst setup:   5.551, with clock Internal_generated_clock_macro_inst|core_inst|osc|Q
  Worst setup: 994.790, from clock Internal_generated_clock_example_board|ESP32_SPI2_CS_N to Internal_generated_clock_example_board|ESP32_SPI_CS1
  Worst setup:  13.677, from clock Internal_generated_clock_example_board|ESP32_SPI2_CS_N to Internal_generated_clock_macro_inst|core_inst|osc|Q
  Worst setup:   2.235, from clock Internal_generated_clock_example_board|ESP32_SPI2_CS_N to pll_inst|auto_generated|pll1|clk[0]
  Worst setup:  13.835, from clock Internal_generated_clock_example_board|ESP32_SPI_CS1 to Internal_generated_clock_macro_inst|core_inst|osc|Q
  Worst setup:   1.851, from clock Internal_generated_clock_example_board|ESP32_SPI_CS1 to pll_inst|auto_generated|pll1|clk[0]
  Worst setup:   5.854, from clock Internal_generated_clock_macro_inst|core_inst|osc|Q to pll_inst|auto_generated|pll1|clk[0]

  Worst  hold:   0.615, with clock Internal_generated_clock_macro_inst|core_inst|osc|Q
  Worst  hold:   0.024, from clock Internal_generated_clock_example_board|ESP32_SPI2_CS_N to Internal_generated_clock_example_board|ESP32_SPI_CS1
  Worst  hold:  -2.505, from clock Internal_generated_clock_example_board|ESP32_SPI2_CS_N to Internal_generated_clock_macro_inst|core_inst|osc|Q
  Worst  hold:   2.142, from clock Internal_generated_clock_example_board|ESP32_SPI2_CS_N to pll_inst|auto_generated|pll1|clk[0]
  Worst  hold:  -2.521, from clock Internal_generated_clock_example_board|ESP32_SPI_CS1 to Internal_generated_clock_macro_inst|core_inst|osc|Q
  Worst  hold:   2.478, from clock Internal_generated_clock_example_board|ESP32_SPI_CS1 to pll_inst|auto_generated|pll1|clk[0]
  Worst  hold:   0.615, from clock Internal_generated_clock_macro_inst|core_inst|osc|Q to pll_inst|auto_generated|pll1|clk[0]

Coverage report
  User constraints covered 7655 connections out of 8540 total, coverage: 89.6%
  Auto constraints covered 8118 connections out of 8540 total, coverage: 95.1%


Hold from ESP32_SPI_CS1 to macro_inst|core_inst|led_idle_ready, clock Internal_generated_clock_example_board|ESP32_SPI_CS1 to Internal_generated_clock_macro_inst|core_inst|osc|Q, constraint 0.000, skew 6.345, data 3.640
  Slack:  -2.521
    Arrival Time:    3.373
    Required Time:   5.894

*** End Timing Report ***



Thu Sep 10 15:20:32 2026
Warn: User constraints coverage is too low at 89.6%.
Generating batch file: {C:/Users/mori/AgRV_pio/packages/tool-agrv_logic/python_dist/python.exe} {C:/Users/mori/AgRV_pio/packages/tool-agrv_logic/pio/gen_batch} -d 1075838977 -i 0xbff5105000730062aa234371030002b7 -o ./example_board_batch.bin --logic-config ./example_board.bin --logic-address 0x80007000 
Using post-ASF file example_board.post.asf.
Thu Sep 10 15:20:33 2026

Total 0 fatals, 0 errors, 106 warnings, 20 infos.
