2026-09-10 20:07:10 I (95) boot:  6 retro-core       OTA app          00 11 00ae0000
2026-09-10 20:07:10 @mori {"event":"ready","message":"Mori serial debug v1; type help"}
2026-09-10 20:07:10 I (1285) pm: Frequency switching config: CPU_MAX: 160, APB_MAX: 80, APB_MIN: 80, Light sleep: DISABLED
2026-09-10 20:07:10 I (1294) power_manager: CPU DFS enabled: idle=80MHz max=160MHz light_sleep=off
2026-09-10 20:07:10 I (1301) main: timezone configured: CST-8
2026-09-10 20:07:10 I (1305) main: boot step: mount assets
2026-09-10 20:07:10 I (1400) assets: mounted /assets: total=1438481 used=763291
2026-09-10 20:07:10 I (1401) main: boot step: mount sdcard
2026-09-10 20:07:10 I (1451) SDCARD: SD card mounted
2026-09-10 20:07:10 I (1452) SDCARD: Total: 59638MB
2026-09-10 20:07:10 W (1612) main: repaired legacy lang_zh_cn.ini
2026-09-10 20:07:10 I (3410) burner_web: burn config loaded: erase=smart write_path=psram recipe=chis psram_mb=auto mbc5_chunk=16 dump_chunk=64 voltage=3v3 settle=100ms cores=cpu1/cpu1/cpu1 ag32_link=auto
2026-09-10 20:07:10 I (3416) main: GBX cache auto rebuild disabled; update manually from system menu
2026-09-10 20:07:10 I (3435) main: UI language=1 (zh)
2026-09-10 20:07:10 I (3442) main: boot step: init i2c peripherals
2026-09-10 20:07:10 W (3443) i2c.master: Please check pull-up resistances whether be connected properly. Otherwise unexpected behavior would happen. For more detailed information, please read docs
2026-09-10 20:07:10 I (3452) mori_i2c: I2C bus ready. SDA=18, SCL=8, freq=100000
2026-09-10 20:07:10 I (3460) axp209: AXP209 ready at 0x34, charge current fixed to 500mA
2026-09-10 20:07:10 I (3463) power_manager: detected AXP209 at 0x34
2026-09-10 20:07:10 I (3467) main: AXP209 power manager ready at 0x34
2026-09-10 20:07:10 I (3472) tca9555: TCA9555 ready at 0x20
2026-09-10 20:07:10 I (3480) main: tca9555.ini apply=0, skip register apply
2026-09-10 20:07:10 I (3482) main: TCA9555@0x20 input=0xFFFF cfg=0xEFFF
2026-09-10 20:07:10 I (3486) tca9555: IRQ enabled on GPIO 17
2026-09-10 20:07:10 I (3489) main: boot step: init usb msc manager
2026-09-10 20:07:10 I (3493) usb_msc_tf: USB MSC manager ready (default: disabled)
2026-09-10 20:07:10 I (3498) main: USB MSC manager ready, pass-through default is disabled
2026-09-10 20:07:10 I (3505) main: boot step: init nvs
2026-09-10 20:07:10 I (3536) main: boot step: init mcu debug
2026-09-10 20:07:10 I (3537) main: boot step: init lvgl/display
2026-09-10 20:07:10 I (3780) lcd_display: LCD init done (ST7789, 320x240, rot=270), pins CLK=6 MOSI=4 CS=5 DC=13 BK=14, bk_pwm=1
2026-09-10 20:07:10 I (3782) lvgl_port: draw_buf1 allocated in internal DMA (12800 bytes)
2026-09-10 20:07:10 I (3786) lvgl_port: using single LVGL draw buffer (20
2026-09-10 20:07:10 @mori {"event":"status","version":"v2.32-108-gb7f098c-dirty","uptime_ms":19267,"internal_free":74923,"internal_largest":31744,"psram_free":7556172,"burn_running":false,"patch_running":false,"cancel_requested":false,"phase":"","detail":"","offset":0,"total":0,"passes":0,"read_bytes":0,"read_ms":0,"elapsed_ms":0,"result":0,"ag32_link":"auto","ag32_link_active":"unknown","ag32_capabilities":0,"ag32_capabilities_known":false}
2026-09-10 20:07:11
2026-09-10 20:07:11 @mori {"event":"ui","process_calls":1039,"render_calls":62,"music_polls":152,"model_bytes":15352,"directory_scans":0,"cache_hits":0,"page":0,"selected":0,"count":5,"preview_generation":0,"file_worker_stack_free":14760,"file_start_active":false,"preview_active":false,"preview_done":false,"preview_available":false,"screen_dimmed":false,"selection":"系统","status":"wifi connected 192.168.1.134"}
2026-09-10 20:07:11 I (21203) mcu_debug: SWD DP IDCODE=0x2ba01477
2026-09-10 20:07:11 I (21205) mcu_debug: SWD DP status after ABORT=0xf0000041
2026-09-10 20:07:11 I (21206) mcu_debug: SWD DP CTRL/STAT=0xf0000041
2026-09-10 20:07:11 I (21208) mcu_debug: SWD AP IDR=0x1fff0011 CSW=0x23000042
2026-09-10 20:07:11 I (21212) mcu_debug: DMI DMSTATUS before halt=0x000f0ca2
2026-09-10 20:07:11 I (21224) burner_web: MCU SPI init: host=1 cs0=21 cs1=1 clk=47 miso=48 mosi=45 freq=40000000Hz
2026-09-10 20:07:11 I (21227) burner_web: MCU SPI ready: actual=40000000Hz dma_scratch_tx=16384 dma_scratch_rw=16384
2026-09-10 20:07:11
2026-09-10 20:07:11 @mori {"event":"ag32_probe","ok":true,"error":"ESP_OK","status":"ok","dp_idcode":731911287,"device_id":1075838977}
2026-09-10 20:14:34 I (95) boot:  6 retro-core       OTA app          00 11 00ae0000
2026-09-10 20:14:34 @mori {"event":"ready","message":"Mori serial debug v1; type help"}
2026-09-10 20:14:34 I (1278) pm: Frequency switching config: CPU_MAX: 160, APB_MAX: 80, APB_MIN: 80, Light sleep: DISABLED
2026-09-10 20:14:34 I (1287) power_manager: CPU DFS enabled: idle=80MHz max=160MHz light_sleep=off
2026-09-10 20:14:34 I (1294) main: timezone configured: CST-8
2026-09-10 20:14:34 I (1298) main: boot step: mount assets
2026-09-10 20:14:34 I (1393) assets: mounted /assets: total=1438481 used=763291
2026-09-10 20:14:34 I (1394) main: boot step: mount sdcard
2026-09-10 20:14:34 I (1442) SDCARD: SD card mounted
2026-09-10 20:14:34 I (1443) SDCARD: Total: 59638MB
2026-09-10 20:14:34 W (1602) main: repaired legacy lang_zh_cn.ini
2026-09-10 20:14:34 I (3394) burner_web: burn config loaded: erase=smart write_path=psram recipe=chis psram_mb=auto mbc5_chunk=16 dump_chunk=64 voltage=3v3 settle=100ms cores=cpu1/cpu1/cpu1 ag32_link=auto
2026-09-10 20:14:34 I (3400) main: GBX cache auto rebuild disabled; update manually from system menu
2026-09-10 20:14:34 I (3411) main: UI language=1 (zh)
2026-09-10 20:14:34 I (3419) main: boot step: init i2c peripherals
2026-09-10 20:14:34 W (3420) i2c.master: Please check pull-up resistances whether be connected properly. Otherwise unexpected behavior would happen. For more detailed information, please read docs
2026-09-10 20:14:34 I (3430) mori_i2c: I2C bus ready. SDA=18, SCL=8, freq=100000
2026-09-10 20:14:34 I (3438) axp209: AXP209 ready at 0x34, charge current fixed to 500mA
2026-09-10 20:14:34 I (3441) power_manager: detected AXP209 at 0x34
2026-09-10 20:14:34 I (3445) main: AXP209 power manager ready at 0x34
2026-09-10 20:14:34 I (3450) tca9555: TCA9555 ready at 0x20
2026-09-10 20:14:34 I (3458) main: tca9555.ini apply=0, skip register apply
2026-09-10 20:14:34 I (3460) main: TCA9555@0x20 input=0xFFFF cfg=0xEFFF
2026-09-10 20:14:34 I (3463) tca9555: IRQ enabled on GPIO 17
2026-09-10 20:14:34 I (3466) main: boot step: init usb msc manager
2026-09-10 20:14:34 I (3470) usb_msc_tf: USB MSC manager ready (default: disabled)
2026-09-10 20:14:34 I (3476) main: USB MSC manager ready, pass-through default is disabled
2026-09-10 20:14:34 I (3483) main: boot step: init nvs
2026-09-10 20:14:34 I (3514) main: boot step: init mcu debug
2026-09-10 20:14:34 I (3515) main: boot step: init lvgl/display
2026-09-10 20:14:34 I (3758) lcd_display: LCD init done (ST7789, 320x240, rot=270), pins CLK=6 MOSI=4 CS=5 DC=13 BK=14, bk_pwm=1
2026-09-10 20:14:34 I (3760) lvgl_port: draw_buf1 allocated in internal DMA (12800 bytes)
2026-09-10 20:14:34 I (3764) lvgl_port: using single LVGL draw buffer (20
2026-09-10 20:14:34 @mori {"event":"status","version":"v2.32-108-gb7f098c-dirty","uptime_ms":21262,"internal_free":74923,"internal_largest":31744,"psram_free":7556172,"burn_running":false,"patch_running":false,"cancel_requested":false,"phase":"","detail":"","offset":0,"total":0,"passes":0,"read_bytes":0,"read_ms":0,"elapsed_ms":0,"result":0,"ag32_link":"auto","ag32_link_active":"unknown","ag32_capabilities":0,"ag32_capabilities_known":false}
2026-09-10 20:14:34 @mori {"event":"ag32_batch_status","state":"idle","phase":"","message":"","processed":0,"total":0,"device_id":0,"dp_idcode":0,"records":0,"programmed":0,"verified":0,"error":"ESP_OK","cleanup_error":"ESP_OK","address":0,"swd_ack":0,"stack_free_min":0,"mcu_resumed":false,"destructive_started":false,"recovery_required":false}
2026-09-10 20:14:34 I (22547) mcu_debug: SWD DP IDCODE=0x2ba01477
2026-09-10 20:14:34 I (22548) mcu_debug: SWD DP status after ABORT=0xf0000041
2026-09-10 20:14:34 I (22550) mcu_debug: SWD DP CTRL/STAT=0xf0000041
2026-09-10 20:14:34 I (22552) mcu_debug: SWD AP IDR=0x1fff0011 CSW=0x23000042
2026-09-10 20:14:34 I (22556) mcu_debug: DMI DMSTATUS before halt=0x000f0ca2
2026-09-10 20:14:34 I (22569) burner_web: MCU SPI init: host=1 cs0=21 cs1=1 clk=47 miso=48 mosi=45 freq=40000000Hz
2026-09-10 20:14:34 I (22572) burner_web: MCU SPI ready: actual=40000000Hz dma_scratch_tx=16384 dma_scratch_rw=16384
2026-09-10 20:14:34 @mori {"event":"ag32_probe","ok":true,"error":"ESP_OK","status":"ok","dp_idcode":731911287,"device_id":1075838977}
2026-09-10 20:14:34 I (22599) mcu_debug: SWD DP IDCODE=0x2ba01477
2026-09-10 20:14:34 I (22600) mcu_debug: SWD DP status after ABORT=0xf0000041
2026-09-10 20:14:34 I (22601) mcu_debug: SWD DP CTRL/STAT=0xf0000041
2026-09-10 20:14:34 I (22603) mcu_debug: SWD AP IDR=0x1fff0011 CSW=0x23000042
2026-09-10 20:14:34 I (22608) mcu_debug: DMI DMSTATUS before halt=0x000f0ca2
2026-09-10 20:14:34 @mori {"event":"ag32_probe","ok":true,"error":"ESP_OK","status":"ok","dp_idcode":731911287,"device_id":1075838977}
2026-09-10 20:14:34 I (22634) mcu_debug: SWD DP IDCODE=0x2ba01477
2026-09-10 20:14:34 I (22635) mcu_debug: SWD DP status after ABORT=0xf0000041
2026-09-10 20:14:34 I (22636) mcu_debug: SWD DP CTRL/STAT=0xf0000041
2026-09-10 20:14:34 I (22638) mcu_debug: SWD AP IDR=0x1fff0011 CSW=0x23000042
2026-09-10 20:14:34 I (22643) mcu_debug: DMI DMSTATUS before halt=0x000f0ca2
2026-09-10 20:14:34 @mori {"event":"ag32_probe","ok":true,"error":"ESP_OK","status":"ok","dp_idcode":731911287,"device_id":1075838977}
2026-09-10 20:14:34 I (22669) mcu_debug: SWD DP IDCODE=0x2ba01477
2026-09-10 20:14:34 I (22670) mcu_debug: SWD DP status after ABORT=0xf0000041
2026-09-10 20:14:34 I (22671) mcu_debug: SWD DP CTRL/STAT=0xf0000041
2026-09-10 20:14:34 I (22673) mcu_debug: SWD AP IDR=0x1fff0011 CSW=0x23000042
2026-09-10 20:14:34 I (22678) mcu_debug: DMI DMSTATUS before halt=0x000f0ca2
2026-09-10 20:14:34 @mori {"event":"ag32_probe","ok":true,"error":"ESP_OK","status":"ok","dp_idcode":731911287,"device_id":1075838977}
2026-09-10 20:14:34 I (22704) mcu_debug: SWD DP IDCODE=0x2ba01477
2026-09-10 20:14:34 I (22705) mcu_debug: SWD DP status after ABORT=0xf0000041
2026-09-10 20:14:34 I (22706) mcu_debug: SWD DP CTRL/STAT=0xf0000041
2026-09-10 20:14:34 I (22708) mcu_debug: SWD AP IDR=0x1fff0011 CSW=0x23000042
2026-09-10 20:14:34 I (22713) mcu_debug: DMI DMSTATUS before halt=0x000f0ca2
2026-09-10 20:14:34 @mori {"event":"ag32_probe","ok":true,"error":"ESP_OK","status":"ok","dp_idcode":731911287,"device_id":1075838977}
2026-09-10 20:14:34 I (22739) mcu_debug: SWD DP IDCODE=0x2ba01477
2026-09-10 20:14:34 I (22740) mcu_debug: SWD DP status after ABORT=0xf0000041
2026-09-10 20:14:34 I (22742) mcu_debug: SWD DP CTRL/STAT=0xf0000041
2026-09-10 20:14:34 I (22743) mcu_debug: SWD AP IDR=0x1fff0011 CSW=0x23000042
2026-09-10 20:14:34 I (22748) mcu_debug: DMI DMSTATUS before halt=0x000f0ca2
2026-09-10 20:14:34 @mori {"event":"ag32_probe","ok":true,"error":"ESP_OK","status":"ok","dp_idcode":731911287,"device_id":1075838977}
2026-09-10 20:14:34 I (22776) mcu_debug: SWD DP IDCODE=0x2ba01477
2026-09-10 20:14:34 I (22777) mcu_debug: SWD DP status after ABORT=0xf0000041
2026-09-10 20:14:34 I (22778) mcu_debug: SWD DP CTRL/STAT=0xf0000041
2026-09-10 20:14:34 I (22780) mcu_debug: SWD AP IDR=0x1fff0011 CSW=0x23000042
2026-09-10 20:14:34 I (22785) mcu_debug: DMI DMSTATUS before halt=0x000f0ca2
2026-09-10 20:14:34 @mori {"event":"ag32_probe","ok":true,"error":"ESP_OK","status":"ok","dp_idcode":731911287,"device_id":1075838977}
2026-09-10 20:14:34 I (22811) mcu_debug: SWD DP IDCODE=0x2ba01477
2026-09-10 20:14:34 I (22812) mcu_debug: SWD DP status after ABORT=0xf0000041
2026-09-10 20:14:34 I (22813) mcu_debug: SWD DP CTRL/STAT=0xf0000041
2026-09-10 20:14:34 I (22815) mcu_debug: SWD AP IDR=0x1fff0011 CSW=0x23000042
2026-09-10 20:14:34 I (22821) mcu_debug: DMI DMSTATUS before halt=0x000f0ca2
2026-09-10 20:14:34 @mori {"event":"ag32_probe","ok":true,"error":"ESP_OK","status":"ok","dp_idcode":731911287,"device_id":1075838977}
2026-09-10 20:14:34 I (22846) mcu_debug: SWD DP IDCODE=0x2ba01477
2026-09-10 20:14:34 I (22847) mcu_debug: SWD DP status after ABORT=0xf0000041
2026-09-10 20:14:34 I (22848) mcu_debug: SWD DP CTRL/STAT=0xf0000041
2026-09-10 20:14:34 I (22850) mcu_debug: SWD AP IDR=0x1fff0011 CSW=0x23000042
2026-09-10 20:14:34 I (22855) mcu_debug: DMI DMSTATUS before halt=0x000f0ca2
2026-09-10 20:14:34 @mori {"event":"ag32_probe","ok":true,"error":"ESP_OK","status":"ok","dp_idcode":731911287,"device_id":1075838977}
2026-09-10 20:14:34 I (22881) mcu_debug: SWD DP IDCODE=0x2ba01477
2026-09-10 20:14:34 I (22882) mcu_debug: SWD DP status after ABORT=0xf0000041
2026-09-10 20:14:34 I (22883) mcu_debug: SWD DP CTRL/STAT=0xf0000041
2026-09-10 20:14:34 I (22885) mcu_debug: SWD AP IDR=0x1fff0011 CSW=0x23000042
2026-09-10 20:14:34 I (22890) mcu_debug: DMI DMSTATUS before halt=0x000f0ca2
2026-09-10 20:14:34 @mori {"event":"ag32_probe","ok":true,"error":"ESP_OK","status":"ok","dp_idcode":731911287,"device_id":1075838977}
2026-09-10 20:14:34 I (22916) mcu_debug: SWD DP IDCODE=0x2ba01477
2026-09-10 20:14:34 I (22917) mcu_debug: SWD DP status after ABORT=0xf0000041
2026-09-10 20:14:34 I (22919) mcu_debug: SWD DP CTRL/STAT=0xf0000041
2026-09-10 20:14:34 I (22920) mcu_debug: SWD AP IDR=0x1fff0011 CSW=0x23000042
2026-09-10 20:14:34 I (22925) mcu_debug: DMI DMSTATUS before halt=0x000f0ca2
2026-09-10 20:14:34 @mori {"event":"ag32_probe","ok":true,"error":"ESP_OK","status":"ok","dp_idcode":731911287,"device_id":1075838977}
2026-09-10 20:14:34 I (22952) mcu_debug: SWD DP IDCODE=0x2ba01477
2026-09-10 20:14:34 I (22953) mcu_debug: SWD DP status after ABORT=0xf0000041
2026-09-10 20:14:34 I (22954) mcu_debug: SWD DP CTRL/STAT=0xf0000041
2026-09-10 20:14:34 I (22956) mcu_debug: SWD AP IDR=0x1fff0011 CSW=0x23000042
2026-09-10 20:14:34 I (22962) mcu_debug: DMI DMSTATUS before halt=0x000f0ca2
2026-09-10 20:14:34 @mori {"event":"ag32_probe","ok":true,"error":"ESP_OK","status":"ok","dp_idcode":731911287,"device_id":1075838977}
2026-09-10 20:14:34 I (22987) mcu_debug: SWD DP IDCODE=0x2ba01477
2026-09-10 20:14:34 I (22988) mcu_debug: SWD DP status after ABORT=0xf0000041
2026-09-10 20:14:34 I (22989) mcu_debug: SWD DP CTRL/STAT=0xf0000041
2026-09-10 20:14:34 I (22991) mcu_debug: SWD AP IDR=0x1fff0011 CSW=0x23000042
2026-09-10 20:14:34 I (22997) mcu_debug: DMI DMSTATUS before halt=0x000f0ca2
2026-09-10 20:14:34 @mori {"event":"ag32_probe","ok":true,"error":"ESP_OK","status":"ok","dp_idcode":731911287,"device_id":1075838977}
2026-09-10 20:14:34 I (23022) mcu_debug: SWD DP IDCODE=0x2ba01477
2026-09-10 20:14:34 I (23023) mcu_debug: SWD DP status after ABORT=0xf0000041
2026-09-10 20:14:34 I (23024) mcu_debug: SWD DP CTRL/STAT=0xf0000041
2026-09-10 20:14:34 I (23026) mcu_debug: SWD AP IDR=0x1fff0011 CSW=0x23000042
2026-09-10 20:14:34 I (23031) mcu_debug: DMI DMSTATUS before halt=0x000f0ca2
2026-09-10 20:14:34 @mori {"event":"ag32_probe","ok":true,"error":"ESP_OK","status":"ok","dp_idcode":731911287,"device_id":1075838977}
2026-09-10 20:14:34 I (23058) mcu_debug: SWD DP IDCODE=0x2ba01477
2026-09-10 20:14:34 I (23059) mcu_debug: SWD DP status after ABORT=0xf0000041
2026-09-10 20:14:34 I (23061) mcu_debug: SWD DP CTRL/STAT=0xf0000041
2026-09-10 20:14:34 I (23063) mcu_debug: SWD AP IDR=0x1fff0011 CSW=0x23000042
2026-09-10 20:14:34 I (23067) mcu_debug: DMI DMSTATUS before halt=0x000f0ca2
2026-09-10 20:14:34 @mori {"event":"ag32_probe","ok":true,"error":"ESP_OK","status":"ok","dp_idcode":731911287,"device_id":1075838977}
2026-09-10 20:14:34 I (23093) mcu_debug: SWD DP IDCODE=0x2ba01477
2026-09-10 20:14:34 I (23094) mcu_debug: SWD DP status after ABORT=0xf0000041
2026-09-10 20:14:34 I (23095) mcu_debug: SWD DP CTRL/STAT=0xf0000041
2026-09-10 20:14:34 I (23097) mcu_debug: SWD AP IDR=0x1fff0011 CSW=0x23000042
2026-09-10 20:14:34 I (23102) mcu_debug: DMI DMSTATUS before halt=0x000f0ca2
2026-09-10 20:14:34 @mori {"event":"ag32_probe","ok":true,"error":"ESP_OK","status":"ok","dp_idcode":731911287,"device_id":1075838977}
2026-09-10 20:14:34 I (23129) mcu_debug: SWD DP IDCODE=0x2ba01477
2026-09-10 20:14:34 I (23130) mcu_debug: SWD DP status after ABORT=0xf0000041
2026-09-10 20:14:34 I (23131) mcu_debug: SWD DP CTRL/STAT=0xf0000041
2026-09-10 20:14:34 I (23133) mcu_debug: SWD AP IDR=0x1fff0011 CSW=0x23000042
2026-09-10 20:14:34 I (23138) mcu_debug: DMI DMSTATUS before halt=0x000f0ca2
2026-09-10 20:14:34 @mori {"event":"ag32_probe","ok":true,"error":"ESP_OK","status":"ok","dp_idcode":731911287,"device_id":1075838977}
2026-09-10 20:14:34 I (23164) mcu_debug: SWD DP IDCODE=0x2ba01477
2026-09-10 20:14:34 I (23165) mcu_debug: SWD DP status after ABORT=0xf0000041
2026-09-10 20:14:34 I (23167) mcu_debug: SWD DP CTRL/STAT=0xf0000041
2026-09-10 20:14:34 I (23169) mcu_debug: SWD AP IDR=0x1fff0011 CSW=0x23000042
2026-09-10 20:14:34 I (23174) mcu_debug: DMI DMSTATUS before halt=0x000f0ca2
2026-09-10 20:14:34 @mori {"event":"ag32_probe","ok":true,"error":"ESP_OK","status":"ok","dp_idcode":731911287,"device_id":1075838977}
2026-09-10 20:14:34 I (23200) mcu_debug: SWD DP IDCODE=0x2ba01477
2026-09-10 20:14:34 I (23201) mcu_debug: SWD DP status after ABORT=0xf0000041
2026-09-10 20:14:34 I (23202) mcu_debug: SWD DP CTRL/STAT=0xf0000041
2026-09-10 20:14:34 I (23204) mcu_debug: SWD AP IDR=0x1fff0011 CSW=0x23000042
2026-09-10 20:14:34 I (23209) mcu_debug: DMI DMSTATUS before halt=0x000f0ca2
2026-09-10 20:14:34 @mori {"event":"ag32_probe","ok":true,"error":"ESP_OK","status":"ok","dp_idcode":731911287,"device_id":1075838977}
2026-09-10 20:14:34 I (23235) mcu_debug: SWD DP IDCODE=0x2ba01477
2026-09-10 20:14:34 I (23236) mcu_debug: SWD DP status after ABORT=0xf0000041
2026-09-10 20:14:34 I (23238) mcu_debug: SWD DP CTRL/STAT=0xf0000041
2026-09-10 20:14:34 I (23239) mcu_debug: SWD AP IDR=0x1fff0011 CSW=0x23000042
2026-09-10 20:14:34 I (23244) mcu_debug: DMI DMSTATUS before halt=0x000f0ca2
2026-09-10 20:14:34 @mori {"event":"ag32_probe","ok":true,"error":"ESP_OK","status":"ok","dp_idcode":731911287,"device_id":1075838977}
2026-09-10 20:14:34 I (23269) power_manager: CPU perf lock acquired by ag32_batch
2026-09-10 20:14:34 @mori {"event":"ag32_batch_started","message":"ESP_OK"}
2026-09-10 20:14:34 I (23276) ag32_program: batch result=ESP_ERR_NOT_FOUND phase=load address=00000000 ack=0 cleanup=ESP_OK records=0 programmed=0 verified=0
2026-09-10 20:14:34 I (23282) power_manager: CPU perf lock released by ag32_batch
2026-09-10 20:14:34 @mori {"event":"ag32_batch_status","state":"running","phase":"load","message":"AG32 batch update queued","processed":0,"total":0,"device_id":0,"dp_idcode":0,"records":0,"programmed":0,"verified":0,"error":"ESP_OK","cleanup_error":"ESP_OK","address":0,"swd_ack":0,"stack_free_min":0,"mcu_resumed":false,"destructive_started":false,"recovery_required":false}
2026-09-10 20:14:35 @mori {"event":"ag32_batch_status","state":"failed","phase":"load","message":"load: cannot open batch file (ESP_ERR_NOT_FOUND)","processed":0,"total":0,"device_id":0,"dp_idcode":0,"records":0,"programmed":0,"verified":0,"error":"ESP_ERR_NOT_FOUND","cleanup_error":"ESP_OK","address":0,"swd_ack":0,"stack_free_min":4636,"mcu_resumed":false,"destructive_started":false,"recovery_required":false}
2026-09-10 20:14:35 I (23765) mcu_debug: SWD DP IDCODE=0x2ba01477
2026-09-10 20:14:35 I (23766) mcu_debug: SWD DP status after ABORT=0xf0000041
2026-09-10 20:14:35 I (23767) mcu_debug: SWD DP CTRL/STAT=0xf0000041
2026-09-10 20:14:35 I (23769) mcu_debug: SWD AP IDR=0x1fff0011 CSW=0x23000042
2026-09-10 20:14:35 I (23774) mcu_debug: DMI DMSTATUS before halt=0x000f0ca2
2026-09-10 20:14:35 @mori {"event":"ag32_probe","ok":true,"error":"ESP_OK","status":"ok","dp_idcode":731911287,"device_id":1075838977}
2026-09-10 20:14:35 @mori {"event":"ag32_batch_check","ok":true,"error":"","records":3,"payload_bytes":108924}
2026-09-10 20:14:35 I (24216) power_manager: CPU perf lock acquired by ag32_batch
2026-09-10 20:14:35 @mori {"event":"ag32_batch_started","message":"ESP_OK"}
2026-09-10 20:14:36 I (24315) mcu_debug: SWD DP IDCODE=0x2ba01477
2026-09-10 20:14:36 I (24317) mcu_debug: SWD DP status after ABORT=0xf0000041
2026-09-10 20:14:36 I (24318) mcu_debug: SWD DP CTRL/STAT=0xf0000041
2026-09-10 20:14:36 I (24320) mcu_debug: SWD AP IDR=0x1fff0011 CSW=0x23000042
2026-09-10 20:14:36 I (24325) mcu_debug: DMI DMSTATUS before halt=0x000f0ca2
2026-09-10 20:14:36 @mori {"event":"key","message":"b"}
2026-09-10 20:14:36 @mori {"event":"ui","process_calls":1270,"render_calls":71,"music_polls":185,"model_bytes":15352,"directory_scans":0,"cache_hits":0,"page":20,"selected":0,"count":7,"preview_generation":0,"file_worker_stack_free":14760,"file_start_active":false,"preview_active":false,"preview_done":false,"preview_available":false,"screen_dimmed":false,"selection":"正在校验AG32","status":"AG32更新中，请保持供电"}
2026-09-10 20:14:36 @mori {"event":"key","message":"menu"}
2026-09-10 20:14:36 @mori {"event":"ui","process_calls":1294,"render_calls":92,"music_polls":189,"model_bytes":15352,"directory_scans":0,"cache_hits":0,"page":20,"selected":0,"count":7,"preview_generation":0,"file_worker_stack_free":14760,"file_start_active":false,"preview_active":false,"preview_done":false,"preview_available":false,"screen_dimmed":false,"selection":"正在写入AG32","status":"AG32更新中，请保持供电"}
2026-09-10 20:14:37 @mori {"event":"key","message":"right"}
2026-09-10 20:14:37 @mori {"event":"ui","process_calls":1320,"render_calls":93,"music_polls":193,"model_bytes":15352,"directory_scans":0,"cache_hits":0,"page":20,"selected":0,"count":7,"preview_generation":0,"file_worker_stack_free":14760,"file_start_active":false,"preview_active":false,"preview_done":false,"preview_available":false,"screen_dimmed":false,"selection":"正在写入AG32","status":"AG32更新中，请保持供电"}
2026-09-10 20:14:37 W (25639) httpd_txrx: httpd_resp_send_custom_err: 409 Conflict - burner, TF, or AG32 update is busy
2026-09-10 20:14:37 E (25651) httpd_txrx: httpd_resp_send_custom_err: error calling setsockopt : 22
2026-09-10 20:14:37 W (25653) httpd_uri: httpd_uri: uri handler execution failed
2026-09-10 20:14:37 W (25662) httpd_uri: httpd_uri: uri handler execution failed
2026-09-10 20:14:37 W (25676) httpd_txrx: httpd_resp_send_custom_err: 409 Conflict - AG32 or cartridge job is running
2026-09-10 20:14:37 E (25687) httpd_txrx: httpd_resp_send_custom_err: error calling setsockopt : 22
2026-09-10 20:14:37 W (25688) httpd_uri: httpd_uri: uri handler execution failed
2026-09-10 20:14:37 @mori {"event":"ag32_batch_status","state":"running","phase":"program","message":"AG32 batch update queued","processed":1152,"total":108924,"device_id":1075838977,"dp_idcode":731911287,"records":3,"programmed":1152,"verified":128,"error":"ESP_OK","cleanup_error":"ESP_OK","address":2148430840,"swd_ack":0,"stack_free_min":0,"mcu_resumed":false,"destructive_started":true,"recovery_required":true}
2026-09-10 20:14:37 @mori {"event":"ag32_batch_status","state":"running","phase":"program","message":"AG32 batch update queued","processed":2176,"total":108924,"device_id":1075838977,"dp_idcode":731911287,"records":3,"programmed":2176,"verified":128,"error":"ESP_OK","cleanup_error":"ESP_OK","address":2148431868,"swd_ack":0,"stack_free_min":0,"mcu_resumed":false,"destructive_started":true,"recovery_required":true}
2026-09-10 20:14:38 @mori {"event":"ag32_batch_status","state":"running","phase":"program","message":"AG32 batch update queued","processed":3200,"total":108924,"device_id":1075838977,"dp_idcode":731911287,"records":3,"programmed":3200,"verified":128,"error":"ESP_OK","cleanup_error":"ESP_OK","address":2148432892,"swd_ack":0,"stack_free_min":0,"mcu_resumed":false,"destructive_started":true,"recovery_required":true}
2026-09-10 20:14:38 @mori {"event":"ag32_batch_status","state":"running","phase":"program","message":"AG32 batch update queued","processed":3200,"total":108924,"device_id":1075838977,"dp_idcode":731911287,"records":3,"programmed":3200,"verified":128,"error":"ESP_OK","cleanup_error":"ESP_OK","address":2148432892,"swd_ack":0,"stack_free_min":0,"mcu_resumed":false,"destructive_started":true,"recovery_required":true}
2026-09-10 20:14:39 @mori {"event":"ag32_batch_status","state":"running","phase":"program","message":"AG32 batch update queued","processed":4224,"total":108924,"device_id":1075838977,"dp_idcode":731911287,"records":3,"programmed":4224,"verified":128,"error":"ESP_OK","cleanup_error":"ESP_OK","address":2148433880,"swd_ack":0,"stack_free_min":0,"mcu_resumed":false,"destructive_started":true,"recovery_required":true}
2026-09-10 20:14:39 @mori {"event":"ag32_batch_status","state":"running","phase":"program","message":"AG32 batch update queued","processed":4224,"total":108924,"device_id":1075838977,"dp_idcode":731911287,"records":3,"programmed":4224,"verified":128,"error":"ESP_OK","cleanup_error":"ESP_OK","address":2148433880,"swd_ack":0,"stack_free_min":0,"mcu_resumed":false,"destructive_started":true,"recovery_required":true}
2026-09-10 20:14:39 @mori {"event":"ag32_batch_status","state":"running","phase":"program","message":"AG32 batch update queued","processed":5248,"total":108924,"device_id":1075838977,"dp_idcode":731911287,"records":3,"programmed":5248,"verified":128,"error":"ESP_OK","cleanup_error":"ESP_OK","address":2148434924,"swd_ack":0,"stack_free_min":0,"mcu_resumed":false,"destructive_started":true,"recovery_required":true}
2026-09-10 20:14:40 @mori {"event":"ag32_batch_status","state":"running","phase":"program","message":"AG32 batch update queued","processed":5248,"total":108924,"device_id":1075838977,"dp_idcode":731911287,"records":3,"programmed":5248,"verified":128,"error":"ESP_OK","cleanup_error":"ESP_OK","address":2148434924,"swd_ack":0,"stack_free_min":0,"mcu_resumed":false,"destructive_started":true,"recovery_required":true}
2026-09-10 20:14:40 @mori {"event":"ag32_batch_status","state":"running","phase":"program","message":"AG32 batch update queued","processed":6272,"total":108924,"device_id":1075838977,"dp_idcode":731911287,"records":3,"programmed":6272,"verified":128,"error":"ESP_OK","cleanup_error":"ESP_OK","address":2148435964,"swd_ack":0,"stack_free_min":0,"mcu_resumed":false,"destructive_started":true,"recovery_required":true}
2026-09-10 20:14:41 @mori {"event":"ag32_batch_status","state":"running","phase":"program","message":"AG32 batch update queued","processed":6272,"total":108924,"device_id":1075838977,"dp_idcode":731911287,"records":3,"programmed":6272,"verified":128,"error":"ESP_OK","cleanup_error":"ESP_OK","address":2148435964,"swd_ack":0,"stack_free_min":0,"mcu_resumed":false,"destructive_started":true,"recovery_required":true}
2026-09-10 20:14:41 @mori {"event":"ag32_batch_status","state":"running","phase":"program","message":"AG32 batch update queued","processed":7296,"total":108924,"device_id":1075838977,"dp_idcode":731911287,"records":3,"programmed":7296,"verified":128,"error":"ESP_OK","cleanup_error":"ESP_OK","address":2148436988,"swd_ack":0,"stack_free_min":0,"mcu_resumed":false,"destructive_started":true,"recovery_required":true}
2026-09-10 20:14:42 @mori {"event":"ag32_batch_status","state":"running","phase":"program","message":"AG32 batch update queued","processed":7296,"total":108924,"device_id":1075838977,"dp_idcode":731911287,"records":3,"programmed":7296,"verified":128,"error":"ESP_OK","cleanup_error":"ESP_OK","address":2148436988,"swd_ack":0,"stack_free_min":0,"mcu_resumed":false,"destructive_started":true,"recovery_required":true}
2026-09-10 20:14:42 @mori {"event":"ag32_batch_status","state":"running","phase":"program","message":"AG32 batch update queued","processed":8320,"total":108924,"device_id":1075838977,"dp_idcode":731911287,"records":3,"programmed":8320,"verified":128,"error":"ESP_OK","cleanup_error":"ESP_OK","address":2148438012,"swd_ack":0,"stack_free_min":0,"mcu_resumed":false,"destructive_started":true,"recovery_required":true}
2026-09-10 20:14:42 @mori {"event":"ag32_batch_status","state":"running","phase":"program","message":"AG32 batch update queued","processed":8320,"total":108924,"device_id":1075838977,"dp_idcode":731911287,"records":3,"programmed":8320,"verified":128,"error":"ESP_OK","cleanup_error":"ESP_OK","address":2148438012,"swd_ack":0,"stack_free_min":0,"mcu_resumed":false,"destructive_started":true,"recovery_required":true}
2026-09-10 20:14:43 @mori {"event":"ag32_batch_status","state":"running","phase":"program","message":"AG32 batch update queued","processed":9344,"total":108924,"device_id":1075838977,"dp_idcode":731911287,"records":3,"programmed":9344,"verified":128,"error":"ESP_OK","cleanup_error":"ESP_OK","address":2148438984,"swd_ack":0,"stack_free_min":0,"mcu_resumed":false,"destructive_started":true,"recovery_required":true}
2026-09-10 20:14:43 @mori {"event":"ag32_batch_status","state":"running","phase":"program","message":"AG32 batch update queued","processed":9344,"total":108924,"device_id":1075838977,"dp_idcode":731911287,"records":3,"programmed":9344,"verified":128,"error":"ESP_OK","cleanup_error":"ESP_OK","address":2148438984,"swd_ack":0,"stack_free_min":0,"mcu_resumed":false,"destructive_started":true,"recovery_required":true}
2026-09-10 20:14:44 @mori {"event":"ag32_batch_status","state":"running","phase":"program","message":"AG32 batch update queued","processed":10368,"total":108924,"device_id":1075838977,"dp_idcode":731911287,"records":3,"programmed":10368,"verified":128,"error":"ESP_OK","cleanup_error":"ESP_OK","address":2148440028,"swd_ack":0,"stack_free_min":0,"mcu_resumed":false,"destructive_started":true,"recovery_required":true}
2026-09-10 20:14:44 @mori {"event":"ag32_batch_status","state":"running","phase":"program","message":"AG32 batch update queued","processed":10368,"total":108924,"device_id":1075838977,"dp_idcode":731911287,"records":3,"programmed":10368,"verified":128,"error":"ESP_OK","cleanup_error":"ESP_OK","address":2148440028,"swd_ack":0,"stack_free_min":0,"mcu_resumed":false,"destructive_started":true,"recovery_required":true}
2026-09-10 20:14:45 @mori {"event":"ag32_batch_status","state":"running","phase":"program","message":"AG32 batch update queued","processed":11392,"total":108924,"device_id":1075838977,"dp_idcode":731911287,"records":3,"programmed":11392,"verified":128,"error":"ESP_OK","cleanup_error":"ESP_OK","address":2148441072,"swd_ack":0,"stack_free_min":0,"mcu_resumed":false,"destructive_started":true,"recovery_required":true}
2026-09-10 20:14:45 @mori {"event":"ag32_batch_status","state":"running","phase":"program","message":"AG32 batch update queued","processed":11392,"total":108924,"device_id":1075838977,"dp_idcode":731911287,"records":3,"programmed":11392,"verified":128,"error":"ESP_OK","cleanup_error":"ESP_OK","address":2148441072,"swd_ack":0,"stack_free_min":0,"mcu_resumed":false,"destructive_started":true,"recovery_required":true}
2026-09-10 20:14:46 @mori {"event":"ag32_batch_status","state":"running","phase":"program","message":"AG32 batch update queued","processed":12416,"total":108924,"device_id":1075838977,"dp_idcode":731911287,"records":3,"programmed":12416,"verified":128,"error":"ESP_OK","cleanup_error":"ESP_OK","address":2148442108,"swd_ack":0,"stack_free_min":0,"mcu_resumed":false,"destructive_started":true,"recovery_required":true}
2026-09-10 20:14:46 @mori {"event":"ag32_batch_status","state":"running","phase":"program","message":"AG32 batch update queued","processed":12416,"total":108924,"device_id":1075838977,"dp_idcode":731911287,"records":3,"programmed":12416,"verified":128,"error":"ESP_OK","cleanup_error":"ESP_OK","address":2148442108,"swd_ack":0,"stack_free_min":0,"mcu_resumed":false,"destructive_started":true,"recovery_required":true}
2026-09-10 20:14:46 @mori {"event":"ag32_batch_status","state":"running","phase":"program","message":"AG32 batch update queued","processed":13440,"total":108924,"device_id":1075838977,"dp_idcode":731911287,"records":3,"programmed":13440,"verified":128,"error":"ESP_OK","cleanup_error":"ESP_OK","address":2148443132,"swd_ack":0,"stack_free_min":0,"mcu_resumed":false,"destructive_started":true,"recovery_required":true}
2026-09-10 20:14:47 @mori {"event":"ag32_batch_status","state":"running","phase":"program","message":"AG32 batch update queued","processed":14464,"total":108924,"device_id":1075838977,"dp_idcode":731911287,"records":3,"programmed":14464,"verified":128,"error":"ESP_OK","cleanup_error":"ESP_OK","address":2148444156,"swd_ack":0,"stack_free_min":0,"mcu_resumed":false,"destructive_started":true,"recovery_required":true}
2026-09-10 20:14:47 @mori {"event":"ag32_batch_status","state":"running","phase":"program","message":"AG32 batch update queued","processed":14464,"total":108924,"device_id":1075838977,"dp_idcode":731911287,"records":3,"programmed":14464,"verified":128,"error":"ESP_OK","cleanup_error":"ESP_OK","address":2148444156,"swd_ack":0,"stack_free_min":0,"mcu_resumed":false,"destructive_started":true,"recovery_required":true}
2026-09-10 20:14:48 @mori {"event":"ag32_batch_status","state":"running","phase":"program","message":"AG32 batch update queued","processed":15488,"total":108924,"device_id":1075838977,"dp_idcode":731911287,"records":3,"programmed":15488,"verified":128,"error":"ESP_OK","cleanup_error":"ESP_OK","address":2148445132,"swd_ack":0,"stack_free_min":0,"mcu_resumed":false,"destructive_started":true,"recovery_required":true}
2026-09-10 20:14:48 @mori {"event":"ag32_batch_status","state":"running","phase":"program","message":"AG32 batch update queued","processed":15488,"total":108924,"device_id":1075838977,"dp_idcode":731911287,"records":3,"programmed":15488,"verified":128,"error":"ESP_OK","cleanup_error":"ESP_OK","address":2148445132,"swd_ack":0,"stack_free_min":0,"mcu_resumed":false,"destructive_started":true,"recovery_required":true}
2026-09-10 20:14:49 @mori {"event":"ag32_batch_status","state":"running","phase":"program","message":"AG32 batch update queued","processed":16512,"total":108924,"device_id":1075838977,"dp_idcode":731911287,"records":3,"programmed":16512,"verified":128,"error":"ESP_OK","cleanup_error":"ESP_OK","address":2148446176,"swd_ack":0,"stack_free_min":0,"mcu_resumed":false,"destructive_started":true,"recovery_required":true}
2026-09-10 20:14:49 @mori {"event":"ag32_batch_status","state":"running","phase":"program","message":"AG32 batch update queued","processed":16512,"total":108924,"device_id":1075838977,"dp_idcode":731911287,"records":3,"programmed":16512,"verified":128,"error":"ESP_OK","cleanup_error":"ESP_OK","address":2148446176,"swd_ack":0,"stack_free_min":0,"mcu_resumed":false,"destructive_started":true,"recovery_required":true}
2026-09-10 20:14:49 @mori {"event":"ag32_batch_status","state":"running","phase":"program","message":"AG32 batch update queued","processed":17536,"total":108924,"device_id":1075838977,"dp_idcode":731911287,"records":3,"programmed":17536,"verified":128,"error":"ESP_OK","cleanup_error":"ESP_OK","address":2148447220,"swd_ack":0,"stack_free_min":0,"mcu_resumed":false,"destructive_started":true,"recovery_required":true}
2026-09-10 20:14:50 @mori {"event":"ag32_batch_status","state":"running","phase":"program","message":"AG32 batch update queued","processed":17536,"total":108924,"device_id":1075838977,"dp_idcode":731911287,"records":3,"programmed":17536,"verified":128,"error":"ESP_OK","cleanup_error":"ESP_OK","address":2148447220,"swd_ack":0,"stack_free_min":0,"mcu_resumed":false,"destructive_started":true,"recovery_required":true}
2026-09-10 20:14:50 @mori {"event":"ag32_batch_status","state":"running","phase":"program","message":"AG32 batch update queued","processed":18560,"total":108924,"device_id":1075838977,"dp_idcode":731911287,"records":3,"programmed":18560,"verified":128,"error":"ESP_OK","cleanup_error":"ESP_OK","address":2148448252,"swd_ack":0,"stack_free_min":0,"mcu_resumed":false,"destructive_started":true,"recovery_required":true}
2026-09-10 20:14:51 @mori {"event":"ag32_batch_status","state":"running","phase":"program","message":"AG32 batch update queued","processed":18560,"total":108924,"device_id":1075838977,"dp_idcode":731911287,"records":3,"programmed":18560,"verified":128,"error":"ESP_OK","cleanup_error":"ESP_OK","address":2148448252,"swd_ack":0,"stack_free_min":0,"mcu_resumed":false,"destructive_started":true,"recovery_required":true}
2026-09-10 20:14:51 @mori {"event":"ag32_batch_status","state":"running","phase":"program","message":"AG32 batch update queued","processed":19584,"total":108924,"device_id":1075838977,"dp_idcode":731911287,"records":3,"programmed":19584,"verified":128,"error":"ESP_OK","cleanup_error":"ESP_OK","address":2148449276,"swd_ack":0,"stack_free_min":0,"mcu_resumed":false,"destructive_started":true,"recovery_required":true}
2026-09-10 20:14:52 @mori {"event":"ag32_batch_status","state":"running","phase":"program","message":"AG32 batch update queued","processed":19584,"total":108924,"device_id":1075838977,"dp_idcode":731911287,"records":3,"programmed":19584,"verified":128,"error":"ESP_OK","cleanup_error":"ESP_OK","address":2148449276,"swd_ack":0,"stack_free_min":0,"mcu_resumed":false,"destructive_started":true,"recovery_required":true}
2026-09-10 20:14:52 @mori {"event":"ag32_batch_status","state":"running","phase":"program","message":"AG32 batch update queued","processed":20608,"total":108924,"device_id":1075838977,"dp_idcode":731911287,"records":3,"programmed":20608,"verified":128,"error":"ESP_OK","cleanup_error":"ESP_OK","address":2148450300,"swd_ack":0,"stack_free_min":0,"mcu_resumed":false,"destructive_started":true,"recovery_required":true}
2026-09-10 20:14:52 @mori {"event":"ag32_batch_status","state":"running","phase":"program","message":"AG32 batch update queued","processed":20608,"total":108924,"device_id":1075838977,"dp_idcode":731911287,"records":3,"programmed":20608,"verified":128,"error":"ESP_OK","cleanup_error":"ESP_OK","address":2148450300,"swd_ack":0,"stack_free_min":0,"mcu_resumed":false,"destructive_started":true,"recovery_required":true}
2026-09-10 20:14:53 @mori {"event":"ag32_batch_status","state":"running","phase":"program","message":"AG32 batch update queued","processed":21632,"total":108924,"device_id":1075838977,"dp_idcode":731911287,"records":3,"programmed":21632,"verified":128,"error":"ESP_OK","cleanup_error":"ESP_OK","address":2148451280,"swd_ack":0,"stack_free_min":0,"mcu_resumed":false,"destructive_started":true,"recovery_required":true}
2026-09-10 20:14:53 @mori {"event":"ag32_batch_status","state":"running","phase":"program","message":"AG32 batch update queued","processed":21632,"total":108924,"device_id":1075838977,"dp_idcode":731911287,"records":3,"programmed":21632,"verified":128,"error":"ESP_OK","cleanup_error":"ESP_OK","address":2148451280,"swd_ack":0,"stack_free_min":0,"mcu_resumed":false,"destructive_started":true,"recovery_required":true}
2026-09-10 20:14:54 @mori {"event":"ag32_batch_status","state":"running","phase":"program","message":"AG32 batch update queued","processed":22656,"total":108924,"device_id":1075838977,"dp_idcode":731911287,"records":3,"programmed":22656,"verified":128,"error":"ESP_OK","cleanup_error":"ESP_OK","address":2148452324,"swd_ack":0,"stack_free_min":0,"mcu_resumed":false,"destructive_started":true,"recovery_required":true}
2026-09-10 20:14:54 @mori {"event":"ag32_batch_status","state":"running","phase":"program","message":"AG32 batch update queued","processed":22656,"total":108924,"device_id":1075838977,"dp_idcode":731911287,"records":3,"programmed":22656,"verified":128,"error":"ESP_OK","cleanup_error":"ESP_OK","address":2148452324,"swd_ack":0,"stack_free_min":0,"mcu_resumed":false,"destructive_started":true,"recovery_required":true}
2026-09-10 20:14:55 @mori {"event":"ag32_batch_status","state":"running","phase":"program","message":"AG32 batch update queued","processed":23680,"total":108924,"device_id":1075838977,"dp_idcode":731911287,"records":3,"programmed":23680,"verified":128,"error":"ESP_OK","cleanup_error":"ESP_OK","address":2148453368,"swd_ack":0,"stack_free_min":0,"mcu_resumed":false,"destructive_started":true,"recovery_required":true}
2026-09-10 20:14:55 @mori {"event":"ag32_batch_status","state":"running","phase":"program","message":"AG32 batch update queued","processed":23680,"total":108924,"device_id":1075838977,"dp_idcode":731911287,"records":3,"programmed":23680,"verified":128,"error":"ESP_OK","cleanup_error":"ESP_OK","address":2148453368,"swd_ack":0,"stack_free_min":0,"mcu_resumed":false,"destructive_started":true,"recovery_required":true}
2026-09-10 20:14:55 @mori {"event":"ag32_batch_status","state":"running","phase":"program","message":"AG32 batch update queued","processed":24704,"total":108924,"device_id":1075838977,"dp_idcode":731911287,"records":3,"programmed":24704,"verified":128,"error":"ESP_OK","cleanup_error":"ESP_OK","address":2148454396,"swd_ack":0,"stack_free_min":0,"mcu_resumed":false,"destructive_started":true,"recovery_required":true}
2026-09-10 20:14:56 @mori {"event":"ag32_batch_status","state":"running","phase":"program","message":"AG32 batch update queued","processed":24704,"total":108924,"device_id":1075838977,"dp_idcode":731911287,"records":3,"programmed":24704,"verified":128,"error":"ESP_OK","cleanup_error":"ESP_OK","address":2148454396,"swd_ack":0,"stack_free_min":0,"mcu_resumed":false,"destructive_started":true,"recovery_required":true}
2026-09-10 20:14:56 @mori {"event":"ag32_batch_status","state":"running","phase":"program","message":"AG32 batch update queued","processed":25728,"total":108924,"device_id":1075838977,"dp_idcode":731911287,"records":3,"programmed":25728,"verified":128,"error":"ESP_OK","cleanup_error":"ESP_OK","address":2148455420,"swd_ack":0,"stack_free_min":0,"mcu_resumed":false,"destructive_started":true,"recovery_required":true}
2026-09-10 20:14:57 @mori {"event":"ag32_batch_status","state":"running","phase":"program","message":"AG32 batch update queued","processed":25728,"total":108924,"device_id":1075838977,"dp_idcode":731911287,"records":3,"programmed":25728,"verified":128,"error":"ESP_OK","cleanup_error":"ESP_OK","address":2148455420,"swd_ack":0,"stack_free_min":0,"mcu_resumed":false,"destructive_started":true,"recovery_required":true}
2026-09-10 20:14:57 @mori {"event":"ag32_batch_status","state":"running","phase":"program","message":"AG32 batch update queued","processed":26752,"total":108924,"device_id":1075838977,"dp_idcode":731911287,"records":3,"programmed":26752,"verified":128,"error":"ESP_OK","cleanup_error":"ESP_OK","address":2148456444,"swd_ack":0,"stack_free_min":0,"mcu_resumed":false,"destructive_started":true,"recovery_required":true}
2026-09-10 20:14:58 @mori {"event":"ag32_batch_status","state":"running","phase":"program","message":"AG32 batch update queued","processed":26752,"total":108924,"device_id":1075838977,"dp_idcode":731911287,"records":3,"programmed":26752,"verified":128,"error":"ESP_OK","cleanup_error":"ESP_OK","address":2148456444,"swd_ack":0,"stack_free_min":0,"mcu_resumed":false,"destructive_started":true,"recovery_required":true}
2026-09-10 20:14:58 @mori {"event":"ag32_batch_status","state":"running","phase":"program","message":"AG32 batch update queued","processed":27776,"total":108924,"device_id":1075838977,"dp_idcode":731911287,"records":3,"programmed":27776,"verified":128,"error":"ESP_OK","cleanup_error":"ESP_OK","address":2148457428,"swd_ack":0,"stack_free_min":0,"mcu_resumed":false,"destructive_started":true,"recovery_required":true}
2026-09-10 20:14:59 @mori {"event":"ag32_batch_status","state":"running","phase":"program","message":"AG32 batch update queued","processed":27776,"total":108924,"device_id":1075838977,"dp_idcode":731911287,"records":3,"programmed":27776,"verified":128,"error":"ESP_OK","cleanup_error":"ESP_OK","address":2148457428,"swd_ack":0,"stack_free_min":0,"mcu_resumed":false,"destructive_started":true,"recovery_required":true}
2026-09-10 20:14:59 @mori {"event":"ag32_batch_status","state":"running","phase":"program","message":"AG32 batch update queued","processed":28800,"total":108924,"device_id":1075838977,"dp_idcode":731911287,"records":3,"programmed":28800,"verified":128,"error":"ESP_OK","cleanup_error":"ESP_OK","address":2148458472,"swd_ack":0,"stack_free_min":0,"mcu_resumed":false,"destructive_started":true,"recovery_required":true}
2026-09-10 20:14:59 @mori {"event":"ag32_batch_status","state":"running","phase":"program","message":"AG32 batch update queued","processed":28800,"total":108924,"device_id":1075838977,"dp_idcode":731911287,"records":3,"programmed":28800,"verified":128,"error":"ESP_OK","cleanup_error":"ESP_OK","address":2148458472,"swd_ack":0,"stack_free_min":0,"mcu_resumed":false,"destructive_started":true,"recovery_required":true}
2026-09-10 20:15:00 @mori {"event":"ag32_batch_status","state":"running","phase":"program","message":"AG32 batch update queued","processed":29824,"total":108924,"device_id":1075838977,"dp_idcode":731911287,"records":3,"programmed":29824,"verified":128,"error":"ESP_OK","cleanup_error":"ESP_OK","address":2148459516,"swd_ack":0,"stack_free_min":0,"mcu_resumed":false,"destructive_started":true,"recovery_required":true}
2026-09-10 20:15:00 @mori {"event":"ag32_batch_status","state":"running","phase":"program","message":"AG32 batch update queued","processed":29824,"total":108924,"device_id":1075838977,"dp_idcode":731911287,"records":3,"programmed":29824,"verified":128,"error":"ESP_OK","cleanup_error":"ESP_OK","address":2148459516,"swd_ack":0,"stack_free_min":0,"mcu_resumed":false,"destructive_started":true,"recovery_required":true}
2026-09-10 20:15:01 @mori {"event":"ag32_batch_status","state":"running","phase":"program","message":"AG32 batch update queued","processed":30848,"total":108924,"device_id":1075838977,"dp_idcode":731911287,"records":3,"programmed":30848,"verified":128,"error":"ESP_OK","cleanup_error":"ESP_OK","address":2148460540,"swd_ack":0,"stack_free_min":0,"mcu_resumed":false,"destructive_started":true,"recovery_required":true}
2026-09-10 20:15:01 @mori {"event":"ag32_batch_status","state":"running","phase":"program","message":"AG32 batch update queued","processed":31872,"total":108924,"device_id":1075838977,"dp_idcode":731911287,"records":3,"programmed":31872,"verified":128,"error":"ESP_OK","cleanup_error":"ESP_OK","address":2148461564,"swd_ack":0,"stack_free_min":0,"mcu_resumed":false,"destructive_started":true,"recovery_required":true}
2026-09-10 20:15:02 @mori {"event":"ag32_batch_status","state":"running","phase":"program","message":"AG32 batch update queued","processed":31872,"total":108924,"device_id":1075838977,"dp_idcode":731911287,"records":3,"programmed":31872,"verified":128,"error":"ESP_OK","cleanup_error":"ESP_OK","address":2148461564,"swd_ack":0,"stack_free_min":0,"mcu_resumed":false,"destructive_started":true,"recovery_required":true}
2026-09-10 20:15:02 @mori {"event":"ag32_batch_status","state":"running","phase":"program","message":"AG32 batch update queued","processed":32896,"total":108924,"device_id":1075838977,"dp_idcode":731911287,"records":3,"programmed":32896,"verified":128,"error":"ESP_OK","cleanup_error":"ESP_OK","address":2148462588,"swd_ack":0,"stack_free_min":0,"mcu_resumed":false,"destructive_started":true,"recovery_required":true}
2026-09-10 20:15:02 @mori {"event":"ag32_batch_status","state":"running","phase":"program","message":"AG32 batch update queued","processed":32896,"total":108924,"device_id":1075838977,"dp_idcode":731911287,"records":3,"programmed":32896,"verified":128,"error":"ESP_OK","cleanup_error":"ESP_OK","address":2148462588,"swd_ack":0,"stack_free_min":0,"mcu_resumed":false,"destructive_started":true,"recovery_required":true}
2026-09-10 20:15:03 @mori {"event":"ag32_batch_status","state":"running","phase":"program","message":"AG32 batch update queued","processed":33920,"total":108924,"device_id":1075838977,"dp_idcode":731911287,"records":3,"programmed":33920,"verified":128,"error":"ESP_OK","cleanup_error":"ESP_OK","address":2148463576,"swd_ack":0,"stack_free_min":0,"mcu_resumed":false,"destructive_started":true,"recovery_required":true}
2026-09-10 20:15:03 @mori {"event":"ag32_batch_status","state":"running","phase":"program","message":"AG32 batch update queued","processed":33920,"total":108924,"device_id":1075838977,"dp_idcode":731911287,"records":3,"programmed":33920,"verified":128,"error":"ESP_OK","cleanup_error":"ESP_OK","address":2148463576,"swd_ack":0,"stack_free_min":0,"mcu_resumed":false,"destructive_started":true,"recovery_required":true}
2026-09-10 20:15:04 @mori {"event":"ag32_batch_status","state":"running","phase":"program","message":"AG32 batch update queued","processed":34944,"total":108924,"device_id":1075838977,"dp_idcode":731911287,"records":3,"programmed":34944,"verified":128,"error":"ESP_OK","cleanup_error":"ESP_OK","address":2148464620,"swd_ack":0,"stack_free_min":0,"mcu_resumed":false,"destructive_started":true,"recovery_required":true}
2026-09-10 20:15:04 @mori {"event":"ag32_batch_status","state":"running","phase":"program","message":"AG32 batch update queued","processed":34944,"total":108924,"device_id":1075838977,"dp_idcode":731911287,"records":3,"programmed":34944,"verified":128,"error":"ESP_OK","cleanup_error":"ESP_OK","address":2148464620,"swd_ack":0,"stack_free_min":0,"mcu_resumed":false,"destructive_started":true,"recovery_required":true}
2026-09-10 20:15:05 @mori {"event":"ag32_batch_status","state":"running","phase":"program","message":"AG32 batch update queued","processed":35968,"total":108924,"device_id":1075838977,"dp_idcode":731911287,"records":3,"programmed":35968,"verified":128,"error":"ESP_OK","cleanup_error":"ESP_OK","address":2148465660,"swd_ack":0,"stack_free_min":0,"mcu_resumed":false,"destructive_started":true,"recovery_required":true}
2026-09-10 20:15:05 @mori {"event":"ag32_batch_status","state":"running","phase":"program","message":"AG32 batch update queued","processed":35968,"total":108924,"device_id":1075838977,"dp_idcode":731911287,"records":3,"programmed":35968,"verified":128,"error":"ESP_OK","cleanup_error":"ESP_OK","address":2148465660,"swd_ack":0,"stack_free_min":0,"mcu_resumed":false,"destructive_started":true,"recovery_required":true}
2026-09-10 20:15:05 @mori {"event":"ag32_batch_status","state":"running","phase":"program","message":"AG32 batch update queued","processed":36992,"total":108924,"device_id":1075838977,"dp_idcode":731911287,"records":3,"programmed":36992,"verified":128,"error":"ESP_OK","cleanup_error":"ESP_OK","address":2148466684,"swd_ack":0,"stack_free_min":0,"mcu_resumed":false,"destructive_started":true,"recovery_required":true}
2026-09-10 20:15:06 @mori {"event":"ag32_batch_status","state":"running","phase":"program","message":"AG32 batch update queued","processed":36992,"total":108924,"device_id":1075838977,"dp_idcode":731911287,"records":3,"programmed":36992,"verified":128,"error":"ESP_OK","cleanup_error":"ESP_OK","address":2148466684,"swd_ack":0,"stack_free_min":0,"mcu_resumed":false,"destructive_started":true,"recovery_required":true}
2026-09-10 20:15:06 @mori {"event":"ag32_batch_status","state":"running","phase":"program","message":"AG32 batch update queued","processed":38016,"total":108924,"device_id":1075838977,"dp_idcode":731911287,"records":3,"programmed":38016,"verified":128,"error":"ESP_OK","cleanup_error":"ESP_OK","address":2148467708,"swd_ack":0,"stack_free_min":0,"mcu_resumed":false,"destructive_started":true,"recovery_required":true}
2026-09-10 20:15:07 @mori {"event":"ag32_batch_status","state":"running","phase":"program","message":"AG32 batch update queued","processed":38016,"total":108924,"device_id":1075838977,"dp_idcode":731911287,"records":3,"programmed":38016,"verified":128,"error":"ESP_OK","cleanup_error":"ESP_OK","address":2148467708,"swd_ack":0,"stack_free_min":0,"mcu_resumed":false,"destructive_started":true,"recovery_required":true}
2026-09-10 20:15:07 @mori {"event":"ag32_batch_status","state":"running","phase":"program","message":"AG32 batch update queued","processed":39040,"total":108924,"device_id":1075838977,"dp_idcode":731911287,"records":3,"programmed":39040,"verified":128,"error":"ESP_OK","cleanup_error":"ESP_OK","address":2148468680,"swd_ack":0,"stack_free_min":0,"mcu_resumed":false,"destructive_started":true,"recovery_required":true}
2026-09-10 20:15:08 @mori {"event":"ag32_batch_status","state":"running","phase":"program","message":"AG32 batch update queued","processed":39040,"total":108924,"device_id":1075838977,"dp_idcode":731911287,"records":3,"programmed":39040,"verified":128,"error":"ESP_OK","cleanup_error":"ESP_OK","address":2148468680,"swd_ack":0,"stack_free_min":0,"mcu_resumed":false,"destructive_started":true,"recovery_required":true}
2026-09-10 20:15:08 @mori {"event":"ag32_batch_status","state":"running","phase":"program","message":"AG32 batch update queued","processed":40064,"total":108924,"device_id":1075838977,"dp_idcode":731911287,"records":3,"programmed":40064,"verified":128,"error":"ESP_OK","cleanup_error":"ESP_OK","address":2148469724,"swd_ack":0,"stack_free_min":0,"mcu_resumed":false,"destructive_started":true,"recovery_required":true}
2026-09-10 20:15:09 @mori {"event":"ag32_batch_status","state":"running","phase":"program","message":"AG32 batch update queued","processed":40064,"total":108924,"device_id":1075838977,"dp_idcode":731911287,"records":3,"programmed":40064,"verified":128,"error":"ESP_OK","cleanup_error":"ESP_OK","address":2148469724,"swd_ack":0,"stack_free_min":0,"mcu_resumed":false,"destructive_started":true,"recovery_required":true}
2026-09-10 20:15:09 @mori {"event":"ag32_batch_status","state":"running","phase":"program","message":"AG32 batch update queued","processed":41088,"total":108924,"device_id":1075838977,"dp_idcode":731911287,"records":3,"programmed":41088,"verified":128,"error":"ESP_OK","cleanup_error":"ESP_OK","address":2148470768,"swd_ack":0,"stack_free_min":0,"mcu_resumed":false,"destructive_started":true,"recovery_required":true}
2026-09-10 20:15:09 @mori {"event":"ag32_batch_status","state":"running","phase":"program","message":"AG32 batch update queued","processed":41088,"total":108924,"device_id":1075838977,"dp_idcode":731911287,"records":3,"programmed":41088,"verified":128,"error":"ESP_OK","cleanup_error":"ESP_OK","address":2148470768,"swd_ack":0,"stack_free_min":0,"mcu_resumed":false,"destructive_started":true,"recovery_required":true}
2026-09-10 20:15:10 @mori {"event":"ag32_batch_status","state":"running","phase":"program","message":"AG32 batch update queued","processed":42112,"total":108924,"device_id":1075838977,"dp_idcode":731911287,"records":3,"programmed":42112,"verified":128,"error":"ESP_OK","cleanup_error":"ESP_OK","address":2148471804,"swd_ack":0,"stack_free_min":0,"mcu_resumed":false,"destructive_started":true,"recovery_required":true}
2026-09-10 20:15:10 @mori {"event":"ag32_batch_status","state":"running","phase":"program","message":"AG32 batch update queued","processed":42112,"total":108924,"device_id":1075838977,"dp_idcode":731911287,"records":3,"programmed":42112,"verified":128,"error":"ESP_OK","cleanup_error":"ESP_OK","address":2148471804,"swd_ack":0,"stack_free_min":0,"mcu_resumed":false,"destructive_started":true,"recovery_required":true}
2026-09-10 20:15:11 @mori {"event":"ag32_batch_status","state":"running","phase":"program","message":"AG32 batch update queued","processed":43136,"total":108924,"device_id":1075838977,"dp_idcode":731911287,"records":3,"programmed":43136,"verified":128,"error":"ESP_OK","cleanup_error":"ESP_OK","address":2148472828,"swd_ack":0,"stack_free_min":0,"mcu_resumed":false,"destructive_started":true,"recovery_required":true}
2026-09-10 20:15:11 @mori {"event":"ag32_batch_status","state":"running","phase":"program","message":"AG32 batch update queued","processed":43136,"total":108924,"device_id":1075838977,"dp_idcode":731911287,"records":3,"programmed":43136,"verified":128,"error":"ESP_OK","cleanup_error":"ESP_OK","address":2148472828,"swd_ack":0,"stack_free_min":0,"mcu_resumed":false,"destructive_started":true,"recovery_required":true}
2026-09-10 20:15:12 @mori {"event":"ag32_batch_status","state":"running","phase":"program","message":"AG32 batch update queued","processed":44160,"total":108924,"device_id":1075838977,"dp_idcode":731911287,"records":3,"programmed":44160,"verified":128,"error":"ESP_OK","cleanup_error":"ESP_OK","address":2148473852,"swd_ack":0,"stack_free_min":0,"mcu_resumed":false,"destructive_started":true,"recovery_required":true}
2026-09-10 20:15:12 @mori {"event":"ag32_batch_status","state":"running","phase":"program","message":"AG32 batch update queued","processed":44160,"total":108924,"device_id":1075838977,"dp_idcode":731911287,"records":3,"programmed":44160,"verified":128,"error":"ESP_OK","cleanup_error":"ESP_OK","address":2148473852,"swd_ack":0,"stack_free_min":0,"mcu_resumed":false,"destructive_started":true,"recovery_required":true}
2026-09-10 20:15:12 @mori {"event":"ag32_batch_status","state":"running","phase":"program","message":"AG32 batch update queued","processed":45184,"total":108924,"device_id":1075838977,"dp_idcode":731911287,"records":3,"programmed":45184,"verified":128,"error":"ESP_OK","cleanup_error":"ESP_OK","address":2148474828,"swd_ack":0,"stack_free_min":0,"mcu_resumed":false,"destructive_started":true,"recovery_required":true}
2026-09-10 20:15:13 @mori {"event":"ag32_batch_status","state":"running","phase":"program","message":"AG32 batch update queued","processed":45184,"total":108924,"device_id":1075838977,"dp_idcode":731911287,"records":3,"programmed":45184,"verified":128,"error":"ESP_OK","cleanup_error":"ESP_OK","address":2148474828,"swd_ack":0,"stack_free_min":0,"mcu_resumed":false,"destructive_started":true,"recovery_required":true}
2026-09-10 20:15:13 @mori {"event":"ag32_batch_status","state":"running","phase":"program","message":"AG32 batch update queued","processed":46208,"total":108924,"device_id":1075838977,"dp_idcode":731911287,"records":3,"programmed":46208,"verified":128,"error":"ESP_OK","cleanup_error":"ESP_OK","address":2148475872,"swd_ack":0,"stack_free_min":0,"mcu_resumed":false,"destructive_started":true,"recovery_required":true}
2026-09-10 20:15:14 @mori {"event":"ag32_batch_status","state":"running","phase":"program","message":"AG32 batch update queued","processed":46208,"total":108924,"device_id":1075838977,"dp_idcode":731911287,"records":3,"programmed":46208,"verified":128,"error":"ESP_OK","cleanup_error":"ESP_OK","address":2148475872,"swd_ack":0,"stack_free_min":0,"mcu_resumed":false,"destructive_started":true,"recovery_required":true}
2026-09-10 20:15:14 @mori {"event":"ag32_batch_status","state":"running","phase":"program","message":"AG32 batch update queued","processed":47232,"total":108924,"device_id":1075838977,"dp_idcode":731911287,"records":3,"programmed":47232,"verified":128,"error":"ESP_OK","cleanup_error":"ESP_OK","address":2148476916,"swd_ack":0,"stack_free_min":0,"mcu_resumed":false,"destructive_started":true,"recovery_required":true}
2026-09-10 20:15:15 @mori {"event":"ag32_batch_status","state":"running","phase":"program","message":"AG32 batch update queued","processed":47232,"total":108924,"device_id":1075838977,"dp_idcode":731911287,"records":3,"programmed":47232,"verified":128,"error":"ESP_OK","cleanup_error":"ESP_OK","address":2148476916,"swd_ack":0,"stack_free_min":0,"mcu_resumed":false,"destructive_started":true,"recovery_required":true}
2026-09-10 20:15:15 @mori {"event":"ag32_batch_status","state":"running","phase":"program","message":"AG32 batch update queued","processed":48256,"total":108924,"device_id":1075838977,"dp_idcode":731911287,"records":3,"programmed":48256,"verified":128,"error":"ESP_OK","cleanup_error":"ESP_OK","address":2148477948,"swd_ack":0,"stack_free_min":0,"mcu_resumed":false,"destructive_started":true,"recovery_required":true}
2026-09-10 20:15:15 @mori {"event":"ag32_batch_status","state":"running","phase":"program","message":"AG32 batch update queued","processed":49280,"total":108924,"device_id":1075838977,"dp_idcode":731911287,"records":3,"programmed":49280,"verified":128,"error":"ESP_OK","cleanup_error":"ESP_OK","address":2148478972,"swd_ack":0,"stack_free_min":0,"mcu_resumed":false,"destructive_started":true,"recovery_required":true}
2026-09-10 20:15:16 @mori {"event":"ag32_batch_status","state":"running","phase":"program","message":"AG32 batch update queued","processed":49280,"total":108924,"device_id":1075838977,"dp_idcode":731911287,"records":3,"programmed":49280,"verified":128,"error":"ESP_OK","cleanup_error":"ESP_OK","address":2148478972,"swd_ack":0,"stack_free_min":0,"mcu_resumed":false,"destructive_started":true,"recovery_required":true}
2026-09-10 20:15:16 @mori {"event":"ag32_batch_status","state":"running","phase":"program","message":"AG32 batch update queued","processed":50304,"total":108924,"device_id":1075838977,"dp_idcode":731911287,"records":3,"programmed":50304,"verified":128,"error":"ESP_OK","cleanup_error":"ESP_OK","address":2148479996,"swd_ack":0,"stack_free_min":0,"mcu_resumed":false,"destructive_started":true,"recovery_required":true}
2026-09-10 20:15:17 @mori {"event":"ag32_batch_status","state":"running","phase":"program","message":"AG32 batch update queued","processed":50304,"total":108924,"device_id":1075838977,"dp_idcode":731911287,"records":3,"programmed":50304,"verified":128,"error":"ESP_OK","cleanup_error":"ESP_OK","address":2148479996,"swd_ack":0,"stack_free_min":0,"mcu_resumed":false,"destructive_started":true,"recovery_required":true}
2026-09-10 20:15:17 @mori {"event":"ag32_batch_status","state":"running","phase":"program","message":"AG32 batch update queued","processed":51328,"total":108924,"device_id":1075838977,"dp_idcode":731911287,"records":3,"programmed":51328,"verified":128,"error":"ESP_OK","cleanup_error":"ESP_OK","address":2148480976,"swd_ack":0,"stack_free_min":0,"mcu_resumed":false,"destructive_started":true,"recovery_required":true}
2026-09-10 20:15:18 @mori {"event":"ag32_batch_status","state":"running","phase":"program","message":"AG32 batch update queued","processed":51328,"total":108924,"device_id":1075838977,"dp_idcode":731911287,"records":3,"programmed":51328,"verified":128,"error":"ESP_OK","cleanup_error":"ESP_OK","address":2148480976,"swd_ack":0,"stack_free_min":0,"mcu_resumed":false,"destructive_started":true,"recovery_required":true}
2026-09-10 20:15:18 @mori {"event":"ag32_batch_status","state":"running","phase":"program","message":"AG32 batch update queued","processed":52352,"total":108924,"device_id":1075838977,"dp_idcode":731911287,"records":3,"programmed":52352,"verified":128,"error":"ESP_OK","cleanup_error":"ESP_OK","address":2148482020,"swd_ack":0,"stack_free_min":0,"mcu_resumed":false,"destructive_started":true,"recovery_required":true}
2026-09-10 20:15:19 @mori {"event":"ag32_batch_status","state":"running","phase":"program","message":"AG32 batch update queued","processed":52352,"total":108924,"device_id":1075838977,"dp_idcode":731911287,"records":3,"programmed":52352,"verified":128,"error":"ESP_OK","cleanup_error":"ESP_OK","address":2148482020,"swd_ack":0,"stack_free_min":0,"mcu_resumed":false,"destructive_started":true,"recovery_required":true}
2026-09-10 20:15:19 @mori {"event":"ag32_batch_status","state":"running","phase":"program","message":"AG32 batch update queued","processed":53376,"total":108924,"device_id":1075838977,"dp_idcode":731911287,"records":3,"programmed":53376,"verified":128,"error":"ESP_OK","cleanup_error":"ESP_OK","address":2148483064,"swd_ack":0,"stack_free_min":0,"mcu_resumed":false,"destructive_started":true,"recovery_required":true}
2026-09-10 20:15:19 @mori {"event":"ag32_batch_status","state":"running","phase":"program","message":"AG32 batch update queued","processed":53376,"total":108924,"device_id":1075838977,"dp_idcode":731911287,"records":3,"programmed":53376,"verified":128,"error":"ESP_OK","cleanup_error":"ESP_OK","address":2148483064,"swd_ack":0,"stack_free_min":0,"mcu_resumed":false,"destructive_started":true,"recovery_required":true}
2026-09-10 20:15:20 @mori {"event":"ag32_batch_status","state":"running","phase":"program","message":"AG32 batch update queued","processed":54400,"total":108924,"device_id":1075838977,"dp_idcode":731911287,"records":3,"programmed":54400,"verified":128,"error":"ESP_OK","cleanup_error":"ESP_OK","address":2148484092,"swd_ack":0,"stack_free_min":0,"mcu_resumed":false,"destructive_started":true,"recovery_required":true}
2026-09-10 20:15:20 @mori {"event":"ag32_batch_status","state":"running","phase":"program","message":"AG32 batch update queued","processed":54400,"total":108924,"device_id":1075838977,"dp_idcode":731911287,"records":3,"programmed":54400,"verified":128,"error":"ESP_OK","cleanup_error":"ESP_OK","address":2148484092,"swd_ack":0,"stack_free_min":0,"mcu_resumed":false,"destructive_started":true,"recovery_required":true}
2026-09-10 20:15:21 @mori {"event":"ag32_batch_status","state":"running","phase":"program","message":"AG32 batch update queued","processed":55424,"total":108924,"device_id":1075838977,"dp_idcode":731911287,"records":3,"programmed":55424,"verified":128,"error":"ESP_OK","cleanup_error":"ESP_OK","address":2148485116,"swd_ack":0,"stack_free_min":0,"mcu_resumed":false,"destructive_started":true,"recovery_required":true}
2026-09-10 20:15:21 @mori {"event":"ag32_batch_status","state":"running","phase":"program","message":"AG32 batch update queued","processed":55424,"total":108924,"device_id":1075838977,"dp_idcode":731911287,"records":3,"programmed":55424,"verified":128,"error":"ESP_OK","cleanup_error":"ESP_OK","address":2148485116,"swd_ack":0,"stack_free_min":0,"mcu_resumed":false,"destructive_started":true,"recovery_required":true}
2026-09-10 20:15:22 @mori {"event":"ag32_batch_status","state":"running","phase":"program","message":"AG32 batch update queued","processed":56448,"total":108924,"device_id":1075838977,"dp_idcode":731911287,"records":3,"programmed":56448,"verified":128,"error":"ESP_OK","cleanup_error":"ESP_OK","address":2148486140,"swd_ack":0,"stack_free_min":0,"mcu_resumed":false,"destructive_started":true,"recovery_required":true}
2026-09-10 20:15:22 @mori {"event":"ag32_batch_status","state":"running","phase":"program","message":"AG32 batch update queued","processed":56448,"total":108924,"device_id":1075838977,"dp_idcode":731911287,"records":3,"programmed":56448,"verified":128,"error":"ESP_OK","cleanup_error":"ESP_OK","address":2148486140,"swd_ack":0,"stack_free_min":0,"mcu_resumed":false,"destructive_started":true,"recovery_required":true}
2026-09-10 20:15:22 @mori {"event":"ag32_batch_status","state":"running","phase":"program","message":"AG32 batch update queued","processed":57472,"total":108924,"device_id":1075838977,"dp_idcode":731911287,"records":3,"programmed":57472,"verified":128,"error":"ESP_OK","cleanup_error":"ESP_OK","address":2148487124,"swd_ack":0,"stack_free_min":0,"mcu_resumed":false,"destructive_started":true,"recovery_required":true}
2026-09-10 20:15:23 @mori {"event":"ag32_batch_status","state":"running","phase":"program","message":"AG32 batch update queued","processed":57472,"total":108924,"device_id":1075838977,"dp_idcode":731911287,"records":3,"programmed":57472,"verified":128,"error":"ESP_OK","cleanup_error":"ESP_OK","address":2148487124,"swd_ack":0,"stack_free_min":0,"mcu_resumed":false,"destructive_started":true,"recovery_required":true}
2026-09-10 20:15:23 @mori {"event":"ag32_batch_status","state":"running","phase":"program","message":"AG32 batch update queued","processed":58496,"total":108924,"device_id":1075838977,"dp_idcode":731911287,"records":3,"programmed":58496,"verified":128,"error":"ESP_OK","cleanup_error":"ESP_OK","address":2148488188,"swd_ack":0,"stack_free_min":0,"mcu_resumed":false,"destructive_started":true,"recovery_required":true}
2026-09-10 20:15:24 @mori {"event":"ag32_batch_status","state":"running","phase":"program","message":"AG32 batch update queued","processed":58496,"total":108924,"device_id":1075838977,"dp_idcode":731911287,"records":3,"programmed":58496,"verified":128,"error":"ESP_OK","cleanup_error":"ESP_OK","address":2148488188,"swd_ack":0,"stack_free_min":0,"mcu_resumed":false,"destructive_started":true,"recovery_required":true}
2026-09-10 20:15:24 @mori {"event":"ag32_batch_status","state":"running","phase":"program","message":"AG32 batch update queued","processed":58496,"total":108924,"device_id":1075838977,"dp_idcode":731911287,"records":3,"programmed":58496,"verified":128,"error":"ESP_OK","cleanup_error":"ESP_OK","address":2148488188,"swd_ack":0,"stack_free_min":0,"mcu_resumed":false,"destructive_started":true,"recovery_required":true}
2026-09-10 20:15:25 @mori {"event":"ag32_batch_status","state":"running","phase":"program","message":"AG32 batch update queued","processed":58496,"total":108924,"device_id":1075838977,"dp_idcode":731911287,"records":3,"programmed":58496,"verified":128,"error":"ESP_OK","cleanup_error":"ESP_OK","address":2148488188,"swd_ack":0,"stack_free_min":0,"mcu_resumed":false,"destructive_started":true,"recovery_required":true}
2026-09-10 20:15:25 @mori {"event":"ag32_batch_status","state":"running","phase":"program","message":"AG32 batch update queued","processed":59520,"total":108924,"device_id":1075838977,"dp_idcode":731911287,"records":3,"programmed":59520,"verified":128,"error":"ESP_OK","cleanup_error":"ESP_OK","address":2148489212,"swd_ack":0,"stack_free_min":0,"mcu_resumed":false,"destructive_started":true,"recovery_required":true}
2026-09-10 20:15:26 @mori {"event":"ag32_batch_status","state":"running","phase":"program","message":"AG32 batch update queued","processed":59520,"total":108924,"device_id":1075838977,"dp_idcode":731911287,"records":3,"programmed":59520,"verified":128,"error":"ESP_OK","cleanup_error":"ESP_OK","address":2148489212,"swd_ack":0,"stack_free_min":0,"mcu_resumed":false,"destructive_started":true,"recovery_required":true}
2026-09-10 20:15:26 @mori {"event":"ag32_batch_status","state":"running","phase":"program","message":"AG32 batch update queued","processed":59520,"total":108924,"device_id":1075838977,"dp_idcode":731911287,"records":3,"programmed":59520,"verified":128,"error":"ESP_OK","cleanup_error":"ESP_OK","address":2148489212,"swd_ack":0,"stack_free_min":0,"mcu_resumed":false,"destructive_started":true,"recovery_required":true}
2026-09-10 20:15:26 @mori {"event":"ag32_batch_status","state":"running","phase":"program","message":"AG32 batch update queued","processed":60544,"total":108924,"device_id":1075838977,"dp_idcode":731911287,"records":3,"programmed":60544,"verified":128,"error":"ESP_OK","cleanup_error":"ESP_OK","address":2148490236,"swd_ack":0,"stack_free_min":0,"mcu_resumed":false,"destructive_started":true,"recovery_required":true}
2026-09-10 20:15:27 @mori {"event":"ag32_batch_status","state":"running","phase":"program","message":"AG32 batch update queued","processed":60544,"total":108924,"device_id":1075838977,"dp_idcode":731911287,"records":3,"programmed":60544,"verified":128,"error":"ESP_OK","cleanup_error":"ESP_OK","address":2148490236,"swd_ack":0,"stack_free_min":0,"mcu_resumed":false,"destructive_started":true,"recovery_required":true}
2026-09-10 20:15:27 @mori {"event":"ag32_batch_status","state":"running","phase":"program","message":"AG32 batch update queued","processed":60544,"total":108924,"device_id":1075838977,"dp_idcode":731911287,"records":3,"programmed":60544,"verified":128,"error":"ESP_OK","cleanup_error":"ESP_OK","address":2148490236,"swd_ack":0,"stack_free_min":0,"mcu_resumed":false,"destructive_started":true,"recovery_required":true}
2026-09-10 20:15:28 @mori {"event":"ag32_batch_status","state":"running","phase":"program","message":"AG32 batch update queued","processed":60544,"total":108924,"device_id":1075838977,"dp_idcode":731911287,"records":3,"programmed":60544,"verified":128,"error":"ESP_OK","cleanup_error":"ESP_OK","address":2148490236,"swd_ack":0,"stack_free_min":0,"mcu_resumed":false,"destructive_started":true,"recovery_required":true}
2026-09-10 20:15:28 @mori {"event":"ag32_batch_status","state":"running","phase":"program","message":"AG32 batch update queued","processed":61568,"total":108924,"device_id":1075838977,"dp_idcode":731911287,"records":3,"programmed":61568,"verified":128,"error":"ESP_OK","cleanup_error":"ESP_OK","address":2148491260,"swd_ack":0,"stack_free_min":0,"mcu_resumed":false,"destructive_started":true,"recovery_required":true}
2026-09-10 20:15:29 @mori {"event":"ag32_batch_status","state":"running","phase":"program","message":"AG32 batch update queued","processed":61568,"total":108924,"device_id":1075838977,"dp_idcode":731911287,"records":3,"programmed":61568,"verified":128,"error":"ESP_OK","cleanup_error":"ESP_OK","address":2148491260,"swd_ack":0,"stack_free_min":0,"mcu_resumed":false,"destructive_started":true,"recovery_required":true}
2026-09-10 20:15:29 @mori {"event":"ag32_batch_status","state":"running","phase":"program","message":"AG32 batch update queued","processed":61568,"total":108924,"device_id":1075838977,"dp_idcode":731911287,"records":3,"programmed":61568,"verified":128,"error":"ESP_OK","cleanup_error":"ESP_OK","address":2148491260,"swd_ack":0,"stack_free_min":0,"mcu_resumed":false,"destructive_started":true,"recovery_required":true}
2026-09-10 20:15:29 @mori {"event":"ag32_batch_status","state":"running","phase":"program","message":"AG32 batch update queued","processed":62592,"total":108924,"device_id":1075838977,"dp_idcode":731911287,"records":3,"programmed":62592,"verified":128,"error":"ESP_OK","cleanup_error":"ESP_OK","address":2148492284,"swd_ack":0,"stack_free_min":0,"mcu_resumed":false,"destructive_started":true,"recovery_required":true}
2026-09-10 20:15:30 @mori {"event":"ag32_batch_status","state":"running","phase":"program","message":"AG32 batch update queued","processed":62592,"total":108924,"device_id":1075838977,"dp_idcode":731911287,"records":3,"programmed":62592,"verified":128,"error":"ESP_OK","cleanup_error":"ESP_OK","address":2148492284,"swd_ack":0,"stack_free_min":0,"mcu_resumed":false,"destructive_started":true,"recovery_required":true}
2026-09-10 20:15:30 @mori {"event":"ag32_batch_status","state":"running","phase":"program","message":"AG32 batch update queued","processed":62592,"total":108924,"device_id":1075838977,"dp_idcode":731911287,"records":3,"programmed":62592,"verified":128,"error":"ESP_OK","cleanup_error":"ESP_OK","address":2148492284,"swd_ack":0,"stack_free_min":0,"mcu_resumed":false,"destructive_started":true,"recovery_required":true}
2026-09-10 20:15:31 @mori {"event":"ag32_batch_status","state":"running","phase":"program","message":"AG32 batch update queued","processed":62592,"total":108924,"device_id":1075838977,"dp_idcode":731911287,"records":3,"programmed":62592,"verified":128,"error":"ESP_OK","cleanup_error":"ESP_OK","address":2148492284,"swd_ack":0,"stack_free_min":0,"mcu_resumed":false,"destructive_started":true,"recovery_required":true}
2026-09-10 20:15:31 @mori {"event":"ag32_batch_status","state":"running","phase":"program","message":"AG32 batch update queued","processed":63616,"total":108924,"device_id":1075838977,"dp_idcode":731911287,"records":3,"programmed":63616,"verified":128,"error":"ESP_OK","cleanup_error":"ESP_OK","address":2148493308,"swd_ack":0,"stack_free_min":0,"mcu_resumed":false,"destructive_started":true,"recovery_required":true}
2026-09-10 20:15:32 @mori {"event":"ag32_batch_status","state":"running","phase":"program","message":"AG32 batch update queued","processed":63616,"total":108924,"device_id":1075838977,"dp_idcode":731911287,"records":3,"programmed":63616,"verified":128,"error":"ESP_OK","cleanup_error":"ESP_OK","address":2148493308,"swd_ack":0,"stack_free_min":0,"mcu_resumed":false,"destructive_started":true,"recovery_required":true}
2026-09-10 20:15:32 @mori {"event":"ag32_batch_status","state":"running","phase":"program","message":"AG32 batch update queued","processed":63616,"total":108924,"device_id":1075838977,"dp_idcode":731911287,"records":3,"programmed":63616,"verified":128,"error":"ESP_OK","cleanup_error":"ESP_OK","address":2148493308,"swd_ack":0,"stack_free_min":0,"mcu_resumed":false,"destructive_started":true,"recovery_required":true}
2026-09-10 20:15:32 @mori {"event":"ag32_batch_status","state":"running","phase":"program","message":"AG32 batch update queued","processed":64640,"total":108924,"device_id":1075838977,"dp_idcode":731911287,"records":3,"programmed":64640,"verified":128,"error":"ESP_OK","cleanup_error":"ESP_OK","address":2148494332,"swd_ack":0,"stack_free_min":0,"mcu_resumed":false,"destructive_started":true,"recovery_required":true}
2026-09-10 20:15:33 @mori {"event":"ag32_batch_status","state":"running","phase":"program","message":"AG32 batch update queued","processed":64640,"total":108924,"device_id":1075838977,"dp_idcode":731911287,"records":3,"programmed":64640,"verified":128,"error":"ESP_OK","cleanup_error":"ESP_OK","address":2148494332,"swd_ack":0,"stack_free_min":0,"mcu_resumed":false,"destructive_started":true,"recovery_required":true}
2026-09-10 20:15:33 @mori {"event":"ag32_batch_status","state":"running","phase":"program","message":"AG32 batch update queued","processed":64640,"total":108924,"device_id":1075838977,"dp_idcode":731911287,"records":3,"programmed":64640,"verified":128,"error":"ESP_OK","cleanup_error":"ESP_OK","address":2148494332,"swd_ack":0,"stack_free_min":0,"mcu_resumed":false,"destructive_started":true,"recovery_required":true}
2026-09-10 20:15:34 @mori {"event":"ag32_batch_status","state":"running","phase":"program","message":"AG32 batch update queued","processed":64640,"total":108924,"device_id":1075838977,"dp_idcode":731911287,"records":3,"programmed":64640,"verified":128,"error":"ESP_OK","cleanup_error":"ESP_OK","address":2148494332,"swd_ack":0,"stack_free_min":0,"mcu_resumed":false,"destructive_started":true,"recovery_required":true}
2026-09-10 20:15:34 @mori {"event":"ag32_batch_status","state":"running","phase":"program","message":"AG32 batch update queued","processed":65664,"total":108924,"device_id":1075838977,"dp_idcode":731911287,"records":3,"programmed":65664,"verified":128,"error":"ESP_OK","cleanup_error":"ESP_OK","address":2148495356,"swd_ack":0,"stack_free_min":0,"mcu_resumed":false,"destructive_started":true,"recovery_required":true}
2026-09-10 20:15:35 @mori {"event":"ag32_batch_status","state":"running","phase":"program","message":"AG32 batch update queued","processed":65664,"total":108924,"device_id":1075838977,"dp_idcode":731911287,"records":3,"programmed":65664,"verified":128,"error":"ESP_OK","cleanup_error":"ESP_OK","address":2148495356,"swd_ack":0,"stack_free_min":0,"mcu_resumed":false,"destructive_started":true,"recovery_required":true}
2026-09-10 20:15:35 @mori {"event":"ag32_batch_status","state":"running","phase":"program","message":"AG32 batch update queued","processed":65664,"total":108924,"device_id":1075838977,"dp_idcode":731911287,"records":3,"programmed":65664,"verified":128,"error":"ESP_OK","cleanup_error":"ESP_OK","address":2148495356,"swd_ack":0,"stack_free_min":0,"mcu_resumed":false,"destructive_started":true,"recovery_required":true}
2026-09-10 20:15:36 @mori {"event":"ag32_batch_status","state":"running","phase":"program","message":"AG32 batch update queued","processed":66688,"total":108924,"device_id":1075838977,"dp_idcode":731911287,"records":3,"programmed":66688,"verified":128,"error":"ESP_OK","cleanup_error":"ESP_OK","address":2148496380,"swd_ack":0,"stack_free_min":0,"mcu_resumed":false,"destructive_started":true,"recovery_required":true}
2026-09-10 20:15:36 @mori {"event":"ag32_batch_status","state":"running","phase":"program","message":"AG32 batch update queued","processed":66688,"total":108924,"device_id":1075838977,"dp_idcode":731911287,"records":3,"programmed":66688,"verified":128,"error":"ESP_OK","cleanup_error":"ESP_OK","address":2148496380,"swd_ack":0,"stack_free_min":0,"mcu_resumed":false,"destructive_started":true,"recovery_required":true}
2026-09-10 20:15:36 @mori {"event":"ag32_batch_status","state":"running","phase":"program","message":"AG32 batch update queued","processed":66688,"total":108924,"device_id":1075838977,"dp_idcode":731911287,"records":3,"programmed":66688,"verified":128,"error":"ESP_OK","cleanup_error":"ESP_OK","address":2148496380,"swd_ack":0,"stack_free_min":0,"mcu_resumed":false,"destructive_started":true,"recovery_required":true}
2026-09-10 20:15:37 @mori {"event":"ag32_batch_status","state":"running","phase":"program","message":"AG32 batch update queued","processed":66688,"total":108924,"device_id":1075838977,"dp_idcode":731911287,"records":3,"programmed":66688,"verified":128,"error":"ESP_OK","cleanup_error":"ESP_OK","address":2148496380,"swd_ack":0,"stack_free_min":0,"mcu_resumed":false,"destructive_started":true,"recovery_required":true}
2026-09-10 20:15:37 @mori {"event":"ag32_batch_status","state":"running","phase":"program","message":"AG32 batch update queued","processed":67712,"total":108924,"device_id":1075838977,"dp_idcode":731911287,"records":3,"programmed":67712,"verified":128,"error":"ESP_OK","cleanup_error":"ESP_OK","address":2148497404,"swd_ack":0,"stack_free_min":0,"mcu_resumed":false,"destructive_started":true,"recovery_required":true}
2026-09-10 20:15:38 @mori {"event":"ag32_batch_status","state":"running","phase":"program","message":"AG32 batch update queued","processed":67712,"total":108924,"device_id":1075838977,"dp_idcode":731911287,"records":3,"programmed":67712,"verified":128,"error":"ESP_OK","cleanup_error":"ESP_OK","address":2148497404,"swd_ack":0,"stack_free_min":0,"mcu_resumed":false,"destructive_started":true,"recovery_required":true}
2026-09-10 20:15:38 @mori {"event":"ag32_batch_status","state":"running","phase":"program","message":"AG32 batch update queued","processed":67712,"total":108924,"device_id":1075838977,"dp_idcode":731911287,"records":3,"programmed":67712,"verified":128,"error":"ESP_OK","cleanup_error":"ESP_OK","address":2148497404,"swd_ack":0,"stack_free_min":0,"mcu_resumed":false,"destructive_started":true,"recovery_required":true}
2026-09-10 20:15:39 @mori {"event":"ag32_batch_status","state":"running","phase":"program","message":"AG32 batch update queued","processed":68736,"total":108924,"device_id":1075838977,"dp_idcode":731911287,"records":3,"programmed":68736,"verified":128,"error":"ESP_OK","cleanup_error":"ESP_OK","address":2148498428,"swd_ack":0,"stack_free_min":0,"mcu_resumed":false,"destructive_started":true,"recovery_required":true}
2026-09-10 20:15:39 @mori {"event":"ag32_batch_status","state":"running","phase":"program","message":"AG32 batch update queued","processed":68736,"total":108924,"device_id":1075838977,"dp_idcode":731911287,"records":3,"programmed":68736,"verified":128,"error":"ESP_OK","cleanup_error":"ESP_OK","address":2148498428,"swd_ack":0,"stack_free_min":0,"mcu_resumed":false,"destructive_started":true,"recovery_required":true}
2026-09-10 20:15:39 @mori {"event":"ag32_batch_status","state":"running","phase":"program","message":"AG32 batch update queued","processed":68736,"total":108924,"device_id":1075838977,"dp_idcode":731911287,"records":3,"programmed":68736,"verified":128,"error":"ESP_OK","cleanup_error":"ESP_OK","address":2148498428,"swd_ack":0,"stack_free_min":0,"mcu_resumed":false,"destructive_started":true,"recovery_required":true}
2026-09-10 20:15:40 @mori {"event":"ag32_batch_status","state":"running","phase":"program","message":"AG32 batch update queued","processed":68736,"total":108924,"device_id":1075838977,"dp_idcode":731911287,"records":3,"programmed":68736,"verified":128,"error":"ESP_OK","cleanup_error":"ESP_OK","address":2148498428,"swd_ack":0,"stack_free_min":0,"mcu_resumed":false,"destructive_started":true,"recovery_required":true}
2026-09-10 20:15:40 @mori {"event":"ag32_batch_status","state":"running","phase":"program","message":"AG32 batch update queued","processed":69760,"total":108924,"device_id":1075838977,"dp_idcode":731911287,"records":3,"programmed":69760,"verified":128,"error":"ESP_OK","cleanup_error":"ESP_OK","address":2148499452,"swd_ack":0,"stack_free_min":0,"mcu_resumed":false,"destructive_started":true,"recovery_required":true}
2026-09-10 20:15:41 @mori {"event":"ag32_batch_status","state":"running","phase":"program","message":"AG32 batch update queued","processed":69760,"total":108924,"device_id":1075838977,"dp_idcode":731911287,"records":3,"programmed":69760,"verified":128,"error":"ESP_OK","cleanup_error":"ESP_OK","address":2148499452,"swd_ack":0,"stack_free_min":0,"mcu_resumed":false,"destructive_started":true,"recovery_required":true}
2026-09-10 20:15:41 @mori {"event":"ag32_batch_status","state":"running","phase":"program","message":"AG32 batch update queued","processed":69760,"total":108924,"device_id":1075838977,"dp_idcode":731911287,"records":3,"programmed":69760,"verified":128,"error":"ESP_OK","cleanup_error":"ESP_OK","address":2148499452,"swd_ack":0,"stack_free_min":0,"mcu_resumed":false,"destructive_started":true,"recovery_required":true}
2026-09-10 20:15:42 @mori {"event":"ag32_batch_status","state":"running","phase":"program","message":"AG32 batch update queued","processed":70784,"total":108924,"device_id":1075838977,"dp_idcode":731911287,"records":3,"programmed":70784,"verified":128,"error":"ESP_OK","cleanup_error":"ESP_OK","address":2148500476,"swd_ack":0,"stack_free_min":0,"mcu_resumed":false,"destructive_started":true,"recovery_required":true}
2026-09-10 20:15:42 @mori {"event":"ag32_batch_status","state":"running","phase":"program","message":"AG32 batch update queued","processed":70784,"total":108924,"device_id":1075838977,"dp_idcode":731911287,"records":3,"programmed":70784,"verified":128,"error":"ESP_OK","cleanup_error":"ESP_OK","address":2148500476,"swd_ack":0,"stack_free_min":0,"mcu_resumed":false,"destructive_started":true,"recovery_required":true}
2026-09-10 20:15:42 @mori {"event":"ag32_batch_status","state":"running","phase":"program","message":"AG32 batch update queued","processed":70784,"total":108924,"device_id":1075838977,"dp_idcode":731911287,"records":3,"programmed":70784,"verified":128,"error":"ESP_OK","cleanup_error":"ESP_OK","address":2148500476,"swd_ack":0,"stack_free_min":0,"mcu_resumed":false,"destructive_started":true,"recovery_required":true}
2026-09-10 20:15:43 @mori {"event":"ag32_batch_status","state":"running","phase":"program","message":"AG32 batch update queued","processed":70784,"total":108924,"device_id":1075838977,"dp_idcode":731911287,"records":3,"programmed":70784,"verified":128,"error":"ESP_OK","cleanup_error":"ESP_OK","address":2148500476,"swd_ack":0,"stack_free_min":0,"mcu_resumed":false,"destructive_started":true,"recovery_required":true}
2026-09-10 20:15:43 @mori {"event":"ag32_batch_status","state":"running","phase":"program","message":"AG32 batch update queued","processed":71808,"total":108924,"device_id":1075838977,"dp_idcode":731911287,"records":3,"programmed":71808,"verified":128,"error":"ESP_OK","cleanup_error":"ESP_OK","address":2148501500,"swd_ack":0,"stack_free_min":0,"mcu_resumed":false,"destructive_started":true,"recovery_required":true}
2026-09-10 20:15:44 @mori {"event":"ag32_batch_status","state":"running","phase":"program","message":"AG32 batch update queued","processed":71808,"total":108924,"device_id":1075838977,"dp_idcode":731911287,"records":3,"programmed":71808,"verified":128,"error":"ESP_OK","cleanup_error":"ESP_OK","address":2148501500,"swd_ack":0,"stack_free_min":0,"mcu_resumed":false,"destructive_started":true,"recovery_required":true}
2026-09-10 20:15:44 @mori {"event":"ag32_batch_status","state":"running","phase":"program","message":"AG32 batch update queued","processed":71808,"total":108924,"device_id":1075838977,"dp_idcode":731911287,"records":3,"programmed":71808,"verified":128,"error":"ESP_OK","cleanup_error":"ESP_OK","address":2148501500,"swd_ack":0,"stack_free_min":0,"mcu_resumed":false,"destructive_started":true,"recovery_required":true}
2026-09-10 20:15:45 @mori {"event":"ag32_batch_status","state":"running","phase":"program","message":"AG32 batch update queued","processed":72832,"total":108924,"device_id":1075838977,"dp_idcode":731911287,"records":3,"programmed":72832,"verified":128,"error":"ESP_OK","cleanup_error":"ESP_OK","address":2148502524,"swd_ack":0,"stack_free_min":0,"mcu_resumed":false,"destructive_started":true,"recovery_required":true}
2026-09-10 20:15:45 @mori {"event":"ag32_batch_status","state":"running","phase":"program","message":"AG32 batch update queued","processed":72832,"total":108924,"device_id":1075838977,"dp_idcode":731911287,"records":3,"programmed":72832,"verified":128,"error":"ESP_OK","cleanup_error":"ESP_OK","address":2148502524,"swd_ack":0,"stack_free_min":0,"mcu_resumed":false,"destructive_started":true,"recovery_required":true}
2026-09-10 20:15:46 @mori {"event":"ag32_batch_status","state":"running","phase":"program","message":"AG32 batch update queued","processed":72832,"total":108924,"device_id":1075838977,"dp_idcode":731911287,"records":3,"programmed":72832,"verified":128,"error":"ESP_OK","cleanup_error":"ESP_OK","address":2148502524,"swd_ack":0,"stack_free_min":0,"mcu_resumed":false,"destructive_started":true,"recovery_required":true}
2026-09-10 20:15:46 @mori {"event":"ag32_batch_status","state":"running","phase":"program","message":"AG32 batch update queued","processed":72832,"total":108924,"device_id":1075838977,"dp_idcode":731911287,"records":3,"programmed":72832,"verified":128,"error":"ESP_OK","cleanup_error":"ESP_OK","address":2148502524,"swd_ack":0,"stack_free_min":0,"mcu_resumed":false,"destructive_started":true,"recovery_required":true}
2026-09-10 20:15:46 @mori {"event":"ag32_batch_status","state":"running","phase":"program","message":"AG32 batch update queued","processed":73856,"total":108924,"device_id":1075838977,"dp_idcode":731911287,"records":3,"programmed":73856,"verified":128,"error":"ESP_OK","cleanup_error":"ESP_OK","address":2148503548,"swd_ack":0,"stack_free_min":0,"mcu_resumed":false,"destructive_started":true,"recovery_required":true}
2026-09-10 20:15:47 @mori {"event":"ag32_batch_status","state":"running","phase":"program","message":"AG32 batch update queued","processed":73856,"total":108924,"device_id":1075838977,"dp_idcode":731911287,"records":3,"programmed":73856,"verified":128,"error":"ESP_OK","cleanup_error":"ESP_OK","address":2148503548,"swd_ack":0,"stack_free_min":0,"mcu_resumed":false,"destructive_started":true,"recovery_required":true}
2026-09-10 20:15:47 @mori {"event":"ag32_batch_status","state":"running","phase":"program","message":"AG32 batch update queued","processed":73856,"total":108924,"device_id":1075838977,"dp_idcode":731911287,"records":3,"programmed":73856,"verified":128,"error":"ESP_OK","cleanup_error":"ESP_OK","address":2148503548,"swd_ack":0,"stack_free_min":0,"mcu_resumed":false,"destructive_started":true,"recovery_required":true}
2026-09-10 20:15:48 @mori {"event":"ag32_batch_status","state":"running","phase":"program","message":"AG32 batch update queued","processed":74880,"total":108924,"device_id":1075838977,"dp_idcode":731911287,"records":3,"programmed":74880,"verified":128,"error":"ESP_OK","cleanup_error":"ESP_OK","address":2148504572,"swd_ack":0,"stack_free_min":0,"mcu_resumed":false,"destructive_started":true,"recovery_required":true}
2026-09-10 20:15:48 @mori {"event":"ag32_batch_status","state":"running","phase":"program","message":"AG32 batch update queued","processed":74880,"total":108924,"device_id":1075838977,"dp_idcode":731911287,"records":3,"programmed":74880,"verified":128,"error":"ESP_OK","cleanup_error":"ESP_OK","address":2148504572,"swd_ack":0,"stack_free_min":0,"mcu_resumed":false,"destructive_started":true,"recovery_required":true}
2026-09-10 20:15:49 @mori {"event":"ag32_batch_status","state":"running","phase":"program","message":"AG32 batch update queued","processed":74880,"total":108924,"device_id":1075838977,"dp_idcode":731911287,"records":3,"programmed":74880,"verified":128,"error":"ESP_OK","cleanup_error":"ESP_OK","address":2148504572,"swd_ack":0,"stack_free_min":0,"mcu_resumed":false,"destructive_started":true,"recovery_required":true}
2026-09-10 20:15:49 @mori {"event":"ag32_batch_status","state":"running","phase":"program","message":"AG32 batch update queued","processed":74880,"total":108924,"device_id":1075838977,"dp_idcode":731911287,"records":3,"programmed":74880,"verified":128,"error":"ESP_OK","cleanup_error":"ESP_OK","address":2148504572,"swd_ack":0,"stack_free_min":0,"mcu_resumed":false,"destructive_started":true,"recovery_required":true}
2026-09-10 20:15:49 @mori {"event":"ag32_batch_status","state":"running","phase":"program","message":"AG32 batch update queued","processed":75904,"total":108924,"device_id":1075838977,"dp_idcode":731911287,"records":3,"programmed":75904,"verified":128,"error":"ESP_OK","cleanup_error":"ESP_OK","address":2148505596,"swd_ack":0,"stack_free_min":0,"mcu_resumed":false,"destructive_started":true,"recovery_required":true}
2026-09-10 20:15:50 @mori {"event":"ag32_batch_status","state":"running","phase":"program","message":"AG32 batch update queued","processed":75904,"total":108924,"device_id":1075838977,"dp_idcode":731911287,"records":3,"programmed":75904,"verified":128,"error":"ESP_OK","cleanup_error":"ESP_OK","address":2148505596,"swd_ack":0,"stack_free_min":0,"mcu_resumed":false,"destructive_started":true,"recovery_required":true}
2026-09-10 20:15:50 @mori {"event":"ag32_batch_status","state":"running","phase":"program","message":"AG32 batch update queued","processed":75904,"total":108924,"device_id":1075838977,"dp_idcode":731911287,"records":3,"programmed":75904,"verified":128,"error":"ESP_OK","cleanup_error":"ESP_OK","address":2148505596,"swd_ack":0,"stack_free_min":0,"mcu_resumed":false,"destructive_started":true,"recovery_required":true}
2026-09-10 20:15:51 @mori {"event":"ag32_batch_status","state":"running","phase":"program","message":"AG32 batch update queued","processed":76928,"total":108924,"device_id":1075838977,"dp_idcode":731911287,"records":3,"programmed":76928,"verified":128,"error":"ESP_OK","cleanup_error":"ESP_OK","address":2148506620,"swd_ack":0,"stack_free_min":0,"mcu_resumed":false,"destructive_started":true,"recovery_required":true}
2026-09-10 20:15:51 @mori {"event":"ag32_batch_status","state":"running","phase":"program","message":"AG32 batch update queued","processed":76928,"total":108924,"device_id":1075838977,"dp_idcode":731911287,"records":3,"programmed":76928,"verified":128,"error":"ESP_OK","cleanup_error":"ESP_OK","address":2148506620,"swd_ack":0,"stack_free_min":0,"mcu_resumed":false,"destructive_started":true,"recovery_required":true}
2026-09-10 20:15:52 @mori {"event":"ag32_batch_status","state":"running","phase":"program","message":"AG32 batch update queued","processed":76928,"total":108924,"device_id":1075838977,"dp_idcode":731911287,"records":3,"programmed":76928,"verified":128,"error":"ESP_OK","cleanup_error":"ESP_OK","address":2148506620,"swd_ack":0,"stack_free_min":0,"mcu_resumed":false,"destructive_started":true,"recovery_required":true}
2026-09-10 20:15:52 @mori {"event":"ag32_batch_status","state":"running","phase":"program","message":"AG32 batch update queued","processed":76928,"total":108924,"device_id":1075838977,"dp_idcode":731911287,"records":3,"programmed":76928,"verified":128,"error":"ESP_OK","cleanup_error":"ESP_OK","address":2148506620,"swd_ack":0,"stack_free_min":0,"mcu_resumed":false,"destructive_started":true,"recovery_required":true}
2026-09-10 20:15:52 @mori {"event":"ag32_batch_status","state":"running","phase":"program","message":"AG32 batch update queued","processed":77952,"total":108924,"device_id":1075838977,"dp_idcode":731911287,"records":3,"programmed":77952,"verified":128,"error":"ESP_OK","cleanup_error":"ESP_OK","address":2148507644,"swd_ack":0,"stack_free_min":0,"mcu_resumed":false,"destructive_started":true,"recovery_required":true}
2026-09-10 20:15:53 @mori {"event":"ag32_batch_status","state":"running","phase":"program","message":"AG32 batch update queued","processed":77952,"total":108924,"device_id":1075838977,"dp_idcode":731911287,"records":3,"programmed":77952,"verified":128,"error":"ESP_OK","cleanup_error":"ESP_OK","address":2148507644,"swd_ack":0,"stack_free_min":0,"mcu_resumed":false,"destructive_started":true,"recovery_required":true}
2026-09-10 20:15:53 @mori {"event":"ag32_batch_status","state":"running","phase":"program","message":"AG32 batch update queued","processed":77952,"total":108924,"device_id":1075838977,"dp_idcode":731911287,"records":3,"programmed":77952,"verified":128,"error":"ESP_OK","cleanup_error":"ESP_OK","address":2148507644,"swd_ack":0,"stack_free_min":0,"mcu_resumed":false,"destructive_started":true,"recovery_required":true}
2026-09-10 20:15:54 @mori {"event":"ag32_batch_status","state":"running","phase":"program","message":"AG32 batch update queued","processed":78976,"total":108924,"device_id":1075838977,"dp_idcode":731911287,"records":3,"programmed":78976,"verified":128,"error":"ESP_OK","cleanup_error":"ESP_OK","address":2148508668,"swd_ack":0,"stack_free_min":0,"mcu_resumed":false,"destructive_started":true,"recovery_required":true}
2026-09-10 20:15:54 @mori {"event":"ag32_batch_status","state":"running","phase":"program","message":"AG32 batch update queued","processed":78976,"total":108924,"device_id":1075838977,"dp_idcode":731911287,"records":3,"programmed":78976,"verified":128,"error":"ESP_OK","cleanup_error":"ESP_OK","address":2148508668,"swd_ack":0,"stack_free_min":0,"mcu_resumed":false,"destructive_started":true,"recovery_required":true}
2026-09-10 20:15:55 @mori {"event":"ag32_batch_status","state":"running","phase":"program","message":"AG32 batch update queued","processed":78976,"total":108924,"device_id":1075838977,"dp_idcode":731911287,"records":3,"programmed":78976,"verified":128,"error":"ESP_OK","cleanup_error":"ESP_OK","address":2148508668,"swd_ack":0,"stack_free_min":0,"mcu_resumed":false,"destructive_started":true,"recovery_required":true}
2026-09-10 20:15:55 @mori {"event":"ag32_batch_status","state":"running","phase":"program","message":"AG32 batch update queued","processed":78976,"total":108924,"device_id":1075838977,"dp_idcode":731911287,"records":3,"programmed":78976,"verified":128,"error":"ESP_OK","cleanup_error":"ESP_OK","address":2148508668,"swd_ack":0,"stack_free_min":0,"mcu_resumed":false,"destructive_started":true,"recovery_required":true}
2026-09-10 20:15:55 @mori {"event":"ag32_batch_status","state":"running","phase":"program","message":"AG32 batch update queued","processed":80000,"total":108924,"device_id":1075838977,"dp_idcode":731911287,"records":3,"programmed":80000,"verified":128,"error":"ESP_OK","cleanup_error":"ESP_OK","address":2148509692,"swd_ack":0,"stack_free_min":0,"mcu_resumed":false,"destructive_started":true,"recovery_required":true}
2026-09-10 20:15:56 @mori {"event":"ag32_batch_status","state":"running","phase":"program","message":"AG32 batch update queued","processed":80000,"total":108924,"device_id":1075838977,"dp_idcode":731911287,"records":3,"programmed":80000,"verified":128,"error":"ESP_OK","cleanup_error":"ESP_OK","address":2148509692,"swd_ack":0,"stack_free_min":0,"mcu_resumed":false,"destructive_started":true,"recovery_required":true}
2026-09-10 20:15:56 @mori {"event":"ag32_batch_status","state":"running","phase":"program","message":"AG32 batch update queued","processed":80000,"total":108924,"device_id":1075838977,"dp_idcode":731911287,"records":3,"programmed":80000,"verified":128,"error":"ESP_OK","cleanup_error":"ESP_OK","address":2148509692,"swd_ack":0,"stack_free_min":0,"mcu_resumed":false,"destructive_started":true,"recovery_required":true}
2026-09-10 20:15:57 @mori {"event":"ag32_batch_status","state":"running","phase":"program","message":"AG32 batch update queued","processed":81024,"total":108924,"device_id":1075838977,"dp_idcode":731911287,"records":3,"programmed":81024,"verified":128,"error":"ESP_OK","cleanup_error":"ESP_OK","address":2148510716,"swd_ack":0,"stack_free_min":0,"mcu_resumed":false,"destructive_started":true,"recovery_required":true}
2026-09-10 20:15:57 @mori {"event":"ag32_batch_status","state":"running","phase":"program","message":"AG32 batch update queued","processed":81024,"total":108924,"device_id":1075838977,"dp_idcode":731911287,"records":3,"programmed":81024,"verified":128,"error":"ESP_OK","cleanup_error":"ESP_OK","address":2148510716,"swd_ack":0,"stack_free_min":0,"mcu_resumed":false,"destructive_started":true,"recovery_required":true}
2026-09-10 20:15:58 @mori {"event":"ag32_batch_status","state":"running","phase":"program","message":"AG32 batch update queued","processed":81024,"total":108924,"device_id":1075838977,"dp_idcode":731911287,"records":3,"programmed":81024,"verified":128,"error":"ESP_OK","cleanup_error":"ESP_OK","address":2148510716,"swd_ack":0,"stack_free_min":0,"mcu_resumed":false,"destructive_started":true,"recovery_required":true}
2026-09-10 20:15:58 @mori {"event":"ag32_batch_status","state":"running","phase":"program","message":"AG32 batch update queued","processed":81024,"total":108924,"device_id":1075838977,"dp_idcode":731911287,"records":3,"programmed":81024,"verified":128,"error":"ESP_OK","cleanup_error":"ESP_OK","address":2148510716,"swd_ack":0,"stack_free_min":0,"mcu_resumed":false,"destructive_started":true,"recovery_required":true}
2026-09-10 20:15:59 @mori {"event":"ag32_batch_status","state":"running","phase":"program","message":"AG32 batch update queued","processed":82048,"total":108924,"device_id":1075838977,"dp_idcode":731911287,"records":3,"programmed":82048,"verified":128,"error":"ESP_OK","cleanup_error":"ESP_OK","address":2148511740,"swd_ack":0,"stack_free_min":0,"mcu_resumed":false,"destructive_started":true,"recovery_required":true}
2026-09-10 20:15:59 @mori {"event":"ag32_batch_status","state":"running","phase":"program","message":"AG32 batch update queued","processed":82048,"total":108924,"device_id":1075838977,"dp_idcode":731911287,"records":3,"programmed":82048,"verified":128,"error":"ESP_OK","cleanup_error":"ESP_OK","address":2148511740,"swd_ack":0,"stack_free_min":0,"mcu_resumed":false,"destructive_started":true,"recovery_required":true}
2026-09-10 20:15:59 @mori {"event":"ag32_batch_status","state":"running","phase":"program","message":"AG32 batch update queued","processed":82048,"total":108924,"device_id":1075838977,"dp_idcode":731911287,"records":3,"programmed":82048,"verified":128,"error":"ESP_OK","cleanup_error":"ESP_OK","address":2148511740,"swd_ack":0,"stack_free_min":0,"mcu_resumed":false,"destructive_started":true,"recovery_required":true}
2026-09-10 20:16:00 @mori {"event":"ag32_batch_status","state":"running","phase":"program","message":"AG32 batch update queued","processed":83072,"total":108924,"device_id":1075838977,"dp_idcode":731911287,"records":3,"programmed":83072,"verified":128,"error":"ESP_OK","cleanup_error":"ESP_OK","address":2148512764,"swd_ack":0,"stack_free_min":0,"mcu_resumed":false,"destructive_started":true,"recovery_required":true}
2026-09-10 20:16:00 @mori {"event":"ag32_batch_status","state":"running","phase":"program","message":"AG32 batch update queued","processed":83072,"total":108924,"device_id":1075838977,"dp_idcode":731911287,"records":3,"programmed":83072,"verified":128,"error":"ESP_OK","cleanup_error":"ESP_OK","address":2148512764,"swd_ack":0,"stack_free_min":0,"mcu_resumed":false,"destructive_started":true,"recovery_required":true}
2026-09-10 20:16:01 @mori {"event":"ag32_batch_status","state":"running","phase":"program","message":"AG32 batch update queued","processed":83072,"total":108924,"device_id":1075838977,"dp_idcode":731911287,"records":3,"programmed":83072,"verified":128,"error":"ESP_OK","cleanup_error":"ESP_OK","address":2148512764,"swd_ack":0,"stack_free_min":0,"mcu_resumed":false,"destructive_started":true,"recovery_required":true}
2026-09-10 20:16:01 @mori {"event":"ag32_batch_status","state":"running","phase":"program","message":"AG32 batch update queued","processed":84096,"total":108924,"device_id":1075838977,"dp_idcode":731911287,"records":3,"programmed":84096,"verified":128,"error":"ESP_OK","cleanup_error":"ESP_OK","address":2148513788,"swd_ack":0,"stack_free_min":0,"mcu_resumed":false,"destructive_started":true,"recovery_required":true}
2026-09-10 20:16:02 @mori {"event":"ag32_batch_status","state":"running","phase":"program","message":"AG32 batch update queued","processed":84096,"total":108924,"device_id":1075838977,"dp_idcode":731911287,"records":3,"programmed":84096,"verified":128,"error":"ESP_OK","cleanup_error":"ESP_OK","address":2148513788,"swd_ack":0,"stack_free_min":0,"mcu_resumed":false,"destructive_started":true,"recovery_required":true}
2026-09-10 20:16:02 @mori {"event":"ag32_batch_status","state":"running","phase":"program","message":"AG32 batch update queued","processed":84096,"total":108924,"device_id":1075838977,"dp_idcode":731911287,"records":3,"programmed":84096,"verified":128,"error":"ESP_OK","cleanup_error":"ESP_OK","address":2148513788,"swd_ack":0,"stack_free_min":0,"mcu_resumed":false,"destructive_started":true,"recovery_required":true}
2026-09-10 20:16:02 @mori {"event":"ag32_batch_status","state":"running","phase":"program","message":"AG32 batch update queued","processed":84096,"total":108924,"device_id":1075838977,"dp_idcode":731911287,"records":3,"programmed":84096,"verified":128,"error":"ESP_OK","cleanup_error":"ESP_OK","address":2148513788,"swd_ack":0,"stack_free_min":0,"mcu_resumed":false,"destructive_started":true,"recovery_required":true}
2026-09-10 20:16:03 @mori {"event":"ag32_batch_status","state":"running","phase":"program","message":"AG32 batch update queued","processed":85120,"total":108924,"device_id":1075838977,"dp_idcode":731911287,"records":3,"programmed":85120,"verified":128,"error":"ESP_OK","cleanup_error":"ESP_OK","address":2148514812,"swd_ack":0,"stack_free_min":0,"mcu_resumed":false,"destructive_started":true,"recovery_required":true}
2026-09-10 20:16:03 @mori {"event":"ag32_batch_status","state":"running","phase":"program","message":"AG32 batch update queued","processed":85120,"total":108924,"device_id":1075838977,"dp_idcode":731911287,"records":3,"programmed":85120,"verified":128,"error":"ESP_OK","cleanup_error":"ESP_OK","address":2148514812,"swd_ack":0,"stack_free_min":0,"mcu_resumed":false,"destructive_started":true,"recovery_required":true}
2026-09-10 20:16:04 @mori {"event":"ag32_batch_status","state":"running","phase":"program","message":"AG32 batch update queued","processed":85120,"total":108924,"device_id":1075838977,"dp_idcode":731911287,"records":3,"programmed":85120,"verified":128,"error":"ESP_OK","cleanup_error":"ESP_OK","address":2148514812,"swd_ack":0,"stack_free_min":0,"mcu_resumed":false,"destructive_started":true,"recovery_required":true}
2026-09-10 20:16:04 @mori {"event":"ag32_batch_status","state":"running","phase":"program","message":"AG32 batch update queued","processed":86144,"total":108924,"device_id":1075838977,"dp_idcode":731911287,"records":3,"programmed":86144,"verified":128,"error":"ESP_OK","cleanup_error":"ESP_OK","address":2148515836,"swd_ack":0,"stack_free_min":0,"mcu_resumed":false,"destructive_started":true,"recovery_required":true}
2026-09-10 20:16:05 @mori {"event":"ag32_batch_status","state":"running","phase":"program","message":"AG32 batch update queued","processed":86144,"total":108924,"device_id":1075838977,"dp_idcode":731911287,"records":3,"programmed":86144,"verified":128,"error":"ESP_OK","cleanup_error":"ESP_OK","address":2148515836,"swd_ack":0,"stack_free_min":0,"mcu_resumed":false,"destructive_started":true,"recovery_required":true}
2026-09-10 20:16:05 @mori {"event":"ag32_batch_status","state":"running","phase":"program","message":"AG32 batch update queued","processed":86144,"total":108924,"device_id":1075838977,"dp_idcode":731911287,"records":3,"programmed":86144,"verified":128,"error":"ESP_OK","cleanup_error":"ESP_OK","address":2148515836,"swd_ack":0,"stack_free_min":0,"mcu_resumed":false,"destructive_started":true,"recovery_required":true}
2026-09-10 20:16:06 @mori {"event":"ag32_batch_status","state":"running","phase":"program","message":"AG32 batch update queued","processed":86144,"total":108924,"device_id":1075838977,"dp_idcode":731911287,"records":3,"programmed":86144,"verified":128,"error":"ESP_OK","cleanup_error":"ESP_OK","address":2148515836,"swd_ack":0,"stack_free_min":0,"mcu_resumed":false,"destructive_started":true,"recovery_required":true}
2026-09-10 20:16:06 @mori {"event":"ag32_batch_status","state":"running","phase":"program","message":"AG32 batch update queued","processed":87168,"total":108924,"device_id":1075838977,"dp_idcode":731911287,"records":3,"programmed":87168,"verified":128,"error":"ESP_OK","cleanup_error":"ESP_OK","address":2148516860,"swd_ack":0,"stack_free_min":0,"mcu_resumed":false,"destructive_started":true,"recovery_required":true}
2026-09-10 20:16:06 @mori {"event":"ag32_batch_status","state":"running","phase":"program","message":"AG32 batch update queued","processed":87168,"total":108924,"device_id":1075838977,"dp_idcode":731911287,"records":3,"programmed":87168,"verified":128,"error":"ESP_OK","cleanup_error":"ESP_OK","address":2148516860,"swd_ack":0,"stack_free_min":0,"mcu_resumed":false,"destructive_started":true,"recovery_required":true}
2026-09-10 20:16:07 @mori {"event":"ag32_batch_status","state":"running","phase":"program","message":"AG32 batch update queued","processed":87168,"total":108924,"device_id":1075838977,"dp_idcode":731911287,"records":3,"programmed":87168,"verified":128,"error":"ESP_OK","cleanup_error":"ESP_OK","address":2148516860,"swd_ack":0,"stack_free_min":0,"mcu_resumed":false,"destructive_started":true,"recovery_required":true}
2026-09-10 20:16:07 @mori {"event":"ag32_batch_status","state":"running","phase":"program","message":"AG32 batch update queued","processed":88192,"total":108924,"device_id":1075838977,"dp_idcode":731911287,"records":3,"programmed":88192,"verified":128,"error":"ESP_OK","cleanup_error":"ESP_OK","address":2148517884,"swd_ack":0,"stack_free_min":0,"mcu_resumed":false,"destructive_started":true,"recovery_required":true}
2026-09-10 20:16:08 @mori {"event":"ag32_batch_status","state":"running","phase":"program","message":"AG32 batch update queued","processed":88192,"total":108924,"device_id":1075838977,"dp_idcode":731911287,"records":3,"programmed":88192,"verified":128,"error":"ESP_OK","cleanup_error":"ESP_OK","address":2148517884,"swd_ack":0,"stack_free_min":0,"mcu_resumed":false,"destructive_started":true,"recovery_required":true}
2026-09-10 20:16:08 @mori {"event":"ag32_batch_status","state":"running","phase":"program","message":"AG32 batch update queued","processed":88192,"total":108924,"device_id":1075838977,"dp_idcode":731911287,"records":3,"programmed":88192,"verified":128,"error":"ESP_OK","cleanup_error":"ESP_OK","address":2148517884,"swd_ack":0,"stack_free_min":0,"mcu_resumed":false,"destructive_started":true,"recovery_required":true}
2026-09-10 20:16:09 @mori {"event":"ag32_batch_status","state":"running","phase":"program","message":"AG32 batch update queued","processed":88192,"total":108924,"device_id":1075838977,"dp_idcode":731911287,"records":3,"programmed":88192,"verified":128,"error":"ESP_OK","cleanup_error":"ESP_OK","address":2148517884,"swd_ack":0,"stack_free_min":0,"mcu_resumed":false,"destructive_started":true,"recovery_required":true}
2026-09-10 20:16:09 @mori {"event":"ag32_batch_status","state":"running","phase":"program","message":"AG32 batch update queued","processed":89216,"total":108924,"device_id":1075838977,"dp_idcode":731911287,"records":3,"programmed":89216,"verified":128,"error":"ESP_OK","cleanup_error":"ESP_OK","address":2148518908,"swd_ack":0,"stack_free_min":0,"mcu_resumed":false,"destructive_started":true,"recovery_required":true}
2026-09-10 20:16:09 @mori {"event":"ag32_batch_status","state":"running","phase":"program","message":"AG32 batch update queued","processed":89216,"total":108924,"device_id":1075838977,"dp_idcode":731911287,"records":3,"programmed":89216,"verified":128,"error":"ESP_OK","cleanup_error":"ESP_OK","address":2148518908,"swd_ack":0,"stack_free_min":0,"mcu_resumed":false,"destructive_started":true,"recovery_required":true}
2026-09-10 20:16:10 @mori {"event":"ag32_batch_status","state":"running","phase":"program","message":"AG32 batch update queued","processed":89216,"total":108924,"device_id":1075838977,"dp_idcode":731911287,"records":3,"programmed":89216,"verified":128,"error":"ESP_OK","cleanup_error":"ESP_OK","address":2148518908,"swd_ack":0,"stack_free_min":0,"mcu_resumed":false,"destructive_started":true,"recovery_required":true}
2026-09-10 20:16:10 @mori {"event":"ag32_batch_status","state":"running","phase":"program","message":"AG32 batch update queued","processed":90240,"total":108924,"device_id":1075838977,"dp_idcode":731911287,"records":3,"programmed":90240,"verified":128,"error":"ESP_OK","cleanup_error":"ESP_OK","address":2148519932,"swd_ack":0,"stack_free_min":0,"mcu_resumed":false,"destructive_started":true,"recovery_required":true}
2026-09-10 20:16:11 @mori {"event":"ag32_batch_status","state":"running","phase":"program","message":"AG32 batch update queued","processed":90240,"total":108924,"device_id":1075838977,"dp_idcode":731911287,"records":3,"programmed":90240,"verified":128,"error":"ESP_OK","cleanup_error":"ESP_OK","address":2148519932,"swd_ack":0,"stack_free_min":0,"mcu_resumed":false,"destructive_started":true,"recovery_required":true}
2026-09-10 20:16:11 @mori {"event":"ag32_batch_status","state":"running","phase":"program","message":"AG32 batch update queued","processed":90240,"total":108924,"device_id":1075838977,"dp_idcode":731911287,"records":3,"programmed":90240,"verified":128,"error":"ESP_OK","cleanup_error":"ESP_OK","address":2148519932,"swd_ack":0,"stack_free_min":0,"mcu_resumed":false,"destructive_started":true,"recovery_required":true}
2026-09-10 20:16:12 @mori {"event":"ag32_batch_status","state":"running","phase":"program","message":"AG32 batch update queued","processed":90240,"total":108924,"device_id":1075838977,"dp_idcode":731911287,"records":3,"programmed":90240,"verified":128,"error":"ESP_OK","cleanup_error":"ESP_OK","address":2148519932,"swd_ack":0,"stack_free_min":0,"mcu_resumed":false,"destructive_started":true,"recovery_required":true}
2026-09-10 20:16:12 @mori {"event":"ag32_batch_status","state":"running","phase":"program","message":"AG32 batch update queued","processed":91264,"total":108924,"device_id":1075838977,"dp_idcode":731911287,"records":3,"programmed":91264,"verified":128,"error":"ESP_OK","cleanup_error":"ESP_OK","address":2148520956,"swd_ack":0,"stack_free_min":0,"mcu_resumed":false,"destructive_started":true,"recovery_required":true}
2026-09-10 20:16:12 @mori {"event":"ag32_batch_status","state":"running","phase":"program","message":"AG32 batch update queued","processed":91264,"total":108924,"device_id":1075838977,"dp_idcode":731911287,"records":3,"programmed":91264,"verified":128,"error":"ESP_OK","cleanup_error":"ESP_OK","address":2148520956,"swd_ack":0,"stack_free_min":0,"mcu_resumed":false,"destructive_started":true,"recovery_required":true}
2026-09-10 20:16:13 @mori {"event":"ag32_batch_status","state":"running","phase":"program","message":"AG32 batch update queued","processed":91264,"total":108924,"device_id":1075838977,"dp_idcode":731911287,"records":3,"programmed":91264,"verified":128,"error":"ESP_OK","cleanup_error":"ESP_OK","address":2148520956,"swd_ack":0,"stack_free_min":0,"mcu_resumed":false,"destructive_started":true,"recovery_required":true}
2026-09-10 20:16:13 @mori {"event":"ag32_batch_status","state":"running","phase":"program","message":"AG32 batch update queued","processed":92288,"total":108924,"device_id":1075838977,"dp_idcode":731911287,"records":3,"programmed":92288,"verified":128,"error":"ESP_OK","cleanup_error":"ESP_OK","address":2148521980,"swd_ack":0,"stack_free_min":0,"mcu_resumed":false,"destructive_started":true,"recovery_required":true}
2026-09-10 20:16:14 @mori {"event":"ag32_batch_status","state":"running","phase":"program","message":"AG32 batch update queued","processed":92288,"total":108924,"device_id":1075838977,"dp_idcode":731911287,"records":3,"programmed":92288,"verified":128,"error":"ESP_OK","cleanup_error":"ESP_OK","address":2148521980,"swd_ack":0,"stack_free_min":0,"mcu_resumed":false,"destructive_started":true,"recovery_required":true}
2026-09-10 20:16:14 @mori {"event":"ag32_batch_status","state":"running","phase":"program","message":"AG32 batch update queued","processed":92288,"total":108924,"device_id":1075838977,"dp_idcode":731911287,"records":3,"programmed":92288,"verified":128,"error":"ESP_OK","cleanup_error":"ESP_OK","address":2148521980,"swd_ack":0,"stack_free_min":0,"mcu_resumed":false,"destructive_started":true,"recovery_required":true}
2026-09-10 20:16:15 @mori {"event":"ag32_batch_status","state":"running","phase":"program","message":"AG32 batch update queued","processed":92288,"total":108924,"device_id":1075838977,"dp_idcode":731911287,"records":3,"programmed":92288,"verified":128,"error":"ESP_OK","cleanup_error":"ESP_OK","address":2148521980,"swd_ack":0,"stack_free_min":0,"mcu_resumed":false,"destructive_started":true,"recovery_required":true}
2026-09-10 20:16:15 @mori {"event":"ag32_batch_status","state":"running","phase":"program","message":"AG32 batch update queued","processed":93312,"total":108924,"device_id":1075838977,"dp_idcode":731911287,"records":3,"programmed":93312,"verified":128,"error":"ESP_OK","cleanup_error":"ESP_OK","address":2148523004,"swd_ack":0,"stack_free_min":0,"mcu_resumed":false,"destructive_started":true,"recovery_required":true}
2026-09-10 20:16:16 @mori {"event":"ag32_batch_status","state":"running","phase":"program","message":"AG32 batch update queued","processed":93312,"total":108924,"device_id":1075838977,"dp_idcode":731911287,"records":3,"programmed":93312,"verified":128,"error":"ESP_OK","cleanup_error":"ESP_OK","address":2148523004,"swd_ack":0,"stack_free_min":0,"mcu_resumed":false,"destructive_started":true,"recovery_required":true}
2026-09-10 20:16:16 @mori {"event":"ag32_batch_status","state":"running","phase":"program","message":"AG32 batch update queued","processed":93312,"total":108924,"device_id":1075838977,"dp_idcode":731911287,"records":3,"programmed":93312,"verified":128,"error":"ESP_OK","cleanup_error":"ESP_OK","address":2148523004,"swd_ack":0,"stack_free_min":0,"mcu_resumed":false,"destructive_started":true,"recovery_required":true}
2026-09-10 20:16:16 @mori {"event":"ag32_batch_status","state":"running","phase":"program","message":"AG32 batch update queued","processed":94336,"total":108924,"device_id":1075838977,"dp_idcode":731911287,"records":3,"programmed":94336,"verified":128,"error":"ESP_OK","cleanup_error":"ESP_OK","address":2148524028,"swd_ack":0,"stack_free_min":0,"mcu_resumed":false,"destructive_started":true,"recovery_required":true}
2026-09-10 20:16:17 @mori {"event":"ag32_batch_status","state":"running","phase":"program","message":"AG32 batch update queued","processed":94336,"total":108924,"device_id":1075838977,"dp_idcode":731911287,"records":3,"programmed":94336,"verified":128,"error":"ESP_OK","cleanup_error":"ESP_OK","address":2148524028,"swd_ack":0,"stack_free_min":0,"mcu_resumed":false,"destructive_started":true,"recovery_required":true}
2026-09-10 20:16:17 @mori {"event":"ag32_batch_status","state":"running","phase":"program","message":"AG32 batch update queued","processed":94336,"total":108924,"device_id":1075838977,"dp_idcode":731911287,"records":3,"programmed":94336,"verified":128,"error":"ESP_OK","cleanup_error":"ESP_OK","address":2148524028,"swd_ack":0,"stack_free_min":0,"mcu_resumed":false,"destructive_started":true,"recovery_required":true}
2026-09-10 20:16:18 @mori {"event":"ag32_batch_status","state":"running","phase":"program","message":"AG32 batch update queued","processed":94336,"total":108924,"device_id":1075838977,"dp_idcode":731911287,"records":3,"programmed":94336,"verified":128,"error":"ESP_OK","cleanup_error":"ESP_OK","address":2148524028,"swd_ack":0,"stack_free_min":0,"mcu_resumed":false,"destructive_started":true,"recovery_required":true}
2026-09-10 20:16:18 @mori {"event":"ag32_batch_status","state":"running","phase":"program","message":"AG32 batch update queued","processed":95360,"total":108924,"device_id":1075838977,"dp_idcode":731911287,"records":3,"programmed":95360,"verified":128,"error":"ESP_OK","cleanup_error":"ESP_OK","address":2148525052,"swd_ack":0,"stack_free_min":0,"mcu_resumed":false,"destructive_started":true,"recovery_required":true}
2026-09-10 20:16:19 @mori {"event":"ag32_batch_status","state":"running","phase":"program","message":"AG32 batch update queued","processed":95360,"total":108924,"device_id":1075838977,"dp_idcode":731911287,"records":3,"programmed":95360,"verified":128,"error":"ESP_OK","cleanup_error":"ESP_OK","address":2148525052,"swd_ack":0,"stack_free_min":0,"mcu_resumed":false,"destructive_started":true,"recovery_required":true}
2026-09-10 20:16:19 @mori {"event":"ag32_batch_status","state":"running","phase":"program","message":"AG32 batch update queued","processed":95360,"total":108924,"device_id":1075838977,"dp_idcode":731911287,"records":3,"programmed":95360,"verified":128,"error":"ESP_OK","cleanup_error":"ESP_OK","address":2148525052,"swd_ack":0,"stack_free_min":0,"mcu_resumed":false,"destructive_started":true,"recovery_required":true}
2026-09-10 20:16:19 @mori {"event":"ag32_batch_status","state":"running","phase":"program","message":"AG32 batch update queued","processed":96384,"total":108924,"device_id":1075838977,"dp_idcode":731911287,"records":3,"programmed":96384,"verified":128,"error":"ESP_OK","cleanup_error":"ESP_OK","address":2148526076,"swd_ack":0,"stack_free_min":0,"mcu_resumed":false,"destructive_started":true,"recovery_required":true}
2026-09-10 20:16:20 @mori {"event":"ag32_batch_status","state":"running","phase":"program","message":"AG32 batch update queued","processed":96384,"total":108924,"device_id":1075838977,"dp_idcode":731911287,"records":3,"programmed":96384,"verified":128,"error":"ESP_OK","cleanup_error":"ESP_OK","address":2148526076,"swd_ack":0,"stack_free_min":0,"mcu_resumed":false,"destructive_started":true,"recovery_required":true}
2026-09-10 20:16:20 @mori {"event":"ag32_batch_status","state":"running","phase":"program","message":"AG32 batch update queued","processed":96384,"total":108924,"device_id":1075838977,"dp_idcode":731911287,"records":3,"programmed":96384,"verified":128,"error":"ESP_OK","cleanup_error":"ESP_OK","address":2148526076,"swd_ack":0,"stack_free_min":0,"mcu_resumed":false,"destructive_started":true,"recovery_required":true}
2026-09-10 20:16:21 @mori {"event":"ag32_batch_status","state":"running","phase":"program","message":"AG32 batch update queued","processed":96384,"total":108924,"device_id":1075838977,"dp_idcode":731911287,"records":3,"programmed":96384,"verified":128,"error":"ESP_OK","cleanup_error":"ESP_OK","address":2148526076,"swd_ack":0,"stack_free_min":0,"mcu_resumed":false,"destructive_started":true,"recovery_required":true}
2026-09-10 20:16:21 @mori {"event":"ag32_batch_status","state":"running","phase":"program","message":"AG32 batch update queued","processed":97408,"total":108924,"device_id":1075838977,"dp_idcode":731911287,"records":3,"programmed":97408,"verified":128,"error":"ESP_OK","cleanup_error":"ESP_OK","address":2148527100,"swd_ack":0,"stack_free_min":0,"mcu_resumed":false,"destructive_started":true,"recovery_required":true}
2026-09-10 20:16:22 @mori {"event":"ag32_batch_status","state":"running","phase":"program","message":"AG32 batch update queued","processed":97408,"total":108924,"device_id":1075838977,"dp_idcode":731911287,"records":3,"programmed":97408,"verified":128,"error":"ESP_OK","cleanup_error":"ESP_OK","address":2148527100,"swd_ack":0,"stack_free_min":0,"mcu_resumed":false,"destructive_started":true,"recovery_required":true}
2026-09-10 20:16:22 @mori {"event":"ag32_batch_status","state":"running","phase":"program","message":"AG32 batch update queued","processed":97408,"total":108924,"device_id":1075838977,"dp_idcode":731911287,"records":3,"programmed":97408,"verified":128,"error":"ESP_OK","cleanup_error":"ESP_OK","address":2148527100,"swd_ack":0,"stack_free_min":0,"mcu_resumed":false,"destructive_started":true,"recovery_required":true}
2026-09-10 20:16:22 @mori {"event":"ag32_batch_status","state":"running","phase":"program","message":"AG32 batch update queued","processed":98432,"total":108924,"device_id":1075838977,"dp_idcode":731911287,"records":3,"programmed":98432,"verified":128,"error":"ESP_OK","cleanup_error":"ESP_OK","address":2148528124,"swd_ack":0,"stack_free_min":0,"mcu_resumed":false,"destructive_started":true,"recovery_required":true}
2026-09-10 20:16:23 @mori {"event":"ag32_batch_status","state":"running","phase":"program","message":"AG32 batch update queued","processed":98432,"total":108924,"device_id":1075838977,"dp_idcode":731911287,"records":3,"programmed":98432,"verified":128,"error":"ESP_OK","cleanup_error":"ESP_OK","address":2148528124,"swd_ack":0,"stack_free_min":0,"mcu_resumed":false,"destructive_started":true,"recovery_required":true}
2026-09-10 20:16:23 @mori {"event":"ag32_batch_status","state":"running","phase":"program","message":"AG32 batch update queued","processed":98432,"total":108924,"device_id":1075838977,"dp_idcode":731911287,"records":3,"programmed":98432,"verified":128,"error":"ESP_OK","cleanup_error":"ESP_OK","address":2148528124,"swd_ack":0,"stack_free_min":0,"mcu_resumed":false,"destructive_started":true,"recovery_required":true}
2026-09-10 20:16:24 @mori {"event":"ag32_batch_status","state":"running","phase":"program","message":"AG32 batch update queued","processed":99456,"total":108924,"device_id":1075838977,"dp_idcode":731911287,"records":3,"programmed":99456,"verified":128,"error":"ESP_OK","cleanup_error":"ESP_OK","address":2148529148,"swd_ack":0,"stack_free_min":0,"mcu_resumed":false,"destructive_started":true,"recovery_required":true}
2026-09-10 20:16:24 @mori {"event":"ag32_batch_status","state":"running","phase":"program","message":"AG32 batch update queued","processed":99456,"total":108924,"device_id":1075838977,"dp_idcode":731911287,"records":3,"programmed":99456,"verified":128,"error":"ESP_OK","cleanup_error":"ESP_OK","address":2148529148,"swd_ack":0,"stack_free_min":0,"mcu_resumed":false,"destructive_started":true,"recovery_required":true}
2026-09-10 20:16:25 @mori {"event":"ag32_batch_status","state":"running","phase":"verify","message":"AG32 batch update queued","processed":0,"total":108924,"device_id":1075838977,"dp_idcode":731911287,"records":3,"programmed":100072,"verified":128,"error":"ESP_OK","cleanup_error":"ESP_OK","address":2148529764,"swd_ack":0,"stack_free_min":0,"mcu_resumed":false,"destructive_started":true,"recovery_required":true}
2026-09-10 20:16:25 @mori {"event":"ag32_batch_status","state":"running","phase":"verify","message":"AG32 batch update queued","processed":0,"total":108924,"device_id":1075838977,"dp_idcode":731911287,"records":3,"programmed":100072,"verified":128,"error":"ESP_OK","cleanup_error":"ESP_OK","address":2148529764,"swd_ack":0,"stack_free_min":0,"mcu_resumed":false,"destructive_started":true,"recovery_required":true}
2026-09-10 20:16:26 @mori {"event":"ag32_batch_status","state":"running","phase":"verify","message":"AG32 batch update queued","processed":1152,"total":108924,"device_id":1075838977,"dp_idcode":731911287,"records":3,"programmed":100072,"verified":1152,"error":"ESP_OK","cleanup_error":"ESP_OK","address":2148430844,"swd_ack":0,"stack_free_min":0,"mcu_resumed":false,"destructive_started":true,"recovery_required":true}
2026-09-10 20:16:26 @mori {"event":"ag32_batch_status","state":"running","phase":"verify","message":"AG32 batch update queued","processed":1152,"total":108924,"device_id":1075838977,"dp_idcode":731911287,"records":3,"programmed":100072,"verified":1152,"error":"ESP_OK","cleanup_error":"ESP_OK","address":2148430844,"swd_ack":0,"stack_free_min":0,"mcu_resumed":false,"destructive_started":true,"recovery_required":true}
2026-09-10 20:16:26 @mori {"event":"ag32_batch_status","state":"running","phase":"verify","message":"AG32 batch update queued","processed":2176,"total":108924,"device_id":1075838977,"dp_idcode":731911287,"records":3,"programmed":100072,"verified":2176,"error":"ESP_OK","cleanup_error":"ESP_OK","address":2148431868,"swd_ack":0,"stack_free_min":0,"mcu_resumed":false,"destructive_started":true,"recovery_required":true}
2026-09-10 20:16:27 @mori {"event":"ag32_batch_status","state":"running","phase":"verify","message":"AG32 batch update queued","processed":2176,"total":108924,"device_id":1075838977,"dp_idcode":731911287,"records":3,"programmed":100072,"verified":2176,"error":"ESP_OK","cleanup_error":"ESP_OK","address":2148431868,"swd_ack":0,"stack_free_min":0,"mcu_resumed":false,"destructive_started":true,"recovery_required":true}
2026-09-10 20:16:27 @mori {"event":"ag32_batch_status","state":"running","phase":"verify","message":"AG32 batch update queued","processed":3200,"total":108924,"device_id":1075838977,"dp_idcode":731911287,"records":3,"programmed":100072,"verified":3200,"error":"ESP_OK","cleanup_error":"ESP_OK","address":2148432892,"swd_ack":0,"stack_free_min":0,"mcu_resumed":false,"destructive_started":true,"recovery_required":true}
2026-09-10 20:16:28 @mori {"event":"ag32_batch_status","state":"running","phase":"verify","message":"AG32 batch update queued","processed":3200,"total":108924,"device_id":1075838977,"dp_idcode":731911287,"records":3,"programmed":100072,"verified":3200,"error":"ESP_OK","cleanup_error":"ESP_OK","address":2148432892,"swd_ack":0,"stack_free_min":0,"mcu_resumed":false,"destructive_started":true,"recovery_required":true}
2026-09-10 20:16:28 @mori {"event":"ag32_batch_status","state":"running","phase":"verify","message":"AG32 batch update queued","processed":4224,"total":108924,"device_id":1075838977,"dp_idcode":731911287,"records":3,"programmed":100072,"verified":4224,"error":"ESP_OK","cleanup_error":"ESP_OK","address":2148433916,"swd_ack":0,"stack_free_min":0,"mcu_resumed":false,"destructive_started":true,"recovery_required":true}
2026-09-10 20:16:29 @mori {"event":"ag32_batch_status","state":"running","phase":"verify","message":"AG32 batch update queued","processed":4224,"total":108924,"device_id":1075838977,"dp_idcode":731911287,"records":3,"programmed":100072,"verified":4224,"error":"ESP_OK","cleanup_error":"ESP_OK","address":2148433916,"swd_ack":0,"stack_free_min":0,"mcu_resumed":false,"destructive_started":true,"recovery_required":true}
2026-09-10 20:16:29 @mori {"event":"ag32_batch_status","state":"running","phase":"verify","message":"AG32 batch update queued","processed":5248,"total":108924,"device_id":1075838977,"dp_idcode":731911287,"records":3,"programmed":100072,"verified":5248,"error":"ESP_OK","cleanup_error":"ESP_OK","address":2148434940,"swd_ack":0,"stack_free_min":0,"mcu_resumed":false,"destructive_started":true,"recovery_required":true}
2026-09-10 20:16:29 @mori {"event":"ag32_batch_status","state":"running","phase":"verify","message":"AG32 batch update queued","processed":5248,"total":108924,"device_id":1075838977,"dp_idcode":731911287,"records":3,"programmed":100072,"verified":5248,"error":"ESP_OK","cleanup_error":"ESP_OK","address":2148434940,"swd_ack":0,"stack_free_min":0,"mcu_resumed":false,"destructive_started":true,"recovery_required":true}
2026-09-10 20:16:30 @mori {"event":"ag32_batch_status","state":"running","phase":"verify","message":"AG32 batch update queued","processed":6272,"total":108924,"device_id":1075838977,"dp_idcode":731911287,"records":3,"programmed":100072,"verified":6272,"error":"ESP_OK","cleanup_error":"ESP_OK","address":2148435964,"swd_ack":0,"stack_free_min":0,"mcu_resumed":false,"destructive_started":true,"recovery_required":true}
2026-09-10 20:16:30 @mori {"event":"ag32_batch_status","state":"running","phase":"verify","message":"AG32 batch update queued","processed":7296,"total":108924,"device_id":1075838977,"dp_idcode":731911287,"records":3,"programmed":100072,"verified":7296,"error":"ESP_OK","cleanup_error":"ESP_OK","address":2148436988,"swd_ack":0,"stack_free_min":0,"mcu_resumed":false,"destructive_started":true,"recovery_required":true}
2026-09-10 20:16:31 @mori {"event":"ag32_batch_status","state":"running","phase":"verify","message":"AG32 batch update queued","processed":7296,"total":108924,"device_id":1075838977,"dp_idcode":731911287,"records":3,"programmed":100072,"verified":7296,"error":"ESP_OK","cleanup_error":"ESP_OK","address":2148436988,"swd_ack":0,"stack_free_min":0,"mcu_resumed":false,"destructive_started":true,"recovery_required":true}
2026-09-10 20:16:31 @mori {"event":"ag32_batch_status","state":"running","phase":"verify","message":"AG32 batch update queued","processed":8320,"total":108924,"device_id":1075838977,"dp_idcode":731911287,"records":3,"programmed":100072,"verified":8320,"error":"ESP_OK","cleanup_error":"ESP_OK","address":2148438012,"swd_ack":0,"stack_free_min":0,"mcu_resumed":false,"destructive_started":true,"recovery_required":true}
2026-09-10 20:16:32 @mori {"event":"ag32_batch_status","state":"running","phase":"verify","message":"AG32 batch update queued","processed":8320,"total":108924,"device_id":1075838977,"dp_idcode":731911287,"records":3,"programmed":100072,"verified":8320,"error":"ESP_OK","cleanup_error":"ESP_OK","address":2148438012,"swd_ack":0,"stack_free_min":0,"mcu_resumed":false,"destructive_started":true,"recovery_required":true}
2026-09-10 20:16:32 @mori {"event":"ag32_batch_status","state":"running","phase":"verify","message":"AG32 batch update queued","processed":9344,"total":108924,"device_id":1075838977,"dp_idcode":731911287,"records":3,"programmed":100072,"verified":9344,"error":"ESP_OK","cleanup_error":"ESP_OK","address":2148439036,"swd_ack":0,"stack_free_min":0,"mcu_resumed":false,"destructive_started":true,"recovery_required":true}
2026-09-10 20:16:32 @mori {"event":"ag32_batch_status","state":"running","phase":"verify","message":"AG32 batch update queued","processed":9344,"total":108924,"device_id":1075838977,"dp_idcode":731911287,"records":3,"programmed":100072,"verified":9344,"error":"ESP_OK","cleanup_error":"ESP_OK","address":2148439036,"swd_ack":0,"stack_free_min":0,"mcu_resumed":false,"destructive_started":true,"recovery_required":true}
2026-09-10 20:16:33 @mori {"event":"ag32_batch_status","state":"running","phase":"verify","message":"AG32 batch update queued","processed":10368,"total":108924,"device_id":1075838977,"dp_idcode":731911287,"records":3,"programmed":100072,"verified":10368,"error":"ESP_OK","cleanup_error":"ESP_OK","address":2148440060,"swd_ack":0,"stack_free_min":0,"mcu_resumed":false,"destructive_started":true,"recovery_required":true}
2026-09-10 20:16:33 @mori {"event":"ag32_batch_status","state":"running","phase":"verify","message":"AG32 batch update queued","processed":10368,"total":108924,"device_id":1075838977,"dp_idcode":731911287,"records":3,"programmed":100072,"verified":10368,"error":"ESP_OK","cleanup_error":"ESP_OK","address":2148440060,"swd_ack":0,"stack_free_min":0,"mcu_resumed":false,"destructive_started":true,"recovery_required":true}
2026-09-10 20:16:34 @mori {"event":"ag32_batch_status","state":"running","phase":"verify","message":"AG32 batch update queued","processed":11392,"total":108924,"device_id":1075838977,"dp_idcode":731911287,"records":3,"programmed":100072,"verified":11392,"error":"ESP_OK","cleanup_error":"ESP_OK","address":2148441084,"swd_ack":0,"stack_free_min":0,"mcu_resumed":false,"destructive_started":true,"recovery_required":true}
2026-09-10 20:16:34 @mori {"event":"ag32_batch_status","state":"running","phase":"verify","message":"AG32 batch update queued","processed":11392,"total":108924,"device_id":1075838977,"dp_idcode":731911287,"records":3,"programmed":100072,"verified":11392,"error":"ESP_OK","cleanup_error":"ESP_OK","address":2148441084,"swd_ack":0,"stack_free_min":0,"mcu_resumed":false,"destructive_started":true,"recovery_required":true}
2026-09-10 20:16:35 @mori {"event":"ag32_batch_status","state":"running","phase":"verify","message":"AG32 batch update queued","processed":12416,"total":108924,"device_id":1075838977,"dp_idcode":731911287,"records":3,"programmed":100072,"verified":12416,"error":"ESP_OK","cleanup_error":"ESP_OK","address":2148442108,"swd_ack":0,"stack_free_min":0,"mcu_resumed":false,"destructive_started":true,"recovery_required":true}
2026-09-10 20:16:35 @mori {"event":"ag32_batch_status","state":"running","phase":"verify","message":"AG32 batch update queued","processed":12416,"total":108924,"device_id":1075838977,"dp_idcode":731911287,"records":3,"programmed":100072,"verified":12416,"error":"ESP_OK","cleanup_error":"ESP_OK","address":2148442108,"swd_ack":0,"stack_free_min":0,"mcu_resumed":false,"destructive_started":true,"recovery_required":true}
2026-09-10 20:16:36 @mori {"event":"ag32_batch_status","state":"running","phase":"verify","message":"AG32 batch update queued","processed":13440,"total":108924,"device_id":1075838977,"dp_idcode":731911287,"records":3,"programmed":100072,"verified":13440,"error":"ESP_OK","cleanup_error":"ESP_OK","address":2148443132,"swd_ack":0,"stack_free_min":0,"mcu_resumed":false,"destructive_started":true,"recovery_required":true}
2026-09-10 20:16:36 @mori {"event":"ag32_batch_status","state":"running","phase":"verify","message":"AG32 batch update queued","processed":14464,"total":108924,"device_id":1075838977,"dp_idcode":731911287,"records":3,"programmed":100072,"verified":14464,"error":"ESP_OK","cleanup_error":"ESP_OK","address":2148444156,"swd_ack":0,"stack_free_min":0,"mcu_resumed":false,"destructive_started":true,"recovery_required":true}
2026-09-10 20:16:36 @mori {"event":"ag32_batch_status","state":"running","phase":"verify","message":"AG32 batch update queued","processed":14464,"total":108924,"device_id":1075838977,"dp_idcode":731911287,"records":3,"programmed":100072,"verified":14464,"error":"ESP_OK","cleanup_error":"ESP_OK","address":2148444156,"swd_ack":0,"stack_free_min":0,"mcu_resumed":false,"destructive_started":true,"recovery_required":true}
2026-09-10 20:16:37 @mori {"event":"ag32_batch_status","state":"running","phase":"verify","message":"AG32 batch update queued","processed":15488,"total":108924,"device_id":1075838977,"dp_idcode":731911287,"records":3,"programmed":100072,"verified":15488,"error":"ESP_OK","cleanup_error":"ESP_OK","address":2148445180,"swd_ack":0,"stack_free_min":0,"mcu_resumed":false,"destructive_started":true,"recovery_required":true}
2026-09-10 20:16:37 @mori {"event":"ag32_batch_status","state":"running","phase":"verify","message":"AG32 batch update queued","processed":15488,"total":108924,"device_id":1075838977,"dp_idcode":731911287,"records":3,"programmed":100072,"verified":15488,"error":"ESP_OK","cleanup_error":"ESP_OK","address":2148445180,"swd_ack":0,"stack_free_min":0,"mcu_resumed":false,"destructive_started":true,"recovery_required":true}
2026-09-10 20:16:38 @mori {"event":"ag32_batch_status","state":"running","phase":"verify","message":"AG32 batch update queued","processed":16512,"total":108924,"device_id":1075838977,"dp_idcode":731911287,"records":3,"programmed":100072,"verified":16512,"error":"ESP_OK","cleanup_error":"ESP_OK","address":2148446204,"swd_ack":0,"stack_free_min":0,"mcu_resumed":false,"destructive_started":true,"recovery_required":true}
2026-09-10 20:16:38 @mori {"event":"ag32_batch_status","state":"running","phase":"verify","message":"AG32 batch update queued","processed":16512,"total":108924,"device_id":1075838977,"dp_idcode":731911287,"records":3,"programmed":100072,"verified":16512,"error":"ESP_OK","cleanup_error":"ESP_OK","address":2148446204,"swd_ack":0,"stack_free_min":0,"mcu_resumed":false,"destructive_started":true,"recovery_required":true}
2026-09-10 20:16:39 @mori {"event":"ag32_batch_status","state":"running","phase":"verify","message":"AG32 batch update queued","processed":17536,"total":108924,"device_id":1075838977,"dp_idcode":731911287,"records":3,"programmed":100072,"verified":17536,"error":"ESP_OK","cleanup_error":"ESP_OK","address":2148447228,"swd_ack":0,"stack_free_min":0,"mcu_resumed":false,"destructive_started":true,"recovery_required":true}
2026-09-10 20:16:39 @mori {"event":"ag32_batch_status","state":"running","phase":"verify","message":"AG32 batch update queued","processed":17536,"total":108924,"device_id":1075838977,"dp_idcode":731911287,"records":3,"programmed":100072,"verified":17536,"error":"ESP_OK","cleanup_error":"ESP_OK","address":2148447228,"swd_ack":0,"stack_free_min":0,"mcu_resumed":false,"destructive_started":true,"recovery_required":true}
2026-09-10 20:16:39 @mori {"event":"ag32_batch_status","state":"running","phase":"verify","message":"AG32 batch update queued","processed":18560,"total":108924,"device_id":1075838977,"dp_idcode":731911287,"records":3,"programmed":100072,"verified":18560,"error":"ESP_OK","cleanup_error":"ESP_OK","address":2148448252,"swd_ack":0,"stack_free_min":0,"mcu_resumed":false,"destructive_started":true,"recovery_required":true}
2026-09-10 20:16:40 @mori {"event":"ag32_batch_status","state":"running","phase":"verify","message":"AG32 batch update queued","processed":18560,"total":108924,"device_id":1075838977,"dp_idcode":731911287,"records":3,"programmed":100072,"verified":18560,"error":"ESP_OK","cleanup_error":"ESP_OK","address":2148448252,"swd_ack":0,"stack_free_min":0,"mcu_resumed":false,"destructive_started":true,"recovery_required":true}
2026-09-10 20:16:40 @mori {"event":"ag32_batch_status","state":"running","phase":"verify","message":"AG32 batch update queued","processed":19584,"total":108924,"device_id":1075838977,"dp_idcode":731911287,"records":3,"programmed":100072,"verified":19584,"error":"ESP_OK","cleanup_error":"ESP_OK","address":2148449276,"swd_ack":0,"stack_free_min":0,"mcu_resumed":false,"destructive_started":true,"recovery_required":true}
2026-09-10 20:16:41 @mori {"event":"ag32_batch_status","state":"running","phase":"verify","message":"AG32 batch update queued","processed":19584,"total":108924,"device_id":1075838977,"dp_idcode":731911287,"records":3,"programmed":100072,"verified":19584,"error":"ESP_OK","cleanup_error":"ESP_OK","address":2148449276,"swd_ack":0,"stack_free_min":0,"mcu_resumed":false,"destructive_started":true,"recovery_required":true}
2026-09-10 20:16:41 @mori {"event":"ag32_batch_status","state":"running","phase":"verify","message":"AG32 batch update queued","processed":20608,"total":108924,"device_id":1075838977,"dp_idcode":731911287,"records":3,"programmed":100072,"verified":20608,"error":"ESP_OK","cleanup_error":"ESP_OK","address":2148450300,"swd_ack":0,"stack_free_min":0,"mcu_resumed":false,"destructive_started":true,"recovery_required":true}
2026-09-10 20:16:42 @mori {"event":"ag32_batch_status","state":"running","phase":"verify","message":"AG32 batch update queued","processed":21632,"total":108924,"device_id":1075838977,"dp_idcode":731911287,"records":3,"programmed":100072,"verified":21632,"error":"ESP_OK","cleanup_error":"ESP_OK","address":2148451324,"swd_ack":0,"stack_free_min":0,"mcu_resumed":false,"destructive_started":true,"recovery_required":true}
2026-09-10 20:16:42 @mori {"event":"ag32_batch_status","state":"running","phase":"verify","message":"AG32 batch update queued","processed":21632,"total":108924,"device_id":1075838977,"dp_idcode":731911287,"records":3,"programmed":100072,"verified":21632,"error":"ESP_OK","cleanup_error":"ESP_OK","address":2148451324,"swd_ack":0,"stack_free_min":0,"mcu_resumed":false,"destructive_started":true,"recovery_required":true}
2026-09-10 20:16:42 @mori {"event":"ag32_batch_status","state":"running","phase":"verify","message":"AG32 batch update queued","processed":22656,"total":108924,"device_id":1075838977,"dp_idcode":731911287,"records":3,"programmed":100072,"verified":22656,"error":"ESP_OK","cleanup_error":"ESP_OK","address":2148452348,"swd_ack":0,"stack_free_min":0,"mcu_resumed":false,"destructive_started":true,"recovery_required":true}
2026-09-10 20:16:43 @mori {"event":"ag32_batch_status","state":"running","phase":"verify","message":"AG32 batch update queued","processed":22656,"total":108924,"device_id":1075838977,"dp_idcode":731911287,"records":3,"programmed":100072,"verified":22656,"error":"ESP_OK","cleanup_error":"ESP_OK","address":2148452348,"swd_ack":0,"stack_free_min":0,"mcu_resumed":false,"destructive_started":true,"recovery_required":true}
2026-09-10 20:16:43 @mori {"event":"ag32_batch_status","state":"running","phase":"verify","message":"AG32 batch update queued","processed":23680,"total":108924,"device_id":1075838977,"dp_idcode":731911287,"records":3,"programmed":100072,"verified":23680,"error":"ESP_OK","cleanup_error":"ESP_OK","address":2148453372,"swd_ack":0,"stack_free_min":0,"mcu_resumed":false,"destructive_started":true,"recovery_required":true}
2026-09-10 20:16:44 @mori {"event":"ag32_batch_status","state":"running","phase":"verify","message":"AG32 batch update queued","processed":23680,"total":108924,"device_id":1075838977,"dp_idcode":731911287,"records":3,"programmed":100072,"verified":23680,"error":"ESP_OK","cleanup_error":"ESP_OK","address":2148453372,"swd_ack":0,"stack_free_min":0,"mcu_resumed":false,"destructive_started":true,"recovery_required":true}
2026-09-10 20:16:44 @mori {"event":"ag32_batch_status","state":"running","phase":"verify","message":"AG32 batch update queued","processed":24704,"total":108924,"device_id":1075838977,"dp_idcode":731911287,"records":3,"programmed":100072,"verified":24704,"error":"ESP_OK","cleanup_error":"ESP_OK","address":2148454396,"swd_ack":0,"stack_free_min":0,"mcu_resumed":false,"destructive_started":true,"recovery_required":true}
2026-09-10 20:16:45 @mori {"event":"ag32_batch_status","state":"running","phase":"verify","message":"AG32 batch update queued","processed":24704,"total":108924,"device_id":1075838977,"dp_idcode":731911287,"records":3,"programmed":100072,"verified":24704,"error":"ESP_OK","cleanup_error":"ESP_OK","address":2148454396,"swd_ack":0,"stack_free_min":0,"mcu_resumed":false,"destructive_started":true,"recovery_required":true}
2026-09-10 20:16:45 @mori {"event":"ag32_batch_status","state":"running","phase":"verify","message":"AG32 batch update queued","processed":25728,"total":108924,"device_id":1075838977,"dp_idcode":731911287,"records":3,"programmed":100072,"verified":25728,"error":"ESP_OK","cleanup_error":"ESP_OK","address":2148455420,"swd_ack":0,"stack_free_min":0,"mcu_resumed":false,"destructive_started":true,"recovery_required":true}
2026-09-10 20:16:46 @mori {"event":"ag32_batch_status","state":"running","phase":"verify","message":"AG32 batch update queued","processed":25728,"total":108924,"device_id":1075838977,"dp_idcode":731911287,"records":3,"programmed":100072,"verified":25728,"error":"ESP_OK","cleanup_error":"ESP_OK","address":2148455420,"swd_ack":0,"stack_free_min":0,"mcu_resumed":false,"destructive_started":true,"recovery_required":true}
2026-09-10 20:16:46 @mori {"event":"ag32_batch_status","state":"running","phase":"verify","message":"AG32 batch update queued","processed":26752,"total":108924,"device_id":1075838977,"dp_idcode":731911287,"records":3,"programmed":100072,"verified":26752,"error":"ESP_OK","cleanup_error":"ESP_OK","address":2148456444,"swd_ack":0,"stack_free_min":0,"mcu_resumed":false,"destructive_started":true,"recovery_required":true}
2026-09-10 20:16:46 @mori {"event":"ag32_batch_status","state":"running","phase":"verify","message":"AG32 batch update queued","processed":26752,"total":108924,"device_id":1075838977,"dp_idcode":731911287,"records":3,"programmed":100072,"verified":26752,"error":"ESP_OK","cleanup_error":"ESP_OK","address":2148456444,"swd_ack":0,"stack_free_min":0,"mcu_resumed":false,"destructive_started":true,"recovery_required":true}
2026-09-10 20:16:47 @mori {"event":"ag32_batch_status","state":"running","phase":"verify","message":"AG32 batch update queued","processed":27776,"total":108924,"device_id":1075838977,"dp_idcode":731911287,"records":3,"programmed":100072,"verified":27776,"error":"ESP_OK","cleanup_error":"ESP_OK","address":2148457468,"swd_ack":0,"stack_free_min":0,"mcu_resumed":false,"destructive_started":true,"recovery_required":true}
2026-09-10 20:16:47 @mori {"event":"ag32_batch_status","state":"running","phase":"verify","message":"AG32 batch update queued","processed":28800,"total":108924,"device_id":1075838977,"dp_idcode":731911287,"records":3,"programmed":100072,"verified":28800,"error":"ESP_OK","cleanup_error":"ESP_OK","address":2148458492,"swd_ack":0,"stack_free_min":0,"mcu_resumed":false,"destructive_started":true,"recovery_required":true}
2026-09-10 20:16:48 @mori {"event":"ag32_batch_status","state":"running","phase":"verify","message":"AG32 batch update queued","processed":28800,"total":108924,"device_id":1075838977,"dp_idcode":731911287,"records":3,"programmed":100072,"verified":28800,"error":"ESP_OK","cleanup_error":"ESP_OK","address":2148458492,"swd_ack":0,"stack_free_min":0,"mcu_resumed":false,"destructive_started":true,"recovery_required":true}
2026-09-10 20:16:48 @mori {"event":"ag32_batch_status","state":"running","phase":"verify","message":"AG32 batch update queued","processed":29824,"total":108924,"device_id":1075838977,"dp_idcode":731911287,"records":3,"programmed":100072,"verified":29824,"error":"ESP_OK","cleanup_error":"ESP_OK","address":2148459516,"swd_ack":0,"stack_free_min":0,"mcu_resumed":false,"destructive_started":true,"recovery_required":true}
2026-09-10 20:16:49 @mori {"event":"ag32_batch_status","state":"running","phase":"verify","message":"AG32 batch update queued","processed":29824,"total":108924,"device_id":1075838977,"dp_idcode":731911287,"records":3,"programmed":100072,"verified":29824,"error":"ESP_OK","cleanup_error":"ESP_OK","address":2148459516,"swd_ack":0,"stack_free_min":0,"mcu_resumed":false,"destructive_started":true,"recovery_required":true}
2026-09-10 20:16:49 @mori {"event":"ag32_batch_status","state":"running","phase":"verify","message":"AG32 batch update queued","processed":30848,"total":108924,"device_id":1075838977,"dp_idcode":731911287,"records":3,"programmed":100072,"verified":30848,"error":"ESP_OK","cleanup_error":"ESP_OK","address":2148460540,"swd_ack":0,"stack_free_min":0,"mcu_resumed":false,"destructive_started":true,"recovery_required":true}
2026-09-10 20:16:49 @mori {"event":"ag32_batch_status","state":"running","phase":"verify","message":"AG32 batch update queued","processed":30848,"total":108924,"device_id":1075838977,"dp_idcode":731911287,"records":3,"programmed":100072,"verified":30848,"error":"ESP_OK","cleanup_error":"ESP_OK","address":2148460540,"swd_ack":0,"stack_free_min":0,"mcu_resumed":false,"destructive_started":true,"recovery_required":true}
2026-09-10 20:16:50 @mori {"event":"ag32_batch_status","state":"running","phase":"verify","message":"AG32 batch update queued","processed":31872,"total":108924,"device_id":1075838977,"dp_idcode":731911287,"records":3,"programmed":100072,"verified":31872,"error":"ESP_OK","cleanup_error":"ESP_OK","address":2148461564,"swd_ack":0,"stack_free_min":0,"mcu_resumed":false,"destructive_started":true,"recovery_required":true}
2026-09-10 20:16:50 @mori {"event":"ag32_batch_status","state":"running","phase":"verify","message":"AG32 batch update queued","processed":31872,"total":108924,"device_id":1075838977,"dp_idcode":731911287,"records":3,"programmed":100072,"verified":31872,"error":"ESP_OK","cleanup_error":"ESP_OK","address":2148461564,"swd_ack":0,"stack_free_min":0,"mcu_resumed":false,"destructive_started":true,"recovery_required":true}
2026-09-10 20:16:51 @mori {"event":"ag32_batch_status","state":"running","phase":"verify","message":"AG32 batch update queued","processed":32896,"total":108924,"device_id":1075838977,"dp_idcode":731911287,"records":3,"programmed":100072,"verified":32896,"error":"ESP_OK","cleanup_error":"ESP_OK","address":2148462588,"swd_ack":0,"stack_free_min":0,"mcu_resumed":false,"destructive_started":true,"recovery_required":true}
2026-09-10 20:16:51 @mori {"event":"ag32_batch_status","state":"running","phase":"verify","message":"AG32 batch update queued","processed":32896,"total":108924,"device_id":1075838977,"dp_idcode":731911287,"records":3,"programmed":100072,"verified":32896,"error":"ESP_OK","cleanup_error":"ESP_OK","address":2148462588,"swd_ack":0,"stack_free_min":0,"mcu_resumed":false,"destructive_started":true,"recovery_required":true}
2026-09-10 20:16:52 @mori {"event":"ag32_batch_status","state":"running","phase":"verify","message":"AG32 batch update queued","processed":33920,"total":108924,"device_id":1075838977,"dp_idcode":731911287,"records":3,"programmed":100072,"verified":33920,"error":"ESP_OK","cleanup_error":"ESP_OK","address":2148463612,"swd_ack":0,"stack_free_min":0,"mcu_resumed":false,"destructive_started":true,"recovery_required":true}
2026-09-10 20:16:52 @mori {"event":"ag32_batch_status","state":"running","phase":"verify","message":"AG32 batch update queued","processed":34944,"total":108924,"device_id":1075838977,"dp_idcode":731911287,"records":3,"programmed":100072,"verified":34944,"error":"ESP_OK","cleanup_error":"ESP_OK","address":2148464636,"swd_ack":0,"stack_free_min":0,"mcu_resumed":false,"destructive_started":true,"recovery_required":true}
2026-09-10 20:16:52 @mori {"event":"ag32_batch_status","state":"running","phase":"verify","message":"AG32 batch update queued","processed":34944,"total":108924,"device_id":1075838977,"dp_idcode":731911287,"records":3,"programmed":100072,"verified":34944,"error":"ESP_OK","cleanup_error":"ESP_OK","address":2148464636,"swd_ack":0,"stack_free_min":0,"mcu_resumed":false,"destructive_started":true,"recovery_required":true}
2026-09-10 20:16:53 @mori {"event":"ag32_batch_status","state":"running","phase":"verify","message":"AG32 batch update queued","processed":35968,"total":108924,"device_id":1075838977,"dp_idcode":731911287,"records":3,"programmed":100072,"verified":35968,"error":"ESP_OK","cleanup_error":"ESP_OK","address":2148465660,"swd_ack":0,"stack_free_min":0,"mcu_resumed":false,"destructive_started":true,"recovery_required":true}
2026-09-10 20:16:53 @mori {"event":"ag32_batch_status","state":"running","phase":"verify","message":"AG32 batch update queued","processed":35968,"total":108924,"device_id":1075838977,"dp_idcode":731911287,"records":3,"programmed":100072,"verified":35968,"error":"ESP_OK","cleanup_error":"ESP_OK","address":2148465660,"swd_ack":0,"stack_free_min":0,"mcu_resumed":false,"destructive_started":true,"recovery_required":true}
2026-09-10 20:16:54 @mori {"event":"ag32_batch_status","state":"running","phase":"verify","message":"AG32 batch update queued","processed":36992,"total":108924,"device_id":1075838977,"dp_idcode":731911287,"records":3,"programmed":100072,"verified":36992,"error":"ESP_OK","cleanup_error":"ESP_OK","address":2148466684,"swd_ack":0,"stack_free_min":0,"mcu_resumed":false,"destructive_started":true,"recovery_required":true}
2026-09-10 20:16:54 @mori {"event":"ag32_batch_status","state":"running","phase":"verify","message":"AG32 batch update queued","processed":36992,"total":108924,"device_id":1075838977,"dp_idcode":731911287,"records":3,"programmed":100072,"verified":36992,"error":"ESP_OK","cleanup_error":"ESP_OK","address":2148466684,"swd_ack":0,"stack_free_min":0,"mcu_resumed":false,"destructive_started":true,"recovery_required":true}
2026-09-10 20:16:55 @mori {"event":"ag32_batch_status","state":"running","phase":"verify","message":"AG32 batch update queued","processed":38016,"total":108924,"device_id":1075838977,"dp_idcode":731911287,"records":3,"programmed":100072,"verified":38016,"error":"ESP_OK","cleanup_error":"ESP_OK","address":2148467708,"swd_ack":0,"stack_free_min":0,"mcu_resumed":false,"destructive_started":true,"recovery_required":true}
2026-09-10 20:16:55 @mori {"event":"ag32_batch_status","state":"running","phase":"verify","message":"AG32 batch update queued","processed":38016,"total":108924,"device_id":1075838977,"dp_idcode":731911287,"records":3,"programmed":100072,"verified":38016,"error":"ESP_OK","cleanup_error":"ESP_OK","address":2148467708,"swd_ack":0,"stack_free_min":0,"mcu_resumed":false,"destructive_started":true,"recovery_required":true}
2026-09-10 20:16:56 @mori {"event":"ag32_batch_status","state":"running","phase":"verify","message":"AG32 batch update queued","processed":39040,"total":108924,"device_id":1075838977,"dp_idcode":731911287,"records":3,"programmed":100072,"verified":39040,"error":"ESP_OK","cleanup_error":"ESP_OK","address":2148468732,"swd_ack":0,"stack_free_min":0,"mcu_resumed":false,"destructive_started":true,"recovery_required":true}
2026-09-10 20:16:56 @mori {"event":"ag32_batch_status","state":"running","phase":"verify","message":"AG32 batch update queued","processed":39040,"total":108924,"device_id":1075838977,"dp_idcode":731911287,"records":3,"programmed":100072,"verified":39040,"error":"ESP_OK","cleanup_error":"ESP_OK","address":2148468732,"swd_ack":0,"stack_free_min":0,"mcu_resumed":false,"destructive_started":true,"recovery_required":true}
2026-09-10 20:16:56 @mori {"event":"ag32_batch_status","state":"running","phase":"verify","message":"AG32 batch update queued","processed":40064,"total":108924,"device_id":1075838977,"dp_idcode":731911287,"records":3,"programmed":100072,"verified":40064,"error":"ESP_OK","cleanup_error":"ESP_OK","address":2148469756,"swd_ack":0,"stack_free_min":0,"mcu_resumed":false,"destructive_started":true,"recovery_required":true}
2026-09-10 20:16:57 @mori {"event":"ag32_batch_status","state":"running","phase":"verify","message":"AG32 batch update queued","processed":40064,"total":108924,"device_id":1075838977,"dp_idcode":731911287,"records":3,"programmed":100072,"verified":40064,"error":"ESP_OK","cleanup_error":"ESP_OK","address":2148469756,"swd_ack":0,"stack_free_min":0,"mcu_resumed":false,"destructive_started":true,"recovery_required":true}
2026-09-10 20:16:57 @mori {"event":"ag32_batch_status","state":"running","phase":"verify","message":"AG32 batch update queued","processed":41088,"total":108924,"device_id":1075838977,"dp_idcode":731911287,"records":3,"programmed":100072,"verified":41088,"error":"ESP_OK","cleanup_error":"ESP_OK","address":2148470780,"swd_ack":0,"stack_free_min":0,"mcu_resumed":false,"destructive_started":true,"recovery_required":true}
2026-09-10 20:16:58 @mori {"event":"ag32_batch_status","state":"running","phase":"verify","message":"AG32 batch update queued","processed":41088,"total":108924,"device_id":1075838977,"dp_idcode":731911287,"records":3,"programmed":100072,"verified":41088,"error":"ESP_OK","cleanup_error":"ESP_OK","address":2148470780,"swd_ack":0,"stack_free_min":0,"mcu_resumed":false,"destructive_started":true,"recovery_required":true}
2026-09-10 20:16:58 @mori {"event":"ag32_batch_status","state":"running","phase":"verify","message":"AG32 batch update queued","processed":42112,"total":108924,"device_id":1075838977,"dp_idcode":731911287,"records":3,"programmed":100072,"verified":42112,"error":"ESP_OK","cleanup_error":"ESP_OK","address":2148471804,"swd_ack":0,"stack_free_min":0,"mcu_resumed":false,"destructive_started":true,"recovery_required":true}
2026-09-10 20:16:59 @mori {"event":"ag32_batch_status","state":"running","phase":"verify","message":"AG32 batch update queued","processed":43136,"total":108924,"device_id":1075838977,"dp_idcode":731911287,"records":3,"programmed":100072,"verified":43136,"error":"ESP_OK","cleanup_error":"ESP_OK","address":2148472828,"swd_ack":0,"stack_free_min":0,"mcu_resumed":false,"destructive_started":true,"recovery_required":true}
2026-09-10 20:16:59 @mori {"event":"ag32_batch_status","state":"running","phase":"verify","message":"AG32 batch update queued","processed":43136,"total":108924,"device_id":1075838977,"dp_idcode":731911287,"records":3,"programmed":100072,"verified":43136,"error":"ESP_OK","cleanup_error":"ESP_OK","address":2148472828,"swd_ack":0,"stack_free_min":0,"mcu_resumed":false,"destructive_started":true,"recovery_required":true}
2026-09-10 20:16:59 @mori {"event":"ag32_batch_status","state":"running","phase":"verify","message":"AG32 batch update queued","processed":44160,"total":108924,"device_id":1075838977,"dp_idcode":731911287,"records":3,"programmed":100072,"verified":44160,"error":"ESP_OK","cleanup_error":"ESP_OK","address":2148473852,"swd_ack":0,"stack_free_min":0,"mcu_resumed":false,"destructive_started":true,"recovery_required":true}
2026-09-10 20:17:00 @mori {"event":"ag32_batch_status","state":"running","phase":"verify","message":"AG32 batch update queued","processed":44160,"total":108924,"device_id":1075838977,"dp_idcode":731911287,"records":3,"programmed":100072,"verified":44160,"error":"ESP_OK","cleanup_error":"ESP_OK","address":2148473852,"swd_ack":0,"stack_free_min":0,"mcu_resumed":false,"destructive_started":true,"recovery_required":true}
2026-09-10 20:17:00 @mori {"event":"ag32_batch_status","state":"running","phase":"verify","message":"AG32 batch update queued","processed":45184,"total":108924,"device_id":1075838977,"dp_idcode":731911287,"records":3,"programmed":100072,"verified":45184,"error":"ESP_OK","cleanup_error":"ESP_OK","address":2148474876,"swd_ack":0,"stack_free_min":0,"mcu_resumed":false,"destructive_started":true,"recovery_required":true}
2026-09-10 20:17:01 @mori {"event":"ag32_batch_status","state":"running","phase":"verify","message":"AG32 batch update queued","processed":45184,"total":108924,"device_id":1075838977,"dp_idcode":731911287,"records":3,"programmed":100072,"verified":45184,"error":"ESP_OK","cleanup_error":"ESP_OK","address":2148474876,"swd_ack":0,"stack_free_min":0,"mcu_resumed":false,"destructive_started":true,"recovery_required":true}
2026-09-10 20:17:01 @mori {"event":"ag32_batch_status","state":"running","phase":"verify","message":"AG32 batch update queued","processed":46208,"total":108924,"device_id":1075838977,"dp_idcode":731911287,"records":3,"programmed":100072,"verified":46208,"error":"ESP_OK","cleanup_error":"ESP_OK","address":2148475900,"swd_ack":0,"stack_free_min":0,"mcu_resumed":false,"destructive_started":true,"recovery_required":true}
2026-09-10 20:17:02 @mori {"event":"ag32_batch_status","state":"running","phase":"verify","message":"AG32 batch update queued","processed":46208,"total":108924,"device_id":1075838977,"dp_idcode":731911287,"records":3,"programmed":100072,"verified":46208,"error":"ESP_OK","cleanup_error":"ESP_OK","address":2148475900,"swd_ack":0,"stack_free_min":0,"mcu_resumed":false,"destructive_started":true,"recovery_required":true}
2026-09-10 20:17:02 @mori {"event":"ag32_batch_status","state":"running","phase":"verify","message":"AG32 batch update queued","processed":47232,"total":108924,"device_id":1075838977,"dp_idcode":731911287,"records":3,"programmed":100072,"verified":47232,"error":"ESP_OK","cleanup_error":"ESP_OK","address":2148476924,"swd_ack":0,"stack_free_min":0,"mcu_resumed":false,"destructive_started":true,"recovery_required":true}
2026-09-10 20:17:02 @mori {"event":"ag32_batch_status","state":"running","phase":"verify","message":"AG32 batch update queued","processed":47232,"total":108924,"device_id":1075838977,"dp_idcode":731911287,"records":3,"programmed":100072,"verified":47232,"error":"ESP_OK","cleanup_error":"ESP_OK","address":2148476924,"swd_ack":0,"stack_free_min":0,"mcu_resumed":false,"destructive_started":true,"recovery_required":true}
2026-09-10 20:17:03 @mori {"event":"ag32_batch_status","state":"running","phase":"verify","message":"AG32 batch update queued","processed":48256,"total":108924,"device_id":1075838977,"dp_idcode":731911287,"records":3,"programmed":100072,"verified":48256,"error":"ESP_OK","cleanup_error":"ESP_OK","address":2148477948,"swd_ack":0,"stack_free_min":0,"mcu_resumed":false,"destructive_started":true,"recovery_required":true}
2026-09-10 20:17:03 @mori {"event":"ag32_batch_status","state":"running","phase":"verify","message":"AG32 batch update queued","processed":49280,"total":108924,"device_id":1075838977,"dp_idcode":731911287,"records":3,"programmed":100072,"verified":49280,"error":"ESP_OK","cleanup_error":"ESP_OK","address":2148478972,"swd_ack":0,"stack_free_min":0,"mcu_resumed":false,"destructive_started":true,"recovery_required":true}
2026-09-10 20:17:04 @mori {"event":"ag32_batch_status","state":"running","phase":"verify","message":"AG32 batch update queued","processed":49280,"total":108924,"device_id":1075838977,"dp_idcode":731911287,"records":3,"programmed":100072,"verified":49280,"error":"ESP_OK","cleanup_error":"ESP_OK","address":2148478972,"swd_ack":0,"stack_free_min":0,"mcu_resumed":false,"destructive_started":true,"recovery_required":true}
2026-09-10 20:17:04 @mori {"event":"ag32_batch_status","state":"running","phase":"verify","message":"AG32 batch update queued","processed":50304,"total":108924,"device_id":1075838977,"dp_idcode":731911287,"records":3,"programmed":100072,"verified":50304,"error":"ESP_OK","cleanup_error":"ESP_OK","address":2148479996,"swd_ack":0,"stack_free_min":0,"mcu_resumed":false,"destructive_started":true,"recovery_required":true}
2026-09-10 20:17:05 @mori {"event":"ag32_batch_status","state":"running","phase":"verify","message":"AG32 batch update queued","processed":50304,"total":108924,"device_id":1075838977,"dp_idcode":731911287,"records":3,"programmed":100072,"verified":50304,"error":"ESP_OK","cleanup_error":"ESP_OK","address":2148479996,"swd_ack":0,"stack_free_min":0,"mcu_resumed":false,"destructive_started":true,"recovery_required":true}
2026-09-10 20:17:05 @mori {"event":"ag32_batch_status","state":"running","phase":"verify","message":"AG32 batch update queued","processed":51328,"total":108924,"device_id":1075838977,"dp_idcode":731911287,"records":3,"programmed":100072,"verified":51328,"error":"ESP_OK","cleanup_error":"ESP_OK","address":2148481020,"swd_ack":0,"stack_free_min":0,"mcu_resumed":false,"destructive_started":true,"recovery_required":true}
2026-09-10 20:17:06 @mori {"event":"ag32_batch_status","state":"running","phase":"verify","message":"AG32 batch update queued","processed":51328,"total":108924,"device_id":1075838977,"dp_idcode":731911287,"records":3,"programmed":100072,"verified":51328,"error":"ESP_OK","cleanup_error":"ESP_OK","address":2148481020,"swd_ack":0,"stack_free_min":0,"mcu_resumed":false,"destructive_started":true,"recovery_required":true}
2026-09-10 20:17:06 @mori {"event":"ag32_batch_status","state":"running","phase":"verify","message":"AG32 batch update queued","processed":52352,"total":108924,"device_id":1075838977,"dp_idcode":731911287,"records":3,"programmed":100072,"verified":52352,"error":"ESP_OK","cleanup_error":"ESP_OK","address":2148482044,"swd_ack":0,"stack_free_min":0,"mcu_resumed":false,"destructive_started":true,"recovery_required":true}
2026-09-10 20:17:06 @mori {"event":"ag32_batch_status","state":"running","phase":"verify","message":"AG32 batch update queued","processed":52352,"total":108924,"device_id":1075838977,"dp_idcode":731911287,"records":3,"programmed":100072,"verified":52352,"error":"ESP_OK","cleanup_error":"ESP_OK","address":2148482044,"swd_ack":0,"stack_free_min":0,"mcu_resumed":false,"destructive_started":true,"recovery_required":true}
2026-09-10 20:17:07 @mori {"event":"ag32_batch_status","state":"running","phase":"verify","message":"AG32 batch update queued","processed":53376,"total":108924,"device_id":1075838977,"dp_idcode":731911287,"records":3,"programmed":100072,"verified":53376,"error":"ESP_OK","cleanup_error":"ESP_OK","address":2148483068,"swd_ack":0,"stack_free_min":0,"mcu_resumed":false,"destructive_started":true,"recovery_required":true}
2026-09-10 20:17:07 @mori {"event":"ag32_batch_status","state":"running","phase":"verify","message":"AG32 batch update queued","processed":53376,"total":108924,"device_id":1075838977,"dp_idcode":731911287,"records":3,"programmed":100072,"verified":53376,"error":"ESP_OK","cleanup_error":"ESP_OK","address":2148483068,"swd_ack":0,"stack_free_min":0,"mcu_resumed":false,"destructive_started":true,"recovery_required":true}
2026-09-10 20:17:08 @mori {"event":"ag32_batch_status","state":"running","phase":"verify","message":"AG32 batch update queued","processed":54400,"total":108924,"device_id":1075838977,"dp_idcode":731911287,"records":3,"programmed":100072,"verified":54400,"error":"ESP_OK","cleanup_error":"ESP_OK","address":2148484092,"swd_ack":0,"stack_free_min":0,"mcu_resumed":false,"destructive_started":true,"recovery_required":true}
2026-09-10 20:17:08 @mori {"event":"ag32_batch_status","state":"running","phase":"verify","message":"AG32 batch update queued","processed":54400,"total":108924,"device_id":1075838977,"dp_idcode":731911287,"records":3,"programmed":100072,"verified":54400,"error":"ESP_OK","cleanup_error":"ESP_OK","address":2148484092,"swd_ack":0,"stack_free_min":0,"mcu_resumed":false,"destructive_started":true,"recovery_required":true}
2026-09-10 20:17:09 @mori {"event":"ag32_batch_status","state":"running","phase":"verify","message":"AG32 batch update queued","processed":55424,"total":108924,"device_id":1075838977,"dp_idcode":731911287,"records":3,"programmed":100072,"verified":55424,"error":"ESP_OK","cleanup_error":"ESP_OK","address":2148485116,"swd_ack":0,"stack_free_min":0,"mcu_resumed":false,"destructive_started":true,"recovery_required":true}
2026-09-10 20:17:09 @mori {"event":"ag32_batch_status","state":"running","phase":"verify","message":"AG32 batch update queued","processed":56448,"total":108924,"device_id":1075838977,"dp_idcode":731911287,"records":3,"programmed":100072,"verified":56448,"error":"ESP_OK","cleanup_error":"ESP_OK","address":2148486140,"swd_ack":0,"stack_free_min":0,"mcu_resumed":false,"destructive_started":true,"recovery_required":true}
2026-09-10 20:17:09 @mori {"event":"ag32_batch_status","state":"running","phase":"verify","message":"AG32 batch update queued","processed":56448,"total":108924,"device_id":1075838977,"dp_idcode":731911287,"records":3,"programmed":100072,"verified":56448,"error":"ESP_OK","cleanup_error":"ESP_OK","address":2148486140,"swd_ack":0,"stack_free_min":0,"mcu_resumed":false,"destructive_started":true,"recovery_required":true}
2026-09-10 20:17:10 @mori {"event":"ag32_batch_status","state":"running","phase":"verify","message":"AG32 batch update queued","processed":57472,"total":108924,"device_id":1075838977,"dp_idcode":731911287,"records":3,"programmed":100072,"verified":57472,"error":"ESP_OK","cleanup_error":"ESP_OK","address":2148487164,"swd_ack":0,"stack_free_min":0,"mcu_resumed":false,"destructive_started":true,"recovery_required":true}
2026-09-10 20:17:10 @mori {"event":"ag32_batch_status","state":"running","phase":"verify","message":"AG32 batch update queued","processed":57472,"total":108924,"device_id":1075838977,"dp_idcode":731911287,"records":3,"programmed":100072,"verified":57472,"error":"ESP_OK","cleanup_error":"ESP_OK","address":2148487164,"swd_ack":0,"stack_free_min":0,"mcu_resumed":false,"destructive_started":true,"recovery_required":true}
2026-09-10 20:17:11 @mori {"event":"ag32_batch_status","state":"running","phase":"verify","message":"AG32 batch update queued","processed":58496,"total":108924,"device_id":1075838977,"dp_idcode":731911287,"records":3,"programmed":100072,"verified":58496,"error":"ESP_OK","cleanup_error":"ESP_OK","address":2148488188,"swd_ack":0,"stack_free_min":0,"mcu_resumed":false,"destructive_started":true,"recovery_required":true}
2026-09-10 20:17:11 @mori {"event":"ag32_batch_status","state":"running","phase":"verify","message":"AG32 batch update queued","processed":58496,"total":108924,"device_id":1075838977,"dp_idcode":731911287,"records":3,"programmed":100072,"verified":58496,"error":"ESP_OK","cleanup_error":"ESP_OK","address":2148488188,"swd_ack":0,"stack_free_min":0,"mcu_resumed":false,"destructive_started":true,"recovery_required":true}
2026-09-10 20:17:12 @mori {"event":"ag32_batch_status","state":"running","phase":"verify","message":"AG32 batch update queued","processed":59520,"total":108924,"device_id":1075838977,"dp_idcode":731911287,"records":3,"programmed":100072,"verified":59520,"error":"ESP_OK","cleanup_error":"ESP_OK","address":2148489212,"swd_ack":0,"stack_free_min":0,"mcu_resumed":false,"destructive_started":true,"recovery_required":true}
2026-09-10 20:17:12 @mori {"event":"ag32_batch_status","state":"running","phase":"verify","message":"AG32 batch update queued","processed":59520,"total":108924,"device_id":1075838977,"dp_idcode":731911287,"records":3,"programmed":100072,"verified":59520,"error":"ESP_OK","cleanup_error":"ESP_OK","address":2148489212,"swd_ack":0,"stack_free_min":0,"mcu_resumed":false,"destructive_started":true,"recovery_required":true}
2026-09-10 20:17:12 @mori {"event":"ag32_batch_status","state":"running","phase":"verify","message":"AG32 batch update queued","processed":60544,"total":108924,"device_id":1075838977,"dp_idcode":731911287,"records":3,"programmed":100072,"verified":60544,"error":"ESP_OK","cleanup_error":"ESP_OK","address":2148490236,"swd_ack":0,"stack_free_min":0,"mcu_resumed":false,"destructive_started":true,"recovery_required":true}
2026-09-10 20:17:13 @mori {"event":"ag32_batch_status","state":"running","phase":"verify","message":"AG32 batch update queued","processed":60544,"total":108924,"device_id":1075838977,"dp_idcode":731911287,"records":3,"programmed":100072,"verified":60544,"error":"ESP_OK","cleanup_error":"ESP_OK","address":2148490236,"swd_ack":0,"stack_free_min":0,"mcu_resumed":false,"destructive_started":true,"recovery_required":true}
2026-09-10 20:17:13 @mori {"event":"ag32_batch_status","state":"running","phase":"verify","message":"AG32 batch update queued","processed":61568,"total":108924,"device_id":1075838977,"dp_idcode":731911287,"records":3,"programmed":100072,"verified":61568,"error":"ESP_OK","cleanup_error":"ESP_OK","address":2148491260,"swd_ack":0,"stack_free_min":0,"mcu_resumed":false,"destructive_started":true,"recovery_required":true}
2026-09-10 20:17:14 @mori {"event":"ag32_batch_status","state":"running","phase":"verify","message":"AG32 batch update queued","processed":61568,"total":108924,"device_id":1075838977,"dp_idcode":731911287,"records":3,"programmed":100072,"verified":61568,"error":"ESP_OK","cleanup_error":"ESP_OK","address":2148491260,"swd_ack":0,"stack_free_min":0,"mcu_resumed":false,"destructive_started":true,"recovery_required":true}
2026-09-10 20:17:14 @mori {"event":"ag32_batch_status","state":"running","phase":"verify","message":"AG32 batch update queued","processed":62592,"total":108924,"device_id":1075838977,"dp_idcode":731911287,"records":3,"programmed":100072,"verified":62592,"error":"ESP_OK","cleanup_error":"ESP_OK","address":2148492284,"swd_ack":0,"stack_free_min":0,"mcu_resumed":false,"destructive_started":true,"recovery_required":true}
2026-09-10 20:17:15 @mori {"event":"ag32_batch_status","state":"running","phase":"verify","message":"AG32 batch update queued","processed":63616,"total":108924,"device_id":1075838977,"dp_idcode":731911287,"records":3,"programmed":100072,"verified":63616,"error":"ESP_OK","cleanup_error":"ESP_OK","address":2148493308,"swd_ack":0,"stack_free_min":0,"mcu_resumed":false,"destructive_started":true,"recovery_required":true}
2026-09-10 20:17:15 @mori {"event":"ag32_batch_status","state":"running","phase":"verify","message":"AG32 batch update queued","processed":63616,"total":108924,"device_id":1075838977,"dp_idcode":731911287,"records":3,"programmed":100072,"verified":63616,"error":"ESP_OK","cleanup_error":"ESP_OK","address":2148493308,"swd_ack":0,"stack_free_min":0,"mcu_resumed":false,"destructive_started":true,"recovery_required":true}
2026-09-10 20:17:16 @mori {"event":"ag32_batch_status","state":"running","phase":"verify","message":"AG32 batch update queued","processed":64640,"total":108924,"device_id":1075838977,"dp_idcode":731911287,"records":3,"programmed":100072,"verified":64640,"error":"ESP_OK","cleanup_error":"ESP_OK","address":2148494332,"swd_ack":0,"stack_free_min":0,"mcu_resumed":false,"destructive_started":true,"recovery_required":true}
2026-09-10 20:17:16 @mori {"event":"ag32_batch_status","state":"running","phase":"verify","message":"AG32 batch update queued","processed":64640,"total":108924,"device_id":1075838977,"dp_idcode":731911287,"records":3,"programmed":100072,"verified":64640,"error":"ESP_OK","cleanup_error":"ESP_OK","address":2148494332,"swd_ack":0,"stack_free_min":0,"mcu_resumed":false,"destructive_started":true,"recovery_required":true}
2026-09-10 20:17:16 @mori {"event":"ag32_batch_status","state":"running","phase":"verify","message":"AG32 batch update queued","processed":65664,"total":108924,"device_id":1075838977,"dp_idcode":731911287,"records":3,"programmed":100072,"verified":65664,"error":"ESP_OK","cleanup_error":"ESP_OK","address":2148495356,"swd_ack":0,"stack_free_min":0,"mcu_resumed":false,"destructive_started":true,"recovery_required":true}
2026-09-10 20:17:17 @mori {"event":"ag32_batch_status","state":"running","phase":"verify","message":"AG32 batch update queued","processed":65664,"total":108924,"device_id":1075838977,"dp_idcode":731911287,"records":3,"programmed":100072,"verified":65664,"error":"ESP_OK","cleanup_error":"ESP_OK","address":2148495356,"swd_ack":0,"stack_free_min":0,"mcu_resumed":false,"destructive_started":true,"recovery_required":true}
2026-09-10 20:17:17 @mori {"event":"ag32_batch_status","state":"running","phase":"verify","message":"AG32 batch update queued","processed":66688,"total":108924,"device_id":1075838977,"dp_idcode":731911287,"records":3,"programmed":100072,"verified":66688,"error":"ESP_OK","cleanup_error":"ESP_OK","address":2148496380,"swd_ack":0,"stack_free_min":0,"mcu_resumed":false,"destructive_started":true,"recovery_required":true}
2026-09-10 20:17:18 @mori {"event":"ag32_batch_status","state":"running","phase":"verify","message":"AG32 batch update queued","processed":66688,"total":108924,"device_id":1075838977,"dp_idcode":731911287,"records":3,"programmed":100072,"verified":66688,"error":"ESP_OK","cleanup_error":"ESP_OK","address":2148496380,"swd_ack":0,"stack_free_min":0,"mcu_resumed":false,"destructive_started":true,"recovery_required":true}
2026-09-10 20:17:18 @mori {"event":"ag32_batch_status","state":"running","phase":"verify","message":"AG32 batch update queued","processed":67712,"total":108924,"device_id":1075838977,"dp_idcode":731911287,"records":3,"programmed":100072,"verified":67712,"error":"ESP_OK","cleanup_error":"ESP_OK","address":2148497404,"swd_ack":0,"stack_free_min":0,"mcu_resumed":false,"destructive_started":true,"recovery_required":true}
2026-09-10 20:17:19 @mori {"event":"ag32_batch_status","state":"running","phase":"verify","message":"AG32 batch update queued","processed":67712,"total":108924,"device_id":1075838977,"dp_idcode":731911287,"records":3,"programmed":100072,"verified":67712,"error":"ESP_OK","cleanup_error":"ESP_OK","address":2148497404,"swd_ack":0,"stack_free_min":0,"mcu_resumed":false,"destructive_started":true,"recovery_required":true}
2026-09-10 20:17:19 @mori {"event":"ag32_batch_status","state":"running","phase":"verify","message":"AG32 batch update queued","processed":68736,"total":108924,"device_id":1075838977,"dp_idcode":731911287,"records":3,"programmed":100072,"verified":68736,"error":"ESP_OK","cleanup_error":"ESP_OK","address":2148498428,"swd_ack":0,"stack_free_min":0,"mcu_resumed":false,"destructive_started":true,"recovery_required":true}
2026-09-10 20:17:19 @mori {"event":"ag32_batch_status","state":"running","phase":"verify","message":"AG32 batch update queued","processed":68736,"total":108924,"device_id":1075838977,"dp_idcode":731911287,"records":3,"programmed":100072,"verified":68736,"error":"ESP_OK","cleanup_error":"ESP_OK","address":2148498428,"swd_ack":0,"stack_free_min":0,"mcu_resumed":false,"destructive_started":true,"recovery_required":true}
2026-09-10 20:17:20 @mori {"event":"ag32_batch_status","state":"running","phase":"verify","message":"AG32 batch update queued","processed":69760,"total":108924,"device_id":1075838977,"dp_idcode":731911287,"records":3,"programmed":100072,"verified":69760,"error":"ESP_OK","cleanup_error":"ESP_OK","address":2148499452,"swd_ack":0,"stack_free_min":0,"mcu_resumed":false,"destructive_started":true,"recovery_required":true}
2026-09-10 20:17:20 @mori {"event":"ag32_batch_status","state":"running","phase":"verify","message":"AG32 batch update queued","processed":70784,"total":108924,"device_id":1075838977,"dp_idcode":731911287,"records":3,"programmed":100072,"verified":70784,"error":"ESP_OK","cleanup_error":"ESP_OK","address":2148500476,"swd_ack":0,"stack_free_min":0,"mcu_resumed":false,"destructive_started":true,"recovery_required":true}
2026-09-10 20:17:21 @mori {"event":"ag32_batch_status","state":"running","phase":"verify","message":"AG32 batch update queued","processed":70784,"total":108924,"device_id":1075838977,"dp_idcode":731911287,"records":3,"programmed":100072,"verified":70784,"error":"ESP_OK","cleanup_error":"ESP_OK","address":2148500476,"swd_ack":0,"stack_free_min":0,"mcu_resumed":false,"destructive_started":true,"recovery_required":true}
2026-09-10 20:17:21 @mori {"event":"ag32_batch_status","state":"running","phase":"verify","message":"AG32 batch update queued","processed":71808,"total":108924,"device_id":1075838977,"dp_idcode":731911287,"records":3,"programmed":100072,"verified":71808,"error":"ESP_OK","cleanup_error":"ESP_OK","address":2148501500,"swd_ack":0,"stack_free_min":0,"mcu_resumed":false,"destructive_started":true,"recovery_required":true}
2026-09-10 20:17:22 @mori {"event":"ag32_batch_status","state":"running","phase":"verify","message":"AG32 batch update queued","processed":71808,"total":108924,"device_id":1075838977,"dp_idcode":731911287,"records":3,"programmed":100072,"verified":71808,"error":"ESP_OK","cleanup_error":"ESP_OK","address":2148501500,"swd_ack":0,"stack_free_min":0,"mcu_resumed":false,"destructive_started":true,"recovery_required":true}
2026-09-10 20:17:22 @mori {"event":"ag32_batch_status","state":"running","phase":"verify","message":"AG32 batch update queued","processed":72832,"total":108924,"device_id":1075838977,"dp_idcode":731911287,"records":3,"programmed":100072,"verified":72832,"error":"ESP_OK","cleanup_error":"ESP_OK","address":2148502524,"swd_ack":0,"stack_free_min":0,"mcu_resumed":false,"destructive_started":true,"recovery_required":true}
2026-09-10 20:17:23 @mori {"event":"ag32_batch_status","state":"running","phase":"verify","message":"AG32 batch update queued","processed":72832,"total":108924,"device_id":1075838977,"dp_idcode":731911287,"records":3,"programmed":100072,"verified":72832,"error":"ESP_OK","cleanup_error":"ESP_OK","address":2148502524,"swd_ack":0,"stack_free_min":0,"mcu_resumed":false,"destructive_started":true,"recovery_required":true}
2026-09-10 20:17:23 @mori {"event":"ag32_batch_status","state":"running","phase":"verify","message":"AG32 batch update queued","processed":73856,"total":108924,"device_id":1075838977,"dp_idcode":731911287,"records":3,"programmed":100072,"verified":73856,"error":"ESP_OK","cleanup_error":"ESP_OK","address":2148503548,"swd_ack":0,"stack_free_min":0,"mcu_resumed":false,"destructive_started":true,"recovery_required":true}
2026-09-10 20:17:23 @mori {"event":"ag32_batch_status","state":"running","phase":"verify","message":"AG32 batch update queued","processed":73856,"total":108924,"device_id":1075838977,"dp_idcode":731911287,"records":3,"programmed":100072,"verified":73856,"error":"ESP_OK","cleanup_error":"ESP_OK","address":2148503548,"swd_ack":0,"stack_free_min":0,"mcu_resumed":false,"destructive_started":true,"recovery_required":true}
2026-09-10 20:17:24 @mori {"event":"ag32_batch_status","state":"running","phase":"verify","message":"AG32 batch update queued","processed":74880,"total":108924,"device_id":1075838977,"dp_idcode":731911287,"records":3,"programmed":100072,"verified":74880,"error":"ESP_OK","cleanup_error":"ESP_OK","address":2148504572,"swd_ack":0,"stack_free_min":0,"mcu_resumed":false,"destructive_started":true,"recovery_required":true}
2026-09-10 20:17:24 @mori {"event":"ag32_batch_status","state":"running","phase":"verify","message":"AG32 batch update queued","processed":74880,"total":108924,"device_id":1075838977,"dp_idcode":731911287,"records":3,"programmed":100072,"verified":74880,"error":"ESP_OK","cleanup_error":"ESP_OK","address":2148504572,"swd_ack":0,"stack_free_min":0,"mcu_resumed":false,"destructive_started":true,"recovery_required":true}
2026-09-10 20:17:25 @mori {"event":"ag32_batch_status","state":"running","phase":"verify","message":"AG32 batch update queued","processed":75904,"total":108924,"device_id":1075838977,"dp_idcode":731911287,"records":3,"programmed":100072,"verified":75904,"error":"ESP_OK","cleanup_error":"ESP_OK","address":2148505596,"swd_ack":0,"stack_free_min":0,"mcu_resumed":false,"destructive_started":true,"recovery_required":true}
2026-09-10 20:17:25 @mori {"event":"ag32_batch_status","state":"running","phase":"verify","message":"AG32 batch update queued","processed":76928,"total":108924,"device_id":1075838977,"dp_idcode":731911287,"records":3,"programmed":100072,"verified":76928,"error":"ESP_OK","cleanup_error":"ESP_OK","address":2148506620,"swd_ack":0,"stack_free_min":0,"mcu_resumed":false,"destructive_started":true,"recovery_required":true}
2026-09-10 20:17:26 @mori {"event":"ag32_batch_status","state":"running","phase":"verify","message":"AG32 batch update queued","processed":76928,"total":108924,"device_id":1075838977,"dp_idcode":731911287,"records":3,"programmed":100072,"verified":76928,"error":"ESP_OK","cleanup_error":"ESP_OK","address":2148506620,"swd_ack":0,"stack_free_min":0,"mcu_resumed":false,"destructive_started":true,"recovery_required":true}
2026-09-10 20:17:26 @mori {"event":"ag32_batch_status","state":"running","phase":"verify","message":"AG32 batch update queued","processed":77952,"total":108924,"device_id":1075838977,"dp_idcode":731911287,"records":3,"programmed":100072,"verified":77952,"error":"ESP_OK","cleanup_error":"ESP_OK","address":2148507644,"swd_ack":0,"stack_free_min":0,"mcu_resumed":false,"destructive_started":true,"recovery_required":true}
2026-09-10 20:17:26 @mori {"event":"ag32_batch_status","state":"running","phase":"verify","message":"AG32 batch update queued","processed":77952,"total":108924,"device_id":1075838977,"dp_idcode":731911287,"records":3,"programmed":100072,"verified":77952,"error":"ESP_OK","cleanup_error":"ESP_OK","address":2148507644,"swd_ack":0,"stack_free_min":0,"mcu_resumed":false,"destructive_started":true,"recovery_required":true}
2026-09-10 20:17:27 @mori {"event":"ag32_batch_status","state":"running","phase":"verify","message":"AG32 batch update queued","processed":78976,"total":108924,"device_id":1075838977,"dp_idcode":731911287,"records":3,"programmed":100072,"verified":78976,"error":"ESP_OK","cleanup_error":"ESP_OK","address":2148508668,"swd_ack":0,"stack_free_min":0,"mcu_resumed":false,"destructive_started":true,"recovery_required":true}
2026-09-10 20:17:27 @mori {"event":"ag32_batch_status","state":"running","phase":"verify","message":"AG32 batch update queued","processed":78976,"total":108924,"device_id":1075838977,"dp_idcode":731911287,"records":3,"programmed":100072,"verified":78976,"error":"ESP_OK","cleanup_error":"ESP_OK","address":2148508668,"swd_ack":0,"stack_free_min":0,"mcu_resumed":false,"destructive_started":true,"recovery_required":true}
2026-09-10 20:17:28 @mori {"event":"ag32_batch_status","state":"running","phase":"verify","message":"AG32 batch update queued","processed":80000,"total":108924,"device_id":1075838977,"dp_idcode":731911287,"records":3,"programmed":100072,"verified":80000,"error":"ESP_OK","cleanup_error":"ESP_OK","address":2148509692,"swd_ack":0,"stack_free_min":0,"mcu_resumed":false,"destructive_started":true,"recovery_required":true}
2026-09-10 20:17:28 @mori {"event":"ag32_batch_status","state":"running","phase":"verify","message":"AG32 batch update queued","processed":80000,"total":108924,"device_id":1075838977,"dp_idcode":731911287,"records":3,"programmed":100072,"verified":80000,"error":"ESP_OK","cleanup_error":"ESP_OK","address":2148509692,"swd_ack":0,"stack_free_min":0,"mcu_resumed":false,"destructive_started":true,"recovery_required":true}
2026-09-10 20:17:29 @mori {"event":"ag32_batch_status","state":"running","phase":"verify","message":"AG32 batch update queued","processed":81024,"total":108924,"device_id":1075838977,"dp_idcode":731911287,"records":3,"programmed":100072,"verified":81024,"error":"ESP_OK","cleanup_error":"ESP_OK","address":2148510716,"swd_ack":0,"stack_free_min":0,"mcu_resumed":false,"destructive_started":true,"recovery_required":true}
2026-09-10 20:17:29 @mori {"event":"ag32_batch_status","state":"running","phase":"verify","message":"AG32 batch update queued","processed":81024,"total":108924,"device_id":1075838977,"dp_idcode":731911287,"records":3,"programmed":100072,"verified":81024,"error":"ESP_OK","cleanup_error":"ESP_OK","address":2148510716,"swd_ack":0,"stack_free_min":0,"mcu_resumed":false,"destructive_started":true,"recovery_required":true}
2026-09-10 20:17:29 @mori {"event":"ag32_batch_status","state":"running","phase":"verify","message":"AG32 batch update queued","processed":82048,"total":108924,"device_id":1075838977,"dp_idcode":731911287,"records":3,"programmed":100072,"verified":82048,"error":"ESP_OK","cleanup_error":"ESP_OK","address":2148511740,"swd_ack":0,"stack_free_min":0,"mcu_resumed":false,"destructive_started":true,"recovery_required":true}
2026-09-10 20:17:30 @mori {"event":"ag32_batch_status","state":"running","phase":"verify","message":"AG32 batch update queued","processed":82048,"total":108924,"device_id":1075838977,"dp_idcode":731911287,"records":3,"programmed":100072,"verified":82048,"error":"ESP_OK","cleanup_error":"ESP_OK","address":2148511740,"swd_ack":0,"stack_free_min":0,"mcu_resumed":false,"destructive_started":true,"recovery_required":true}
2026-09-10 20:17:30 @mori {"event":"ag32_batch_status","state":"running","phase":"verify","message":"AG32 batch update queued","processed":83072,"total":108924,"device_id":1075838977,"dp_idcode":731911287,"records":3,"programmed":100072,"verified":83072,"error":"ESP_OK","cleanup_error":"ESP_OK","address":2148512764,"swd_ack":0,"stack_free_min":0,"mcu_resumed":false,"destructive_started":true,"recovery_required":true}
2026-09-10 20:17:31 @mori {"event":"ag32_batch_status","state":"running","phase":"verify","message":"AG32 batch update queued","processed":84096,"total":108924,"device_id":1075838977,"dp_idcode":731911287,"records":3,"programmed":100072,"verified":84096,"error":"ESP_OK","cleanup_error":"ESP_OK","address":2148513788,"swd_ack":0,"stack_free_min":0,"mcu_resumed":false,"destructive_started":true,"recovery_required":true}
2026-09-10 20:17:31 @mori {"event":"ag32_batch_status","state":"running","phase":"verify","message":"AG32 batch update queued","processed":84096,"total":108924,"device_id":1075838977,"dp_idcode":731911287,"records":3,"programmed":100072,"verified":84096,"error":"ESP_OK","cleanup_error":"ESP_OK","address":2148513788,"swd_ack":0,"stack_free_min":0,"mcu_resumed":false,"destructive_started":true,"recovery_required":true}
2026-09-10 20:17:32 @mori {"event":"ag32_batch_status","state":"running","phase":"verify","message":"AG32 batch update queued","processed":85120,"total":108924,"device_id":1075838977,"dp_idcode":731911287,"records":3,"programmed":100072,"verified":85120,"error":"ESP_OK","cleanup_error":"ESP_OK","address":2148514812,"swd_ack":0,"stack_free_min":0,"mcu_resumed":false,"destructive_started":true,"recovery_required":true}
2026-09-10 20:17:32 @mori {"event":"ag32_batch_status","state":"running","phase":"verify","message":"AG32 batch update queued","processed":85120,"total":108924,"device_id":1075838977,"dp_idcode":731911287,"records":3,"programmed":100072,"verified":85120,"error":"ESP_OK","cleanup_error":"ESP_OK","address":2148514812,"swd_ack":0,"stack_free_min":0,"mcu_resumed":false,"destructive_started":true,"recovery_required":true}
2026-09-10 20:17:33 @mori {"event":"ag32_batch_status","state":"running","phase":"verify","message":"AG32 batch update queued","processed":86144,"total":108924,"device_id":1075838977,"dp_idcode":731911287,"records":3,"programmed":100072,"verified":86144,"error":"ESP_OK","cleanup_error":"ESP_OK","address":2148515836,"swd_ack":0,"stack_free_min":0,"mcu_resumed":false,"destructive_started":true,"recovery_required":true}
2026-09-10 20:17:33 @mori {"event":"ag32_batch_status","state":"running","phase":"verify","message":"AG32 batch update queued","processed":86144,"total":108924,"device_id":1075838977,"dp_idcode":731911287,"records":3,"programmed":100072,"verified":86144,"error":"ESP_OK","cleanup_error":"ESP_OK","address":2148515836,"swd_ack":0,"stack_free_min":0,"mcu_resumed":false,"destructive_started":true,"recovery_required":true}
2026-09-10 20:17:33 @mori {"event":"ag32_batch_status","state":"running","phase":"verify","message":"AG32 batch update queued","processed":87168,"total":108924,"device_id":1075838977,"dp_idcode":731911287,"records":3,"programmed":100072,"verified":87168,"error":"ESP_OK","cleanup_error":"ESP_OK","address":2148516860,"swd_ack":0,"stack_free_min":0,"mcu_resumed":false,"destructive_started":true,"recovery_required":true}
2026-09-10 20:17:34 @mori {"event":"ag32_batch_status","state":"running","phase":"verify","message":"AG32 batch update queued","processed":87168,"total":108924,"device_id":1075838977,"dp_idcode":731911287,"records":3,"programmed":100072,"verified":87168,"error":"ESP_OK","cleanup_error":"ESP_OK","address":2148516860,"swd_ack":0,"stack_free_min":0,"mcu_resumed":false,"destructive_started":true,"recovery_required":true}
2026-09-10 20:17:34 @mori {"event":"ag32_batch_status","state":"running","phase":"verify","message":"AG32 batch update queued","processed":88192,"total":108924,"device_id":1075838977,"dp_idcode":731911287,"records":3,"programmed":100072,"verified":88192,"error":"ESP_OK","cleanup_error":"ESP_OK","address":2148517884,"swd_ack":0,"stack_free_min":0,"mcu_resumed":false,"destructive_started":true,"recovery_required":true}
2026-09-10 20:17:35 @mori {"event":"ag32_batch_status","state":"running","phase":"verify","message":"AG32 batch update queued","processed":88192,"total":108924,"device_id":1075838977,"dp_idcode":731911287,"records":3,"programmed":100072,"verified":88192,"error":"ESP_OK","cleanup_error":"ESP_OK","address":2148517884,"swd_ack":0,"stack_free_min":0,"mcu_resumed":false,"destructive_started":true,"recovery_required":true}
2026-09-10 20:17:35 @mori {"event":"ag32_batch_status","state":"running","phase":"verify","message":"AG32 batch update queued","processed":89216,"total":108924,"device_id":1075838977,"dp_idcode":731911287,"records":3,"programmed":100072,"verified":89216,"error":"ESP_OK","cleanup_error":"ESP_OK","address":2148518908,"swd_ack":0,"stack_free_min":0,"mcu_resumed":false,"destructive_started":true,"recovery_required":true}
2026-09-10 20:17:36 @mori {"event":"ag32_batch_status","state":"running","phase":"verify","message":"AG32 batch update queued","processed":89216,"total":108924,"device_id":1075838977,"dp_idcode":731911287,"records":3,"programmed":100072,"verified":89216,"error":"ESP_OK","cleanup_error":"ESP_OK","address":2148518908,"swd_ack":0,"stack_free_min":0,"mcu_resumed":false,"destructive_started":true,"recovery_required":true}
2026-09-10 20:17:36 @mori {"event":"ag32_batch_status","state":"running","phase":"verify","message":"AG32 batch update queued","processed":90240,"total":108924,"device_id":1075838977,"dp_idcode":731911287,"records":3,"programmed":100072,"verified":90240,"error":"ESP_OK","cleanup_error":"ESP_OK","address":2148519932,"swd_ack":0,"stack_free_min":0,"mcu_resumed":false,"destructive_started":true,"recovery_required":true}
2026-09-10 20:17:36 @mori {"event":"ag32_batch_status","state":"running","phase":"verify","message":"AG32 batch update queued","processed":91264,"total":108924,"device_id":1075838977,"dp_idcode":731911287,"records":3,"programmed":100072,"verified":91264,"error":"ESP_OK","cleanup_error":"ESP_OK","address":2148520956,"swd_ack":0,"stack_free_min":0,"mcu_resumed":false,"destructive_started":true,"recovery_required":true}
2026-09-10 20:17:37 @mori {"event":"ag32_batch_status","state":"running","phase":"verify","message":"AG32 batch update queued","processed":91264,"total":108924,"device_id":1075838977,"dp_idcode":731911287,"records":3,"programmed":100072,"verified":91264,"error":"ESP_OK","cleanup_error":"ESP_OK","address":2148520956,"swd_ack":0,"stack_free_min":0,"mcu_resumed":false,"destructive_started":true,"recovery_required":true}
2026-09-10 20:17:37 @mori {"event":"ag32_batch_status","state":"running","phase":"verify","message":"AG32 batch update queued","processed":92288,"total":108924,"device_id":1075838977,"dp_idcode":731911287,"records":3,"programmed":100072,"verified":92288,"error":"ESP_OK","cleanup_error":"ESP_OK","address":2148521980,"swd_ack":0,"stack_free_min":0,"mcu_resumed":false,"destructive_started":true,"recovery_required":true}
2026-09-10 20:17:38 @mori {"event":"ag32_batch_status","state":"running","phase":"verify","message":"AG32 batch update queued","processed":92288,"total":108924,"device_id":1075838977,"dp_idcode":731911287,"records":3,"programmed":100072,"verified":92288,"error":"ESP_OK","cleanup_error":"ESP_OK","address":2148521980,"swd_ack":0,"stack_free_min":0,"mcu_resumed":false,"destructive_started":true,"recovery_required":true}
2026-09-10 20:17:38 @mori {"event":"ag32_batch_status","state":"running","phase":"verify","message":"AG32 batch update queued","processed":93312,"total":108924,"device_id":1075838977,"dp_idcode":731911287,"records":3,"programmed":100072,"verified":93312,"error":"ESP_OK","cleanup_error":"ESP_OK","address":2148523004,"swd_ack":0,"stack_free_min":0,"mcu_resumed":false,"destructive_started":true,"recovery_required":true}
2026-09-10 20:17:39 @mori {"event":"ag32_batch_status","state":"running","phase":"verify","message":"AG32 batch update queued","processed":93312,"total":108924,"device_id":1075838977,"dp_idcode":731911287,"records":3,"programmed":100072,"verified":93312,"error":"ESP_OK","cleanup_error":"ESP_OK","address":2148523004,"swd_ack":0,"stack_free_min":0,"mcu_resumed":false,"destructive_started":true,"recovery_required":true}
2026-09-10 20:17:39 @mori {"event":"ag32_batch_status","state":"running","phase":"verify","message":"AG32 batch update queued","processed":94336,"total":108924,"device_id":1075838977,"dp_idcode":731911287,"records":3,"programmed":100072,"verified":94336,"error":"ESP_OK","cleanup_error":"ESP_OK","address":2148524028,"swd_ack":0,"stack_free_min":0,"mcu_resumed":false,"destructive_started":true,"recovery_required":true}
2026-09-10 20:17:39 @mori {"event":"ag32_batch_status","state":"running","phase":"verify","message":"AG32 batch update queued","processed":94336,"total":108924,"device_id":1075838977,"dp_idcode":731911287,"records":3,"programmed":100072,"verified":94336,"error":"ESP_OK","cleanup_error":"ESP_OK","address":2148524028,"swd_ack":0,"stack_free_min":0,"mcu_resumed":false,"destructive_started":true,"recovery_required":true}
2026-09-10 20:17:40 @mori {"event":"ag32_batch_status","state":"running","phase":"verify","message":"AG32 batch update queued","processed":95360,"total":108924,"device_id":1075838977,"dp_idcode":731911287,"records":3,"programmed":100072,"verified":95360,"error":"ESP_OK","cleanup_error":"ESP_OK","address":2148525052,"swd_ack":0,"stack_free_min":0,"mcu_resumed":false,"destructive_started":true,"recovery_required":true}
2026-09-10 20:17:40 @mori {"event":"ag32_batch_status","state":"running","phase":"verify","message":"AG32 batch update queued","processed":95360,"total":108924,"device_id":1075838977,"dp_idcode":731911287,"records":3,"programmed":100072,"verified":95360,"error":"ESP_OK","cleanup_error":"ESP_OK","address":2148525052,"swd_ack":0,"stack_free_min":0,"mcu_resumed":false,"destructive_started":true,"recovery_required":true}
2026-09-10 20:17:41 @mori {"event":"ag32_batch_status","state":"running","phase":"verify","message":"AG32 batch update queued","processed":96384,"total":108924,"device_id":1075838977,"dp_idcode":731911287,"records":3,"programmed":100072,"verified":96384,"error":"ESP_OK","cleanup_error":"ESP_OK","address":2148526076,"swd_ack":0,"stack_free_min":0,"mcu_resumed":false,"destructive_started":true,"recovery_required":true}
2026-09-10 20:17:41 @mori {"event":"ag32_batch_status","state":"running","phase":"verify","message":"AG32 batch update queued","processed":96384,"total":108924,"device_id":1075838977,"dp_idcode":731911287,"records":3,"programmed":100072,"verified":96384,"error":"ESP_OK","cleanup_error":"ESP_OK","address":2148526076,"swd_ack":0,"stack_free_min":0,"mcu_resumed":false,"destructive_started":true,"recovery_required":true}
2026-09-10 20:17:42 @mori {"event":"ag32_batch_status","state":"running","phase":"verify","message":"AG32 batch update queued","processed":97408,"total":108924,"device_id":1075838977,"dp_idcode":731911287,"records":3,"programmed":100072,"verified":97408,"error":"ESP_OK","cleanup_error":"ESP_OK","address":2148527100,"swd_ack":0,"stack_free_min":0,"mcu_resumed":false,"destructive_started":true,"recovery_required":true}
2026-09-10 20:17:42 @mori {"event":"ag32_batch_status","state":"running","phase":"verify","message":"AG32 batch update queued","processed":98432,"total":108924,"device_id":1075838977,"dp_idcode":731911287,"records":3,"programmed":100072,"verified":98432,"error":"ESP_OK","cleanup_error":"ESP_OK","address":2148528124,"swd_ack":0,"stack_free_min":0,"mcu_resumed":false,"destructive_started":true,"recovery_required":true}
2026-09-10 20:17:42 @mori {"event":"ag32_batch_status","state":"running","phase":"verify","message":"AG32 batch update queued","processed":98432,"total":108924,"device_id":1075838977,"dp_idcode":731911287,"records":3,"programmed":100072,"verified":98432,"error":"ESP_OK","cleanup_error":"ESP_OK","address":2148528124,"swd_ack":0,"stack_free_min":0,"mcu_resumed":false,"destructive_started":true,"recovery_required":true}
2026-09-10 20:17:43 @mori {"event":"ag32_batch_status","state":"running","phase":"verify","message":"AG32 batch update queued","processed":99456,"total":108924,"device_id":1075838977,"dp_idcode":731911287,"records":3,"programmed":100072,"verified":99456,"error":"ESP_OK","cleanup_error":"ESP_OK","address":2148529148,"swd_ack":0,"stack_free_min":0,"mcu_resumed":false,"destructive_started":true,"recovery_required":true}
2026-09-10 20:17:43 @mori {"event":"ag32_batch_status","state":"running","phase":"program","message":"AG32 batch update queued","processed":0,"total":108924,"device_id":1075838977,"dp_idcode":731911287,"records":3,"programmed":100072,"verified":100072,"error":"ESP_OK","cleanup_error":"ESP_OK","address":2147483648,"swd_ack":0,"stack_free_min":0,"mcu_resumed":false,"destructive_started":true,"recovery_required":true}
2026-09-10 20:17:44 @mori {"event":"ag32_batch_status","state":"running","phase":"program","message":"AG32 batch update queued","processed":0,"total":108924,"device_id":1075838977,"dp_idcode":731911287,"records":3,"programmed":100072,"verified":100072,"error":"ESP_OK","cleanup_error":"ESP_OK","address":2147483648,"swd_ack":0,"stack_free_min":0,"mcu_resumed":false,"destructive_started":true,"recovery_required":true}
2026-09-10 20:17:44 @mori {"event":"ag32_batch_status","state":"running","phase":"program","message":"AG32 batch update queued","processed":0,"total":108924,"device_id":1075838977,"dp_idcode":731911287,"records":3,"programmed":100072,"verified":100072,"error":"ESP_OK","cleanup_error":"ESP_OK","address":2147483648,"swd_ack":0,"stack_free_min":0,"mcu_resumed":false,"destructive_started":true,"recovery_required":true}
2026-09-10 20:17:45 @mori {"event":"ag32_batch_status","state":"running","phase":"program","message":"AG32 batch update queued","processed":0,"total":108924,"device_id":1075838977,"dp_idcode":731911287,"records":3,"programmed":100072,"verified":100072,"error":"ESP_OK","cleanup_error":"ESP_OK","address":2147483648,"swd_ack":0,"stack_free_min":0,"mcu_resumed":false,"destructive_started":true,"recovery_required":true}
2026-09-10 20:17:45 @mori {"event":"ag32_batch_status","state":"running","phase":"program","message":"AG32 batch update queued","processed":101096,"total":108924,"device_id":1075838977,"dp_idcode":731911287,"records":3,"programmed":101096,"verified":100072,"error":"ESP_OK","cleanup_error":"ESP_OK","address":2147484668,"swd_ack":0,"stack_free_min":0,"mcu_resumed":false,"destructive_started":true,"recovery_required":true}
2026-09-10 20:17:46 @mori {"event":"ag32_batch_status","state":"running","phase":"program","message":"AG32 batch update queued","processed":101096,"total":108924,"device_id":1075838977,"dp_idcode":731911287,"records":3,"programmed":101096,"verified":100072,"error":"ESP_OK","cleanup_error":"ESP_OK","address":2147484668,"swd_ack":0,"stack_free_min":0,"mcu_resumed":false,"destructive_started":true,"recovery_required":true}
2026-09-10 20:17:46 @mori {"event":"ag32_batch_status","state":"running","phase":"program","message":"AG32 batch update queued","processed":101096,"total":108924,"device_id":1075838977,"dp_idcode":731911287,"records":3,"programmed":101096,"verified":100072,"error":"ESP_OK","cleanup_error":"ESP_OK","address":2147484668,"swd_ack":0,"stack_free_min":0,"mcu_resumed":false,"destructive_started":true,"recovery_required":true}
2026-09-10 20:17:46 @mori {"event":"ag32_batch_status","state":"running","phase":"program","message":"AG32 batch update queued","processed":102120,"total":108924,"device_id":1075838977,"dp_idcode":731911287,"records":3,"programmed":102120,"verified":100072,"error":"ESP_OK","cleanup_error":"ESP_OK","address":2147485692,"swd_ack":0,"stack_free_min":0,"mcu_resumed":false,"destructive_started":true,"recovery_required":true}
2026-09-10 20:17:47 @mori {"event":"ag32_batch_status","state":"running","phase":"program","message":"AG32 batch update queued","processed":102120,"total":108924,"device_id":1075838977,"dp_idcode":731911287,"records":3,"programmed":102120,"verified":100072,"error":"ESP_OK","cleanup_error":"ESP_OK","address":2147485692,"swd_ack":0,"stack_free_min":0,"mcu_resumed":false,"destructive_started":true,"recovery_required":true}
2026-09-10 20:17:47 @mori {"event":"ag32_batch_status","state":"running","phase":"program","message":"AG32 batch update queued","processed":102120,"total":108924,"device_id":1075838977,"dp_idcode":731911287,"records":3,"programmed":102120,"verified":100072,"error":"ESP_OK","cleanup_error":"ESP_OK","address":2147485692,"swd_ack":0,"stack_free_min":0,"mcu_resumed":false,"destructive_started":true,"recovery_required":true}
2026-09-10 20:17:48 @mori {"event":"ag32_batch_status","state":"running","phase":"program","message":"AG32 batch update queued","processed":102120,"total":108924,"device_id":1075838977,"dp_idcode":731911287,"records":3,"programmed":102120,"verified":100072,"error":"ESP_OK","cleanup_error":"ESP_OK","address":2147485692,"swd_ack":0,"stack_free_min":0,"mcu_resumed":false,"destructive_started":true,"recovery_required":true}
2026-09-10 20:17:48 @mori {"event":"ag32_batch_status","state":"running","phase":"program","message":"AG32 batch update queued","processed":103144,"total":108924,"device_id":1075838977,"dp_idcode":731911287,"records":3,"programmed":103144,"verified":100072,"error":"ESP_OK","cleanup_error":"ESP_OK","address":2147486716,"swd_ack":0,"stack_free_min":0,"mcu_resumed":false,"destructive_started":true,"recovery_required":true}
2026-09-10 20:17:49 @mori {"event":"ag32_batch_status","state":"running","phase":"program","message":"AG32 batch update queued","processed":103144,"total":108924,"device_id":1075838977,"dp_idcode":731911287,"records":3,"programmed":103144,"verified":100072,"error":"ESP_OK","cleanup_error":"ESP_OK","address":2147486716,"swd_ack":0,"stack_free_min":0,"mcu_resumed":false,"destructive_started":true,"recovery_required":true}
2026-09-10 20:17:49 @mori {"event":"ag32_batch_status","state":"running","phase":"program","message":"AG32 batch update queued","processed":103144,"total":108924,"device_id":1075838977,"dp_idcode":731911287,"records":3,"programmed":103144,"verified":100072,"error":"ESP_OK","cleanup_error":"ESP_OK","address":2147486716,"swd_ack":0,"stack_free_min":0,"mcu_resumed":false,"destructive_started":true,"recovery_required":true}
2026-09-10 20:17:49 @mori {"event":"ag32_batch_status","state":"running","phase":"program","message":"AG32 batch update queued","processed":104168,"total":108924,"device_id":1075838977,"dp_idcode":731911287,"records":3,"programmed":104168,"verified":100072,"error":"ESP_OK","cleanup_error":"ESP_OK","address":2147487740,"swd_ack":0,"stack_free_min":0,"mcu_resumed":false,"destructive_started":true,"recovery_required":true}
2026-09-10 20:17:50 @mori {"event":"ag32_batch_status","state":"running","phase":"program","message":"AG32 batch update queued","processed":104168,"total":108924,"device_id":1075838977,"dp_idcode":731911287,"records":3,"programmed":104168,"verified":100072,"error":"ESP_OK","cleanup_error":"ESP_OK","address":2147487740,"swd_ack":0,"stack_free_min":0,"mcu_resumed":false,"destructive_started":true,"recovery_required":true}
2026-09-10 20:17:50 @mori {"event":"ag32_batch_status","state":"running","phase":"program","message":"AG32 batch update queued","processed":104168,"total":108924,"device_id":1075838977,"dp_idcode":731911287,"records":3,"programmed":104168,"verified":100072,"error":"ESP_OK","cleanup_error":"ESP_OK","address":2147487740,"swd_ack":0,"stack_free_min":0,"mcu_resumed":false,"destructive_started":true,"recovery_required":true}
2026-09-10 20:17:51 @mori {"event":"ag32_batch_status","state":"running","phase":"program","message":"AG32 batch update queued","processed":104168,"total":108924,"device_id":1075838977,"dp_idcode":731911287,"records":3,"programmed":104168,"verified":100072,"error":"ESP_OK","cleanup_error":"ESP_OK","address":2147487740,"swd_ack":0,"stack_free_min":0,"mcu_resumed":false,"destructive_started":true,"recovery_required":true}
2026-09-10 20:17:51 @mori {"event":"ag32_batch_status","state":"running","phase":"program","message":"AG32 batch update queued","processed":105192,"total":108924,"device_id":1075838977,"dp_idcode":731911287,"records":3,"programmed":105192,"verified":100072,"error":"ESP_OK","cleanup_error":"ESP_OK","address":2147488764,"swd_ack":0,"stack_free_min":0,"mcu_resumed":false,"destructive_started":true,"recovery_required":true}
2026-09-10 20:17:52 @mori {"event":"ag32_batch_status","state":"running","phase":"program","message":"AG32 batch update queued","processed":105192,"total":108924,"device_id":1075838977,"dp_idcode":731911287,"records":3,"programmed":105192,"verified":100072,"error":"ESP_OK","cleanup_error":"ESP_OK","address":2147488764,"swd_ack":0,"stack_free_min":0,"mcu_resumed":false,"destructive_started":true,"recovery_required":true}
2026-09-10 20:17:52 @mori {"event":"ag32_batch_status","state":"running","phase":"program","message":"AG32 batch update queued","processed":105192,"total":108924,"device_id":1075838977,"dp_idcode":731911287,"records":3,"programmed":105192,"verified":100072,"error":"ESP_OK","cleanup_error":"ESP_OK","address":2147488764,"swd_ack":0,"stack_free_min":0,"mcu_resumed":false,"destructive_started":true,"recovery_required":true}
2026-09-10 20:17:52 @mori {"event":"ag32_batch_status","state":"running","phase":"program","message":"AG32 batch update queued","processed":106216,"total":108924,"device_id":1075838977,"dp_idcode":731911287,"records":3,"programmed":106216,"verified":100072,"error":"ESP_OK","cleanup_error":"ESP_OK","address":2147489788,"swd_ack":0,"stack_free_min":0,"mcu_resumed":false,"destructive_started":true,"recovery_required":true}
2026-09-10 20:17:53 @mori {"event":"ag32_batch_status","state":"running","phase":"program","message":"AG32 batch update queued","processed":106216,"total":108924,"device_id":1075838977,"dp_idcode":731911287,"records":3,"programmed":106216,"verified":100072,"error":"ESP_OK","cleanup_error":"ESP_OK","address":2147489788,"swd_ack":0,"stack_free_min":0,"mcu_resumed":false,"destructive_started":true,"recovery_required":true}
2026-09-10 20:17:53 @mori {"event":"ag32_batch_status","state":"running","phase":"program","message":"AG32 batch update queued","processed":106216,"total":108924,"device_id":1075838977,"dp_idcode":731911287,"records":3,"programmed":106216,"verified":100072,"error":"ESP_OK","cleanup_error":"ESP_OK","address":2147489788,"swd_ack":0,"stack_free_min":0,"mcu_resumed":false,"destructive_started":true,"recovery_required":true}
2026-09-10 20:17:54 @mori {"event":"ag32_batch_status","state":"running","phase":"program","message":"AG32 batch update queued","processed":106216,"total":108924,"device_id":1075838977,"dp_idcode":731911287,"records":3,"programmed":106216,"verified":100072,"error":"ESP_OK","cleanup_error":"ESP_OK","address":2147489788,"swd_ack":0,"stack_free_min":0,"mcu_resumed":false,"destructive_started":true,"recovery_required":true}
2026-09-10 20:17:54 @mori {"event":"ag32_batch_status","state":"running","phase":"program","message":"AG32 batch update queued","processed":107240,"total":108924,"device_id":1075838977,"dp_idcode":731911287,"records":3,"programmed":107240,"verified":100072,"error":"ESP_OK","cleanup_error":"ESP_OK","address":2147490812,"swd_ack":0,"stack_free_min":0,"mcu_resumed":false,"destructive_started":true,"recovery_required":true}
2026-09-10 20:17:55 @mori {"event":"ag32_batch_status","state":"running","phase":"program","message":"AG32 batch update queued","processed":107240,"total":108924,"device_id":1075838977,"dp_idcode":731911287,"records":3,"programmed":107240,"verified":100072,"error":"ESP_OK","cleanup_error":"ESP_OK","address":2147490812,"swd_ack":0,"stack_free_min":0,"mcu_resumed":false,"destructive_started":true,"recovery_required":true}
2026-09-10 20:17:55 @mori {"event":"ag32_batch_status","state":"running","phase":"program","message":"AG32 batch update queued","processed":107240,"total":108924,"device_id":1075838977,"dp_idcode":731911287,"records":3,"programmed":107240,"verified":100072,"error":"ESP_OK","cleanup_error":"ESP_OK","address":2147490812,"swd_ack":0,"stack_free_min":0,"mcu_resumed":false,"destructive_started":true,"recovery_required":true}
2026-09-10 20:17:56 @mori {"event":"ag32_batch_status","state":"running","phase":"program","message":"AG32 batch update queued","processed":108264,"total":108924,"device_id":1075838977,"dp_idcode":731911287,"records":3,"programmed":108264,"verified":100072,"error":"ESP_OK","cleanup_error":"ESP_OK","address":2147491836,"swd_ack":0,"stack_free_min":0,"mcu_resumed":false,"destructive_started":true,"recovery_required":true}
2026-09-10 20:17:56 @mori {"event":"ag32_batch_status","state":"running","phase":"program","message":"AG32 batch update queued","processed":108264,"total":108924,"device_id":1075838977,"dp_idcode":731911287,"records":3,"programmed":108264,"verified":100072,"error":"ESP_OK","cleanup_error":"ESP_OK","address":2147491836,"swd_ack":0,"stack_free_min":0,"mcu_resumed":false,"destructive_started":true,"recovery_required":true}
2026-09-10 20:17:56 @mori {"event":"ag32_batch_status","state":"running","phase":"verify","message":"AG32 batch update queued","processed":0,"total":108924,"device_id":1075838977,"dp_idcode":731911287,"records":3,"programmed":108924,"verified":100072,"error":"ESP_OK","cleanup_error":"ESP_OK","address":2147492496,"swd_ack":0,"stack_free_min":0,"mcu_resumed":false,"destructive_started":true,"recovery_required":true}
2026-09-10 20:17:57 @mori {"event":"ag32_batch_status","state":"running","phase":"verify","message":"AG32 batch update queued","processed":0,"total":108924,"device_id":1075838977,"dp_idcode":731911287,"records":3,"programmed":108924,"verified":100072,"error":"ESP_OK","cleanup_error":"ESP_OK","address":2147492496,"swd_ack":0,"stack_free_min":0,"mcu_resumed":false,"destructive_started":true,"recovery_required":true}
2026-09-10 20:17:57 @mori {"event":"ag32_batch_status","state":"running","phase":"verify","message":"AG32 batch update queued","processed":101096,"total":108924,"device_id":1075838977,"dp_idcode":731911287,"records":3,"programmed":108924,"verified":101096,"error":"ESP_OK","cleanup_error":"ESP_OK","address":2147484668,"swd_ack":0,"stack_free_min":0,"mcu_resumed":false,"destructive_started":true,"recovery_required":true}
2026-09-10 20:17:58 @mori {"event":"ag32_batch_status","state":"running","phase":"verify","message":"AG32 batch update queued","processed":101096,"total":108924,"device_id":1075838977,"dp_idcode":731911287,"records":3,"programmed":108924,"verified":101096,"error":"ESP_OK","cleanup_error":"ESP_OK","address":2147484668,"swd_ack":0,"stack_free_min":0,"mcu_resumed":false,"destructive_started":true,"recovery_required":true}
2026-09-10 20:17:58 @mori {"event":"ag32_batch_status","state":"running","phase":"verify","message":"AG32 batch update queued","processed":102120,"total":108924,"device_id":1075838977,"dp_idcode":731911287,"records":3,"programmed":108924,"verified":102120,"error":"ESP_OK","cleanup_error":"ESP_OK","address":2147485692,"swd_ack":0,"stack_free_min":0,"mcu_resumed":false,"destructive_started":true,"recovery_required":true}
2026-09-10 20:17:59 @mori {"event":"ag32_batch_status","state":"running","phase":"verify","message":"AG32 batch update queued","processed":102120,"total":108924,"device_id":1075838977,"dp_idcode":731911287,"records":3,"programmed":108924,"verified":102120,"error":"ESP_OK","cleanup_error":"ESP_OK","address":2147485692,"swd_ack":0,"stack_free_min":0,"mcu_resumed":false,"destructive_started":true,"recovery_required":true}
2026-09-10 20:17:59 @mori {"event":"ag32_batch_status","state":"running","phase":"verify","message":"AG32 batch update queued","processed":103144,"total":108924,"device_id":1075838977,"dp_idcode":731911287,"records":3,"programmed":108924,"verified":103144,"error":"ESP_OK","cleanup_error":"ESP_OK","address":2147486716,"swd_ack":0,"stack_free_min":0,"mcu_resumed":false,"destructive_started":true,"recovery_required":true}
2026-09-10 20:17:59 @mori {"event":"ag32_batch_status","state":"running","phase":"verify","message":"AG32 batch update queued","processed":103144,"total":108924,"device_id":1075838977,"dp_idcode":731911287,"records":3,"programmed":108924,"verified":103144,"error":"ESP_OK","cleanup_error":"ESP_OK","address":2147486716,"swd_ack":0,"stack_free_min":0,"mcu_resumed":false,"destructive_started":true,"recovery_required":true}
2026-09-10 20:18:00 @mori {"event":"ag32_batch_status","state":"running","phase":"verify","message":"AG32 batch update queued","processed":104168,"total":108924,"device_id":1075838977,"dp_idcode":731911287,"records":3,"programmed":108924,"verified":104168,"error":"ESP_OK","cleanup_error":"ESP_OK","address":2147487740,"swd_ack":0,"stack_free_min":0,"mcu_resumed":false,"destructive_started":true,"recovery_required":true}
2026-09-10 20:18:00 @mori {"event":"ag32_batch_status","state":"running","phase":"verify","message":"AG32 batch update queued","processed":104168,"total":108924,"device_id":1075838977,"dp_idcode":731911287,"records":3,"programmed":108924,"verified":104168,"error":"ESP_OK","cleanup_error":"ESP_OK","address":2147487740,"swd_ack":0,"stack_free_min":0,"mcu_resumed":false,"destructive_started":true,"recovery_required":true}
2026-09-10 20:18:01 @mori {"event":"ag32_batch_status","state":"running","phase":"verify","message":"AG32 batch update queued","processed":105192,"total":108924,"device_id":1075838977,"dp_idcode":731911287,"records":3,"programmed":108924,"verified":105192,"error":"ESP_OK","cleanup_error":"ESP_OK","address":2147488764,"swd_ack":0,"stack_free_min":0,"mcu_resumed":false,"destructive_started":true,"recovery_required":true}
2026-09-10 20:18:01 @mori {"event":"ag32_batch_status","state":"running","phase":"verify","message":"AG32 batch update queued","processed":105192,"total":108924,"device_id":1075838977,"dp_idcode":731911287,"records":3,"programmed":108924,"verified":105192,"error":"ESP_OK","cleanup_error":"ESP_OK","address":2147488764,"swd_ack":0,"stack_free_min":0,"mcu_resumed":false,"destructive_started":true,"recovery_required":true}
2026-09-10 20:18:02 @mori {"event":"ag32_batch_status","state":"running","phase":"verify","message":"AG32 batch update queued","processed":106216,"total":108924,"device_id":1075838977,"dp_idcode":731911287,"records":3,"programmed":108924,"verified":106216,"error":"ESP_OK","cleanup_error":"ESP_OK","address":2147489788,"swd_ack":0,"stack_free_min":0,"mcu_resumed":false,"destructive_started":true,"recovery_required":true}
2026-09-10 20:18:02 @mori {"event":"ag32_batch_status","state":"running","phase":"verify","message":"AG32 batch update queued","processed":107240,"total":108924,"device_id":1075838977,"dp_idcode":731911287,"records":3,"programmed":108924,"verified":107240,"error":"ESP_OK","cleanup_error":"ESP_OK","address":2147490812,"swd_ack":0,"stack_free_min":0,"mcu_resumed":false,"destructive_started":true,"recovery_required":true}
2026-09-10 20:18:02 @mori {"event":"ag32_batch_status","state":"running","phase":"verify","message":"AG32 batch update queued","processed":107240,"total":108924,"device_id":1075838977,"dp_idcode":731911287,"records":3,"programmed":108924,"verified":107240,"error":"ESP_OK","cleanup_error":"ESP_OK","address":2147490812,"swd_ack":0,"stack_free_min":0,"mcu_resumed":false,"destructive_started":true,"recovery_required":true}
2026-09-10 20:18:03 @mori {"event":"ag32_batch_status","state":"running","phase":"verify","message":"AG32 batch update queued","processed":108264,"total":108924,"device_id":1075838977,"dp_idcode":731911287,"records":3,"programmed":108924,"verified":108264,"error":"ESP_OK","cleanup_error":"ESP_OK","address":2147491836,"swd_ack":0,"stack_free_min":0,"mcu_resumed":false,"destructive_started":true,"recovery_required":true}
2026-09-10 20:18:03 @mori {"event":"ag32_batch_status","state":"running","phase":"verify","message":"AG32 batch update queued","processed":108264,"total":108924,"device_id":1075838977,"dp_idcode":731911287,"records":3,"programmed":108924,"verified":108264,"error":"ESP_OK","cleanup_error":"ESP_OK","address":2147491836,"swd_ack":0,"stack_free_min":0,"mcu_resumed":false,"destructive_started":true,"recovery_required":true}
2026-09-10 20:18:04 I (232370) ag32_program: batch result=ESP_OK phase=reset address=80002290 ack=1 cleanup=ESP_OK records=3 programmed=108924 verified=108924
2026-09-10 20:18:04 I (232373) power_manager: CPU perf lock released by ag32_batch
2026-09-10 20:18:04 @mori {"event":"ag32_batch_status","state":"success","phase":"complete","message":"AG32 batch programmed and verified","processed":108924,"total":108924,"device_id":1075838977,"dp_idcode":731911287,"records":3,"programmed":108924,"verified":108924,"error":"ESP_OK","cleanup_error":"ESP_OK","address":2147492496,"swd_ack":1,"stack_free_min":4540,"mcu_resumed":true,"destructive_started":true,"recovery_required":false}
2026-09-10 20:18:04 @mori {"event":"cpld_info","ok":true,"error":"ESP_OK","block_bytes":1024}
2026-09-10 20:18:04 I (232733) mcu_debug: SWD DP IDCODE=0x2ba01477
2026-09-10 20:18:04 I (232734) mcu_debug: SWD DP status after ABORT=0xf0000041
2026-09-10 20:18:04 I (232735) mcu_debug: SWD DP CTRL/STAT=0xf0000041
2026-09-10 20:18:04 I (232737) mcu_debug: SWD AP IDR=0x1fff0011 CSW=0x23000042
2026-09-10 20:18:04 I (232748) mcu_debug: DMI DMSTATUS before halt=0x000f0ca2
2026-09-10 20:18:04 @mori {"event":"ag32_probe","ok":true,"error":"ESP_OK","status":"ok","dp_idcode":731911287,"device_id":1075838977}
2026-09-10 20:18:04 @mori {"event":"ui","process_calls":13224,"render_calls":446,"music_polls":2020,"model_bytes":15352,"directory_scans":0,"cache_hits":0,"page":20,"selected":0,"count":7,"preview_generation":0,"file_worker_stack_free":14760,"file_start_active":false,"preview_active":false,"preview_done":false,"preview_available":false,"screen_dimmed":false,"selection":"选择AG32固件","status":"AG32更新成功"}
2026-09-10 20:18:04 @mori {"event":"key","message":"b"}
2026-09-10 20:18:04 @mori {"event":"ui","process_calls":13229,"render_calls":447,"music_polls":2022,"model_bytes":15352,"directory_scans":0,"cache_hits":0,"page":0,"selected":0,"count":5,"preview_generation":0,"file_worker_stack_free":14760,"file_start_active":false,"preview_active":false,"preview_done":false,"preview_available":false,"screen_dimmed":false,"selection":"系统","status":"AG32更新成功"}
2026-09-10 20:18:04 @mori {"event":"ui","process_calls":13231,"render_calls":447,"music_polls":2022,"model_bytes":15352,"directory_scans":0,"cache_hits":0,"page":0,"selected":0,"count":5,"preview_generation":0,"file_worker_stack_free":14760,"file_start_active":false,"preview_active":false,"preview_done":false,"preview_available":false,"screen_dimmed":false,"selection":"系统","status":"AG32更新成功"}
2026-09-10 20:18:04 @mori {"event":"key","message":"a"}
2026-09-10 20:18:04 @mori {"event":"ui","process_calls":13235,"render_calls":448,"music_polls":2023,"model_bytes":15352,"directory_scans":0,"cache_hits":0,"page":1,"selected":0,"count":5,"preview_generation":0,"file_worker_stack_free":14760,"file_start_active":false,"preview_active":false,"preview_done":false,"preview_available":false,"screen_dimmed":false,"selection":"Apps","status":"AG32更新成功"}
2026-09-10 20:18:04 @mori {"event":"ui","process_calls":13238,"render_calls":448,"music_polls":2023,"model_bytes":15352,"directory_scans":0,"cache_hits":0,"page":1,"selected":0,"count":5,"preview_generation":0,"file_worker_stack_free":14760,"file_start_active":false,"preview_active":false,"preview_done":false,"preview_available":false,"screen_dimmed":false,"selection":"Apps","status":"AG32更新成功"}
2026-09-10 20:18:04 @mori {"event":"key","message":"down"}
2026-09-10 20:18:04 @mori {"event":"ui","process_calls":13246,"render_calls":454,"music_polls":2024,"model_bytes":15352,"directory_scans":0,"cache_hits":0,"page":1,"selected":4,"count":5,"preview_generation":0,"file_worker_stack_free":14760,"file_start_active":false,"preview_active":false,"preview_done":false,"preview_available":false,"screen_dimmed":false,"selection":"Wi-Fi","status":"AG32更新成功"}
2026-09-10 20:18:04 @mori {"event":"key","message":"down"}
2026-09-10 20:18:05 @mori {"event":"ui","process_calls":13254,"render_calls":462,"music_polls":2026,"model_bytes":15352,"directory_scans":0,"cache_hits":0,"page":1,"selected":0,"count":5,"preview_generation":0,"file_worker_stack_free":14760,"file_start_active":false,"preview_active":false,"preview_done":false,"preview_available":false,"screen_dimmed":false,"selection":"Apps","status":"AG32更新成功"}
2026-09-10 20:18:05 @mori {"event":"key","message":"down"}
2026-09-10 20:18:05 @mori {"event":"ui","process_calls":13262,"render_calls":470,"music_polls":2027,"model_bytes":15352,"directory_scans":0,"cache_hits":0,"page":1,"selected":4,"count":5,"preview_generation":0,"file_worker_stack_free":14760,"file_start_active":false,"preview_active":false,"preview_done":false,"preview_available":false,"screen_dimmed":false,"selection":"Wi-Fi","status":"AG32更新成功"}
2026-09-10 20:18:05 @mori {"event":"key","message":"down"}
2026-09-10 20:18:05 @mori {"event":"ui","process_calls":13270,"render_calls":478,"music_polls":2028,"model_bytes":15352,"directory_scans":0,"cache_hits":0,"page":1,"selected":0,"count":5,"preview_generation":0,"file_worker_stack_free":14760,"file_start_active":false,"preview_active":false,"preview_done":false,"preview_available":false,"screen_dimmed":false,"selection":"Apps","status":"AG32更新成功"}
2026-09-10 20:18:05 @mori {"event":"key","message":"down"}
2026-09-10 20:18:05 @mori {"event":"ui","process_calls":13279,"render_calls":487,"music_polls":2029,"model_bytes":15352,"directory_scans":0,"cache_hits":0,"page":1,"selected":4,"count":5,"preview_generation":0,"file_worker_stack_free":14760,"file_start_active":false,"preview_active":false,"preview_done":false,"preview_available":false,"screen_dimmed":false,"selection":"Wi-Fi","status":"AG32更新成功"}
2026-09-10 20:18:05 @mori {"event":"key","message":"down"}
2026-09-10 20:18:05 @mori {"event":"ui","process_calls":13287,"render_calls":495,"music_polls":2031,"model_bytes":15352,"directory_scans":0,"cache_hits":0,"page":1,"selected":0,"count":5,"preview_generation":0,"file_worker_stack_free":14760,"file_start_active":false,"preview_active":false,"preview_done":false,"preview_available":false,"screen_dimmed":false,"selection":"Apps","status":"AG32更新成功"}
2026-09-10 20:19:25 @mori {"event":"status","version":"v2.32-108-gb7f098c-dirty","uptime_ms":312593,"internal_free":73535,"internal_largest":31744,"psram_free":7556220,"burn_running":false,"patch_running":false,"cancel_requested":false,"phase":"","detail":"","offset":0,"total":0,"passes":0,"read_bytes":0,"read_ms":0,"elapsed_ms":0,"result":0,"ag32_link":"auto","ag32_link_active":"unknown","ag32_capabilities":0,"ag32_capabilities_known":false}
2026-09-10 20:19:25 @mori {"event":"ag32_batch_status","state":"success","phase":"complete","message":"AG32 batch programmed and verified","processed":108924,"total":108924,"device_id":1075838977,"dp_idcode":731911287,"records":3,"programmed":108924,"verified":108924,"error":"ESP_OK","cleanup_error":"ESP_OK","address":2147492496,"swd_ack":1,"stack_free_min":4540,"mcu_resumed":true,"destructive_started":true,"recovery_required":false}
2026-09-10 20:19:25 I (313895) mcu_debug: SWD DP IDCODE=0x2ba01477
2026-09-10 20:19:25 I (313896) mcu_debug: SWD DP status after ABORT=0xf0000041
2026-09-10 20:19:25 I (313897) mcu_debug: SWD DP CTRL/STAT=0xf0000041
2026-09-10 20:19:25 I (313900) mcu_debug: SWD AP IDR=0x1fff0011 CSW=0x23000042
2026-09-10 20:19:25 I (313905) mcu_debug: DMI DMSTATUS before halt=0x000f0ca2
2026-09-10 20:19:25 @mori {"event":"ag32_probe","ok":true,"error":"ESP_OK","status":"ok","dp_idcode":731911287,"device_id":1075838977}
2026-09-10 20:19:25 I (313931) mcu_debug: SWD DP IDCODE=0x2ba01477
2026-09-10 20:19:25 I (313932) mcu_debug: SWD DP status after ABORT=0xf0000041
2026-09-10 20:19:25 I (313934) mcu_debug: SWD DP CTRL/STAT=0xf0000041
2026-09-10 20:19:25 I (313935) mcu_debug: SWD AP IDR=0x1fff0011 CSW=0x23000042
2026-09-10 20:19:25 I (313941) mcu_debug: DMI DMSTATUS before halt=0x000f0ca2
2026-09-10 20:19:25 @mori {"event":"ag32_probe","ok":true,"error":"ESP_OK","status":"ok","dp_idcode":731911287,"device_id":1075838977}
2026-09-10 20:19:25 I (313967) mcu_debug: SWD DP IDCODE=0x2ba01477
2026-09-10 20:19:25 I (313968) mcu_debug: SWD DP status after ABORT=0xf0000041
2026-09-10 20:19:25 I (313969) mcu_debug: SWD DP CTRL/STAT=0xf0000041
2026-09-10 20:19:25 I (313971) mcu_debug: SWD AP IDR=0x1fff0011 CSW=0x23000042
2026-09-10 20:19:25 I (313977) mcu_debug: DMI DMSTATUS before halt=0x000f0ca2
2026-09-10 20:19:25 @mori {"event":"ag32_probe","ok":true,"error":"ESP_OK","status":"ok","dp_idcode":731911287,"device_id":1075838977}
2026-09-10 20:19:25 I (314004) mcu_debug: SWD DP IDCODE=0x2ba01477
2026-09-10 20:19:25 I (314005) mcu_debug: SWD DP status after ABORT=0xf0000041
2026-09-10 20:19:25 I (314006) mcu_debug: SWD DP CTRL/STAT=0xf0000041
2026-09-10 20:19:25 I (314008) mcu_debug: SWD AP IDR=0x1fff0011 CSW=0x23000042
2026-09-10 20:19:25 I (314014) mcu_debug: DMI DMSTATUS before halt=0x000f0ca2
2026-09-10 20:19:25 @mori {"event":"ag32_probe","ok":true,"error":"ESP_OK","status":"ok","dp_idcode":731911287,"device_id":1075838977}
2026-09-10 20:19:25 I (314040) mcu_debug: SWD DP IDCODE=0x2ba01477
2026-09-10 20:19:25 I (314041) mcu_debug: SWD DP status after ABORT=0xf0000041
2026-09-10 20:19:25 I (314042) mcu_debug: SWD DP CTRL/STAT=0xf0000041
2026-09-10 20:19:25 I (314045) mcu_debug: SWD AP IDR=0x1fff0011 CSW=0x23000042
2026-09-10 20:19:25 I (314050) mcu_debug: DMI DMSTATUS before halt=0x000f0ca2
2026-09-10 20:19:25 @mori {"event":"ag32_probe","ok":true,"error":"ESP_OK","status":"ok","dp_idcode":731911287,"device_id":1075838977}
2026-09-10 20:19:25 I (314076) mcu_debug: SWD DP IDCODE=0x2ba01477
2026-09-10 20:19:25 I (314077) mcu_debug: SWD DP status after ABORT=0xf0000041
2026-09-10 20:19:25 I (314079) mcu_debug: SWD DP CTRL/STAT=0xf0000041
2026-09-10 20:19:25 I (314081) mcu_debug: SWD AP IDR=0x1fff0011 CSW=0x23000042
2026-09-10 20:19:25 I (314086) mcu_debug: DMI DMSTATUS before halt=0x000f0ca2
2026-09-10 20:19:25 @mori {"event":"ag32_probe","ok":true,"error":"ESP_OK","status":"ok","dp_idcode":731911287,"device_id":1075838977}
2026-09-10 20:19:25 I (314112) mcu_debug: SWD DP IDCODE=0x2ba01477
2026-09-10 20:19:25 I (314113) mcu_debug: SWD DP status after ABORT=0xf0000041
2026-09-10 20:19:25 I (314114) mcu_debug: SWD DP CTRL/STAT=0xf0000041
2026-09-10 20:19:25 I (314116) mcu_debug: SWD AP IDR=0x1fff0011 CSW=0x23000042
2026-09-10 20:19:25 I (314122) mcu_debug: DMI DMSTATUS before halt=0x000f0ca2
2026-09-10 20:19:25 @mori {"event":"ag32_probe","ok":true,"error":"ESP_OK","status":"ok","dp_idcode":731911287,"device_id":1075838977}
2026-09-10 20:19:25 I (314148) mcu_debug: SWD DP IDCODE=0x2ba01477
2026-09-10 20:19:25 I (314149) mcu_debug: SWD DP status after ABORT=0xf0000041
2026-09-10 20:19:25 I (314150) mcu_debug: SWD DP CTRL/STAT=0xf0000041
2026-09-10 20:19:25 I (314152) mcu_debug: SWD AP IDR=0x1fff0011 CSW=0x23000042
2026-09-10 20:19:25 I (314158) mcu_debug: DMI DMSTATUS before halt=0x000f0ca2
2026-09-10 20:19:25 @mori {"event":"ag32_probe","ok":true,"error":"ESP_OK","status":"ok","dp_idcode":731911287,"device_id":1075838977}
2026-09-10 20:19:25 I (314184) mcu_debug: SWD DP IDCODE=0x2ba01477
2026-09-10 20:19:25 I (314185) mcu_debug: SWD DP status after ABORT=0xf0000041
2026-09-10 20:19:25 I (314186) mcu_debug: SWD DP CTRL/STAT=0xf0000041
2026-09-10 20:19:25 I (314189) mcu_debug: SWD AP IDR=0x1fff0011 CSW=0x23000042
2026-09-10 20:19:25 I (314194) mcu_debug: DMI DMSTATUS before halt=0x000f0ca2
2026-09-10 20:19:25 @mori {"event":"ag32_probe","ok":true,"error":"ESP_OK","status":"ok","dp_idcode":731911287,"device_id":1075838977}
2026-09-10 20:19:25 I (314220) mcu_debug: SWD DP IDCODE=0x2ba01477
2026-09-10 20:19:25 I (314221) mcu_debug: SWD DP status after ABORT=0xf0000041
2026-09-10 20:19:25 I (314222) mcu_debug: SWD DP CTRL/STAT=0xf0000041
2026-09-10 20:19:25 I (314224) mcu_debug: SWD AP IDR=0x1fff0011 CSW=0x23000042
2026-09-10 20:19:25 I (314230) mcu_debug: DMI DMSTATUS before halt=0x000f0ca2
2026-09-10 20:19:25 @mori {"event":"ag32_probe","ok":true,"error":"ESP_OK","status":"ok","dp_idcode":731911287,"device_id":1075838977}
2026-09-10 20:19:25 I (314256) mcu_debug: SWD DP IDCODE=0x2ba01477
2026-09-10 20:19:25 I (314257) mcu_debug: SWD DP status after ABORT=0xf0000041
2026-09-10 20:19:25 I (314258) mcu_debug: SWD DP CTRL/STAT=0xf0000041
2026-09-10 20:19:25 I (314260) mcu_debug: SWD AP IDR=0x1fff0011 CSW=0x23000042
2026-09-10 20:19:25 I (314266) mcu_debug: DMI DMSTATUS before halt=0x000f0ca2
2026-09-10 20:19:25 @mori {"event":"ag32_probe","ok":true,"error":"ESP_OK","status":"ok","dp_idcode":731911287,"device_id":1075838977}
2026-09-10 20:19:25 I (314292) mcu_debug: SWD DP IDCODE=0x2ba01477
2026-09-10 20:19:25 I (314297) mcu_debug: SWD DP status after ABORT=0xf0000041
2026-09-10 20:19:25 I (314304) mcu_debug: SWD DP CTRL/STAT=0xf0000041
2026-09-10 20:19:25 I (314307) mcu_debug: SWD AP IDR=0x1fff0011 CSW=0x23000042
2026-09-10 20:19:25 I (314309) mcu_debug: DMI DMSTATUS before halt=0x000f0ca2
2026-09-10 20:19:25 @mori {"event":"ag32_probe","ok":true,"error":"ESP_OK","status":"ok","dp_idcode":731911287,"device_id":1075838977}
2026-09-10 20:19:25 I (314331) mcu_debug: SWD DP IDCODE=0x2ba01477
2026-09-10 20:19:25 I (314332) mcu_debug: SWD DP status after ABORT=0xf0000041
2026-09-10 20:19:25 I (314333) mcu_debug: SWD DP CTRL/STAT=0xf0000041
2026-09-10 20:19:25 I (314335) mcu_debug: SWD AP IDR=0x1fff0011 CSW=0x23000042
2026-09-10 20:19:25 I (314341) mcu_debug: DMI DMSTATUS before halt=0x000f0ca2
2026-09-10 20:19:25 @mori {"event":"ag32_probe","ok":true,"error":"ESP_OK","status":"ok","dp_idcode":731911287,"device_id":1075838977}
2026-09-10 20:19:25 I (314367) mcu_debug: SWD DP IDCODE=0x2ba01477
2026-09-10 20:19:25 I (314368) mcu_debug: SWD DP status after ABORT=0xf0000041
2026-09-10 20:19:25 I (314369) mcu_debug: SWD DP CTRL/STAT=0xf0000041
2026-09-10 20:19:25 I (314372) mcu_debug: SWD AP IDR=0x1fff0011 CSW=0x23000042
2026-09-10 20:19:25 I (314377) mcu_debug: DMI DMSTATUS before halt=0x000f0ca2
2026-09-10 20:19:25 @mori {"event":"ag32_probe","ok":true,"error":"ESP_OK","status":"ok","dp_idcode":731911287,"device_id":1075838977}
2026-09-10 20:19:25 I (314403) mcu_debug: SWD DP IDCODE=0x2ba01477
2026-09-10 20:19:25 I (314404) mcu_debug: SWD DP status after ABORT=0xf0000041
2026-09-10 20:19:25 I (314406) mcu_debug: SWD DP CTRL/STAT=0xf0000041
2026-09-10 20:19:25 I (314408) mcu_debug: SWD AP IDR=0x1fff0011 CSW=0x23000042
2026-09-10 20:19:26 I (314413) mcu_debug: DMI DMSTATUS before halt=0x000f0ca2
2026-09-10 20:19:26 @mori {"event":"ag32_probe","ok":true,"error":"ESP_OK","status":"ok","dp_idcode":731911287,"device_id":1075838977}
2026-09-10 20:19:26 I (314439) mcu_debug: SWD DP IDCODE=0x2ba01477
2026-09-10 20:19:26 I (314440) mcu_debug: SWD DP status after ABORT=0xf0000041
2026-09-10 20:19:26 I (314441) mcu_debug: SWD DP CTRL/STAT=0xf0000041
2026-09-10 20:19:26 I (314443) mcu_debug: SWD AP IDR=0x1fff0011 CSW=0x23000042
2026-09-10 20:19:26 I (314449) mcu_debug: DMI DMSTATUS before halt=0x000f0ca2
2026-09-10 20:19:26 @mori {"event":"ag32_probe","ok":true,"error":"ESP_OK","status":"ok","dp_idcode":731911287,"device_id":1075838977}
2026-09-10 20:19:26 I (314475) mcu_debug: SWD DP IDCODE=0x2ba01477
2026-09-10 20:19:26 I (314476) mcu_debug: SWD DP status after ABORT=0xf0000041
2026-09-10 20:19:26 I (314477) mcu_debug: SWD DP CTRL/STAT=0xf0000041
2026-09-10 20:19:26 I (314479) mcu_debug: SWD AP IDR=0x1fff0011 CSW=0x23000042
2026-09-10 20:19:26 I (314485) mcu_debug: DMI DMSTATUS before halt=0x000f0ca2
2026-09-10 20:19:26 @mori {"event":"ag32_probe","ok":true,"error":"ESP_OK","status":"ok","dp_idcode":731911287,"device_id":1075838977}
2026-09-10 20:19:26 I (314511) mcu_debug: SWD DP IDCODE=0x2ba01477
2026-09-10 20:19:26 I (314512) mcu_debug: SWD DP status after ABORT=0xf0000041
2026-09-10 20:19:26 I (314513) mcu_debug: SWD DP CTRL/STAT=0xf0000041
2026-09-10 20:19:26 I (314516) mcu_debug: SWD AP IDR=0x1fff0011 CSW=0x23000042
2026-09-10 20:19:26 I (314521) mcu_debug: DMI DMSTATUS before halt=0x000f0ca2
2026-09-10 20:19:26 @mori {"event":"ag32_probe","ok":true,"error":"ESP_OK","status":"ok","dp_idcode":731911287,"device_id":1075838977}
2026-09-10 20:19:26 I (314548) mcu_debug: SWD DP IDCODE=0x2ba01477
2026-09-10 20:19:26 I (314549) mcu_debug: SWD DP status after ABORT=0xf0000041
2026-09-10 20:19:26 I (314551) mcu_debug: SWD DP CTRL/STAT=0xf0000041
2026-09-10 20:19:26 I (314553) mcu_debug: SWD AP IDR=0x1fff0011 CSW=0x23000042
2026-09-10 20:19:26 I (314558) mcu_debug: DMI DMSTATUS before halt=0x000f0ca2
2026-09-10 20:19:26 @mori {"event":"ag32_probe","ok":true,"error":"ESP_OK","status":"ok","dp_idcode":731911287,"device_id":1075838977}
2026-09-10 20:19:26 I (314584) mcu_debug: SWD DP IDCODE=0x2ba01477
2026-09-10 20:19:26 I (314585) mcu_debug: SWD DP status after ABORT=0xf0000041
2026-09-10 20:19:26 I (314586) mcu_debug: SWD DP CTRL/STAT=0xf0000041
2026-09-10 20:19:26 I (314588) mcu_debug: SWD AP IDR=0x1fff0011 CSW=0x23000042
2026-09-10 20:19:26 I (314594) mcu_debug: DMI DMSTATUS before halt=0x000f0ca2
2026-09-10 20:19:26 @mori {"event":"ag32_probe","ok":true,"error":"ESP_OK","status":"ok","dp_idcode":731911287,"device_id":1075838977}
2026-09-10 20:19:26 I (314619) power_manager: CPU perf lock acquired by ag32_batch
2026-09-10 20:19:26 @mori {"event":"ag32_batch_started","message":"ESP_OK"}
2026-09-10 20:19:26 I (314626) ag32_program: batch result=ESP_ERR_NOT_FOUND phase=load address=00000000 ack=0 cleanup=ESP_OK records=0 programmed=0 verified=0
2026-09-10 20:19:26 I (314632) power_manager: CPU perf lock released by ag32_batch
2026-09-10 20:19:26 @mori {"event":"ag32_batch_status","state":"running","phase":"load","message":"AG32 batch update queued","processed":0,"total":0,"device_id":0,"dp_idcode":0,"records":0,"programmed":0,"verified":0,"error":"ESP_OK","cleanup_error":"ESP_OK","address":0,"swd_ack":0,"stack_free_min":0,"mcu_resumed":false,"destructive_started":false,"recovery_required":false}
2026-09-10 20:19:26 @mori {"event":"ag32_batch_status","state":"failed","phase":"load","message":"load: cannot open batch file (ESP_ERR_NOT_FOUND)","processed":0,"total":0,"device_id":0,"dp_idcode":0,"records":0,"programmed":0,"verified":0,"error":"ESP_ERR_NOT_FOUND","cleanup_error":"ESP_OK","address":0,"swd_ack":0,"stack_free_min":4540,"mcu_resumed":false,"destructive_started":false,"recovery_required":false}
2026-09-10 20:19:26 I (315115) mcu_debug: SWD DP IDCODE=0x2ba01477
2026-09-10 20:19:26 I (315116) mcu_debug: SWD DP status after ABORT=0xf0000041
2026-09-10 20:19:26 I (315117) mcu_debug: SWD DP CTRL/STAT=0xf0000041
2026-09-10 20:19:26 I (315120) mcu_debug: SWD AP IDR=0x1fff0011 CSW=0x23000042
2026-09-10 20:19:26 I (315125) mcu_debug: DMI DMSTATUS before halt=0x000f0ca2
2026-09-10 20:19:26 @mori {"event":"ag32_probe","ok":true,"error":"ESP_OK","status":"ok","dp_idcode":731911287,"device_id":1075838977}
2026-09-10 20:19:27 @mori {"event":"ag32_batch_check","ok":true,"error":"","records":3,"payload_bytes":108924}
2026-09-10 20:19:27 @mori {"event":"ui","process_calls":18363,"render_calls":605,"music_polls":2756,"model_bytes":15352,"directory_scans":0,"cache_hits":0,"page":1,"selected":0,"count":5,"preview_generation":0,"file_worker_stack_free":14760,"file_start_active":false,"preview_active":false,"preview_done":false,"preview_available":false,"screen_dimmed":true,"selection":"Apps","status":"AG32更新成功"}
2026-09-10 20:19:27 @mori {"event":"key","message":"b"}
2026-09-10 20:19:27 @mori {"event":"ui","process_calls":18372,"render_calls":605,"music_polls":2758,"model_bytes":15352,"directory_scans":0,"cache_hits":0,"page":1,"selected":0,"count":5,"preview_generation":0,"file_worker_stack_free":14760,"file_start_active":false,"preview_active":false,"preview_done":false,"preview_available":false,"screen_dimmed":false,"selection":"Apps","status":"AG32更新成功"}
2026-09-10 20:19:27 @mori {"event":"key","message":"b"}
2026-09-10 20:19:27 @mori {"event":"ui","process_calls":18377,"render_calls":606,"music_polls":2759,"model_bytes":15352,"directory_scans":0,"cache_hits":0,"page":0,"selected":0,"count":5,"preview_generation":0,"file_worker_stack_free":14760,"file_start_active":false,"preview_active":false,"preview_done":false,"preview_available":false,"screen_dimmed":false,"selection":"系统","status":"AG32更新成功"}
2026-09-10 20:19:27 @mori {"event":"ui","process_calls":18379,"render_calls":606,"music_polls":2759,"model_bytes":15352,"directory_scans":0,"cache_hits":0,"page":0,"selected":0,"count":5,"preview_generation":0,"file_worker_stack_free":14760,"file_start_active":false,"preview_active":false,"preview_done":false,"preview_available":false,"screen_dimmed":false,"selection":"系统","status":"AG32更新成功"}
2026-09-10 20:19:27 @mori {"event":"key","message":"a"}
2026-09-10 20:19:27 @mori {"event":"ui","process_calls":18384,"render_calls":607,"music_polls":2760,"model_bytes":15352,"directory_scans":0,"cache_hits":0,"page":1,"selected":0,"count":5,"preview_generation":0,"file_worker_stack_free":14760,"file_start_active":false,"preview_active":false,"preview_done":false,"preview_available":false,"screen_dimmed":false,"selection":"Apps","status":"AG32更新成功"}
2026-09-10 20:19:27 @mori {"event":"ui","process_calls":18386,"render_calls":607,"music_polls":2760,"model_bytes":15352,"directory_scans":0,"cache_hits":0,"page":1,"selected":0,"count":5,"preview_generation":0,"file_worker_stack_free":14760,"file_start_active":false,"preview_active":false,"preview_done":false,"preview_available":false,"screen_dimmed":false,"selection":"Apps","status":"AG32更新成功"}
2026-09-10 20:19:27 @mori {"event":"key","message":"right"}
2026-09-10 20:19:27 @mori {"event":"ui","process_calls":18395,"render_calls":613,"music_polls":2761,"model_bytes":15352,"directory_scans":0,"cache_hits":0,"page":1,"selected":1,"count":5,"preview_generation":0,"file_worker_stack_free":14760,"file_start_active":false,"preview_active":false,"preview_done":false,"preview_available":false,"screen_dimmed":false,"selection":"TF","status":"AG32更新成功"}
2026-09-10 20:19:27 @mori {"event":"key","message":"right"}
2026-09-10 20:19:27 @mori {"event":"ui","process_calls":18403,"render_calls":621,"music_polls":2762,"model_bytes":15352,"directory_scans":0,"cache_hits":0,"page":1,"selected":2,"count":5,"preview_generation":0,"file_worker_stack_free":14760,"file_start_active":false,"preview_active":false,"preview_done":false,"preview_available":false,"screen_dimmed":false,"selection":"设置","status":"AG32更新成功"}
2026-09-10 20:19:28 @mori {"event":"key","message":"a"}
2026-09-10 20:19:28 @mori {"event":"ui","process_calls":18408,"render_calls":626,"music_polls":2764,"model_bytes":15352,"directory_scans":0,"cache_hits":0,"page":17,"selected":0,"count":11,"preview_generation":0,"file_worker_stack_free":14760,"file_start_active":false,"preview_active":false,"preview_done":false,"preview_available":false,"screen_dimmed":false,"selection":"亮度","status":"AG32更新成功"}
2026-09-10 20:19:28 @mori {"event":"ui","process_calls":18411,"render_calls":629,"music_polls":2764,"model_bytes":15352,"directory_scans":0,"cache_hits":0,"page":17,"selected":0,"count":11,"preview_generation":0,"file_worker_stack_free":14760,"file_start_active":false,"preview_active":false,"preview_done":false,"preview_available":false,"screen_dimmed":false,"selection":"亮度","status":"AG32更新成功"}
2026-09-10 20:19:28 @mori {"event":"key","message":"down"}
2026-09-10 20:19:28 @mori {"event":"ui","process_calls":18420,"render_calls":638,"music_polls":2765,"model_bytes":15352,"directory_scans":0,"cache_hits":0,"page":17,"selected":1,"count":11,"preview_generation":0,"file_worker_stack_free":14760,"file_start_active":false,"preview_active":false,"preview_done":false,"preview_available":false,"screen_dimmed":false,"selection":"音量","status":"AG32更新成功"}
2026-09-10 20:19:28 @mori {"event":"key","message":"down"}
2026-09-10 20:19:28 @mori {"event":"ui","process_calls":18429,"render_calls":647,"music_polls":2767,"model_bytes":15352,"directory_scans":0,"cache_hits":0,"page":17,"selected":2,"count":11,"preview_generation":0,"file_worker_stack_free":14760,"file_start_active":false,"preview_active":false,"preview_done":false,"preview_available":false,"screen_dimmed":false,"selection":"重启","status":"AG32更新成功"}
2026-09-10 20:19:28 @mori {"event":"key","message":"down"}
2026-09-10 20:19:28 @mori {"event":"ui","process_calls":18439,"render_calls":657,"music_polls":2768,"model_bytes":15352,"directory_scans":0,"cache_hits":0,"page":17,"selected":3,"count":11,"preview_generation":0,"file_worker_stack_free":14760,"file_start_active":false,"preview_active":false,"preview_done":false,"preview_available":false,"screen_dimmed":false,"selection":"存储","status":"AG32更新成功"}
2026-09-10 20:19:28 @mori {"event":"key","message":"down"}
2026-09-10 20:19:28 @mori {"event":"ui","process_calls":18448,"render_calls":666,"music_polls":2769,"model_bytes":15352,"directory_scans":0,"cache_hits":0,"page":17,"selected":4,"count":11,"preview_generation":0,"file_worker_stack_free":14760,"file_start_active":false,"preview_active":false,"preview_done":false,"preview_available":false,"screen_dimmed":false,"selection":"Wi-Fi","status":"AG32更新成功"}
2026-09-10 20:19:28 @mori {"event":"key","message":"down"}
2026-09-10 20:19:28 @mori {"event":"ui","process_calls":18457,"render_calls":675,"music_polls":2771,"model_bytes":15352,"directory_scans":0,"cache_hits":0,"page":17,"selected":5,"count":11,"preview_generation":0,"file_worker_stack_free":14760,"file_start_active":false,"preview_active":false,"preview_done":false,"preview_available":false,"screen_dimmed":false,"selection":"更新GBX缓存","status":"AG32更新成功"}
2026-09-10 20:19:28 @mori {"event":"key","message":"down"}
2026-09-10 20:19:29 @mori {"event":"ui","process_calls":18466,"render_calls":684,"music_polls":2772,"model_bytes":15352,"directory_scans":0,"cache_hits":0,"page":17,"selected":6,"count":11,"preview_generation":0,"file_worker_stack_free":14760,"file_start_active":false,"preview_active":false,"preview_done":false,"preview_available":false,"screen_dimmed":false,"selection":"语言","status":"AG32更新成功"}
2026-09-10 20:19:29 @mori {"event":"key","message":"down"}
2026-09-10 20:19:29 @mori {"event":"ui","process_calls":18476,"render_calls":694,"music_polls":2773,"model_bytes":15352,"directory_scans":0,"cache_hits":0,"page":17,"selected":7,"count":11,"preview_generation":0,"file_worker_stack_free":14760,"file_start_active":false,"preview_active":false,"preview_done":false,"preview_available":false,"screen_dimmed":false,"selection":"固件全量升级","status":"AG32更新成功"}
2026-09-10 20:19:29 @mori {"event":"key","message":"down"}
2026-09-10 20:19:29 @mori {"event":"ui","process_calls":18486,"render_calls":704,"music_polls":2775,"model_bytes":15352,"directory_scans":0,"cache_hits":0,"page":17,"selected":8,"count":11,"preview_generation":0,"file_worker_stack_free":14760,"file_start_active":false,"preview_active":false,"preview_done":false,"preview_available":false,"screen_dimmed":false,"selection":"网页部署","status":"AG32更新成功"}
2026-09-10 20:19:29 @mori {"event":"key","message":"down"}
2026-09-10 20:19:29 @mori {"event":"ui","process_calls":18496,"render_calls":714,"music_polls":2776,"model_bytes":15352,"directory_scans":0,"cache_hits":0,"page":17,"selected":9,"count":11,"preview_generation":0,"file_worker_stack_free":14760,"file_start_active":false,"preview_active":false,"preview_done":false,"preview_available":false,"screen_dimmed":false,"selection":"任务状态","status":"AG32更新成功"}
2026-09-10 20:19:29 @mori {"event":"key","message":"down"}
2026-09-10 20:19:29 @mori {"event":"ui","process_calls":18506,"render_calls":724,"music_polls":2778,"model_bytes":15352,"directory_scans":0,"cache_hits":0,"page":17,"selected":10,"count":11,"preview_generation":0,"file_worker_stack_free":14760,"file_start_active":false,"preview_active":false,"preview_done":false,"preview_available":false,"screen_dimmed":false,"selection":"AG32固件更新","status":"AG32更新成功"}
2026-09-10 20:19:29 @mori {"event":"key","message":"a"}
2026-09-10 20:19:29 @mori {"event":"ui","process_calls":18512,"render_calls":730,"music_polls":2779,"model_bytes":15352,"directory_scans":0,"cache_hits":0,"page":20,"selected":0,"count":7,"preview_generation":0,"file_worker_stack_free":14760,"file_start_active":false,"preview_active":false,"preview_done":false,"preview_available":false,"screen_dimmed":false,"selection":"选择AG32固件","status":"从TF卡选择Batch文件"}
2026-09-10 20:19:29 @mori {"event":"key","message":"a"}
2026-09-10 20:19:30 @mori {"event":"ui","process_calls":18518,"render_calls":736,"music_polls":2780,"model_bytes":15352,"directory_scans":1,"cache_hits":0,"page":6,"selected":0,"count":24,"preview_generation":0,"file_worker_stack_free":14760,"file_start_active":false,"preview_active":false,"preview_done":false,"preview_available":false,"screen_dimmed":false,"selection":"_gba","status":"从TF卡选择Batch文件"}
2026-09-10 20:19:30 @mori {"event":"ui","process_calls":18522,"render_calls":740,"music_polls":2781,"model_bytes":15352,"directory_scans":1,"cache_hits":0,"page":6,"selected":0,"count":24,"preview_generation":0,"file_worker_stack_free":14760,"file_start_active":false,"preview_active":false,"preview_done":false,"preview_available":false,"screen_dimmed":false,"selection":"_gba","status":"从TF卡选择Batch文件"}
2026-09-10 20:19:30 @mori {"event":"key","message":"down"}
2026-09-10 20:19:30 @mori {"event":"ui","process_calls":18532,"render_calls":750,"music_polls":2782,"model_bytes":15352,"directory_scans":1,"cache_hits":0,"page":6,"selected":1,"count":24,"preview_generation":0,"file_worker_stack_free":14760,"file_start_active":false,"preview_active":false,"preview_done":false,"preview_available":false,"screen_dimmed":false,"selection":"_nds","status":"从TF卡选择Batch文件"}
2026-09-10 20:19:30 @mori {"event":"key","message":"down"}
2026-09-10 20:19:30 @mori {"event":"ui","process_calls":18541,"render_calls":759,"music_polls":2784,"model_bytes":15352,"directory_scans":1,"cache_hits":0,"page":6,"selected":2,"count":24,"preview_generation":0,"file_worker_stack_free":14760,"file_start_active":false,"preview_active":false,"preview_done":false,"preview_available":false,"screen_dimmed":false,"selection":"dumps","status":"从TF卡选择Batch文件"}
2026-09-10 20:19:30 @mori {"event":"key","message":"down"}
2026-09-10 20:19:30 @mori {"event":"ui","process_calls":18551,"render_calls":769,"music_polls":2785,"model_bytes":15352,"directory_scans":1,"cache_hits":0,"page":6,"selected":3,"count":24,"preview_generation":0,"file_worker_stack_free":14760,"file_start_active":false,"preview_active":false,"preview_done":false,"preview_available":false,"screen_dimmed":false,"selection":"GBA汉化","status":"从TF卡选择Batch文件"}
2026-09-10 20:19:30 @mori {"event":"key","message":"down"}
2026-09-10 20:19:30 @mori {"event":"ui","process_calls":18561,"render_calls":779,"music_polls":2787,"model_bytes":15352,"directory_scans":1,"cache_hits":0,"page":6,"selected":4,"count":24,"preview_generation":0,"file_worker_stack_free":14760,"file_start_active":false,"preview_active":false,"preview_done":false,"preview_available":false,"screen_dimmed":false,"selection":"music","status":"从TF卡选择Batch文件"}
2026-09-10 20:19:30 @mori {"event":"key","message":"down"}
2026-09-10 20:19:30 @mori {"event":"ui","process_calls":18571,"render_calls":789,"music_polls":2788,"model_bytes":15352,"directory_scans":1,"cache_hits":0,"page":6,"selected":5,"count":24,"preview_generation":0,"file_worker_stack_free":14760,"file_start_active":false,"preview_active":false,"preview_done":false,"preview_available":false,"screen_dimmed":false,"selection":"retro-go","status":"从TF卡选择Batch文件"}
2026-09-10 20:19:30 @mori {"event":"key","message":"down"}
2026-09-10 20:19:31 @mori {"event":"ui","process_calls":18582,"render_calls":800,"music_polls":2790,"model_bytes":15352,"directory_scans":1,"cache_hits":0,"page":6,"selected":6,"count":24,"preview_generation":0,"file_worker_stack_free":14760,"file_start_active":false,"preview_active":false,"preview_done":false,"preview_available":false,"screen_dimmed":false,"selection":"ROM_OUTPUT","status":"从TF卡选择Batch文件"}
2026-09-10 20:19:31 @mori {"event":"key","message":"down"}
2026-09-10 20:19:31 @mori {"event":"ui","process_calls":18592,"render_calls":810,"music_polls":2791,"model_bytes":15352,"directory_scans":1,"cache_hits":0,"page":6,"selected":7,"count":24,"preview_generation":0,"file_worker_stack_free":14760,"file_start_active":false,"preview_active":false,"preview_done":false,"preview_available":false,"screen_dimmed":false,"selection":"romart","status":"从TF卡选择Batch文件"}
2026-09-10 20:19:31 @mori {"event":"key","message":"down"}
2026-09-10 20:19:31 @mori {"event":"ui","process_calls":18602,"render_calls":820,"music_polls":2792,"model_bytes":15352,"directory_scans":1,"cache_hits":0,"page":6,"selected":8,"count":24,"preview_generation":0,"file_worker_stack_free":14760,"file_start_active":false,"preview_active":false,"preview_done":false,"preview_available":false,"screen_dimmed":false,"selection":"roms","status":"从TF卡选择Batch文件"}
2026-09-10 20:19:31 @mori {"event":"key","message":"down"}
2026-09-10 20:19:31 @mori {"event":"ui","process_calls":18612,"render_calls":830,"music_polls":2794,"model_bytes":15352,"directory_scans":1,"cache_hits":0,"page":6,"selected":9,"count":24,"preview_generation":0,"file_worker_stack_free":14760,"file_start_active":false,"preview_active":false,"preview_done":false,"preview_available":false,"screen_dimmed":false,"selection":"SAVEGAME","status":"从TF卡选择Batch文件"}
2026-09-10 20:19:31 @mori {"event":"key","message":"down"}
2026-09-10 20:19:31 @mori {"event":"ui","process_calls":18622,"render_calls":840,"music_polls":2795,"model_bytes":15352,"directory_scans":1,"cache_hits":0,"page":6,"selected":10,"count":24,"preview_generation":0,"file_worker_stack_free":14760,"file_start_active":false,"preview_active":false,"preview_done":false,"preview_available":false,"screen_dimmed":false,"selection":"SRAM","status":"从TF卡选择Batch文件"}
2026-09-10 20:19:31 @mori {"event":"key","message":"down"}
2026-09-10 20:19:31 @mori {"event":"ui","process_calls":18632,"render_calls":850,"music_polls":2797,"model_bytes":15352,"directory_scans":1,"cache_hits":0,"page":6,"selected":11,"count":24,"preview_generation":0,"file_worker_stack_free":14760,"file_start_active":false,"preview_active":false,"preview_done":false,"preview_available":false,"screen_dimmed":false,"selection":"宝可梦","status":"从TF卡选择Batch文件"}
2026-09-10 20:19:31 @mori {"event":"key","message":"down"}
2026-09-10 20:19:32 @mori {"event":"ui","process_calls":18637,"render_calls":855,"music_polls":2798,"model_bytes":15352,"directory_scans":1,"cache_hits":0,"page":6,"selected":12,"count":24,"preview_generation":0,"file_worker_stack_free":14760,"file_start_active":false,"preview_active":false,"preview_done":false,"preview_available":false,"screen_dimmed":false,"selection":"ag32_cpld_20260910_hwtest.bin","status":"从TF卡选择Batch文件"}
2026-09-10 20:19:32 @mori {"event":"key","message":"down"}
2026-09-10 20:19:32 @mori {"event":"ui","process_calls":18646,"render_calls":864,"music_polls":2799,"model_bytes":15352,"directory_scans":1,"cache_hits":0,"page":6,"selected":13,"count":24,"preview_generation":0,"file_worker_stack_free":14760,"file_start_active":false,"preview_active":false,"preview_done":false,"preview_available":false,"screen_dimmed":false,"selection":"ag32_cpld_posedge_20260910.bin","status":"从TF卡选择Batch文件"}
2026-09-10 20:19:32 @mori {"event":"key","message":"a"}
2026-09-10 20:19:32 @mori {"event":"ui","process_calls":18651,"render_calls":869,"music_polls":2800,"model_bytes":15352,"directory_scans":1,"cache_hits":0,"page":20,"selected":4,"count":7,"preview_generation":1,"file_worker_stack_free":12392,"file_start_active":false,"preview_active":false,"preview_done":false,"preview_available":false,"screen_dimmed":false,"selection":"开始更新AG32","status":"固件校验通过"}
2026-09-10 20:19:32 @mori {"event":"key","message":"a"}
2026-09-10 20:19:32 @mori {"event":"ui","process_calls":18659,"render_calls":877,"music_polls":2802,"model_bytes":15352,"directory_scans":1,"cache_hits":0,"page":20,"selected":0,"count":4,"preview_generation":1,"file_worker_stack_free":12392,"file_start_active":false,"preview_active":false,"preview_done":false,"preview_available":false,"screen_dimmed":false,"selection":"取消","status":"将擦除并更新MCU和CPLD"}
2026-09-10 20:19:32 @mori {"event":"key","message":"b"}
2026-09-10 20:19:32 @mori {"event":"ui","process_calls":18666,"render_calls":884,"music_polls":2803,"model_bytes":15352,"directory_scans":1,"cache_hits":0,"page":20,"selected":4,"count":7,"preview_generation":1,"file_worker_stack_free":12392,"file_start_active":false,"preview_active":false,"preview_done":false,"preview_available":false,"screen_dimmed":false,"selection":"开始更新AG32","status":"已取消更新"}
2026-09-10 20:19:32 @mori {"event":"key","message":"a"}
2026-09-10 20:19:32 @mori {"event":"ui","process_calls":18672,"render_calls":890,"music_polls":2804,"model_bytes":15352,"directory_scans":1,"cache_hits":0,"page":20,"selected":0,"count":4,"preview_generation":1,"file_worker_stack_free":12392,"file_start_active":false,"preview_active":false,"preview_done":false,"preview_available":false,"screen_dimmed":false,"selection":"取消","status":"将擦除并更新MCU和CPLD"}
2026-09-10 20:19:32 @mori {"event":"key","message":"a"}
2026-09-10 20:19:32 @mori {"event":"ui","process_calls":18677,"render_calls":895,"music_polls":2805,"model_bytes":15352,"directory_scans":1,"cache_hits":0,"page":20,"selected":4,"count":7,"preview_generation":1,"file_worker_stack_free":12392,"file_start_active":false,"preview_active":false,"preview_done":false,"preview_available":false,"screen_dimmed":false,"selection":"开始更新AG32","status":"已取消更新"}
2026-09-10 20:19:33 @mori {"event":"key","message":"a"}
2026-09-10 20:19:33 @mori {"event":"ui","process_calls":18684,"render_calls":902,"music_polls":2806,"model_bytes":15352,"directory_scans":1,"cache_hits":0,"page":20,"selected":0,"count":4,"preview_generation":1,"file_worker_stack_free":12392,"file_start_active":false,"preview_active":false,"preview_done":false,"preview_available":false,"screen_dimmed":false,"selection":"取消","status":"将擦除并更新MCU和CPLD"}
2026-09-10 20:19:33 @mori {"event":"key","message":"down"}
2026-09-10 20:19:33 @mori {"event":"ui","process_calls":18693,"render_calls":911,"music_polls":2807,"model_bytes":15352,"directory_scans":1,"cache_hits":0,"page":20,"selected":1,"count":4,"preview_generation":1,"file_worker_stack_free":12392,"file_start_active":false,"preview_active":false,"preview_done":false,"preview_available":false,"screen_dimmed":false,"selection":"确认刷写AG32","status":"将擦除并更新MCU和CPLD"}
2026-09-10 20:19:33 I (321722) power_manager: CPU perf lock acquired by ag32_batch
2026-09-10 20:19:33 @mori {"event":"key","message":"a"}
2026-09-10 20:19:33 @mori {"event":"ui","process_calls":18698,"render_calls":916,"music_polls":2808,"model_bytes":15352,"directory_scans":1,"cache_hits":0,"page":20,"selected":0,"count":7,"preview_generation":2,"file_worker_stack_free":12392,"file_start_active":false,"preview_active":false,"preview_done":false,"preview_available":false,"screen_dimmed":false,"selection":"正在校验固件","status":"AG32更新中，请保持供电"}
2026-09-10 20:19:33 I (321851) mcu_debug: SWD DP IDCODE=0x2ba01477
2026-09-10 20:19:33 I (321879) mcu_debug: SWD DP status after ABORT=0xf0000041
2026-09-10 20:19:33 I (321885) mcu_debug: SWD DP CTRL/STAT=0xf0000041
2026-09-10 20:19:33 I (321890) mcu_debug: SWD AP IDR=0x1fff0011 CSW=0x23000042
2026-09-10 20:19:33 I (321895) mcu_debug: DMI DMSTATUS before halt=0x000f0ca2
2026-09-10 20:19:33 @mori {"event":"key","message":"b"}
2026-09-10 20:19:33 @mori {"event":"ui","process_calls":18717,"render_calls":935,"music_polls":2812,"model_bytes":15352,"directory_scans":1,"cache_hits":0,"page":20,"selected":0,"count":7,"preview_generation":2,"file_worker_stack_free":12392,"file_start_active":false,"preview_active":false,"preview_done":false,"preview_available":false,"screen_dimmed":false,"selection":"正在校验AG32","status":"AG32更新中，请保持供电"}
2026-09-10 20:19:34 @mori {"event":"key","message":"menu"}
2026-09-10 20:19:34 @mori {"event":"ui","process_calls":18741,"render_calls":948,"music_polls":2816,"model_bytes":15352,"directory_scans":1,"cache_hits":0,"page":20,"selected":0,"count":7,"preview_generation":2,"file_worker_stack_free":12392,"file_start_active":false,"preview_active":false,"preview_done":false,"preview_available":false,"screen_dimmed":false,"selection":"正在写入AG32","status":"AG32更新中，请保持供电"}
2026-09-10 20:19:34 @mori {"event":"key","message":"right"}
2026-09-10 20:19:34 @mori {"event":"ui","process_calls":18763,"render_calls":949,"music_polls":2819,"model_bytes":15352,"directory_scans":1,"cache_hits":0,"page":20,"selected":0,"count":7,"preview_generation":2,"file_worker_stack_free":12392,"file_start_active":false,"preview_active":false,"preview_done":false,"preview_available":false,"screen_dimmed":false,"selection":"正在写入AG32","status":"AG32更新中，请保持供电"}
2026-09-10 20:19:34 W (323320) httpd_txrx: httpd_resp_send_custom_err: 409 Conflict - burner, TF, or AG32 update is busy
2026-09-10 20:19:34 E (323334) httpd_txrx: httpd_resp_send_custom_err: error calling setsockopt : 22
2026-09-10 20:19:34 W (323335) httpd_uri: httpd_uri: uri handler execution failed
2026-09-10 20:19:34 W (323343) httpd_uri: httpd_uri: uri handler execution failed
2026-09-10 20:19:34 W (323357) httpd_txrx: httpd_resp_send_custom_err: 409 Conflict - AG32 or cartridge job is running
2026-09-10 20:19:34 E (323367) httpd_txrx: httpd_resp_send_custom_err: error calling setsockopt : 22
2026-09-10 20:19:34 W (323369) httpd_uri: httpd_uri: uri handler execution failed
2026-09-10 20:19:35 @mori {"event":"ag32_batch_status","state":"running","phase":"program","message":"AG32 batch update queued","processed":2176,"total":108924,"device_id":1075838977,"dp_idcode":731911287,"records":3,"programmed":2176,"verified":128,"error":"ESP_OK","cleanup_error":"ESP_OK","address":2148431868,"swd_ack":0,"stack_free_min":0,"mcu_resumed":false,"destructive_started":true,"recovery_required":true}
2026-09-10 20:19:35 @mori {"event":"ag32_batch_status","state":"running","phase":"program","message":"AG32 batch update queued","processed":2176,"total":108924,"device_id":1075838977,"dp_idcode":731911287,"records":3,"programmed":2176,"verified":128,"error":"ESP_OK","cleanup_error":"ESP_OK","address":2148431868,"swd_ack":0,"stack_free_min":0,"mcu_resumed":false,"destructive_started":true,"recovery_required":true}
2026-09-10 20:19:35 @mori {"event":"ag32_batch_status","state":"running","phase":"program","message":"AG32 batch update queued","processed":3200,"total":108924,"device_id":1075838977,"dp_idcode":731911287,"records":3,"programmed":3200,"verified":128,"error":"ESP_OK","cleanup_error":"ESP_OK","address":2148432892,"swd_ack":0,"stack_free_min":0,"mcu_resumed":false,"destructive_started":true,"recovery_required":true}
2026-09-10 20:19:36 @mori {"event":"ag32_batch_status","state":"running","phase":"program","message":"AG32 batch update queued","processed":3200,"total":108924,"device_id":1075838977,"dp_idcode":731911287,"records":3,"programmed":3200,"verified":128,"error":"ESP_OK","cleanup_error":"ESP_OK","address":2148432892,"swd_ack":0,"stack_free_min":0,"mcu_resumed":false,"destructive_started":true,"recovery_required":true}
2026-09-10 20:19:36 @mori {"event":"ag32_batch_status","state":"running","phase":"program","message":"AG32 batch update queued","processed":4224,"total":108924,"device_id":1075838977,"dp_idcode":731911287,"records":3,"programmed":4224,"verified":128,"error":"ESP_OK","cleanup_error":"ESP_OK","address":2148433880,"swd_ack":0,"stack_free_min":0,"mcu_resumed":false,"destructive_started":true,"recovery_required":true}
2026-09-10 20:19:37 @mori {"event":"ag32_batch_status","state":"running","phase":"program","message":"AG32 batch update queued","processed":4224,"total":108924,"device_id":1075838977,"dp_idcode":731911287,"records":3,"programmed":4224,"verified":128,"error":"ESP_OK","cleanup_error":"ESP_OK","address":2148433880,"swd_ack":0,"stack_free_min":0,"mcu_resumed":false,"destructive_started":true,"recovery_required":true}
2026-09-10 20:19:37 @mori {"event":"ag32_batch_status","state":"running","phase":"program","message":"AG32 batch update queued","processed":5248,"total":108924,"device_id":1075838977,"dp_idcode":731911287,"records":3,"programmed":5248,"verified":128,"error":"ESP_OK","cleanup_error":"ESP_OK","address":2148434924,"swd_ack":0,"stack_free_min":0,"mcu_resumed":false,"destructive_started":true,"recovery_required":true}
2026-09-10 20:19:38 @mori {"event":"ag32_batch_status","state":"running","phase":"program","message":"AG32 batch update queued","processed":5248,"total":108924,"device_id":1075838977,"dp_idcode":731911287,"records":3,"programmed":5248,"verified":128,"error":"ESP_OK","cleanup_error":"ESP_OK","address":2148434924,"swd_ack":0,"stack_free_min":0,"mcu_resumed":false,"destructive_started":true,"recovery_required":true}
2026-09-10 20:19:38 @mori {"event":"ag32_batch_status","state":"running","phase":"program","message":"AG32 batch update queued","processed":6272,"total":108924,"device_id":1075838977,"dp_idcode":731911287,"records":3,"programmed":6272,"verified":128,"error":"ESP_OK","cleanup_error":"ESP_OK","address":2148435964,"swd_ack":0,"stack_free_min":0,"mcu_resumed":false,"destructive_started":true,"recovery_required":true}
2026-09-10 20:19:38 @mori {"event":"ag32_batch_status","state":"running","phase":"program","message":"AG32 batch update queued","processed":6272,"total":108924,"device_id":1075838977,"dp_idcode":731911287,"records":3,"programmed":6272,"verified":128,"error":"ESP_OK","cleanup_error":"ESP_OK","address":2148435964,"swd_ack":0,"stack_free_min":0,"mcu_resumed":false,"destructive_started":true,"recovery_required":true}
2026-09-10 20:19:39 @mori {"event":"ag32_batch_status","state":"running","phase":"program","message":"AG32 batch update queued","processed":7296,"total":108924,"device_id":1075838977,"dp_idcode":731911287,"records":3,"programmed":7296,"verified":128,"error":"ESP_OK","cleanup_error":"ESP_OK","address":2148436988,"swd_ack":0,"stack_free_min":0,"mcu_resumed":false,"destructive_started":true,"recovery_required":true}
2026-09-10 20:19:39 @mori {"event":"ag32_batch_status","state":"running","phase":"program","message":"AG32 batch update queued","processed":7296,"total":108924,"device_id":1075838977,"dp_idcode":731911287,"records":3,"programmed":7296,"verified":128,"error":"ESP_OK","cleanup_error":"ESP_OK","address":2148436988,"swd_ack":0,"stack_free_min":0,"mcu_resumed":false,"destructive_started":true,"recovery_required":true}
2026-09-10 20:19:40 @mori {"event":"ag32_batch_status","state":"running","phase":"program","message":"AG32 batch update queued","processed":8320,"total":108924,"device_id":1075838977,"dp_idcode":731911287,"records":3,"programmed":8320,"verified":128,"error":"ESP_OK","cleanup_error":"ESP_OK","address":2148438012,"swd_ack":0,"stack_free_min":0,"mcu_resumed":false,"destructive_started":true,"recovery_required":true}
2026-09-10 20:19:40 @mori {"event":"ag32_batch_status","state":"running","phase":"program","message":"AG32 batch update queued","processed":9344,"total":108924,"device_id":1075838977,"dp_idcode":731911287,"records":3,"programmed":9344,"verified":128,"error":"ESP_OK","cleanup_error":"ESP_OK","address":2148438984,"swd_ack":0,"stack_free_min":0,"mcu_resumed":false,"destructive_started":true,"recovery_required":true}
2026-09-10 20:19:41 @mori {"event":"ag32_batch_status","state":"running","phase":"program","message":"AG32 batch update queued","processed":9344,"total":108924,"device_id":1075838977,"dp_idcode":731911287,"records":3,"programmed":9344,"verified":128,"error":"ESP_OK","cleanup_error":"ESP_OK","address":2148438984,"swd_ack":0,"stack_free_min":0,"mcu_resumed":false,"destructive_started":true,"recovery_required":true}
2026-09-10 20:19:41 @mori {"event":"ag32_batch_status","state":"running","phase":"program","message":"AG32 batch update queued","processed":10368,"total":108924,"device_id":1075838977,"dp_idcode":731911287,"records":3,"programmed":10368,"verified":128,"error":"ESP_OK","cleanup_error":"ESP_OK","address":2148440028,"swd_ack":0,"stack_free_min":0,"mcu_resumed":false,"destructive_started":true,"recovery_required":true}
2026-09-10 20:19:41 @mori {"event":"ag32_batch_status","state":"running","phase":"program","message":"AG32 batch update queued","processed":10368,"total":108924,"device_id":1075838977,"dp_idcode":731911287,"records":3,"programmed":10368,"verified":128,"error":"ESP_OK","cleanup_error":"ESP_OK","address":2148440028,"swd_ack":0,"stack_free_min":0,"mcu_resumed":false,"destructive_started":true,"recovery_required":true}
2026-09-10 20:19:42 @mori {"event":"ag32_batch_status","state":"running","phase":"program","message":"AG32 batch update queued","processed":11392,"total":108924,"device_id":1075838977,"dp_idcode":731911287,"records":3,"programmed":11392,"verified":128,"error":"ESP_OK","cleanup_error":"ESP_OK","address":2148441072,"swd_ack":0,"stack_free_min":0,"mcu_resumed":false,"destructive_started":true,"recovery_required":true}
2026-09-10 20:19:42 @mori {"event":"ag32_batch_status","state":"running","phase":"program","message":"AG32 batch update queued","processed":11392,"total":108924,"device_id":1075838977,"dp_idcode":731911287,"records":3,"programmed":11392,"verified":128,"error":"ESP_OK","cleanup_error":"ESP_OK","address":2148441072,"swd_ack":0,"stack_free_min":0,"mcu_resumed":false,"destructive_started":true,"recovery_required":true}
2026-09-10 20:19:43 @mori {"event":"ag32_batch_status","state":"running","phase":"program","message":"AG32 batch update queued","processed":12416,"total":108924,"device_id":1075838977,"dp_idcode":731911287,"records":3,"programmed":12416,"verified":128,"error":"ESP_OK","cleanup_error":"ESP_OK","address":2148442108,"swd_ack":0,"stack_free_min":0,"mcu_resumed":false,"destructive_started":true,"recovery_required":true}
2026-09-10 20:19:43 @mori {"event":"ag32_batch_status","state":"running","phase":"program","message":"AG32 batch update queued","processed":12416,"total":108924,"device_id":1075838977,"dp_idcode":731911287,"records":3,"programmed":12416,"verified":128,"error":"ESP_OK","cleanup_error":"ESP_OK","address":2148442108,"swd_ack":0,"stack_free_min":0,"mcu_resumed":false,"destructive_started":true,"recovery_required":true}
2026-09-10 20:19:44 @mori {"event":"ag32_batch_status","state":"running","phase":"program","message":"AG32 batch update queued","processed":13440,"total":108924,"device_id":1075838977,"dp_idcode":731911287,"records":3,"programmed":13440,"verified":128,"error":"ESP_OK","cleanup_error":"ESP_OK","address":2148443132,"swd_ack":0,"stack_free_min":0,"mcu_resumed":false,"destructive_started":true,"recovery_required":true}
2026-09-10 20:19:44 @mori {"event":"ag32_batch_status","state":"running","phase":"program","message":"AG32 batch update queued","processed":13440,"total":108924,"device_id":1075838977,"dp_idcode":731911287,"records":3,"programmed":13440,"verified":128,"error":"ESP_OK","cleanup_error":"ESP_OK","address":2148443132,"swd_ack":0,"stack_free_min":0,"mcu_resumed":false,"destructive_started":true,"recovery_required":true}
2026-09-10 20:19:44 @mori {"event":"ag32_batch_status","state":"running","phase":"program","message":"AG32 batch update queued","processed":14464,"total":108924,"device_id":1075838977,"dp_idcode":731911287,"records":3,"programmed":14464,"verified":128,"error":"ESP_OK","cleanup_error":"ESP_OK","address":2148444156,"swd_ack":0,"stack_free_min":0,"mcu_resumed":false,"destructive_started":true,"recovery_required":true}
2026-09-10 20:19:45 @mori {"event":"ag32_batch_status","state":"running","phase":"program","message":"AG32 batch update queued","processed":14464,"total":108924,"device_id":1075838977,"dp_idcode":731911287,"records":3,"programmed":14464,"verified":128,"error":"ESP_OK","cleanup_error":"ESP_OK","address":2148444156,"swd_ack":0,"stack_free_min":0,"mcu_resumed":false,"destructive_started":true,"recovery_required":true}
2026-09-10 20:19:45 @mori {"event":"ag32_batch_status","state":"running","phase":"program","message":"AG32 batch update queued","processed":15488,"total":108924,"device_id":1075838977,"dp_idcode":731911287,"records":3,"programmed":15488,"verified":128,"error":"ESP_OK","cleanup_error":"ESP_OK","address":2148445132,"swd_ack":0,"stack_free_min":0,"mcu_resumed":false,"destructive_started":true,"recovery_required":true}
2026-09-10 20:19:46 @mori {"event":"ag32_batch_status","state":"running","phase":"program","message":"AG32 batch update queued","processed":15488,"total":108924,"device_id":1075838977,"dp_idcode":731911287,"records":3,"programmed":15488,"verified":128,"error":"ESP_OK","cleanup_error":"ESP_OK","address":2148445132,"swd_ack":0,"stack_free_min":0,"mcu_resumed":false,"destructive_started":true,"recovery_required":true}
2026-09-10 20:19:46 @mori {"event":"ag32_batch_status","state":"running","phase":"program","message":"AG32 batch update queued","processed":16512,"total":108924,"device_id":1075838977,"dp_idcode":731911287,"records":3,"programmed":16512,"verified":128,"error":"ESP_OK","cleanup_error":"ESP_OK","address":2148446176,"swd_ack":0,"stack_free_min":0,"mcu_resumed":false,"destructive_started":true,"recovery_required":true}
2026-09-10 20:19:47 @mori {"event":"ag32_batch_status","state":"running","phase":"program","message":"AG32 batch update queued","processed":16512,"total":108924,"device_id":1075838977,"dp_idcode":731911287,"records":3,"programmed":16512,"verified":128,"error":"ESP_OK","cleanup_error":"ESP_OK","address":2148446176,"swd_ack":0,"stack_free_min":0,"mcu_resumed":false,"destructive_started":true,"recovery_required":true}
2026-09-10 20:19:47 @mori {"event":"ag32_batch_status","state":"running","phase":"program","message":"AG32 batch update queued","processed":17536,"total":108924,"device_id":1075838977,"dp_idcode":731911287,"records":3,"programmed":17536,"verified":128,"error":"ESP_OK","cleanup_error":"ESP_OK","address":2148447220,"swd_ack":0,"stack_free_min":0,"mcu_resumed":false,"destructive_started":true,"recovery_required":true}
2026-09-10 20:19:48 @mori {"event":"ag32_batch_status","state":"running","phase":"program","message":"AG32 batch update queued","processed":17536,"total":108924,"device_id":1075838977,"dp_idcode":731911287,"records":3,"programmed":17536,"verified":128,"error":"ESP_OK","cleanup_error":"ESP_OK","address":2148447220,"swd_ack":0,"stack_free_min":0,"mcu_resumed":false,"destructive_started":true,"recovery_required":true}
2026-09-10 20:19:48 @mori {"event":"ag32_batch_status","state":"running","phase":"program","message":"AG32 batch update queued","processed":18560,"total":108924,"device_id":1075838977,"dp_idcode":731911287,"records":3,"programmed":18560,"verified":128,"error":"ESP_OK","cleanup_error":"ESP_OK","address":2148448252,"swd_ack":0,"stack_free_min":0,"mcu_resumed":false,"destructive_started":true,"recovery_required":true}
2026-09-10 20:19:48 @mori {"event":"ag32_batch_status","state":"running","phase":"program","message":"AG32 batch update queued","processed":18560,"total":108924,"device_id":1075838977,"dp_idcode":731911287,"records":3,"programmed":18560,"verified":128,"error":"ESP_OK","cleanup_error":"ESP_OK","address":2148448252,"swd_ack":0,"stack_free_min":0,"mcu_resumed":false,"destructive_started":true,"recovery_required":true}
2026-09-10 20:19:49 @mori {"event":"ag32_batch_status","state":"running","phase":"program","message":"AG32 batch update queued","processed":19584,"total":108924,"device_id":1075838977,"dp_idcode":731911287,"records":3,"programmed":19584,"verified":128,"error":"ESP_OK","cleanup_error":"ESP_OK","address":2148449276,"swd_ack":0,"stack_free_min":0,"mcu_resumed":false,"destructive_started":true,"recovery_required":true}
2026-09-10 20:19:49 @mori {"event":"ag32_batch_status","state":"running","phase":"program","message":"AG32 batch update queued","processed":19584,"total":108924,"device_id":1075838977,"dp_idcode":731911287,"records":3,"programmed":19584,"verified":128,"error":"ESP_OK","cleanup_error":"ESP_OK","address":2148449276,"swd_ack":0,"stack_free_min":0,"mcu_resumed":false,"destructive_started":true,"recovery_required":true}
2026-09-10 20:19:50 @mori {"event":"ag32_batch_status","state":"running","phase":"program","message":"AG32 batch update queued","processed":20608,"total":108924,"device_id":1075838977,"dp_idcode":731911287,"records":3,"programmed":20608,"verified":128,"error":"ESP_OK","cleanup_error":"ESP_OK","address":2148450300,"swd_ack":0,"stack_free_min":0,"mcu_resumed":false,"destructive_started":true,"recovery_required":true}
2026-09-10 20:19:50 @mori {"event":"ag32_batch_status","state":"running","phase":"program","message":"AG32 batch update queued","processed":20608,"total":108924,"device_id":1075838977,"dp_idcode":731911287,"records":3,"programmed":20608,"verified":128,"error":"ESP_OK","cleanup_error":"ESP_OK","address":2148450300,"swd_ack":0,"stack_free_min":0,"mcu_resumed":false,"destructive_started":true,"recovery_required":true}
2026-09-10 20:19:51 @mori {"event":"ag32_batch_status","state":"running","phase":"program","message":"AG32 batch update queued","processed":21632,"total":108924,"device_id":1075838977,"dp_idcode":731911287,"records":3,"programmed":21632,"verified":128,"error":"ESP_OK","cleanup_error":"ESP_OK","address":2148451280,"swd_ack":0,"stack_free_min":0,"mcu_resumed":false,"destructive_started":true,"recovery_required":true}
2026-09-10 20:19:51 @mori {"event":"ag32_batch_status","state":"running","phase":"program","message":"AG32 batch update queued","processed":21632,"total":108924,"device_id":1075838977,"dp_idcode":731911287,"records":3,"programmed":21632,"verified":128,"error":"ESP_OK","cleanup_error":"ESP_OK","address":2148451280,"swd_ack":0,"stack_free_min":0,"mcu_resumed":false,"destructive_started":true,"recovery_required":true}
2026-09-10 20:19:51 @mori {"event":"ag32_batch_status","state":"running","phase":"program","message":"AG32 batch update queued","processed":22656,"total":108924,"device_id":1075838977,"dp_idcode":731911287,"records":3,"programmed":22656,"verified":128,"error":"ESP_OK","cleanup_error":"ESP_OK","address":2148452324,"swd_ack":0,"stack_free_min":0,"mcu_resumed":false,"destructive_started":true,"recovery_required":true}
2026-09-10 20:19:52 @mori {"event":"ag32_batch_status","state":"running","phase":"program","message":"AG32 batch update queued","processed":22656,"total":108924,"device_id":1075838977,"dp_idcode":731911287,"records":3,"programmed":22656,"verified":128,"error":"ESP_OK","cleanup_error":"ESP_OK","address":2148452324,"swd_ack":0,"stack_free_min":0,"mcu_resumed":false,"destructive_started":true,"recovery_required":true}
2026-09-10 20:19:52 @mori {"event":"ag32_batch_status","state":"running","phase":"program","message":"AG32 batch update queued","processed":23680,"total":108924,"device_id":1075838977,"dp_idcode":731911287,"records":3,"programmed":23680,"verified":128,"error":"ESP_OK","cleanup_error":"ESP_OK","address":2148453368,"swd_ack":0,"stack_free_min":0,"mcu_resumed":false,"destructive_started":true,"recovery_required":true}
2026-09-10 20:19:53 @mori {"event":"ag32_batch_status","state":"running","phase":"program","message":"AG32 batch update queued","processed":23680,"total":108924,"device_id":1075838977,"dp_idcode":731911287,"records":3,"programmed":23680,"verified":128,"error":"ESP_OK","cleanup_error":"ESP_OK","address":2148453368,"swd_ack":0,"stack_free_min":0,"mcu_resumed":false,"destructive_started":true,"recovery_required":true}
2026-09-10 20:19:53 @mori {"event":"ag32_batch_status","state":"running","phase":"program","message":"AG32 batch update queued","processed":24704,"total":108924,"device_id":1075838977,"dp_idcode":731911287,"records":3,"programmed":24704,"verified":128,"error":"ESP_OK","cleanup_error":"ESP_OK","address":2148454396,"swd_ack":0,"stack_free_min":0,"mcu_resumed":false,"destructive_started":true,"recovery_required":true}
2026-09-10 20:19:54 @mori {"event":"ag32_batch_status","state":"running","phase":"program","message":"AG32 batch update queued","processed":24704,"total":108924,"device_id":1075838977,"dp_idcode":731911287,"records":3,"programmed":24704,"verified":128,"error":"ESP_OK","cleanup_error":"ESP_OK","address":2148454396,"swd_ack":0,"stack_free_min":0,"mcu_resumed":false,"destructive_started":true,"recovery_required":true}
2026-09-10 20:19:54 @mori {"event":"ag32_batch_status","state":"running","phase":"program","message":"AG32 batch update queued","processed":25728,"total":108924,"device_id":1075838977,"dp_idcode":731911287,"records":3,"programmed":25728,"verified":128,"error":"ESP_OK","cleanup_error":"ESP_OK","address":2148455420,"swd_ack":0,"stack_free_min":0,"mcu_resumed":false,"destructive_started":true,"recovery_required":true}
2026-09-10 20:19:54 @mori {"event":"ag32_batch_status","state":"running","phase":"program","message":"AG32 batch update queued","processed":26752,"total":108924,"device_id":1075838977,"dp_idcode":731911287,"records":3,"programmed":26752,"verified":128,"error":"ESP_OK","cleanup_error":"ESP_OK","address":2148456444,"swd_ack":0,"stack_free_min":0,"mcu_resumed":false,"destructive_started":true,"recovery_required":true}
2026-09-10 20:19:55 @mori {"event":"ag32_batch_status","state":"running","phase":"program","message":"AG32 batch update queued","processed":26752,"total":108924,"device_id":1075838977,"dp_idcode":731911287,"records":3,"programmed":26752,"verified":128,"error":"ESP_OK","cleanup_error":"ESP_OK","address":2148456444,"swd_ack":0,"stack_free_min":0,"mcu_resumed":false,"destructive_started":true,"recovery_required":true}
2026-09-10 20:19:55 @mori {"event":"ag32_batch_status","state":"running","phase":"program","message":"AG32 batch update queued","processed":27776,"total":108924,"device_id":1075838977,"dp_idcode":731911287,"records":3,"programmed":27776,"verified":128,"error":"ESP_OK","cleanup_error":"ESP_OK","address":2148457428,"swd_ack":0,"stack_free_min":0,"mcu_resumed":false,"destructive_started":true,"recovery_required":true}
2026-09-10 20:19:56 @mori {"event":"ag32_batch_status","state":"running","phase":"program","message":"AG32 batch update queued","processed":27776,"total":108924,"device_id":1075838977,"dp_idcode":731911287,"records":3,"programmed":27776,"verified":128,"error":"ESP_OK","cleanup_error":"ESP_OK","address":2148457428,"swd_ack":0,"stack_free_min":0,"mcu_resumed":false,"destructive_started":true,"recovery_required":true}
2026-09-10 20:19:56 @mori {"event":"ag32_batch_status","state":"running","phase":"program","message":"AG32 batch update queued","processed":28800,"total":108924,"device_id":1075838977,"dp_idcode":731911287,"records":3,"programmed":28800,"verified":128,"error":"ESP_OK","cleanup_error":"ESP_OK","address":2148458472,"swd_ack":0,"stack_free_min":0,"mcu_resumed":false,"destructive_started":true,"recovery_required":true}
2026-09-10 20:19:57 @mori {"event":"ag32_batch_status","state":"running","phase":"program","message":"AG32 batch update queued","processed":28800,"total":108924,"device_id":1075838977,"dp_idcode":731911287,"records":3,"programmed":28800,"verified":128,"error":"ESP_OK","cleanup_error":"ESP_OK","address":2148458472,"swd_ack":0,"stack_free_min":0,"mcu_resumed":false,"destructive_started":true,"recovery_required":true}
2026-09-10 20:19:57 @mori {"event":"ag32_batch_status","state":"running","phase":"program","message":"AG32 batch update queued","processed":29824,"total":108924,"device_id":1075838977,"dp_idcode":731911287,"records":3,"programmed":29824,"verified":128,"error":"ESP_OK","cleanup_error":"ESP_OK","address":2148459516,"swd_ack":0,"stack_free_min":0,"mcu_resumed":false,"destructive_started":true,"recovery_required":true}
2026-09-10 20:19:58 @mori {"event":"ag32_batch_status","state":"running","phase":"program","message":"AG32 batch update queued","processed":29824,"total":108924,"device_id":1075838977,"dp_idcode":731911287,"records":3,"programmed":29824,"verified":128,"error":"ESP_OK","cleanup_error":"ESP_OK","address":2148459516,"swd_ack":0,"stack_free_min":0,"mcu_resumed":false,"destructive_started":true,"recovery_required":true}
2026-09-10 20:19:58 @mori {"event":"ag32_batch_status","state":"running","phase":"program","message":"AG32 batch update queued","processed":30848,"total":108924,"device_id":1075838977,"dp_idcode":731911287,"records":3,"programmed":30848,"verified":128,"error":"ESP_OK","cleanup_error":"ESP_OK","address":2148460540,"swd_ack":0,"stack_free_min":0,"mcu_resumed":false,"destructive_started":true,"recovery_required":true}
2026-09-10 20:19:58 @mori {"event":"ag32_batch_status","state":"running","phase":"program","message":"AG32 batch update queued","processed":30848,"total":108924,"device_id":1075838977,"dp_idcode":731911287,"records":3,"programmed":30848,"verified":128,"error":"ESP_OK","cleanup_error":"ESP_OK","address":2148460540,"swd_ack":0,"stack_free_min":0,"mcu_resumed":false,"destructive_started":true,"recovery_required":true}
2026-09-10 20:19:59 @mori {"event":"ag32_batch_status","state":"running","phase":"program","message":"AG32 batch update queued","processed":31872,"total":108924,"device_id":1075838977,"dp_idcode":731911287,"records":3,"programmed":31872,"verified":128,"error":"ESP_OK","cleanup_error":"ESP_OK","address":2148461564,"swd_ack":0,"stack_free_min":0,"mcu_resumed":false,"destructive_started":true,"recovery_required":true}
2026-09-10 20:19:59 @mori {"event":"ag32_batch_status","state":"running","phase":"program","message":"AG32 batch update queued","processed":31872,"total":108924,"device_id":1075838977,"dp_idcode":731911287,"records":3,"programmed":31872,"verified":128,"error":"ESP_OK","cleanup_error":"ESP_OK","address":2148461564,"swd_ack":0,"stack_free_min":0,"mcu_resumed":false,"destructive_started":true,"recovery_required":true}
2026-09-10 20:20:00 @mori {"event":"ag32_batch_status","state":"running","phase":"program","message":"AG32 batch update queued","processed":32896,"total":108924,"device_id":1075838977,"dp_idcode":731911287,"records":3,"programmed":32896,"verified":128,"error":"ESP_OK","cleanup_error":"ESP_OK","address":2148462588,"swd_ack":0,"stack_free_min":0,"mcu_resumed":false,"destructive_started":true,"recovery_required":true}
2026-09-10 20:20:00 @mori {"event":"ag32_batch_status","state":"running","phase":"program","message":"AG32 batch update queued","processed":32896,"total":108924,"device_id":1075838977,"dp_idcode":731911287,"records":3,"programmed":32896,"verified":128,"error":"ESP_OK","cleanup_error":"ESP_OK","address":2148462588,"swd_ack":0,"stack_free_min":0,"mcu_resumed":false,"destructive_started":true,"recovery_required":true}
2026-09-10 20:20:01 @mori {"event":"ag32_batch_status","state":"running","phase":"program","message":"AG32 batch update queued","processed":33920,"total":108924,"device_id":1075838977,"dp_idcode":731911287,"records":3,"programmed":33920,"verified":128,"error":"ESP_OK","cleanup_error":"ESP_OK","address":2148463576,"swd_ack":0,"stack_free_min":0,"mcu_resumed":false,"destructive_started":true,"recovery_required":true}
2026-09-10 20:20:01 @mori {"event":"ag32_batch_status","state":"running","phase":"program","message":"AG32 batch update queued","processed":33920,"total":108924,"device_id":1075838977,"dp_idcode":731911287,"records":3,"programmed":33920,"verified":128,"error":"ESP_OK","cleanup_error":"ESP_OK","address":2148463576,"swd_ack":0,"stack_free_min":0,"mcu_resumed":false,"destructive_started":true,"recovery_required":true}
2026-09-10 20:20:01 @mori {"event":"ag32_batch_status","state":"running","phase":"program","message":"AG32 batch update queued","processed":34944,"total":108924,"device_id":1075838977,"dp_idcode":731911287,"records":3,"programmed":34944,"verified":128,"error":"ESP_OK","cleanup_error":"ESP_OK","address":2148464620,"swd_ack":0,"stack_free_min":0,"mcu_resumed":false,"destructive_started":true,"recovery_required":true}
2026-09-10 20:20:02 @mori {"event":"ag32_batch_status","state":"running","phase":"program","message":"AG32 batch update queued","processed":34944,"total":108924,"device_id":1075838977,"dp_idcode":731911287,"records":3,"programmed":34944,"verified":128,"error":"ESP_OK","cleanup_error":"ESP_OK","address":2148464620,"swd_ack":0,"stack_free_min":0,"mcu_resumed":false,"destructive_started":true,"recovery_required":true}
2026-09-10 20:20:02 @mori {"event":"ag32_batch_status","state":"running","phase":"program","message":"AG32 batch update queued","processed":35968,"total":108924,"device_id":1075838977,"dp_idcode":731911287,"records":3,"programmed":35968,"verified":128,"error":"ESP_OK","cleanup_error":"ESP_OK","address":2148465660,"swd_ack":0,"stack_free_min":0,"mcu_resumed":false,"destructive_started":true,"recovery_required":true}
2026-09-10 20:20:03 @mori {"event":"ag32_batch_status","state":"running","phase":"program","message":"AG32 batch update queued","processed":35968,"total":108924,"device_id":1075838977,"dp_idcode":731911287,"records":3,"programmed":35968,"verified":128,"error":"ESP_OK","cleanup_error":"ESP_OK","address":2148465660,"swd_ack":0,"stack_free_min":0,"mcu_resumed":false,"destructive_started":true,"recovery_required":true}
2026-09-10 20:20:03 @mori {"event":"ag32_batch_status","state":"running","phase":"program","message":"AG32 batch update queued","processed":36992,"total":108924,"device_id":1075838977,"dp_idcode":731911287,"records":3,"programmed":36992,"verified":128,"error":"ESP_OK","cleanup_error":"ESP_OK","address":2148466684,"swd_ack":0,"stack_free_min":0,"mcu_resumed":false,"destructive_started":true,"recovery_required":true}
2026-09-10 20:20:04 @mori {"event":"ag32_batch_status","state":"running","phase":"program","message":"AG32 batch update queued","processed":36992,"total":108924,"device_id":1075838977,"dp_idcode":731911287,"records":3,"programmed":36992,"verified":128,"error":"ESP_OK","cleanup_error":"ESP_OK","address":2148466684,"swd_ack":0,"stack_free_min":0,"mcu_resumed":false,"destructive_started":true,"recovery_required":true}
2026-09-10 20:20:04 @mori {"event":"ag32_batch_status","state":"running","phase":"program","message":"AG32 batch update queued","processed":38016,"total":108924,"device_id":1075838977,"dp_idcode":731911287,"records":3,"programmed":38016,"verified":128,"error":"ESP_OK","cleanup_error":"ESP_OK","address":2148467708,"swd_ack":0,"stack_free_min":0,"mcu_resumed":false,"destructive_started":true,"recovery_required":true}
2026-09-10 20:20:04 @mori {"event":"ag32_batch_status","state":"running","phase":"program","message":"AG32 batch update queued","processed":38016,"total":108924,"device_id":1075838977,"dp_idcode":731911287,"records":3,"programmed":38016,"verified":128,"error":"ESP_OK","cleanup_error":"ESP_OK","address":2148467708,"swd_ack":0,"stack_free_min":0,"mcu_resumed":false,"destructive_started":true,"recovery_required":true}
2026-09-10 20:20:05 @mori {"event":"ag32_batch_status","state":"running","phase":"program","message":"AG32 batch update queued","processed":39040,"total":108924,"device_id":1075838977,"dp_idcode":731911287,"records":3,"programmed":39040,"verified":128,"error":"ESP_OK","cleanup_error":"ESP_OK","address":2148468680,"swd_ack":0,"stack_free_min":0,"mcu_resumed":false,"destructive_started":true,"recovery_required":true}
2026-09-10 20:20:05 @mori {"event":"ag32_batch_status","state":"running","phase":"program","message":"AG32 batch update queued","processed":39040,"total":108924,"device_id":1075838977,"dp_idcode":731911287,"records":3,"programmed":39040,"verified":128,"error":"ESP_OK","cleanup_error":"ESP_OK","address":2148468680,"swd_ack":0,"stack_free_min":0,"mcu_resumed":false,"destructive_started":true,"recovery_required":true}
2026-09-10 20:20:06 @mori {"event":"ag32_batch_status","state":"running","phase":"program","message":"AG32 batch update queued","processed":40064,"total":108924,"device_id":1075838977,"dp_idcode":731911287,"records":3,"programmed":40064,"verified":128,"error":"ESP_OK","cleanup_error":"ESP_OK","address":2148469724,"swd_ack":0,"stack_free_min":0,"mcu_resumed":false,"destructive_started":true,"recovery_required":true}
2026-09-10 20:20:06 @mori {"event":"ag32_batch_status","state":"running","phase":"program","message":"AG32 batch update queued","processed":40064,"total":108924,"device_id":1075838977,"dp_idcode":731911287,"records":3,"programmed":40064,"verified":128,"error":"ESP_OK","cleanup_error":"ESP_OK","address":2148469724,"swd_ack":0,"stack_free_min":0,"mcu_resumed":false,"destructive_started":true,"recovery_required":true}
2026-09-10 20:20:07 @mori {"event":"ag32_batch_status","state":"running","phase":"program","message":"AG32 batch update queued","processed":41088,"total":108924,"device_id":1075838977,"dp_idcode":731911287,"records":3,"programmed":41088,"verified":128,"error":"ESP_OK","cleanup_error":"ESP_OK","address":2148470768,"swd_ack":0,"stack_free_min":0,"mcu_resumed":false,"destructive_started":true,"recovery_required":true}
2026-09-10 20:20:07 @mori {"event":"ag32_batch_status","state":"running","phase":"program","message":"AG32 batch update queued","processed":41088,"total":108924,"device_id":1075838977,"dp_idcode":731911287,"records":3,"programmed":41088,"verified":128,"error":"ESP_OK","cleanup_error":"ESP_OK","address":2148470768,"swd_ack":0,"stack_free_min":0,"mcu_resumed":false,"destructive_started":true,"recovery_required":true}
2026-09-10 20:20:08 @mori {"event":"ag32_batch_status","state":"running","phase":"program","message":"AG32 batch update queued","processed":42112,"total":108924,"device_id":1075838977,"dp_idcode":731911287,"records":3,"programmed":42112,"verified":128,"error":"ESP_OK","cleanup_error":"ESP_OK","address":2148471804,"swd_ack":0,"stack_free_min":0,"mcu_resumed":false,"destructive_started":true,"recovery_required":true}
2026-09-10 20:20:08 @mori {"event":"ag32_batch_status","state":"running","phase":"program","message":"AG32 batch update queued","processed":42112,"total":108924,"device_id":1075838977,"dp_idcode":731911287,"records":3,"programmed":42112,"verified":128,"error":"ESP_OK","cleanup_error":"ESP_OK","address":2148471804,"swd_ack":0,"stack_free_min":0,"mcu_resumed":false,"destructive_started":true,"recovery_required":true}
2026-09-10 20:20:08 @mori {"event":"ag32_batch_status","state":"running","phase":"program","message":"AG32 batch update queued","processed":43136,"total":108924,"device_id":1075838977,"dp_idcode":731911287,"records":3,"programmed":43136,"verified":128,"error":"ESP_OK","cleanup_error":"ESP_OK","address":2148472828,"swd_ack":0,"stack_free_min":0,"mcu_resumed":false,"destructive_started":true,"recovery_required":true}
2026-09-10 20:20:09 @mori {"event":"ag32_batch_status","state":"running","phase":"program","message":"AG32 batch update queued","processed":44160,"total":108924,"device_id":1075838977,"dp_idcode":731911287,"records":3,"programmed":44160,"verified":128,"error":"ESP_OK","cleanup_error":"ESP_OK","address":2148473852,"swd_ack":0,"stack_free_min":0,"mcu_resumed":false,"destructive_started":true,"recovery_required":true}
2026-09-10 20:20:09 @mori {"event":"ag32_batch_status","state":"running","phase":"program","message":"AG32 batch update queued","processed":44160,"total":108924,"device_id":1075838977,"dp_idcode":731911287,"records":3,"programmed":44160,"verified":128,"error":"ESP_OK","cleanup_error":"ESP_OK","address":2148473852,"swd_ack":0,"stack_free_min":0,"mcu_resumed":false,"destructive_started":true,"recovery_required":true}
2026-09-10 20:20:10 @mori {"event":"ag32_batch_status","state":"running","phase":"program","message":"AG32 batch update queued","processed":45184,"total":108924,"device_id":1075838977,"dp_idcode":731911287,"records":3,"programmed":45184,"verified":128,"error":"ESP_OK","cleanup_error":"ESP_OK","address":2148474828,"swd_ack":0,"stack_free_min":0,"mcu_resumed":false,"destructive_started":true,"recovery_required":true}
2026-09-10 20:20:10 @mori {"event":"ag32_batch_status","state":"running","phase":"program","message":"AG32 batch update queued","processed":45184,"total":108924,"device_id":1075838977,"dp_idcode":731911287,"records":3,"programmed":45184,"verified":128,"error":"ESP_OK","cleanup_error":"ESP_OK","address":2148474828,"swd_ack":0,"stack_free_min":0,"mcu_resumed":false,"destructive_started":true,"recovery_required":true}
2026-09-10 20:20:11 @mori {"event":"ag32_batch_status","state":"running","phase":"program","message":"AG32 batch update queued","processed":46208,"total":108924,"device_id":1075838977,"dp_idcode":731911287,"records":3,"programmed":46208,"verified":128,"error":"ESP_OK","cleanup_error":"ESP_OK","address":2148475872,"swd_ack":0,"stack_free_min":0,"mcu_resumed":false,"destructive_started":true,"recovery_required":true}
2026-09-10 20:20:11 @mori {"event":"ag32_batch_status","state":"running","phase":"program","message":"AG32 batch update queued","processed":46208,"total":108924,"device_id":1075838977,"dp_idcode":731911287,"records":3,"programmed":46208,"verified":128,"error":"ESP_OK","cleanup_error":"ESP_OK","address":2148475872,"swd_ack":0,"stack_free_min":0,"mcu_resumed":false,"destructive_started":true,"recovery_required":true}
2026-09-10 20:20:11 @mori {"event":"ag32_batch_status","state":"running","phase":"program","message":"AG32 batch update queued","processed":47232,"total":108924,"device_id":1075838977,"dp_idcode":731911287,"records":3,"programmed":47232,"verified":128,"error":"ESP_OK","cleanup_error":"ESP_OK","address":2148476916,"swd_ack":0,"stack_free_min":0,"mcu_resumed":false,"destructive_started":true,"recovery_required":true}
2026-09-10 20:20:12 @mori {"event":"ag32_batch_status","state":"running","phase":"program","message":"AG32 batch update queued","processed":47232,"total":108924,"device_id":1075838977,"dp_idcode":731911287,"records":3,"programmed":47232,"verified":128,"error":"ESP_OK","cleanup_error":"ESP_OK","address":2148476916,"swd_ack":0,"stack_free_min":0,"mcu_resumed":false,"destructive_started":true,"recovery_required":true}
2026-09-10 20:20:12 @mori {"event":"ag32_batch_status","state":"running","phase":"program","message":"AG32 batch update queued","processed":48256,"total":108924,"device_id":1075838977,"dp_idcode":731911287,"records":3,"programmed":48256,"verified":128,"error":"ESP_OK","cleanup_error":"ESP_OK","address":2148477948,"swd_ack":0,"stack_free_min":0,"mcu_resumed":false,"destructive_started":true,"recovery_required":true}
2026-09-10 20:20:13 @mori {"event":"ag32_batch_status","state":"running","phase":"program","message":"AG32 batch update queued","processed":48256,"total":108924,"device_id":1075838977,"dp_idcode":731911287,"records":3,"programmed":48256,"verified":128,"error":"ESP_OK","cleanup_error":"ESP_OK","address":2148477948,"swd_ack":0,"stack_free_min":0,"mcu_resumed":false,"destructive_started":true,"recovery_required":true}
2026-09-10 20:20:13 @mori {"event":"ag32_batch_status","state":"running","phase":"program","message":"AG32 batch update queued","processed":49280,"total":108924,"device_id":1075838977,"dp_idcode":731911287,"records":3,"programmed":49280,"verified":128,"error":"ESP_OK","cleanup_error":"ESP_OK","address":2148478972,"swd_ack":0,"stack_free_min":0,"mcu_resumed":false,"destructive_started":true,"recovery_required":true}
2026-09-10 20:20:14 @mori {"event":"ag32_batch_status","state":"running","phase":"program","message":"AG32 batch update queued","processed":49280,"total":108924,"device_id":1075838977,"dp_idcode":731911287,"records":3,"programmed":49280,"verified":128,"error":"ESP_OK","cleanup_error":"ESP_OK","address":2148478972,"swd_ack":0,"stack_free_min":0,"mcu_resumed":false,"destructive_started":true,"recovery_required":true}
2026-09-10 20:20:14 @mori {"event":"ag32_batch_status","state":"running","phase":"program","message":"AG32 batch update queued","processed":50304,"total":108924,"device_id":1075838977,"dp_idcode":731911287,"records":3,"programmed":50304,"verified":128,"error":"ESP_OK","cleanup_error":"ESP_OK","address":2148479996,"swd_ack":0,"stack_free_min":0,"mcu_resumed":false,"destructive_started":true,"recovery_required":true}
2026-09-10 20:20:14 @mori {"event":"ag32_batch_status","state":"running","phase":"program","message":"AG32 batch update queued","processed":50304,"total":108924,"device_id":1075838977,"dp_idcode":731911287,"records":3,"programmed":50304,"verified":128,"error":"ESP_OK","cleanup_error":"ESP_OK","address":2148479996,"swd_ack":0,"stack_free_min":0,"mcu_resumed":false,"destructive_started":true,"recovery_required":true}
2026-09-10 20:20:15 @mori {"event":"ag32_batch_status","state":"running","phase":"program","message":"AG32 batch update queued","processed":51328,"total":108924,"device_id":1075838977,"dp_idcode":731911287,"records":3,"programmed":51328,"verified":128,"error":"ESP_OK","cleanup_error":"ESP_OK","address":2148480976,"swd_ack":0,"stack_free_min":0,"mcu_resumed":false,"destructive_started":true,"recovery_required":true}
2026-09-10 20:20:15 @mori {"event":"ag32_batch_status","state":"running","phase":"program","message":"AG32 batch update queued","processed":51328,"total":108924,"device_id":1075838977,"dp_idcode":731911287,"records":3,"programmed":51328,"verified":128,"error":"ESP_OK","cleanup_error":"ESP_OK","address":2148480976,"swd_ack":0,"stack_free_min":0,"mcu_resumed":false,"destructive_started":true,"recovery_required":true}
2026-09-10 20:20:16 @mori {"event":"ag32_batch_status","state":"running","phase":"program","message":"AG32 batch update queued","processed":52352,"total":108924,"device_id":1075838977,"dp_idcode":731911287,"records":3,"programmed":52352,"verified":128,"error":"ESP_OK","cleanup_error":"ESP_OK","address":2148482020,"swd_ack":0,"stack_free_min":0,"mcu_resumed":false,"destructive_started":true,"recovery_required":true}
2026-09-10 20:20:16 @mori {"event":"ag32_batch_status","state":"running","phase":"program","message":"AG32 batch update queued","processed":52352,"total":108924,"device_id":1075838977,"dp_idcode":731911287,"records":3,"programmed":52352,"verified":128,"error":"ESP_OK","cleanup_error":"ESP_OK","address":2148482020,"swd_ack":0,"stack_free_min":0,"mcu_resumed":false,"destructive_started":true,"recovery_required":true}
2026-09-10 20:20:17 @mori {"event":"ag32_batch_status","state":"running","phase":"program","message":"AG32 batch update queued","processed":53376,"total":108924,"device_id":1075838977,"dp_idcode":731911287,"records":3,"programmed":53376,"verified":128,"error":"ESP_OK","cleanup_error":"ESP_OK","address":2148483064,"swd_ack":0,"stack_free_min":0,"mcu_resumed":false,"destructive_started":true,"recovery_required":true}
2026-09-10 20:20:17 @mori {"event":"ag32_batch_status","state":"running","phase":"program","message":"AG32 batch update queued","processed":53376,"total":108924,"device_id":1075838977,"dp_idcode":731911287,"records":3,"programmed":53376,"verified":128,"error":"ESP_OK","cleanup_error":"ESP_OK","address":2148483064,"swd_ack":0,"stack_free_min":0,"mcu_resumed":false,"destructive_started":true,"recovery_required":true}
2026-09-10 20:20:18 @mori {"event":"ag32_batch_status","state":"running","phase":"program","message":"AG32 batch update queued","processed":54400,"total":108924,"device_id":1075838977,"dp_idcode":731911287,"records":3,"programmed":54400,"verified":128,"error":"ESP_OK","cleanup_error":"ESP_OK","address":2148484092,"swd_ack":0,"stack_free_min":0,"mcu_resumed":false,"destructive_started":true,"recovery_required":true}
2026-09-10 20:20:18 @mori {"event":"ag32_batch_status","state":"running","phase":"program","message":"AG32 batch update queued","processed":54400,"total":108924,"device_id":1075838977,"dp_idcode":731911287,"records":3,"programmed":54400,"verified":128,"error":"ESP_OK","cleanup_error":"ESP_OK","address":2148484092,"swd_ack":0,"stack_free_min":0,"mcu_resumed":false,"destructive_started":true,"recovery_required":true}
2026-09-10 20:20:18 @mori {"event":"ag32_batch_status","state":"running","phase":"program","message":"AG32 batch update queued","processed":55424,"total":108924,"device_id":1075838977,"dp_idcode":731911287,"records":3,"programmed":55424,"verified":128,"error":"ESP_OK","cleanup_error":"ESP_OK","address":2148485116,"swd_ack":0,"stack_free_min":0,"mcu_resumed":false,"destructive_started":true,"recovery_required":true}
2026-09-10 20:20:19 @mori {"event":"ag32_batch_status","state":"running","phase":"program","message":"AG32 batch update queued","processed":55424,"total":108924,"device_id":1075838977,"dp_idcode":731911287,"records":3,"programmed":55424,"verified":128,"error":"ESP_OK","cleanup_error":"ESP_OK","address":2148485116,"swd_ack":0,"stack_free_min":0,"mcu_resumed":false,"destructive_started":true,"recovery_required":true}
2026-09-10 20:20:19 @mori {"event":"ag32_batch_status","state":"running","phase":"program","message":"AG32 batch update queued","processed":56448,"total":108924,"device_id":1075838977,"dp_idcode":731911287,"records":3,"programmed":56448,"verified":128,"error":"ESP_OK","cleanup_error":"ESP_OK","address":2148486140,"swd_ack":0,"stack_free_min":0,"mcu_resumed":false,"destructive_started":true,"recovery_required":true}
2026-09-10 20:20:20 @mori {"event":"ag32_batch_status","state":"running","phase":"program","message":"AG32 batch update queued","processed":56448,"total":108924,"device_id":1075838977,"dp_idcode":731911287,"records":3,"programmed":56448,"verified":128,"error":"ESP_OK","cleanup_error":"ESP_OK","address":2148486140,"swd_ack":0,"stack_free_min":0,"mcu_resumed":false,"destructive_started":true,"recovery_required":true}
2026-09-10 20:20:20 @mori {"event":"ag32_batch_status","state":"running","phase":"program","message":"AG32 batch update queued","processed":57472,"total":108924,"device_id":1075838977,"dp_idcode":731911287,"records":3,"programmed":57472,"verified":128,"error":"ESP_OK","cleanup_error":"ESP_OK","address":2148487124,"swd_ack":0,"stack_free_min":0,"mcu_resumed":false,"destructive_started":true,"recovery_required":true}
2026-09-10 20:20:21 @mori {"event":"ag32_batch_status","state":"running","phase":"program","message":"AG32 batch update queued","processed":57472,"total":108924,"device_id":1075838977,"dp_idcode":731911287,"records":3,"programmed":57472,"verified":128,"error":"ESP_OK","cleanup_error":"ESP_OK","address":2148487124,"swd_ack":0,"stack_free_min":0,"mcu_resumed":false,"destructive_started":true,"recovery_required":true}
2026-09-10 20:20:21 @mori {"event":"ag32_batch_status","state":"running","phase":"program","message":"AG32 batch update queued","processed":58496,"total":108924,"device_id":1075838977,"dp_idcode":731911287,"records":3,"programmed":58496,"verified":128,"error":"ESP_OK","cleanup_error":"ESP_OK","address":2148488188,"swd_ack":0,"stack_free_min":0,"mcu_resumed":false,"destructive_started":true,"recovery_required":true}
2026-09-10 20:20:21 @mori {"event":"ag32_batch_status","state":"running","phase":"program","message":"AG32 batch update queued","processed":58496,"total":108924,"device_id":1075838977,"dp_idcode":731911287,"records":3,"programmed":58496,"verified":128,"error":"ESP_OK","cleanup_error":"ESP_OK","address":2148488188,"swd_ack":0,"stack_free_min":0,"mcu_resumed":false,"destructive_started":true,"recovery_required":true}
2026-09-10 20:20:22 @mori {"event":"ag32_batch_status","state":"running","phase":"program","message":"AG32 batch update queued","processed":58496,"total":108924,"device_id":1075838977,"dp_idcode":731911287,"records":3,"programmed":58496,"verified":128,"error":"ESP_OK","cleanup_error":"ESP_OK","address":2148488188,"swd_ack":0,"stack_free_min":0,"mcu_resumed":false,"destructive_started":true,"recovery_required":true}
2026-09-10 20:20:22 @mori {"event":"ag32_batch_status","state":"running","phase":"program","message":"AG32 batch update queued","processed":58496,"total":108924,"device_id":1075838977,"dp_idcode":731911287,"records":3,"programmed":58496,"verified":128,"error":"ESP_OK","cleanup_error":"ESP_OK","address":2148488188,"swd_ack":0,"stack_free_min":0,"mcu_resumed":false,"destructive_started":true,"recovery_required":true}
2026-09-10 20:20:23 @mori {"event":"ag32_batch_status","state":"running","phase":"program","message":"AG32 batch update queued","processed":59520,"total":108924,"device_id":1075838977,"dp_idcode":731911287,"records":3,"programmed":59520,"verified":128,"error":"ESP_OK","cleanup_error":"ESP_OK","address":2148489212,"swd_ack":0,"stack_free_min":0,"mcu_resumed":false,"destructive_started":true,"recovery_required":true}
2026-09-10 20:20:23 @mori {"event":"ag32_batch_status","state":"running","phase":"program","message":"AG32 batch update queued","processed":59520,"total":108924,"device_id":1075838977,"dp_idcode":731911287,"records":3,"programmed":59520,"verified":128,"error":"ESP_OK","cleanup_error":"ESP_OK","address":2148489212,"swd_ack":0,"stack_free_min":0,"mcu_resumed":false,"destructive_started":true,"recovery_required":true}
2026-09-10 20:20:24 @mori {"event":"ag32_batch_status","state":"running","phase":"program","message":"AG32 batch update queued","processed":59520,"total":108924,"device_id":1075838977,"dp_idcode":731911287,"records":3,"programmed":59520,"verified":128,"error":"ESP_OK","cleanup_error":"ESP_OK","address":2148489212,"swd_ack":0,"stack_free_min":0,"mcu_resumed":false,"destructive_started":true,"recovery_required":true}
2026-09-10 20:20:24 @mori {"event":"ag32_batch_status","state":"running","phase":"program","message":"AG32 batch update queued","processed":60544,"total":108924,"device_id":1075838977,"dp_idcode":731911287,"records":3,"programmed":60544,"verified":128,"error":"ESP_OK","cleanup_error":"ESP_OK","address":2148490236,"swd_ack":0,"stack_free_min":0,"mcu_resumed":false,"destructive_started":true,"recovery_required":true}
2026-09-10 20:20:24 @mori {"event":"ag32_batch_status","state":"running","phase":"program","message":"AG32 batch update queued","processed":60544,"total":108924,"device_id":1075838977,"dp_idcode":731911287,"records":3,"programmed":60544,"verified":128,"error":"ESP_OK","cleanup_error":"ESP_OK","address":2148490236,"swd_ack":0,"stack_free_min":0,"mcu_resumed":false,"destructive_started":true,"recovery_required":true}
2026-09-10 20:20:25 @mori {"event":"ag32_batch_status","state":"running","phase":"program","message":"AG32 batch update queued","processed":60544,"total":108924,"device_id":1075838977,"dp_idcode":731911287,"records":3,"programmed":60544,"verified":128,"error":"ESP_OK","cleanup_error":"ESP_OK","address":2148490236,"swd_ack":0,"stack_free_min":0,"mcu_resumed":false,"destructive_started":true,"recovery_required":true}
2026-09-10 20:20:25 @mori {"event":"ag32_batch_status","state":"running","phase":"program","message":"AG32 batch update queued","processed":60544,"total":108924,"device_id":1075838977,"dp_idcode":731911287,"records":3,"programmed":60544,"verified":128,"error":"ESP_OK","cleanup_error":"ESP_OK","address":2148490236,"swd_ack":0,"stack_free_min":0,"mcu_resumed":false,"destructive_started":true,"recovery_required":true}
2026-09-10 20:20:26 @mori {"event":"ag32_batch_status","state":"running","phase":"program","message":"AG32 batch update queued","processed":61568,"total":108924,"device_id":1075838977,"dp_idcode":731911287,"records":3,"programmed":61568,"verified":128,"error":"ESP_OK","cleanup_error":"ESP_OK","address":2148491260,"swd_ack":0,"stack_free_min":0,"mcu_resumed":false,"destructive_started":true,"recovery_required":true}
2026-09-10 20:20:26 @mori {"event":"ag32_batch_status","state":"running","phase":"program","message":"AG32 batch update queued","processed":61568,"total":108924,"device_id":1075838977,"dp_idcode":731911287,"records":3,"programmed":61568,"verified":128,"error":"ESP_OK","cleanup_error":"ESP_OK","address":2148491260,"swd_ack":0,"stack_free_min":0,"mcu_resumed":false,"destructive_started":true,"recovery_required":true}
2026-09-10 20:20:27 @mori {"event":"ag32_batch_status","state":"running","phase":"program","message":"AG32 batch update queued","processed":61568,"total":108924,"device_id":1075838977,"dp_idcode":731911287,"records":3,"programmed":61568,"verified":128,"error":"ESP_OK","cleanup_error":"ESP_OK","address":2148491260,"swd_ack":0,"stack_free_min":0,"mcu_resumed":false,"destructive_started":true,"recovery_required":true}
2026-09-10 20:20:27 @mori {"event":"ag32_batch_status","state":"running","phase":"program","message":"AG32 batch update queued","processed":62592,"total":108924,"device_id":1075838977,"dp_idcode":731911287,"records":3,"programmed":62592,"verified":128,"error":"ESP_OK","cleanup_error":"ESP_OK","address":2148492284,"swd_ack":0,"stack_free_min":0,"mcu_resumed":false,"destructive_started":true,"recovery_required":true}
2026-09-10 20:20:28 @mori {"event":"ag32_batch_status","state":"running","phase":"program","message":"AG32 batch update queued","processed":62592,"total":108924,"device_id":1075838977,"dp_idcode":731911287,"records":3,"programmed":62592,"verified":128,"error":"ESP_OK","cleanup_error":"ESP_OK","address":2148492284,"swd_ack":0,"stack_free_min":0,"mcu_resumed":false,"destructive_started":true,"recovery_required":true}
2026-09-10 20:20:28 @mori {"event":"ag32_batch_status","state":"running","phase":"program","message":"AG32 batch update queued","processed":62592,"total":108924,"device_id":1075838977,"dp_idcode":731911287,"records":3,"programmed":62592,"verified":128,"error":"ESP_OK","cleanup_error":"ESP_OK","address":2148492284,"swd_ack":0,"stack_free_min":0,"mcu_resumed":false,"destructive_started":true,"recovery_required":true}
2026-09-10 20:20:28 @mori {"event":"ag32_batch_status","state":"running","phase":"program","message":"AG32 batch update queued","processed":62592,"total":108924,"device_id":1075838977,"dp_idcode":731911287,"records":3,"programmed":62592,"verified":128,"error":"ESP_OK","cleanup_error":"ESP_OK","address":2148492284,"swd_ack":0,"stack_free_min":0,"mcu_resumed":false,"destructive_started":true,"recovery_required":true}
2026-09-10 20:20:29 @mori {"event":"ag32_batch_status","state":"running","phase":"program","message":"AG32 batch update queued","processed":63616,"total":108924,"device_id":1075838977,"dp_idcode":731911287,"records":3,"programmed":63616,"verified":128,"error":"ESP_OK","cleanup_error":"ESP_OK","address":2148493308,"swd_ack":0,"stack_free_min":0,"mcu_resumed":false,"destructive_started":true,"recovery_required":true}
2026-09-10 20:20:29 @mori {"event":"ag32_batch_status","state":"running","phase":"program","message":"AG32 batch update queued","processed":63616,"total":108924,"device_id":1075838977,"dp_idcode":731911287,"records":3,"programmed":63616,"verified":128,"error":"ESP_OK","cleanup_error":"ESP_OK","address":2148493308,"swd_ack":0,"stack_free_min":0,"mcu_resumed":false,"destructive_started":true,"recovery_required":true}
2026-09-10 20:20:30 @mori {"event":"ag32_batch_status","state":"running","phase":"program","message":"AG32 batch update queued","processed":63616,"total":108924,"device_id":1075838977,"dp_idcode":731911287,"records":3,"programmed":63616,"verified":128,"error":"ESP_OK","cleanup_error":"ESP_OK","address":2148493308,"swd_ack":0,"stack_free_min":0,"mcu_resumed":false,"destructive_started":true,"recovery_required":true}
2026-09-10 20:20:30 @mori {"event":"ag32_batch_status","state":"running","phase":"program","message":"AG32 batch update queued","processed":64640,"total":108924,"device_id":1075838977,"dp_idcode":731911287,"records":3,"programmed":64640,"verified":128,"error":"ESP_OK","cleanup_error":"ESP_OK","address":2148494332,"swd_ack":0,"stack_free_min":0,"mcu_resumed":false,"destructive_started":true,"recovery_required":true}
2026-09-10 20:20:31 @mori {"event":"ag32_batch_status","state":"running","phase":"program","message":"AG32 batch update queued","processed":64640,"total":108924,"device_id":1075838977,"dp_idcode":731911287,"records":3,"programmed":64640,"verified":128,"error":"ESP_OK","cleanup_error":"ESP_OK","address":2148494332,"swd_ack":0,"stack_free_min":0,"mcu_resumed":false,"destructive_started":true,"recovery_required":true}
2026-09-10 20:20:31 @mori {"event":"ag32_batch_status","state":"running","phase":"program","message":"AG32 batch update queued","processed":64640,"total":108924,"device_id":1075838977,"dp_idcode":731911287,"records":3,"programmed":64640,"verified":128,"error":"ESP_OK","cleanup_error":"ESP_OK","address":2148494332,"swd_ack":0,"stack_free_min":0,"mcu_resumed":false,"destructive_started":true,"recovery_required":true}
2026-09-10 20:20:31 @mori {"event":"ag32_batch_status","state":"running","phase":"program","message":"AG32 batch update queued","processed":64640,"total":108924,"device_id":1075838977,"dp_idcode":731911287,"records":3,"programmed":64640,"verified":128,"error":"ESP_OK","cleanup_error":"ESP_OK","address":2148494332,"swd_ack":0,"stack_free_min":0,"mcu_resumed":false,"destructive_started":true,"recovery_required":true}
2026-09-10 20:20:32 @mori {"event":"ag32_batch_status","state":"running","phase":"program","message":"AG32 batch update queued","processed":65664,"total":108924,"device_id":1075838977,"dp_idcode":731911287,"records":3,"programmed":65664,"verified":128,"error":"ESP_OK","cleanup_error":"ESP_OK","address":2148495356,"swd_ack":0,"stack_free_min":0,"mcu_resumed":false,"destructive_started":true,"recovery_required":true}
2026-09-10 20:20:32 @mori {"event":"ag32_batch_status","state":"running","phase":"program","message":"AG32 batch update queued","processed":65664,"total":108924,"device_id":1075838977,"dp_idcode":731911287,"records":3,"programmed":65664,"verified":128,"error":"ESP_OK","cleanup_error":"ESP_OK","address":2148495356,"swd_ack":0,"stack_free_min":0,"mcu_resumed":false,"destructive_started":true,"recovery_required":true}
2026-09-10 20:20:33 @mori {"event":"ag32_batch_status","state":"running","phase":"program","message":"AG32 batch update queued","processed":65664,"total":108924,"device_id":1075838977,"dp_idcode":731911287,"records":3,"programmed":65664,"verified":128,"error":"ESP_OK","cleanup_error":"ESP_OK","address":2148495356,"swd_ack":0,"stack_free_min":0,"mcu_resumed":false,"destructive_started":true,"recovery_required":true}
2026-09-10 20:20:33 @mori {"event":"ag32_batch_status","state":"running","phase":"program","message":"AG32 batch update queued","processed":66688,"total":108924,"device_id":1075838977,"dp_idcode":731911287,"records":3,"programmed":66688,"verified":128,"error":"ESP_OK","cleanup_error":"ESP_OK","address":2148496380,"swd_ack":0,"stack_free_min":0,"mcu_resumed":false,"destructive_started":true,"recovery_required":true}
2026-09-10 20:20:34 @mori {"event":"ag32_batch_status","state":"running","phase":"program","message":"AG32 batch update queued","processed":66688,"total":108924,"device_id":1075838977,"dp_idcode":731911287,"records":3,"programmed":66688,"verified":128,"error":"ESP_OK","cleanup_error":"ESP_OK","address":2148496380,"swd_ack":0,"stack_free_min":0,"mcu_resumed":false,"destructive_started":true,"recovery_required":true}
2026-09-10 20:20:34 @mori {"event":"ag32_batch_status","state":"running","phase":"program","message":"AG32 batch update queued","processed":66688,"total":108924,"device_id":1075838977,"dp_idcode":731911287,"records":3,"programmed":66688,"verified":128,"error":"ESP_OK","cleanup_error":"ESP_OK","address":2148496380,"swd_ack":0,"stack_free_min":0,"mcu_resumed":false,"destructive_started":true,"recovery_required":true}
2026-09-10 20:20:34 @mori {"event":"ag32_batch_status","state":"running","phase":"program","message":"AG32 batch update queued","processed":66688,"total":108924,"device_id":1075838977,"dp_idcode":731911287,"records":3,"programmed":66688,"verified":128,"error":"ESP_OK","cleanup_error":"ESP_OK","address":2148496380,"swd_ack":0,"stack_free_min":0,"mcu_resumed":false,"destructive_started":true,"recovery_required":true}
2026-09-10 20:20:35 @mori {"event":"ag32_batch_status","state":"running","phase":"program","message":"AG32 batch update queued","processed":67712,"total":108924,"device_id":1075838977,"dp_idcode":731911287,"records":3,"programmed":67712,"verified":128,"error":"ESP_OK","cleanup_error":"ESP_OK","address":2148497404,"swd_ack":0,"stack_free_min":0,"mcu_resumed":false,"destructive_started":true,"recovery_required":true}
2026-09-10 20:20:35 @mori {"event":"ag32_batch_status","state":"running","phase":"program","message":"AG32 batch update queued","processed":67712,"total":108924,"device_id":1075838977,"dp_idcode":731911287,"records":3,"programmed":67712,"verified":128,"error":"ESP_OK","cleanup_error":"ESP_OK","address":2148497404,"swd_ack":0,"stack_free_min":0,"mcu_resumed":false,"destructive_started":true,"recovery_required":true}
2026-09-10 20:20:36 @mori {"event":"ag32_batch_status","state":"running","phase":"program","message":"AG32 batch update queued","processed":67712,"total":108924,"device_id":1075838977,"dp_idcode":731911287,"records":3,"programmed":67712,"verified":128,"error":"ESP_OK","cleanup_error":"ESP_OK","address":2148497404,"swd_ack":0,"stack_free_min":0,"mcu_resumed":false,"destructive_started":true,"recovery_required":true}
2026-09-10 20:20:36 @mori {"event":"ag32_batch_status","state":"running","phase":"program","message":"AG32 batch update queued","processed":68736,"total":108924,"device_id":1075838977,"dp_idcode":731911287,"records":3,"programmed":68736,"verified":128,"error":"ESP_OK","cleanup_error":"ESP_OK","address":2148498428,"swd_ack":0,"stack_free_min":0,"mcu_resumed":false,"destructive_started":true,"recovery_required":true}
2026-09-10 20:20:37 @mori {"event":"ag32_batch_status","state":"running","phase":"program","message":"AG32 batch update queued","processed":68736,"total":108924,"device_id":1075838977,"dp_idcode":731911287,"records":3,"programmed":68736,"verified":128,"error":"ESP_OK","cleanup_error":"ESP_OK","address":2148498428,"swd_ack":0,"stack_free_min":0,"mcu_resumed":false,"destructive_started":true,"recovery_required":true}
2026-09-10 20:20:37 @mori {"event":"ag32_batch_status","state":"running","phase":"program","message":"AG32 batch update queued","processed":68736,"total":108924,"device_id":1075838977,"dp_idcode":731911287,"records":3,"programmed":68736,"verified":128,"error":"ESP_OK","cleanup_error":"ESP_OK","address":2148498428,"swd_ack":0,"stack_free_min":0,"mcu_resumed":false,"destructive_started":true,"recovery_required":true}
2026-09-10 20:20:38 @mori {"event":"ag32_batch_status","state":"running","phase":"program","message":"AG32 batch update queued","processed":68736,"total":108924,"device_id":1075838977,"dp_idcode":731911287,"records":3,"programmed":68736,"verified":128,"error":"ESP_OK","cleanup_error":"ESP_OK","address":2148498428,"swd_ack":0,"stack_free_min":0,"mcu_resumed":false,"destructive_started":true,"recovery_required":true}
2026-09-10 20:20:38 @mori {"event":"ag32_batch_status","state":"running","phase":"program","message":"AG32 batch update queued","processed":69760,"total":108924,"device_id":1075838977,"dp_idcode":731911287,"records":3,"programmed":69760,"verified":128,"error":"ESP_OK","cleanup_error":"ESP_OK","address":2148499452,"swd_ack":0,"stack_free_min":0,"mcu_resumed":false,"destructive_started":true,"recovery_required":true}
2026-09-10 20:20:38 @mori {"event":"ag32_batch_status","state":"running","phase":"program","message":"AG32 batch update queued","processed":69760,"total":108924,"device_id":1075838977,"dp_idcode":731911287,"records":3,"programmed":69760,"verified":128,"error":"ESP_OK","cleanup_error":"ESP_OK","address":2148499452,"swd_ack":0,"stack_free_min":0,"mcu_resumed":false,"destructive_started":true,"recovery_required":true}
2026-09-10 20:20:39 @mori {"event":"ag32_batch_status","state":"running","phase":"program","message":"AG32 batch update queued","processed":69760,"total":108924,"device_id":1075838977,"dp_idcode":731911287,"records":3,"programmed":69760,"verified":128,"error":"ESP_OK","cleanup_error":"ESP_OK","address":2148499452,"swd_ack":0,"stack_free_min":0,"mcu_resumed":false,"destructive_started":true,"recovery_required":true}
2026-09-10 20:20:39 @mori {"event":"ag32_batch_status","state":"running","phase":"program","message":"AG32 batch update queued","processed":70784,"total":108924,"device_id":1075838977,"dp_idcode":731911287,"records":3,"programmed":70784,"verified":128,"error":"ESP_OK","cleanup_error":"ESP_OK","address":2148500476,"swd_ack":0,"stack_free_min":0,"mcu_resumed":false,"destructive_started":true,"recovery_required":true}
2026-09-10 20:20:40 @mori {"event":"ag32_batch_status","state":"running","phase":"program","message":"AG32 batch update queued","processed":70784,"total":108924,"device_id":1075838977,"dp_idcode":731911287,"records":3,"programmed":70784,"verified":128,"error":"ESP_OK","cleanup_error":"ESP_OK","address":2148500476,"swd_ack":0,"stack_free_min":0,"mcu_resumed":false,"destructive_started":true,"recovery_required":true}
2026-09-10 20:20:40 @mori {"event":"ag32_batch_status","state":"running","phase":"program","message":"AG32 batch update queued","processed":70784,"total":108924,"device_id":1075838977,"dp_idcode":731911287,"records":3,"programmed":70784,"verified":128,"error":"ESP_OK","cleanup_error":"ESP_OK","address":2148500476,"swd_ack":0,"stack_free_min":0,"mcu_resumed":false,"destructive_started":true,"recovery_required":true}
2026-09-10 20:20:41 @mori {"event":"ag32_batch_status","state":"running","phase":"program","message":"AG32 batch update queued","processed":70784,"total":108924,"device_id":1075838977,"dp_idcode":731911287,"records":3,"programmed":70784,"verified":128,"error":"ESP_OK","cleanup_error":"ESP_OK","address":2148500476,"swd_ack":0,"stack_free_min":0,"mcu_resumed":false,"destructive_started":true,"recovery_required":true}
2026-09-10 20:20:41 @mori {"event":"ag32_batch_status","state":"running","phase":"program","message":"AG32 batch update queued","processed":71808,"total":108924,"device_id":1075838977,"dp_idcode":731911287,"records":3,"programmed":71808,"verified":128,"error":"ESP_OK","cleanup_error":"ESP_OK","address":2148501500,"swd_ack":0,"stack_free_min":0,"mcu_resumed":false,"destructive_started":true,"recovery_required":true}
2026-09-10 20:20:41 @mori {"event":"ag32_batch_status","state":"running","phase":"program","message":"AG32 batch update queued","processed":71808,"total":108924,"device_id":1075838977,"dp_idcode":731911287,"records":3,"programmed":71808,"verified":128,"error":"ESP_OK","cleanup_error":"ESP_OK","address":2148501500,"swd_ack":0,"stack_free_min":0,"mcu_resumed":false,"destructive_started":true,"recovery_required":true}
2026-09-10 20:20:42 @mori {"event":"ag32_batch_status","state":"running","phase":"program","message":"AG32 batch update queued","processed":71808,"total":108924,"device_id":1075838977,"dp_idcode":731911287,"records":3,"programmed":71808,"verified":128,"error":"ESP_OK","cleanup_error":"ESP_OK","address":2148501500,"swd_ack":0,"stack_free_min":0,"mcu_resumed":false,"destructive_started":true,"recovery_required":true}
2026-09-10 20:20:42 @mori {"event":"ag32_batch_status","state":"running","phase":"program","message":"AG32 batch update queued","processed":72832,"total":108924,"device_id":1075838977,"dp_idcode":731911287,"records":3,"programmed":72832,"verified":128,"error":"ESP_OK","cleanup_error":"ESP_OK","address":2148502524,"swd_ack":0,"stack_free_min":0,"mcu_resumed":false,"destructive_started":true,"recovery_required":true}
2026-09-10 20:20:43 @mori {"event":"ag32_batch_status","state":"running","phase":"program","message":"AG32 batch update queued","processed":72832,"total":108924,"device_id":1075838977,"dp_idcode":731911287,"records":3,"programmed":72832,"verified":128,"error":"ESP_OK","cleanup_error":"ESP_OK","address":2148502524,"swd_ack":0,"stack_free_min":0,"mcu_resumed":false,"destructive_started":true,"recovery_required":true}
2026-09-10 20:20:43 @mori {"event":"ag32_batch_status","state":"running","phase":"program","message":"AG32 batch update queued","processed":72832,"total":108924,"device_id":1075838977,"dp_idcode":731911287,"records":3,"programmed":72832,"verified":128,"error":"ESP_OK","cleanup_error":"ESP_OK","address":2148502524,"swd_ack":0,"stack_free_min":0,"mcu_resumed":false,"destructive_started":true,"recovery_required":true}
2026-09-10 20:20:44 @mori {"event":"ag32_batch_status","state":"running","phase":"program","message":"AG32 batch update queued","processed":73856,"total":108924,"device_id":1075838977,"dp_idcode":731911287,"records":3,"programmed":73856,"verified":128,"error":"ESP_OK","cleanup_error":"ESP_OK","address":2148503548,"swd_ack":0,"stack_free_min":0,"mcu_resumed":false,"destructive_started":true,"recovery_required":true}
2026-09-10 20:20:44 @mori {"event":"ag32_batch_status","state":"running","phase":"program","message":"AG32 batch update queued","processed":73856,"total":108924,"device_id":1075838977,"dp_idcode":731911287,"records":3,"programmed":73856,"verified":128,"error":"ESP_OK","cleanup_error":"ESP_OK","address":2148503548,"swd_ack":0,"stack_free_min":0,"mcu_resumed":false,"destructive_started":true,"recovery_required":true}
2026-09-10 20:20:44 @mori {"event":"ag32_batch_status","state":"running","phase":"program","message":"AG32 batch update queued","processed":73856,"total":108924,"device_id":1075838977,"dp_idcode":731911287,"records":3,"programmed":73856,"verified":128,"error":"ESP_OK","cleanup_error":"ESP_OK","address":2148503548,"swd_ack":0,"stack_free_min":0,"mcu_resumed":false,"destructive_started":true,"recovery_required":true}
2026-09-10 20:20:45 @mori {"event":"ag32_batch_status","state":"running","phase":"program","message":"AG32 batch update queued","processed":73856,"total":108924,"device_id":1075838977,"dp_idcode":731911287,"records":3,"programmed":73856,"verified":128,"error":"ESP_OK","cleanup_error":"ESP_OK","address":2148503548,"swd_ack":0,"stack_free_min":0,"mcu_resumed":false,"destructive_started":true,"recovery_required":true}
2026-09-10 20:20:45 @mori {"event":"ag32_batch_status","state":"running","phase":"program","message":"AG32 batch update queued","processed":74880,"total":108924,"device_id":1075838977,"dp_idcode":731911287,"records":3,"programmed":74880,"verified":128,"error":"ESP_OK","cleanup_error":"ESP_OK","address":2148504572,"swd_ack":0,"stack_free_min":0,"mcu_resumed":false,"destructive_started":true,"recovery_required":true}
2026-09-10 20:20:46 @mori {"event":"ag32_batch_status","state":"running","phase":"program","message":"AG32 batch update queued","processed":74880,"total":108924,"device_id":1075838977,"dp_idcode":731911287,"records":3,"programmed":74880,"verified":128,"error":"ESP_OK","cleanup_error":"ESP_OK","address":2148504572,"swd_ack":0,"stack_free_min":0,"mcu_resumed":false,"destructive_started":true,"recovery_required":true}
2026-09-10 20:20:46 @mori {"event":"ag32_batch_status","state":"running","phase":"program","message":"AG32 batch update queued","processed":74880,"total":108924,"device_id":1075838977,"dp_idcode":731911287,"records":3,"programmed":74880,"verified":128,"error":"ESP_OK","cleanup_error":"ESP_OK","address":2148504572,"swd_ack":0,"stack_free_min":0,"mcu_resumed":false,"destructive_started":true,"recovery_required":true}
2026-09-10 20:20:47 @mori {"event":"ag32_batch_status","state":"running","phase":"program","message":"AG32 batch update queued","processed":75904,"total":108924,"device_id":1075838977,"dp_idcode":731911287,"records":3,"programmed":75904,"verified":128,"error":"ESP_OK","cleanup_error":"ESP_OK","address":2148505596,"swd_ack":0,"stack_free_min":0,"mcu_resumed":false,"destructive_started":true,"recovery_required":true}
2026-09-10 20:20:47 @mori {"event":"ag32_batch_status","state":"running","phase":"program","message":"AG32 batch update queued","processed":75904,"total":108924,"device_id":1075838977,"dp_idcode":731911287,"records":3,"programmed":75904,"verified":128,"error":"ESP_OK","cleanup_error":"ESP_OK","address":2148505596,"swd_ack":0,"stack_free_min":0,"mcu_resumed":false,"destructive_started":true,"recovery_required":true}
2026-09-10 20:20:48 @mori {"event":"ag32_batch_status","state":"running","phase":"program","message":"AG32 batch update queued","processed":75904,"total":108924,"device_id":1075838977,"dp_idcode":731911287,"records":3,"programmed":75904,"verified":128,"error":"ESP_OK","cleanup_error":"ESP_OK","address":2148505596,"swd_ack":0,"stack_free_min":0,"mcu_resumed":false,"destructive_started":true,"recovery_required":true}
2026-09-10 20:20:48 @mori {"event":"ag32_batch_status","state":"running","phase":"program","message":"AG32 batch update queued","processed":75904,"total":108924,"device_id":1075838977,"dp_idcode":731911287,"records":3,"programmed":75904,"verified":128,"error":"ESP_OK","cleanup_error":"ESP_OK","address":2148505596,"swd_ack":0,"stack_free_min":0,"mcu_resumed":false,"destructive_started":true,"recovery_required":true}
2026-09-10 20:20:48 @mori {"event":"ag32_batch_status","state":"running","phase":"program","message":"AG32 batch update queued","processed":76928,"total":108924,"device_id":1075838977,"dp_idcode":731911287,"records":3,"programmed":76928,"verified":128,"error":"ESP_OK","cleanup_error":"ESP_OK","address":2148506620,"swd_ack":0,"stack_free_min":0,"mcu_resumed":false,"destructive_started":true,"recovery_required":true}
2026-09-10 20:20:49 @mori {"event":"ag32_batch_status","state":"running","phase":"program","message":"AG32 batch update queued","processed":76928,"total":108924,"device_id":1075838977,"dp_idcode":731911287,"records":3,"programmed":76928,"verified":128,"error":"ESP_OK","cleanup_error":"ESP_OK","address":2148506620,"swd_ack":0,"stack_free_min":0,"mcu_resumed":false,"destructive_started":true,"recovery_required":true}
2026-09-10 20:20:49 @mori {"event":"ag32_batch_status","state":"running","phase":"program","message":"AG32 batch update queued","processed":76928,"total":108924,"device_id":1075838977,"dp_idcode":731911287,"records":3,"programmed":76928,"verified":128,"error":"ESP_OK","cleanup_error":"ESP_OK","address":2148506620,"swd_ack":0,"stack_free_min":0,"mcu_resumed":false,"destructive_started":true,"recovery_required":true}
2026-09-10 20:20:50 @mori {"event":"ag32_batch_status","state":"running","phase":"program","message":"AG32 batch update queued","processed":77952,"total":108924,"device_id":1075838977,"dp_idcode":731911287,"records":3,"programmed":77952,"verified":128,"error":"ESP_OK","cleanup_error":"ESP_OK","address":2148507644,"swd_ack":0,"stack_free_min":0,"mcu_resumed":false,"destructive_started":true,"recovery_required":true}
2026-09-10 20:20:50 @mori {"event":"ag32_batch_status","state":"running","phase":"program","message":"AG32 batch update queued","processed":77952,"total":108924,"device_id":1075838977,"dp_idcode":731911287,"records":3,"programmed":77952,"verified":128,"error":"ESP_OK","cleanup_error":"ESP_OK","address":2148507644,"swd_ack":0,"stack_free_min":0,"mcu_resumed":false,"destructive_started":true,"recovery_required":true}
2026-09-10 20:20:51 @mori {"event":"ag32_batch_status","state":"running","phase":"program","message":"AG32 batch update queued","processed":77952,"total":108924,"device_id":1075838977,"dp_idcode":731911287,"records":3,"programmed":77952,"verified":128,"error":"ESP_OK","cleanup_error":"ESP_OK","address":2148507644,"swd_ack":0,"stack_free_min":0,"mcu_resumed":false,"destructive_started":true,"recovery_required":true}
2026-09-10 20:20:51 @mori {"event":"ag32_batch_status","state":"running","phase":"program","message":"AG32 batch update queued","processed":77952,"total":108924,"device_id":1075838977,"dp_idcode":731911287,"records":3,"programmed":77952,"verified":128,"error":"ESP_OK","cleanup_error":"ESP_OK","address":2148507644,"swd_ack":0,"stack_free_min":0,"mcu_resumed":false,"destructive_started":true,"recovery_required":true}
2026-09-10 20:20:51 @mori {"event":"ag32_batch_status","state":"running","phase":"program","message":"AG32 batch update queued","processed":78976,"total":108924,"device_id":1075838977,"dp_idcode":731911287,"records":3,"programmed":78976,"verified":128,"error":"ESP_OK","cleanup_error":"ESP_OK","address":2148508668,"swd_ack":0,"stack_free_min":0,"mcu_resumed":false,"destructive_started":true,"recovery_required":true}
2026-09-10 20:20:52 @mori {"event":"ag32_batch_status","state":"running","phase":"program","message":"AG32 batch update queued","processed":78976,"total":108924,"device_id":1075838977,"dp_idcode":731911287,"records":3,"programmed":78976,"verified":128,"error":"ESP_OK","cleanup_error":"ESP_OK","address":2148508668,"swd_ack":0,"stack_free_min":0,"mcu_resumed":false,"destructive_started":true,"recovery_required":true}
2026-09-10 20:20:52 @mori {"event":"ag32_batch_status","state":"running","phase":"program","message":"AG32 batch update queued","processed":78976,"total":108924,"device_id":1075838977,"dp_idcode":731911287,"records":3,"programmed":78976,"verified":128,"error":"ESP_OK","cleanup_error":"ESP_OK","address":2148508668,"swd_ack":0,"stack_free_min":0,"mcu_resumed":false,"destructive_started":true,"recovery_required":true}
2026-09-10 20:20:53 @mori {"event":"ag32_batch_status","state":"running","phase":"program","message":"AG32 batch update queued","processed":80000,"total":108924,"device_id":1075838977,"dp_idcode":731911287,"records":3,"programmed":80000,"verified":128,"error":"ESP_OK","cleanup_error":"ESP_OK","address":2148509692,"swd_ack":0,"stack_free_min":0,"mcu_resumed":false,"destructive_started":true,"recovery_required":true}
2026-09-10 20:20:53 @mori {"event":"ag32_batch_status","state":"running","phase":"program","message":"AG32 batch update queued","processed":80000,"total":108924,"device_id":1075838977,"dp_idcode":731911287,"records":3,"programmed":80000,"verified":128,"error":"ESP_OK","cleanup_error":"ESP_OK","address":2148509692,"swd_ack":0,"stack_free_min":0,"mcu_resumed":false,"destructive_started":true,"recovery_required":true}
2026-09-10 20:20:54 @mori {"event":"ag32_batch_status","state":"running","phase":"program","message":"AG32 batch update queued","processed":80000,"total":108924,"device_id":1075838977,"dp_idcode":731911287,"records":3,"programmed":80000,"verified":128,"error":"ESP_OK","cleanup_error":"ESP_OK","address":2148509692,"swd_ack":0,"stack_free_min":0,"mcu_resumed":false,"destructive_started":true,"recovery_required":true}
2026-09-10 20:20:54 @mori {"event":"ag32_batch_status","state":"running","phase":"program","message":"AG32 batch update queued","processed":80000,"total":108924,"device_id":1075838977,"dp_idcode":731911287,"records":3,"programmed":80000,"verified":128,"error":"ESP_OK","cleanup_error":"ESP_OK","address":2148509692,"swd_ack":0,"stack_free_min":0,"mcu_resumed":false,"destructive_started":true,"recovery_required":true}
2026-09-10 20:20:54 @mori {"event":"ag32_batch_status","state":"running","phase":"program","message":"AG32 batch update queued","processed":81024,"total":108924,"device_id":1075838977,"dp_idcode":731911287,"records":3,"programmed":81024,"verified":128,"error":"ESP_OK","cleanup_error":"ESP_OK","address":2148510716,"swd_ack":0,"stack_free_min":0,"mcu_resumed":false,"destructive_started":true,"recovery_required":true}
2026-09-10 20:20:55 @mori {"event":"ag32_batch_status","state":"running","phase":"program","message":"AG32 batch update queued","processed":81024,"total":108924,"device_id":1075838977,"dp_idcode":731911287,"records":3,"programmed":81024,"verified":128,"error":"ESP_OK","cleanup_error":"ESP_OK","address":2148510716,"swd_ack":0,"stack_free_min":0,"mcu_resumed":false,"destructive_started":true,"recovery_required":true}
2026-09-10 20:20:55 @mori {"event":"ag32_batch_status","state":"running","phase":"program","message":"AG32 batch update queued","processed":81024,"total":108924,"device_id":1075838977,"dp_idcode":731911287,"records":3,"programmed":81024,"verified":128,"error":"ESP_OK","cleanup_error":"ESP_OK","address":2148510716,"swd_ack":0,"stack_free_min":0,"mcu_resumed":false,"destructive_started":true,"recovery_required":true}
2026-09-10 20:20:56 @mori {"event":"ag32_batch_status","state":"running","phase":"program","message":"AG32 batch update queued","processed":82048,"total":108924,"device_id":1075838977,"dp_idcode":731911287,"records":3,"programmed":82048,"verified":128,"error":"ESP_OK","cleanup_error":"ESP_OK","address":2148511740,"swd_ack":0,"stack_free_min":0,"mcu_resumed":false,"destructive_started":true,"recovery_required":true}
2026-09-10 20:20:56 @mori {"event":"ag32_batch_status","state":"running","phase":"program","message":"AG32 batch update queued","processed":82048,"total":108924,"device_id":1075838977,"dp_idcode":731911287,"records":3,"programmed":82048,"verified":128,"error":"ESP_OK","cleanup_error":"ESP_OK","address":2148511740,"swd_ack":0,"stack_free_min":0,"mcu_resumed":false,"destructive_started":true,"recovery_required":true}
2026-09-10 20:20:57 @mori {"event":"ag32_batch_status","state":"running","phase":"program","message":"AG32 batch update queued","processed":82048,"total":108924,"device_id":1075838977,"dp_idcode":731911287,"records":3,"programmed":82048,"verified":128,"error":"ESP_OK","cleanup_error":"ESP_OK","address":2148511740,"swd_ack":0,"stack_free_min":0,"mcu_resumed":false,"destructive_started":true,"recovery_required":true}
2026-09-10 20:20:57 @mori {"event":"ag32_batch_status","state":"running","phase":"program","message":"AG32 batch update queued","processed":82048,"total":108924,"device_id":1075838977,"dp_idcode":731911287,"records":3,"programmed":82048,"verified":128,"error":"ESP_OK","cleanup_error":"ESP_OK","address":2148511740,"swd_ack":0,"stack_free_min":0,"mcu_resumed":false,"destructive_started":true,"recovery_required":true}
2026-09-10 20:20:57 @mori {"event":"ag32_batch_status","state":"running","phase":"program","message":"AG32 batch update queued","processed":83072,"total":108924,"device_id":1075838977,"dp_idcode":731911287,"records":3,"programmed":83072,"verified":128,"error":"ESP_OK","cleanup_error":"ESP_OK","address":2148512764,"swd_ack":0,"stack_free_min":0,"mcu_resumed":false,"destructive_started":true,"recovery_required":true}
2026-09-10 20:20:58 @mori {"event":"ag32_batch_status","state":"running","phase":"program","message":"AG32 batch update queued","processed":83072,"total":108924,"device_id":1075838977,"dp_idcode":731911287,"records":3,"programmed":83072,"verified":128,"error":"ESP_OK","cleanup_error":"ESP_OK","address":2148512764,"swd_ack":0,"stack_free_min":0,"mcu_resumed":false,"destructive_started":true,"recovery_required":true}
2026-09-10 20:20:58 @mori {"event":"ag32_batch_status","state":"running","phase":"program","message":"AG32 batch update queued","processed":83072,"total":108924,"device_id":1075838977,"dp_idcode":731911287,"records":3,"programmed":83072,"verified":128,"error":"ESP_OK","cleanup_error":"ESP_OK","address":2148512764,"swd_ack":0,"stack_free_min":0,"mcu_resumed":false,"destructive_started":true,"recovery_required":true}
2026-09-10 20:20:59 @mori {"event":"ag32_batch_status","state":"running","phase":"program","message":"AG32 batch update queued","processed":84096,"total":108924,"device_id":1075838977,"dp_idcode":731911287,"records":3,"programmed":84096,"verified":128,"error":"ESP_OK","cleanup_error":"ESP_OK","address":2148513788,"swd_ack":0,"stack_free_min":0,"mcu_resumed":false,"destructive_started":true,"recovery_required":true}
2026-09-10 20:20:59 @mori {"event":"ag32_batch_status","state":"running","phase":"program","message":"AG32 batch update queued","processed":84096,"total":108924,"device_id":1075838977,"dp_idcode":731911287,"records":3,"programmed":84096,"verified":128,"error":"ESP_OK","cleanup_error":"ESP_OK","address":2148513788,"swd_ack":0,"stack_free_min":0,"mcu_resumed":false,"destructive_started":true,"recovery_required":true}
2026-09-10 20:21:00 @mori {"event":"ag32_batch_status","state":"running","phase":"program","message":"AG32 batch update queued","processed":84096,"total":108924,"device_id":1075838977,"dp_idcode":731911287,"records":3,"programmed":84096,"verified":128,"error":"ESP_OK","cleanup_error":"ESP_OK","address":2148513788,"swd_ack":0,"stack_free_min":0,"mcu_resumed":false,"destructive_started":true,"recovery_required":true}
2026-09-10 20:21:00 @mori {"event":"ag32_batch_status","state":"running","phase":"program","message":"AG32 batch update queued","processed":84096,"total":108924,"device_id":1075838977,"dp_idcode":731911287,"records":3,"programmed":84096,"verified":128,"error":"ESP_OK","cleanup_error":"ESP_OK","address":2148513788,"swd_ack":0,"stack_free_min":0,"mcu_resumed":false,"destructive_started":true,"recovery_required":true}
2026-09-10 20:21:01 @mori {"event":"ag32_batch_status","state":"running","phase":"program","message":"AG32 batch update queued","processed":85120,"total":108924,"device_id":1075838977,"dp_idcode":731911287,"records":3,"programmed":85120,"verified":128,"error":"ESP_OK","cleanup_error":"ESP_OK","address":2148514812,"swd_ack":0,"stack_free_min":0,"mcu_resumed":false,"destructive_started":true,"recovery_required":true}
2026-09-10 20:21:01 @mori {"event":"ag32_batch_status","state":"running","phase":"program","message":"AG32 batch update queued","processed":85120,"total":108924,"device_id":1075838977,"dp_idcode":731911287,"records":3,"programmed":85120,"verified":128,"error":"ESP_OK","cleanup_error":"ESP_OK","address":2148514812,"swd_ack":0,"stack_free_min":0,"mcu_resumed":false,"destructive_started":true,"recovery_required":true}
2026-09-10 20:21:01 @mori {"event":"ag32_batch_status","state":"running","phase":"program","message":"AG32 batch update queued","processed":85120,"total":108924,"device_id":1075838977,"dp_idcode":731911287,"records":3,"programmed":85120,"verified":128,"error":"ESP_OK","cleanup_error":"ESP_OK","address":2148514812,"swd_ack":0,"stack_free_min":0,"mcu_resumed":false,"destructive_started":true,"recovery_required":true}
2026-09-10 20:21:02 @mori {"event":"ag32_batch_status","state":"running","phase":"program","message":"AG32 batch update queued","processed":86144,"total":108924,"device_id":1075838977,"dp_idcode":731911287,"records":3,"programmed":86144,"verified":128,"error":"ESP_OK","cleanup_error":"ESP_OK","address":2148515836,"swd_ack":0,"stack_free_min":0,"mcu_resumed":false,"destructive_started":true,"recovery_required":true}
2026-09-10 20:21:02 @mori {"event":"ag32_batch_status","state":"running","phase":"program","message":"AG32 batch update queued","processed":86144,"total":108924,"device_id":1075838977,"dp_idcode":731911287,"records":3,"programmed":86144,"verified":128,"error":"ESP_OK","cleanup_error":"ESP_OK","address":2148515836,"swd_ack":0,"stack_free_min":0,"mcu_resumed":false,"destructive_started":true,"recovery_required":true}
2026-09-10 20:21:03 @mori {"event":"ag32_batch_status","state":"running","phase":"program","message":"AG32 batch update queued","processed":86144,"total":108924,"device_id":1075838977,"dp_idcode":731911287,"records":3,"programmed":86144,"verified":128,"error":"ESP_OK","cleanup_error":"ESP_OK","address":2148515836,"swd_ack":0,"stack_free_min":0,"mcu_resumed":false,"destructive_started":true,"recovery_required":true}
2026-09-10 20:21:03 @mori {"event":"ag32_batch_status","state":"running","phase":"program","message":"AG32 batch update queued","processed":86144,"total":108924,"device_id":1075838977,"dp_idcode":731911287,"records":3,"programmed":86144,"verified":128,"error":"ESP_OK","cleanup_error":"ESP_OK","address":2148515836,"swd_ack":0,"stack_free_min":0,"mcu_resumed":false,"destructive_started":true,"recovery_required":true}
2026-09-10 20:21:04 @mori {"event":"ag32_batch_status","state":"running","phase":"program","message":"AG32 batch update queued","processed":87168,"total":108924,"device_id":1075838977,"dp_idcode":731911287,"records":3,"programmed":87168,"verified":128,"error":"ESP_OK","cleanup_error":"ESP_OK","address":2148516860,"swd_ack":0,"stack_free_min":0,"mcu_resumed":false,"destructive_started":true,"recovery_required":true}
2026-09-10 20:21:04 @mori {"event":"ag32_batch_status","state":"running","phase":"program","message":"AG32 batch update queued","processed":87168,"total":108924,"device_id":1075838977,"dp_idcode":731911287,"records":3,"programmed":87168,"verified":128,"error":"ESP_OK","cleanup_error":"ESP_OK","address":2148516860,"swd_ack":0,"stack_free_min":0,"mcu_resumed":false,"destructive_started":true,"recovery_required":true}
2026-09-10 20:21:04 @mori {"event":"ag32_batch_status","state":"running","phase":"program","message":"AG32 batch update queued","processed":87168,"total":108924,"device_id":1075838977,"dp_idcode":731911287,"records":3,"programmed":87168,"verified":128,"error":"ESP_OK","cleanup_error":"ESP_OK","address":2148516860,"swd_ack":0,"stack_free_min":0,"mcu_resumed":false,"destructive_started":true,"recovery_required":true}
2026-09-10 20:21:05 @mori {"event":"ag32_batch_status","state":"running","phase":"program","message":"AG32 batch update queued","processed":88192,"total":108924,"device_id":1075838977,"dp_idcode":731911287,"records":3,"programmed":88192,"verified":128,"error":"ESP_OK","cleanup_error":"ESP_OK","address":2148517884,"swd_ack":0,"stack_free_min":0,"mcu_resumed":false,"destructive_started":true,"recovery_required":true}
2026-09-10 20:21:05 @mori {"event":"ag32_batch_status","state":"running","phase":"program","message":"AG32 batch update queued","processed":88192,"total":108924,"device_id":1075838977,"dp_idcode":731911287,"records":3,"programmed":88192,"verified":128,"error":"ESP_OK","cleanup_error":"ESP_OK","address":2148517884,"swd_ack":0,"stack_free_min":0,"mcu_resumed":false,"destructive_started":true,"recovery_required":true}
2026-09-10 20:21:06 @mori {"event":"ag32_batch_status","state":"running","phase":"program","message":"AG32 batch update queued","processed":88192,"total":108924,"device_id":1075838977,"dp_idcode":731911287,"records":3,"programmed":88192,"verified":128,"error":"ESP_OK","cleanup_error":"ESP_OK","address":2148517884,"swd_ack":0,"stack_free_min":0,"mcu_resumed":false,"destructive_started":true,"recovery_required":true}
2026-09-10 20:21:06 @mori {"event":"ag32_batch_status","state":"running","phase":"program","message":"AG32 batch update queued","processed":88192,"total":108924,"device_id":1075838977,"dp_idcode":731911287,"records":3,"programmed":88192,"verified":128,"error":"ESP_OK","cleanup_error":"ESP_OK","address":2148517884,"swd_ack":0,"stack_free_min":0,"mcu_resumed":false,"destructive_started":true,"recovery_required":true}
2026-09-10 20:21:07 @mori {"event":"ag32_batch_status","state":"running","phase":"program","message":"AG32 batch update queued","processed":89216,"total":108924,"device_id":1075838977,"dp_idcode":731911287,"records":3,"programmed":89216,"verified":128,"error":"ESP_OK","cleanup_error":"ESP_OK","address":2148518908,"swd_ack":0,"stack_free_min":0,"mcu_resumed":false,"destructive_started":true,"recovery_required":true}
2026-09-10 20:21:07 @mori {"event":"ag32_batch_status","state":"running","phase":"program","message":"AG32 batch update queued","processed":89216,"total":108924,"device_id":1075838977,"dp_idcode":731911287,"records":3,"programmed":89216,"verified":128,"error":"ESP_OK","cleanup_error":"ESP_OK","address":2148518908,"swd_ack":0,"stack_free_min":0,"mcu_resumed":false,"destructive_started":true,"recovery_required":true}
2026-09-10 20:21:07 @mori {"event":"ag32_batch_status","state":"running","phase":"program","message":"AG32 batch update queued","processed":89216,"total":108924,"device_id":1075838977,"dp_idcode":731911287,"records":3,"programmed":89216,"verified":128,"error":"ESP_OK","cleanup_error":"ESP_OK","address":2148518908,"swd_ack":0,"stack_free_min":0,"mcu_resumed":false,"destructive_started":true,"recovery_required":true}
2026-09-10 20:21:08 @mori {"event":"ag32_batch_status","state":"running","phase":"program","message":"AG32 batch update queued","processed":90240,"total":108924,"device_id":1075838977,"dp_idcode":731911287,"records":3,"programmed":90240,"verified":128,"error":"ESP_OK","cleanup_error":"ESP_OK","address":2148519932,"swd_ack":0,"stack_free_min":0,"mcu_resumed":false,"destructive_started":true,"recovery_required":true}
2026-09-10 20:21:08 @mori {"event":"ag32_batch_status","state":"running","phase":"program","message":"AG32 batch update queued","processed":90240,"total":108924,"device_id":1075838977,"dp_idcode":731911287,"records":3,"programmed":90240,"verified":128,"error":"ESP_OK","cleanup_error":"ESP_OK","address":2148519932,"swd_ack":0,"stack_free_min":0,"mcu_resumed":false,"destructive_started":true,"recovery_required":true}
2026-09-10 20:21:09 @mori {"event":"ag32_batch_status","state":"running","phase":"program","message":"AG32 batch update queued","processed":90240,"total":108924,"device_id":1075838977,"dp_idcode":731911287,"records":3,"programmed":90240,"verified":128,"error":"ESP_OK","cleanup_error":"ESP_OK","address":2148519932,"swd_ack":0,"stack_free_min":0,"mcu_resumed":false,"destructive_started":true,"recovery_required":true}
2026-09-10 20:21:09 @mori {"event":"ag32_batch_status","state":"running","phase":"program","message":"AG32 batch update queued","processed":90240,"total":108924,"device_id":1075838977,"dp_idcode":731911287,"records":3,"programmed":90240,"verified":128,"error":"ESP_OK","cleanup_error":"ESP_OK","address":2148519932,"swd_ack":0,"stack_free_min":0,"mcu_resumed":false,"destructive_started":true,"recovery_required":true}
2026-09-10 20:21:10 @mori {"event":"ag32_batch_status","state":"running","phase":"program","message":"AG32 batch update queued","processed":91264,"total":108924,"device_id":1075838977,"dp_idcode":731911287,"records":3,"programmed":91264,"verified":128,"error":"ESP_OK","cleanup_error":"ESP_OK","address":2148520956,"swd_ack":0,"stack_free_min":0,"mcu_resumed":false,"destructive_started":true,"recovery_required":true}
2026-09-10 20:21:10 @mori {"event":"ag32_batch_status","state":"running","phase":"program","message":"AG32 batch update queued","processed":91264,"total":108924,"device_id":1075838977,"dp_idcode":731911287,"records":3,"programmed":91264,"verified":128,"error":"ESP_OK","cleanup_error":"ESP_OK","address":2148520956,"swd_ack":0,"stack_free_min":0,"mcu_resumed":false,"destructive_started":true,"recovery_required":true}
2026-09-10 20:21:10 @mori {"event":"ag32_batch_status","state":"running","phase":"program","message":"AG32 batch update queued","processed":91264,"total":108924,"device_id":1075838977,"dp_idcode":731911287,"records":3,"programmed":91264,"verified":128,"error":"ESP_OK","cleanup_error":"ESP_OK","address":2148520956,"swd_ack":0,"stack_free_min":0,"mcu_resumed":false,"destructive_started":true,"recovery_required":true}
2026-09-10 20:21:11 @mori {"event":"ag32_batch_status","state":"running","phase":"program","message":"AG32 batch update queued","processed":92288,"total":108924,"device_id":1075838977,"dp_idcode":731911287,"records":3,"programmed":92288,"verified":128,"error":"ESP_OK","cleanup_error":"ESP_OK","address":2148521980,"swd_ack":0,"stack_free_min":0,"mcu_resumed":false,"destructive_started":true,"recovery_required":true}
2026-09-10 20:21:11 @mori {"event":"ag32_batch_status","state":"running","phase":"program","message":"AG32 batch update queued","processed":92288,"total":108924,"device_id":1075838977,"dp_idcode":731911287,"records":3,"programmed":92288,"verified":128,"error":"ESP_OK","cleanup_error":"ESP_OK","address":2148521980,"swd_ack":0,"stack_free_min":0,"mcu_resumed":false,"destructive_started":true,"recovery_required":true}
2026-09-10 20:21:12 @mori {"event":"ag32_batch_status","state":"running","phase":"program","message":"AG32 batch update queued","processed":92288,"total":108924,"device_id":1075838977,"dp_idcode":731911287,"records":3,"programmed":92288,"verified":128,"error":"ESP_OK","cleanup_error":"ESP_OK","address":2148521980,"swd_ack":0,"stack_free_min":0,"mcu_resumed":false,"destructive_started":true,"recovery_required":true}
2026-09-10 20:21:12 @mori {"event":"ag32_batch_status","state":"running","phase":"program","message":"AG32 batch update queued","processed":92288,"total":108924,"device_id":1075838977,"dp_idcode":731911287,"records":3,"programmed":92288,"verified":128,"error":"ESP_OK","cleanup_error":"ESP_OK","address":2148521980,"swd_ack":0,"stack_free_min":0,"mcu_resumed":false,"destructive_started":true,"recovery_required":true}
2026-09-10 20:21:13 @mori {"event":"ag32_batch_status","state":"running","phase":"program","message":"AG32 batch update queued","processed":93312,"total":108924,"device_id":1075838977,"dp_idcode":731911287,"records":3,"programmed":93312,"verified":128,"error":"ESP_OK","cleanup_error":"ESP_OK","address":2148523004,"swd_ack":0,"stack_free_min":0,"mcu_resumed":false,"destructive_started":true,"recovery_required":true}
2026-09-10 20:21:13 @mori {"event":"ag32_batch_status","state":"running","phase":"program","message":"AG32 batch update queued","processed":93312,"total":108924,"device_id":1075838977,"dp_idcode":731911287,"records":3,"programmed":93312,"verified":128,"error":"ESP_OK","cleanup_error":"ESP_OK","address":2148523004,"swd_ack":0,"stack_free_min":0,"mcu_resumed":false,"destructive_started":true,"recovery_required":true}
2026-09-10 20:21:14 @mori {"event":"ag32_batch_status","state":"running","phase":"program","message":"AG32 batch update queued","processed":93312,"total":108924,"device_id":1075838977,"dp_idcode":731911287,"records":3,"programmed":93312,"verified":128,"error":"ESP_OK","cleanup_error":"ESP_OK","address":2148523004,"swd_ack":0,"stack_free_min":0,"mcu_resumed":false,"destructive_started":true,"recovery_required":true}
2026-09-10 20:21:14 @mori {"event":"ag32_batch_status","state":"running","phase":"program","message":"AG32 batch update queued","processed":94336,"total":108924,"device_id":1075838977,"dp_idcode":731911287,"records":3,"programmed":94336,"verified":128,"error":"ESP_OK","cleanup_error":"ESP_OK","address":2148524028,"swd_ack":0,"stack_free_min":0,"mcu_resumed":false,"destructive_started":true,"recovery_required":true}
2026-09-10 20:21:14 @mori {"event":"ag32_batch_status","state":"running","phase":"program","message":"AG32 batch update queued","processed":94336,"total":108924,"device_id":1075838977,"dp_idcode":731911287,"records":3,"programmed":94336,"verified":128,"error":"ESP_OK","cleanup_error":"ESP_OK","address":2148524028,"swd_ack":0,"stack_free_min":0,"mcu_resumed":false,"destructive_started":true,"recovery_required":true}
2026-09-10 20:21:15 @mori {"event":"ag32_batch_status","state":"running","phase":"program","message":"AG32 batch update queued","processed":94336,"total":108924,"device_id":1075838977,"dp_idcode":731911287,"records":3,"programmed":94336,"verified":128,"error":"ESP_OK","cleanup_error":"ESP_OK","address":2148524028,"swd_ack":0,"stack_free_min":0,"mcu_resumed":false,"destructive_started":true,"recovery_required":true}
2026-09-10 20:21:15 @mori {"event":"ag32_batch_status","state":"running","phase":"program","message":"AG32 batch update queued","processed":94336,"total":108924,"device_id":1075838977,"dp_idcode":731911287,"records":3,"programmed":94336,"verified":128,"error":"ESP_OK","cleanup_error":"ESP_OK","address":2148524028,"swd_ack":0,"stack_free_min":0,"mcu_resumed":false,"destructive_started":true,"recovery_required":true}
2026-09-10 20:21:16 @mori {"event":"ag32_batch_status","state":"running","phase":"program","message":"AG32 batch update queued","processed":95360,"total":108924,"device_id":1075838977,"dp_idcode":731911287,"records":3,"programmed":95360,"verified":128,"error":"ESP_OK","cleanup_error":"ESP_OK","address":2148525052,"swd_ack":0,"stack_free_min":0,"mcu_resumed":false,"destructive_started":true,"recovery_required":true}
2026-09-10 20:21:16 @mori {"event":"ag32_batch_status","state":"running","phase":"program","message":"AG32 batch update queued","processed":95360,"total":108924,"device_id":1075838977,"dp_idcode":731911287,"records":3,"programmed":95360,"verified":128,"error":"ESP_OK","cleanup_error":"ESP_OK","address":2148525052,"swd_ack":0,"stack_free_min":0,"mcu_resumed":false,"destructive_started":true,"recovery_required":true}
2026-09-10 20:21:17 @mori {"event":"ag32_batch_status","state":"running","phase":"program","message":"AG32 batch update queued","processed":95360,"total":108924,"device_id":1075838977,"dp_idcode":731911287,"records":3,"programmed":95360,"verified":128,"error":"ESP_OK","cleanup_error":"ESP_OK","address":2148525052,"swd_ack":0,"stack_free_min":0,"mcu_resumed":false,"destructive_started":true,"recovery_required":true}
2026-09-10 20:21:17 @mori {"event":"ag32_batch_status","state":"running","phase":"program","message":"AG32 batch update queued","processed":96384,"total":108924,"device_id":1075838977,"dp_idcode":731911287,"records":3,"programmed":96384,"verified":128,"error":"ESP_OK","cleanup_error":"ESP_OK","address":2148526076,"swd_ack":0,"stack_free_min":0,"mcu_resumed":false,"destructive_started":true,"recovery_required":true}
2026-09-10 20:21:17 @mori {"event":"ag32_batch_status","state":"running","phase":"program","message":"AG32 batch update queued","processed":96384,"total":108924,"device_id":1075838977,"dp_idcode":731911287,"records":3,"programmed":96384,"verified":128,"error":"ESP_OK","cleanup_error":"ESP_OK","address":2148526076,"swd_ack":0,"stack_free_min":0,"mcu_resumed":false,"destructive_started":true,"recovery_required":true}
2026-09-10 20:21:18 @mori {"event":"ag32_batch_status","state":"running","phase":"program","message":"AG32 batch update queued","processed":96384,"total":108924,"device_id":1075838977,"dp_idcode":731911287,"records":3,"programmed":96384,"verified":128,"error":"ESP_OK","cleanup_error":"ESP_OK","address":2148526076,"swd_ack":0,"stack_free_min":0,"mcu_resumed":false,"destructive_started":true,"recovery_required":true}
2026-09-10 20:21:18 @mori {"event":"ag32_batch_status","state":"running","phase":"program","message":"AG32 batch update queued","processed":96384,"total":108924,"device_id":1075838977,"dp_idcode":731911287,"records":3,"programmed":96384,"verified":128,"error":"ESP_OK","cleanup_error":"ESP_OK","address":2148526076,"swd_ack":0,"stack_free_min":0,"mcu_resumed":false,"destructive_started":true,"recovery_required":true}
2026-09-10 20:21:19 @mori {"event":"ag32_batch_status","state":"running","phase":"program","message":"AG32 batch update queued","processed":97408,"total":108924,"device_id":1075838977,"dp_idcode":731911287,"records":3,"programmed":97408,"verified":128,"error":"ESP_OK","cleanup_error":"ESP_OK","address":2148527100,"swd_ack":0,"stack_free_min":0,"mcu_resumed":false,"destructive_started":true,"recovery_required":true}
2026-09-10 20:21:19 @mori {"event":"ag32_batch_status","state":"running","phase":"program","message":"AG32 batch update queued","processed":97408,"total":108924,"device_id":1075838977,"dp_idcode":731911287,"records":3,"programmed":97408,"verified":128,"error":"ESP_OK","cleanup_error":"ESP_OK","address":2148527100,"swd_ack":0,"stack_free_min":0,"mcu_resumed":false,"destructive_started":true,"recovery_required":true}
2026-09-10 20:21:20 @mori {"event":"ag32_batch_status","state":"running","phase":"program","message":"AG32 batch update queued","processed":97408,"total":108924,"device_id":1075838977,"dp_idcode":731911287,"records":3,"programmed":97408,"verified":128,"error":"ESP_OK","cleanup_error":"ESP_OK","address":2148527100,"swd_ack":0,"stack_free_min":0,"mcu_resumed":false,"destructive_started":true,"recovery_required":true}
2026-09-10 20:21:20 @mori {"event":"ag32_batch_status","state":"running","phase":"program","message":"AG32 batch update queued","processed":98432,"total":108924,"device_id":1075838977,"dp_idcode":731911287,"records":3,"programmed":98432,"verified":128,"error":"ESP_OK","cleanup_error":"ESP_OK","address":2148528124,"swd_ack":0,"stack_free_min":0,"mcu_resumed":false,"destructive_started":true,"recovery_required":true}
2026-09-10 20:21:21 @mori {"event":"ag32_batch_status","state":"running","phase":"program","message":"AG32 batch update queued","processed":98432,"total":108924,"device_id":1075838977,"dp_idcode":731911287,"records":3,"programmed":98432,"verified":128,"error":"ESP_OK","cleanup_error":"ESP_OK","address":2148528124,"swd_ack":0,"stack_free_min":0,"mcu_resumed":false,"destructive_started":true,"recovery_required":true}
2026-09-10 20:21:21 @mori {"event":"ag32_batch_status","state":"running","phase":"program","message":"AG32 batch update queued","processed":98432,"total":108924,"device_id":1075838977,"dp_idcode":731911287,"records":3,"programmed":98432,"verified":128,"error":"ESP_OK","cleanup_error":"ESP_OK","address":2148528124,"swd_ack":0,"stack_free_min":0,"mcu_resumed":false,"destructive_started":true,"recovery_required":true}
2026-09-10 20:21:21 @mori {"event":"ag32_batch_status","state":"running","phase":"program","message":"AG32 batch update queued","processed":99456,"total":108924,"device_id":1075838977,"dp_idcode":731911287,"records":3,"programmed":99456,"verified":128,"error":"ESP_OK","cleanup_error":"ESP_OK","address":2148529148,"swd_ack":0,"stack_free_min":0,"mcu_resumed":false,"destructive_started":true,"recovery_required":true}
2026-09-10 20:21:22 @mori {"event":"ag32_batch_status","state":"running","phase":"program","message":"AG32 batch update queued","processed":99456,"total":108924,"device_id":1075838977,"dp_idcode":731911287,"records":3,"programmed":99456,"verified":128,"error":"ESP_OK","cleanup_error":"ESP_OK","address":2148529148,"swd_ack":0,"stack_free_min":0,"mcu_resumed":false,"destructive_started":true,"recovery_required":true}
2026-09-10 20:21:22 @mori {"event":"ag32_batch_status","state":"running","phase":"verify","message":"AG32 batch update queued","processed":0,"total":108924,"device_id":1075838977,"dp_idcode":731911287,"records":3,"programmed":100072,"verified":128,"error":"ESP_OK","cleanup_error":"ESP_OK","address":2148529764,"swd_ack":0,"stack_free_min":0,"mcu_resumed":false,"destructive_started":true,"recovery_required":true}
2026-09-10 20:21:23 @mori {"event":"ag32_batch_status","state":"running","phase":"verify","message":"AG32 batch update queued","processed":0,"total":108924,"device_id":1075838977,"dp_idcode":731911287,"records":3,"programmed":100072,"verified":128,"error":"ESP_OK","cleanup_error":"ESP_OK","address":2148529764,"swd_ack":0,"stack_free_min":0,"mcu_resumed":false,"destructive_started":true,"recovery_required":true}
2026-09-10 20:21:23 @mori {"event":"ag32_batch_status","state":"running","phase":"verify","message":"AG32 batch update queued","processed":1152,"total":108924,"device_id":1075838977,"dp_idcode":731911287,"records":3,"programmed":100072,"verified":1152,"error":"ESP_OK","cleanup_error":"ESP_OK","address":2148430844,"swd_ack":0,"stack_free_min":0,"mcu_resumed":false,"destructive_started":true,"recovery_required":true}
2026-09-10 20:21:24 @mori {"event":"ag32_batch_status","state":"running","phase":"verify","message":"AG32 batch update queued","processed":1152,"total":108924,"device_id":1075838977,"dp_idcode":731911287,"records":3,"programmed":100072,"verified":1152,"error":"ESP_OK","cleanup_error":"ESP_OK","address":2148430844,"swd_ack":0,"stack_free_min":0,"mcu_resumed":false,"destructive_started":true,"recovery_required":true}
2026-09-10 20:21:24 @mori {"event":"ag32_batch_status","state":"running","phase":"verify","message":"AG32 batch update queued","processed":2176,"total":108924,"device_id":1075838977,"dp_idcode":731911287,"records":3,"programmed":100072,"verified":2176,"error":"ESP_OK","cleanup_error":"ESP_OK","address":2148431868,"swd_ack":0,"stack_free_min":0,"mcu_resumed":false,"destructive_started":true,"recovery_required":true}
2026-09-10 20:21:24 @mori {"event":"ag32_batch_status","state":"running","phase":"verify","message":"AG32 batch update queued","processed":2176,"total":108924,"device_id":1075838977,"dp_idcode":731911287,"records":3,"programmed":100072,"verified":2176,"error":"ESP_OK","cleanup_error":"ESP_OK","address":2148431868,"swd_ack":0,"stack_free_min":0,"mcu_resumed":false,"destructive_started":true,"recovery_required":true}
2026-09-10 20:21:25 @mori {"event":"ag32_batch_status","state":"running","phase":"verify","message":"AG32 batch update queued","processed":3200,"total":108924,"device_id":1075838977,"dp_idcode":731911287,"records":3,"programmed":100072,"verified":3200,"error":"ESP_OK","cleanup_error":"ESP_OK","address":2148432892,"swd_ack":0,"stack_free_min":0,"mcu_resumed":false,"destructive_started":true,"recovery_required":true}
2026-09-10 20:21:25 @mori {"event":"ag32_batch_status","state":"running","phase":"verify","message":"AG32 batch update queued","processed":3200,"total":108924,"device_id":1075838977,"dp_idcode":731911287,"records":3,"programmed":100072,"verified":3200,"error":"ESP_OK","cleanup_error":"ESP_OK","address":2148432892,"swd_ack":0,"stack_free_min":0,"mcu_resumed":false,"destructive_started":true,"recovery_required":true}
2026-09-10 20:21:26 @mori {"event":"ag32_batch_status","state":"running","phase":"verify","message":"AG32 batch update queued","processed":4224,"total":108924,"device_id":1075838977,"dp_idcode":731911287,"records":3,"programmed":100072,"verified":4224,"error":"ESP_OK","cleanup_error":"ESP_OK","address":2148433916,"swd_ack":0,"stack_free_min":0,"mcu_resumed":false,"destructive_started":true,"recovery_required":true}
2026-09-10 20:21:26 @mori {"event":"ag32_batch_status","state":"running","phase":"verify","message":"AG32 batch update queued","processed":4224,"total":108924,"device_id":1075838977,"dp_idcode":731911287,"records":3,"programmed":100072,"verified":4224,"error":"ESP_OK","cleanup_error":"ESP_OK","address":2148433916,"swd_ack":0,"stack_free_min":0,"mcu_resumed":false,"destructive_started":true,"recovery_required":true}
2026-09-10 20:21:27 @mori {"event":"ag32_batch_status","state":"running","phase":"verify","message":"AG32 batch update queued","processed":5248,"total":108924,"device_id":1075838977,"dp_idcode":731911287,"records":3,"programmed":100072,"verified":5248,"error":"ESP_OK","cleanup_error":"ESP_OK","address":2148434940,"swd_ack":0,"stack_free_min":0,"mcu_resumed":false,"destructive_started":true,"recovery_required":true}
2026-09-10 20:21:27 @mori {"event":"ag32_batch_status","state":"running","phase":"verify","message":"AG32 batch update queued","processed":5248,"total":108924,"device_id":1075838977,"dp_idcode":731911287,"records":3,"programmed":100072,"verified":5248,"error":"ESP_OK","cleanup_error":"ESP_OK","address":2148434940,"swd_ack":0,"stack_free_min":0,"mcu_resumed":false,"destructive_started":true,"recovery_required":true}
2026-09-10 20:21:27 @mori {"event":"ag32_batch_status","state":"running","phase":"verify","message":"AG32 batch update queued","processed":6272,"total":108924,"device_id":1075838977,"dp_idcode":731911287,"records":3,"programmed":100072,"verified":6272,"error":"ESP_OK","cleanup_error":"ESP_OK","address":2148435964,"swd_ack":0,"stack_free_min":0,"mcu_resumed":false,"destructive_started":true,"recovery_required":true}
2026-09-10 20:21:28 @mori {"event":"ag32_batch_status","state":"running","phase":"verify","message":"AG32 batch update queued","processed":7296,"total":108924,"device_id":1075838977,"dp_idcode":731911287,"records":3,"programmed":100072,"verified":7296,"error":"ESP_OK","cleanup_error":"ESP_OK","address":2148436988,"swd_ack":0,"stack_free_min":0,"mcu_resumed":false,"destructive_started":true,"recovery_required":true}
2026-09-10 20:21:28 @mori {"event":"ag32_batch_status","state":"running","phase":"verify","message":"AG32 batch update queued","processed":7296,"total":108924,"device_id":1075838977,"dp_idcode":731911287,"records":3,"programmed":100072,"verified":7296,"error":"ESP_OK","cleanup_error":"ESP_OK","address":2148436988,"swd_ack":0,"stack_free_min":0,"mcu_resumed":false,"destructive_started":true,"recovery_required":true}
2026-09-10 20:21:29 @mori {"event":"ag32_batch_status","state":"running","phase":"verify","message":"AG32 batch update queued","processed":8320,"total":108924,"device_id":1075838977,"dp_idcode":731911287,"records":3,"programmed":100072,"verified":8320,"error":"ESP_OK","cleanup_error":"ESP_OK","address":2148438012,"swd_ack":0,"stack_free_min":0,"mcu_resumed":false,"destructive_started":true,"recovery_required":true}
2026-09-10 20:21:29 @mori {"event":"ag32_batch_status","state":"running","phase":"verify","message":"AG32 batch update queued","processed":8320,"total":108924,"device_id":1075838977,"dp_idcode":731911287,"records":3,"programmed":100072,"verified":8320,"error":"ESP_OK","cleanup_error":"ESP_OK","address":2148438012,"swd_ack":0,"stack_free_min":0,"mcu_resumed":false,"destructive_started":true,"recovery_required":true}
2026-09-10 20:21:30 @mori {"event":"ag32_batch_status","state":"running","phase":"verify","message":"AG32 batch update queued","processed":9344,"total":108924,"device_id":1075838977,"dp_idcode":731911287,"records":3,"programmed":100072,"verified":9344,"error":"ESP_OK","cleanup_error":"ESP_OK","address":2148439036,"swd_ack":0,"stack_free_min":0,"mcu_resumed":false,"destructive_started":true,"recovery_required":true}
2026-09-10 20:21:30 @mori {"event":"ag32_batch_status","state":"running","phase":"verify","message":"AG32 batch update queued","processed":9344,"total":108924,"device_id":1075838977,"dp_idcode":731911287,"records":3,"programmed":100072,"verified":9344,"error":"ESP_OK","cleanup_error":"ESP_OK","address":2148439036,"swd_ack":0,"stack_free_min":0,"mcu_resumed":false,"destructive_started":true,"recovery_required":true}
2026-09-10 20:21:31 @mori {"event":"ag32_batch_status","state":"running","phase":"verify","message":"AG32 batch update queued","processed":10368,"total":108924,"device_id":1075838977,"dp_idcode":731911287,"records":3,"programmed":100072,"verified":10368,"error":"ESP_OK","cleanup_error":"ESP_OK","address":2148440060,"swd_ack":0,"stack_free_min":0,"mcu_resumed":false,"destructive_started":true,"recovery_required":true}
2026-09-10 20:21:31 @mori {"event":"ag32_batch_status","state":"running","phase":"verify","message":"AG32 batch update queued","processed":10368,"total":108924,"device_id":1075838977,"dp_idcode":731911287,"records":3,"programmed":100072,"verified":10368,"error":"ESP_OK","cleanup_error":"ESP_OK","address":2148440060,"swd_ack":0,"stack_free_min":0,"mcu_resumed":false,"destructive_started":true,"recovery_required":true}
2026-09-10 20:21:31 @mori {"event":"ag32_batch_status","state":"running","phase":"verify","message":"AG32 batch update queued","processed":11392,"total":108924,"device_id":1075838977,"dp_idcode":731911287,"records":3,"programmed":100072,"verified":11392,"error":"ESP_OK","cleanup_error":"ESP_OK","address":2148441084,"swd_ack":0,"stack_free_min":0,"mcu_resumed":false,"destructive_started":true,"recovery_required":true}
2026-09-10 20:21:32 @mori {"event":"ag32_batch_status","state":"running","phase":"verify","message":"AG32 batch update queued","processed":11392,"total":108924,"device_id":1075838977,"dp_idcode":731911287,"records":3,"programmed":100072,"verified":11392,"error":"ESP_OK","cleanup_error":"ESP_OK","address":2148441084,"swd_ack":0,"stack_free_min":0,"mcu_resumed":false,"destructive_started":true,"recovery_required":true}
2026-09-10 20:21:32 @mori {"event":"ag32_batch_status","state":"running","phase":"verify","message":"AG32 batch update queued","processed":12416,"total":108924,"device_id":1075838977,"dp_idcode":731911287,"records":3,"programmed":100072,"verified":12416,"error":"ESP_OK","cleanup_error":"ESP_OK","address":2148442108,"swd_ack":0,"stack_free_min":0,"mcu_resumed":false,"destructive_started":true,"recovery_required":true}
2026-09-10 20:21:33 @mori {"event":"ag32_batch_status","state":"running","phase":"verify","message":"AG32 batch update queued","processed":12416,"total":108924,"device_id":1075838977,"dp_idcode":731911287,"records":3,"programmed":100072,"verified":12416,"error":"ESP_OK","cleanup_error":"ESP_OK","address":2148442108,"swd_ack":0,"stack_free_min":0,"mcu_resumed":false,"destructive_started":true,"recovery_required":true}
2026-09-10 20:21:33 @mori {"event":"ag32_batch_status","state":"running","phase":"verify","message":"AG32 batch update queued","processed":13440,"total":108924,"device_id":1075838977,"dp_idcode":731911287,"records":3,"programmed":100072,"verified":13440,"error":"ESP_OK","cleanup_error":"ESP_OK","address":2148443132,"swd_ack":0,"stack_free_min":0,"mcu_resumed":false,"destructive_started":true,"recovery_required":true}
2026-09-10 20:21:34 @mori {"event":"ag32_batch_status","state":"running","phase":"verify","message":"AG32 batch update queued","processed":14464,"total":108924,"device_id":1075838977,"dp_idcode":731911287,"records":3,"programmed":100072,"verified":14464,"error":"ESP_OK","cleanup_error":"ESP_OK","address":2148444156,"swd_ack":0,"stack_free_min":0,"mcu_resumed":false,"destructive_started":true,"recovery_required":true}
2026-09-10 20:21:34 @mori {"event":"ag32_batch_status","state":"running","phase":"verify","message":"AG32 batch update queued","processed":14464,"total":108924,"device_id":1075838977,"dp_idcode":731911287,"records":3,"programmed":100072,"verified":14464,"error":"ESP_OK","cleanup_error":"ESP_OK","address":2148444156,"swd_ack":0,"stack_free_min":0,"mcu_resumed":false,"destructive_started":true,"recovery_required":true}
2026-09-10 20:21:34 @mori {"event":"ag32_batch_status","state":"running","phase":"verify","message":"AG32 batch update queued","processed":15488,"total":108924,"device_id":1075838977,"dp_idcode":731911287,"records":3,"programmed":100072,"verified":15488,"error":"ESP_OK","cleanup_error":"ESP_OK","address":2148445180,"swd_ack":0,"stack_free_min":0,"mcu_resumed":false,"destructive_started":true,"recovery_required":true}
2026-09-10 20:21:35 @mori {"event":"ag32_batch_status","state":"running","phase":"verify","message":"AG32 batch update queued","processed":15488,"total":108924,"device_id":1075838977,"dp_idcode":731911287,"records":3,"programmed":100072,"verified":15488,"error":"ESP_OK","cleanup_error":"ESP_OK","address":2148445180,"swd_ack":0,"stack_free_min":0,"mcu_resumed":false,"destructive_started":true,"recovery_required":true}
2026-09-10 20:21:35 @mori {"event":"ag32_batch_status","state":"running","phase":"verify","message":"AG32 batch update queued","processed":16512,"total":108924,"device_id":1075838977,"dp_idcode":731911287,"records":3,"programmed":100072,"verified":16512,"error":"ESP_OK","cleanup_error":"ESP_OK","address":2148446204,"swd_ack":0,"stack_free_min":0,"mcu_resumed":false,"destructive_started":true,"recovery_required":true}
2026-09-10 20:21:36 @mori {"event":"ag32_batch_status","state":"running","phase":"verify","message":"AG32 batch update queued","processed":16512,"total":108924,"device_id":1075838977,"dp_idcode":731911287,"records":3,"programmed":100072,"verified":16512,"error":"ESP_OK","cleanup_error":"ESP_OK","address":2148446204,"swd_ack":0,"stack_free_min":0,"mcu_resumed":false,"destructive_started":true,"recovery_required":true}
2026-09-10 20:21:36 @mori {"event":"ag32_batch_status","state":"running","phase":"verify","message":"AG32 batch update queued","processed":17536,"total":108924,"device_id":1075838977,"dp_idcode":731911287,"records":3,"programmed":100072,"verified":17536,"error":"ESP_OK","cleanup_error":"ESP_OK","address":2148447228,"swd_ack":0,"stack_free_min":0,"mcu_resumed":false,"destructive_started":true,"recovery_required":true}
2026-09-10 20:21:37 @mori {"event":"ag32_batch_status","state":"running","phase":"verify","message":"AG32 batch update queued","processed":17536,"total":108924,"device_id":1075838977,"dp_idcode":731911287,"records":3,"programmed":100072,"verified":17536,"error":"ESP_OK","cleanup_error":"ESP_OK","address":2148447228,"swd_ack":0,"stack_free_min":0,"mcu_resumed":false,"destructive_started":true,"recovery_required":true}
2026-09-10 20:21:37 @mori {"event":"ag32_batch_status","state":"running","phase":"verify","message":"AG32 batch update queued","processed":18560,"total":108924,"device_id":1075838977,"dp_idcode":731911287,"records":3,"programmed":100072,"verified":18560,"error":"ESP_OK","cleanup_error":"ESP_OK","address":2148448252,"swd_ack":0,"stack_free_min":0,"mcu_resumed":false,"destructive_started":true,"recovery_required":true}
2026-09-10 20:21:37 @mori {"event":"ag32_batch_status","state":"running","phase":"verify","message":"AG32 batch update queued","processed":18560,"total":108924,"device_id":1075838977,"dp_idcode":731911287,"records":3,"programmed":100072,"verified":18560,"error":"ESP_OK","cleanup_error":"ESP_OK","address":2148448252,"swd_ack":0,"stack_free_min":0,"mcu_resumed":false,"destructive_started":true,"recovery_required":true}
2026-09-10 20:21:38 @mori {"event":"ag32_batch_status","state":"running","phase":"verify","message":"AG32 batch update queued","processed":19584,"total":108924,"device_id":1075838977,"dp_idcode":731911287,"records":3,"programmed":100072,"verified":19584,"error":"ESP_OK","cleanup_error":"ESP_OK","address":2148449276,"swd_ack":0,"stack_free_min":0,"mcu_resumed":false,"destructive_started":true,"recovery_required":true}
2026-09-10 20:21:38 @mori {"event":"ag32_batch_status","state":"running","phase":"verify","message":"AG32 batch update queued","processed":20608,"total":108924,"device_id":1075838977,"dp_idcode":731911287,"records":3,"programmed":100072,"verified":20608,"error":"ESP_OK","cleanup_error":"ESP_OK","address":2148450300,"swd_ack":0,"stack_free_min":0,"mcu_resumed":false,"destructive_started":true,"recovery_required":true}
2026-09-10 20:21:39 @mori {"event":"ag32_batch_status","state":"running","phase":"verify","message":"AG32 batch update queued","processed":20608,"total":108924,"device_id":1075838977,"dp_idcode":731911287,"records":3,"programmed":100072,"verified":20608,"error":"ESP_OK","cleanup_error":"ESP_OK","address":2148450300,"swd_ack":0,"stack_free_min":0,"mcu_resumed":false,"destructive_started":true,"recovery_required":true}
2026-09-10 20:21:39 @mori {"event":"ag32_batch_status","state":"running","phase":"verify","message":"AG32 batch update queued","processed":21632,"total":108924,"device_id":1075838977,"dp_idcode":731911287,"records":3,"programmed":100072,"verified":21632,"error":"ESP_OK","cleanup_error":"ESP_OK","address":2148451324,"swd_ack":0,"stack_free_min":0,"mcu_resumed":false,"destructive_started":true,"recovery_required":true}
2026-09-10 20:21:40 @mori {"event":"ag32_batch_status","state":"running","phase":"verify","message":"AG32 batch update queued","processed":21632,"total":108924,"device_id":1075838977,"dp_idcode":731911287,"records":3,"programmed":100072,"verified":21632,"error":"ESP_OK","cleanup_error":"ESP_OK","address":2148451324,"swd_ack":0,"stack_free_min":0,"mcu_resumed":false,"destructive_started":true,"recovery_required":true}
2026-09-10 20:21:40 @mori {"event":"ag32_batch_status","state":"running","phase":"verify","message":"AG32 batch update queued","processed":22656,"total":108924,"device_id":1075838977,"dp_idcode":731911287,"records":3,"programmed":100072,"verified":22656,"error":"ESP_OK","cleanup_error":"ESP_OK","address":2148452348,"swd_ack":0,"stack_free_min":0,"mcu_resumed":false,"destructive_started":true,"recovery_required":true}
2026-09-10 20:21:41 @mori {"event":"ag32_batch_status","state":"running","phase":"verify","message":"AG32 batch update queued","processed":22656,"total":108924,"device_id":1075838977,"dp_idcode":731911287,"records":3,"programmed":100072,"verified":22656,"error":"ESP_OK","cleanup_error":"ESP_OK","address":2148452348,"swd_ack":0,"stack_free_min":0,"mcu_resumed":false,"destructive_started":true,"recovery_required":true}
2026-09-10 20:21:41 @mori {"event":"ag32_batch_status","state":"running","phase":"verify","message":"AG32 batch update queued","processed":23680,"total":108924,"device_id":1075838977,"dp_idcode":731911287,"records":3,"programmed":100072,"verified":23680,"error":"ESP_OK","cleanup_error":"ESP_OK","address":2148453372,"swd_ack":0,"stack_free_min":0,"mcu_resumed":false,"destructive_started":true,"recovery_required":true}
2026-09-10 20:21:41 @mori {"event":"ag32_batch_status","state":"running","phase":"verify","message":"AG32 batch update queued","processed":23680,"total":108924,"device_id":1075838977,"dp_idcode":731911287,"records":3,"programmed":100072,"verified":23680,"error":"ESP_OK","cleanup_error":"ESP_OK","address":2148453372,"swd_ack":0,"stack_free_min":0,"mcu_resumed":false,"destructive_started":true,"recovery_required":true}
2026-09-10 20:21:42 @mori {"event":"ag32_batch_status","state":"running","phase":"verify","message":"AG32 batch update queued","processed":24704,"total":108924,"device_id":1075838977,"dp_idcode":731911287,"records":3,"programmed":100072,"verified":24704,"error":"ESP_OK","cleanup_error":"ESP_OK","address":2148454396,"swd_ack":0,"stack_free_min":0,"mcu_resumed":false,"destructive_started":true,"recovery_required":true}
2026-09-10 20:21:42 @mori {"event":"ag32_batch_status","state":"running","phase":"verify","message":"AG32 batch update queued","processed":24704,"total":108924,"device_id":1075838977,"dp_idcode":731911287,"records":3,"programmed":100072,"verified":24704,"error":"ESP_OK","cleanup_error":"ESP_OK","address":2148454396,"swd_ack":0,"stack_free_min":0,"mcu_resumed":false,"destructive_started":true,"recovery_required":true}
2026-09-10 20:21:43 @mori {"event":"ag32_batch_status","state":"running","phase":"verify","message":"AG32 batch update queued","processed":25728,"total":108924,"device_id":1075838977,"dp_idcode":731911287,"records":3,"programmed":100072,"verified":25728,"error":"ESP_OK","cleanup_error":"ESP_OK","address":2148455420,"swd_ack":0,"stack_free_min":0,"mcu_resumed":false,"destructive_started":true,"recovery_required":true}
2026-09-10 20:21:43 @mori {"event":"ag32_batch_status","state":"running","phase":"verify","message":"AG32 batch update queued","processed":25728,"total":108924,"device_id":1075838977,"dp_idcode":731911287,"records":3,"programmed":100072,"verified":25728,"error":"ESP_OK","cleanup_error":"ESP_OK","address":2148455420,"swd_ack":0,"stack_free_min":0,"mcu_resumed":false,"destructive_started":true,"recovery_required":true}
2026-09-10 20:21:44 @mori {"event":"ag32_batch_status","state":"running","phase":"verify","message":"AG32 batch update queued","processed":26752,"total":108924,"device_id":1075838977,"dp_idcode":731911287,"records":3,"programmed":100072,"verified":26752,"error":"ESP_OK","cleanup_error":"ESP_OK","address":2148456444,"swd_ack":0,"stack_free_min":0,"mcu_resumed":false,"destructive_started":true,"recovery_required":true}
2026-09-10 20:21:44 @mori {"event":"ag32_batch_status","state":"running","phase":"verify","message":"AG32 batch update queued","processed":27776,"total":108924,"device_id":1075838977,"dp_idcode":731911287,"records":3,"programmed":100072,"verified":27776,"error":"ESP_OK","cleanup_error":"ESP_OK","address":2148457468,"swd_ack":0,"stack_free_min":0,"mcu_resumed":false,"destructive_started":true,"recovery_required":true}
2026-09-10 20:21:44 @mori {"event":"ag32_batch_status","state":"running","phase":"verify","message":"AG32 batch update queued","processed":27776,"total":108924,"device_id":1075838977,"dp_idcode":731911287,"records":3,"programmed":100072,"verified":27776,"error":"ESP_OK","cleanup_error":"ESP_OK","address":2148457468,"swd_ack":0,"stack_free_min":0,"mcu_resumed":false,"destructive_started":true,"recovery_required":true}
2026-09-10 20:21:45 @mori {"event":"ag32_batch_status","state":"running","phase":"verify","message":"AG32 batch update queued","processed":28800,"total":108924,"device_id":1075838977,"dp_idcode":731911287,"records":3,"programmed":100072,"verified":28800,"error":"ESP_OK","cleanup_error":"ESP_OK","address":2148458492,"swd_ack":0,"stack_free_min":0,"mcu_resumed":false,"destructive_started":true,"recovery_required":true}
2026-09-10 20:21:45 @mori {"event":"ag32_batch_status","state":"running","phase":"verify","message":"AG32 batch update queued","processed":28800,"total":108924,"device_id":1075838977,"dp_idcode":731911287,"records":3,"programmed":100072,"verified":28800,"error":"ESP_OK","cleanup_error":"ESP_OK","address":2148458492,"swd_ack":0,"stack_free_min":0,"mcu_resumed":false,"destructive_started":true,"recovery_required":true}
2026-09-10 20:21:46 @mori {"event":"ag32_batch_status","state":"running","phase":"verify","message":"AG32 batch update queued","processed":29824,"total":108924,"device_id":1075838977,"dp_idcode":731911287,"records":3,"programmed":100072,"verified":29824,"error":"ESP_OK","cleanup_error":"ESP_OK","address":2148459516,"swd_ack":0,"stack_free_min":0,"mcu_resumed":false,"destructive_started":true,"recovery_required":true}
2026-09-10 20:21:46 @mori {"event":"ag32_batch_status","state":"running","phase":"verify","message":"AG32 batch update queued","processed":29824,"total":108924,"device_id":1075838977,"dp_idcode":731911287,"records":3,"programmed":100072,"verified":29824,"error":"ESP_OK","cleanup_error":"ESP_OK","address":2148459516,"swd_ack":0,"stack_free_min":0,"mcu_resumed":false,"destructive_started":true,"recovery_required":true}
2026-09-10 20:21:47 @mori {"event":"ag32_batch_status","state":"running","phase":"verify","message":"AG32 batch update queued","processed":30848,"total":108924,"device_id":1075838977,"dp_idcode":731911287,"records":3,"programmed":100072,"verified":30848,"error":"ESP_OK","cleanup_error":"ESP_OK","address":2148460540,"swd_ack":0,"stack_free_min":0,"mcu_resumed":false,"destructive_started":true,"recovery_required":true}
2026-09-10 20:21:47 @mori {"event":"ag32_batch_status","state":"running","phase":"verify","message":"AG32 batch update queued","processed":30848,"total":108924,"device_id":1075838977,"dp_idcode":731911287,"records":3,"programmed":100072,"verified":30848,"error":"ESP_OK","cleanup_error":"ESP_OK","address":2148460540,"swd_ack":0,"stack_free_min":0,"mcu_resumed":false,"destructive_started":true,"recovery_required":true}
2026-09-10 20:21:48 @mori {"event":"ag32_batch_status","state":"running","phase":"verify","message":"AG32 batch update queued","processed":31872,"total":108924,"device_id":1075838977,"dp_idcode":731911287,"records":3,"programmed":100072,"verified":31872,"error":"ESP_OK","cleanup_error":"ESP_OK","address":2148461564,"swd_ack":0,"stack_free_min":0,"mcu_resumed":false,"destructive_started":true,"recovery_required":true}
2026-09-10 20:21:48 @mori {"event":"ag32_batch_status","state":"running","phase":"verify","message":"AG32 batch update queued","processed":31872,"total":108924,"device_id":1075838977,"dp_idcode":731911287,"records":3,"programmed":100072,"verified":31872,"error":"ESP_OK","cleanup_error":"ESP_OK","address":2148461564,"swd_ack":0,"stack_free_min":0,"mcu_resumed":false,"destructive_started":true,"recovery_required":true}
2026-09-10 20:21:48 @mori {"event":"ag32_batch_status","state":"running","phase":"verify","message":"AG32 batch update queued","processed":32896,"total":108924,"device_id":1075838977,"dp_idcode":731911287,"records":3,"programmed":100072,"verified":32896,"error":"ESP_OK","cleanup_error":"ESP_OK","address":2148462588,"swd_ack":0,"stack_free_min":0,"mcu_resumed":false,"destructive_started":true,"recovery_required":true}
2026-09-10 20:21:49 @mori {"event":"ag32_batch_status","state":"running","phase":"verify","message":"AG32 batch update queued","processed":32896,"total":108924,"device_id":1075838977,"dp_idcode":731911287,"records":3,"programmed":100072,"verified":32896,"error":"ESP_OK","cleanup_error":"ESP_OK","address":2148462588,"swd_ack":0,"stack_free_min":0,"mcu_resumed":false,"destructive_started":true,"recovery_required":true}
2026-09-10 20:21:49 @mori {"event":"ag32_batch_status","state":"running","phase":"verify","message":"AG32 batch update queued","processed":33920,"total":108924,"device_id":1075838977,"dp_idcode":731911287,"records":3,"programmed":100072,"verified":33920,"error":"ESP_OK","cleanup_error":"ESP_OK","address":2148463612,"swd_ack":0,"stack_free_min":0,"mcu_resumed":false,"destructive_started":true,"recovery_required":true}
2026-09-10 20:21:50 @mori {"event":"ag32_batch_status","state":"running","phase":"verify","message":"AG32 batch update queued","processed":34944,"total":108924,"device_id":1075838977,"dp_idcode":731911287,"records":3,"programmed":100072,"verified":34944,"error":"ESP_OK","cleanup_error":"ESP_OK","address":2148464636,"swd_ack":0,"stack_free_min":0,"mcu_resumed":false,"destructive_started":true,"recovery_required":true}
2026-09-10 20:21:50 @mori {"event":"ag32_batch_status","state":"running","phase":"verify","message":"AG32 batch update queued","processed":34944,"total":108924,"device_id":1075838977,"dp_idcode":731911287,"records":3,"programmed":100072,"verified":34944,"error":"ESP_OK","cleanup_error":"ESP_OK","address":2148464636,"swd_ack":0,"stack_free_min":0,"mcu_resumed":false,"destructive_started":true,"recovery_required":true}
2026-09-10 20:21:51 @mori {"event":"ag32_batch_status","state":"running","phase":"verify","message":"AG32 batch update queued","processed":35968,"total":108924,"device_id":1075838977,"dp_idcode":731911287,"records":3,"programmed":100072,"verified":35968,"error":"ESP_OK","cleanup_error":"ESP_OK","address":2148465660,"swd_ack":0,"stack_free_min":0,"mcu_resumed":false,"destructive_started":true,"recovery_required":true}
2026-09-10 20:21:51 @mori {"event":"ag32_batch_status","state":"running","phase":"verify","message":"AG32 batch update queued","processed":35968,"total":108924,"device_id":1075838977,"dp_idcode":731911287,"records":3,"programmed":100072,"verified":35968,"error":"ESP_OK","cleanup_error":"ESP_OK","address":2148465660,"swd_ack":0,"stack_free_min":0,"mcu_resumed":false,"destructive_started":true,"recovery_required":true}
2026-09-10 20:21:51 @mori {"event":"ag32_batch_status","state":"running","phase":"verify","message":"AG32 batch update queued","processed":36992,"total":108924,"device_id":1075838977,"dp_idcode":731911287,"records":3,"programmed":100072,"verified":36992,"error":"ESP_OK","cleanup_error":"ESP_OK","address":2148466684,"swd_ack":0,"stack_free_min":0,"mcu_resumed":false,"destructive_started":true,"recovery_required":true}
2026-09-10 20:21:52 @mori {"event":"ag32_batch_status","state":"running","phase":"verify","message":"AG32 batch update queued","processed":36992,"total":108924,"device_id":1075838977,"dp_idcode":731911287,"records":3,"programmed":100072,"verified":36992,"error":"ESP_OK","cleanup_error":"ESP_OK","address":2148466684,"swd_ack":0,"stack_free_min":0,"mcu_resumed":false,"destructive_started":true,"recovery_required":true}
2026-09-10 20:21:52 @mori {"event":"ag32_batch_status","state":"running","phase":"verify","message":"AG32 batch update queued","processed":38016,"total":108924,"device_id":1075838977,"dp_idcode":731911287,"records":3,"programmed":100072,"verified":38016,"error":"ESP_OK","cleanup_error":"ESP_OK","address":2148467708,"swd_ack":0,"stack_free_min":0,"mcu_resumed":false,"destructive_started":true,"recovery_required":true}
2026-09-10 20:21:53 @mori {"event":"ag32_batch_status","state":"running","phase":"verify","message":"AG32 batch update queued","processed":38016,"total":108924,"device_id":1075838977,"dp_idcode":731911287,"records":3,"programmed":100072,"verified":38016,"error":"ESP_OK","cleanup_error":"ESP_OK","address":2148467708,"swd_ack":0,"stack_free_min":0,"mcu_resumed":false,"destructive_started":true,"recovery_required":true}
2026-09-10 20:21:53 @mori {"event":"ag32_batch_status","state":"running","phase":"verify","message":"AG32 batch update queued","processed":39040,"total":108924,"device_id":1075838977,"dp_idcode":731911287,"records":3,"programmed":100072,"verified":39040,"error":"ESP_OK","cleanup_error":"ESP_OK","address":2148468732,"swd_ack":0,"stack_free_min":0,"mcu_resumed":false,"destructive_started":true,"recovery_required":true}
2026-09-10 20:21:54 @mori {"event":"ag32_batch_status","state":"running","phase":"verify","message":"AG32 batch update queued","processed":39040,"total":108924,"device_id":1075838977,"dp_idcode":731911287,"records":3,"programmed":100072,"verified":39040,"error":"ESP_OK","cleanup_error":"ESP_OK","address":2148468732,"swd_ack":0,"stack_free_min":0,"mcu_resumed":false,"destructive_started":true,"recovery_required":true}
2026-09-10 20:21:54 @mori {"event":"ag32_batch_status","state":"running","phase":"verify","message":"AG32 batch update queued","processed":40064,"total":108924,"device_id":1075838977,"dp_idcode":731911287,"records":3,"programmed":100072,"verified":40064,"error":"ESP_OK","cleanup_error":"ESP_OK","address":2148469756,"swd_ack":0,"stack_free_min":0,"mcu_resumed":false,"destructive_started":true,"recovery_required":true}
2026-09-10 20:21:54 @mori {"event":"ag32_batch_status","state":"running","phase":"verify","message":"AG32 batch update queued","processed":40064,"total":108924,"device_id":1075838977,"dp_idcode":731911287,"records":3,"programmed":100072,"verified":40064,"error":"ESP_OK","cleanup_error":"ESP_OK","address":2148469756,"swd_ack":0,"stack_free_min":0,"mcu_resumed":false,"destructive_started":true,"recovery_required":true}
2026-09-10 20:21:55 @mori {"event":"ag32_batch_status","state":"running","phase":"verify","message":"AG32 batch update queued","processed":41088,"total":108924,"device_id":1075838977,"dp_idcode":731911287,"records":3,"programmed":100072,"verified":41088,"error":"ESP_OK","cleanup_error":"ESP_OK","address":2148470780,"swd_ack":0,"stack_free_min":0,"mcu_resumed":false,"destructive_started":true,"recovery_required":true}
2026-09-10 20:21:55 @mori {"event":"ag32_batch_status","state":"running","phase":"verify","message":"AG32 batch update queued","processed":42112,"total":108924,"device_id":1075838977,"dp_idcode":731911287,"records":3,"programmed":100072,"verified":42112,"error":"ESP_OK","cleanup_error":"ESP_OK","address":2148471804,"swd_ack":0,"stack_free_min":0,"mcu_resumed":false,"destructive_started":true,"recovery_required":true}
2026-09-10 20:21:56 @mori {"event":"ag32_batch_status","state":"running","phase":"verify","message":"AG32 batch update queued","processed":42112,"total":108924,"device_id":1075838977,"dp_idcode":731911287,"records":3,"programmed":100072,"verified":42112,"error":"ESP_OK","cleanup_error":"ESP_OK","address":2148471804,"swd_ack":0,"stack_free_min":0,"mcu_resumed":false,"destructive_started":true,"recovery_required":true}
2026-09-10 20:21:56 @mori {"event":"ag32_batch_status","state":"running","phase":"verify","message":"AG32 batch update queued","processed":43136,"total":108924,"device_id":1075838977,"dp_idcode":731911287,"records":3,"programmed":100072,"verified":43136,"error":"ESP_OK","cleanup_error":"ESP_OK","address":2148472828,"swd_ack":0,"stack_free_min":0,"mcu_resumed":false,"destructive_started":true,"recovery_required":true}
2026-09-10 20:21:57 @mori {"event":"ag32_batch_status","state":"running","phase":"verify","message":"AG32 batch update queued","processed":43136,"total":108924,"device_id":1075838977,"dp_idcode":731911287,"records":3,"programmed":100072,"verified":43136,"error":"ESP_OK","cleanup_error":"ESP_OK","address":2148472828,"swd_ack":0,"stack_free_min":0,"mcu_resumed":false,"destructive_started":true,"recovery_required":true}
2026-09-10 20:21:57 @mori {"event":"ag32_batch_status","state":"running","phase":"verify","message":"AG32 batch update queued","processed":44160,"total":108924,"device_id":1075838977,"dp_idcode":731911287,"records":3,"programmed":100072,"verified":44160,"error":"ESP_OK","cleanup_error":"ESP_OK","address":2148473852,"swd_ack":0,"stack_free_min":0,"mcu_resumed":false,"destructive_started":true,"recovery_required":true}
2026-09-10 20:21:57 @mori {"event":"ag32_batch_status","state":"running","phase":"verify","message":"AG32 batch update queued","processed":44160,"total":108924,"device_id":1075838977,"dp_idcode":731911287,"records":3,"programmed":100072,"verified":44160,"error":"ESP_OK","cleanup_error":"ESP_OK","address":2148473852,"swd_ack":0,"stack_free_min":0,"mcu_resumed":false,"destructive_started":true,"recovery_required":true}
2026-09-10 20:21:58 @mori {"event":"ag32_batch_status","state":"running","phase":"verify","message":"AG32 batch update queued","processed":45184,"total":108924,"device_id":1075838977,"dp_idcode":731911287,"records":3,"programmed":100072,"verified":45184,"error":"ESP_OK","cleanup_error":"ESP_OK","address":2148474876,"swd_ack":0,"stack_free_min":0,"mcu_resumed":false,"destructive_started":true,"recovery_required":true}
2026-09-10 20:21:58 @mori {"event":"ag32_batch_status","state":"running","phase":"verify","message":"AG32 batch update queued","processed":45184,"total":108924,"device_id":1075838977,"dp_idcode":731911287,"records":3,"programmed":100072,"verified":45184,"error":"ESP_OK","cleanup_error":"ESP_OK","address":2148474876,"swd_ack":0,"stack_free_min":0,"mcu_resumed":false,"destructive_started":true,"recovery_required":true}
2026-09-10 20:21:59 @mori {"event":"ag32_batch_status","state":"running","phase":"verify","message":"AG32 batch update queued","processed":46208,"total":108924,"device_id":1075838977,"dp_idcode":731911287,"records":3,"programmed":100072,"verified":46208,"error":"ESP_OK","cleanup_error":"ESP_OK","address":2148475900,"swd_ack":0,"stack_free_min":0,"mcu_resumed":false,"destructive_started":true,"recovery_required":true}
2026-09-10 20:21:59 @mori {"event":"ag32_batch_status","state":"running","phase":"verify","message":"AG32 batch update queued","processed":46208,"total":108924,"device_id":1075838977,"dp_idcode":731911287,"records":3,"programmed":100072,"verified":46208,"error":"ESP_OK","cleanup_error":"ESP_OK","address":2148475900,"swd_ack":0,"stack_free_min":0,"mcu_resumed":false,"destructive_started":true,"recovery_required":true}
2026-09-10 20:22:00 @mori {"event":"ag32_batch_status","state":"running","phase":"verify","message":"AG32 batch update queued","processed":47232,"total":108924,"device_id":1075838977,"dp_idcode":731911287,"records":3,"programmed":100072,"verified":47232,"error":"ESP_OK","cleanup_error":"ESP_OK","address":2148476924,"swd_ack":0,"stack_free_min":0,"mcu_resumed":false,"destructive_started":true,"recovery_required":true}
2026-09-10 20:22:00 @mori {"event":"ag32_batch_status","state":"running","phase":"verify","message":"AG32 batch update queued","processed":48256,"total":108924,"device_id":1075838977,"dp_idcode":731911287,"records":3,"programmed":100072,"verified":48256,"error":"ESP_OK","cleanup_error":"ESP_OK","address":2148477948,"swd_ack":0,"stack_free_min":0,"mcu_resumed":false,"destructive_started":true,"recovery_required":true}
2026-09-10 20:22:01 @mori {"event":"ag32_batch_status","state":"running","phase":"verify","message":"AG32 batch update queued","processed":48256,"total":108924,"device_id":1075838977,"dp_idcode":731911287,"records":3,"programmed":100072,"verified":48256,"error":"ESP_OK","cleanup_error":"ESP_OK","address":2148477948,"swd_ack":0,"stack_free_min":0,"mcu_resumed":false,"destructive_started":true,"recovery_required":true}
2026-09-10 20:22:01 @mori {"event":"ag32_batch_status","state":"running","phase":"verify","message":"AG32 batch update queued","processed":49280,"total":108924,"device_id":1075838977,"dp_idcode":731911287,"records":3,"programmed":100072,"verified":49280,"error":"ESP_OK","cleanup_error":"ESP_OK","address":2148478972,"swd_ack":0,"stack_free_min":0,"mcu_resumed":false,"destructive_started":true,"recovery_required":true}
2026-09-10 20:22:01 @mori {"event":"ag32_batch_status","state":"running","phase":"verify","message":"AG32 batch update queued","processed":49280,"total":108924,"device_id":1075838977,"dp_idcode":731911287,"records":3,"programmed":100072,"verified":49280,"error":"ESP_OK","cleanup_error":"ESP_OK","address":2148478972,"swd_ack":0,"stack_free_min":0,"mcu_resumed":false,"destructive_started":true,"recovery_required":true}
2026-09-10 20:22:02 @mori {"event":"ag32_batch_status","state":"running","phase":"verify","message":"AG32 batch update queued","processed":50304,"total":108924,"device_id":1075838977,"dp_idcode":731911287,"records":3,"programmed":100072,"verified":50304,"error":"ESP_OK","cleanup_error":"ESP_OK","address":2148479996,"swd_ack":0,"stack_free_min":0,"mcu_resumed":false,"destructive_started":true,"recovery_required":true}
2026-09-10 20:22:02 @mori {"event":"ag32_batch_status","state":"running","phase":"verify","message":"AG32 batch update queued","processed":50304,"total":108924,"device_id":1075838977,"dp_idcode":731911287,"records":3,"programmed":100072,"verified":50304,"error":"ESP_OK","cleanup_error":"ESP_OK","address":2148479996,"swd_ack":0,"stack_free_min":0,"mcu_resumed":false,"destructive_started":true,"recovery_required":true}
2026-09-10 20:22:03 @mori {"event":"ag32_batch_status","state":"running","phase":"verify","message":"AG32 batch update queued","processed":51328,"total":108924,"device_id":1075838977,"dp_idcode":731911287,"records":3,"programmed":100072,"verified":51328,"error":"ESP_OK","cleanup_error":"ESP_OK","address":2148481020,"swd_ack":0,"stack_free_min":0,"mcu_resumed":false,"destructive_started":true,"recovery_required":true}
2026-09-10 20:22:03 @mori {"event":"ag32_batch_status","state":"running","phase":"verify","message":"AG32 batch update queued","processed":51328,"total":108924,"device_id":1075838977,"dp_idcode":731911287,"records":3,"programmed":100072,"verified":51328,"error":"ESP_OK","cleanup_error":"ESP_OK","address":2148481020,"swd_ack":0,"stack_free_min":0,"mcu_resumed":false,"destructive_started":true,"recovery_required":true}
2026-09-10 20:22:04 @mori {"event":"ag32_batch_status","state":"running","phase":"verify","message":"AG32 batch update queued","processed":52352,"total":108924,"device_id":1075838977,"dp_idcode":731911287,"records":3,"programmed":100072,"verified":52352,"error":"ESP_OK","cleanup_error":"ESP_OK","address":2148482044,"swd_ack":0,"stack_free_min":0,"mcu_resumed":false,"destructive_started":true,"recovery_required":true}
2026-09-10 20:22:04 @mori {"event":"ag32_batch_status","state":"running","phase":"verify","message":"AG32 batch update queued","processed":52352,"total":108924,"device_id":1075838977,"dp_idcode":731911287,"records":3,"programmed":100072,"verified":52352,"error":"ESP_OK","cleanup_error":"ESP_OK","address":2148482044,"swd_ack":0,"stack_free_min":0,"mcu_resumed":false,"destructive_started":true,"recovery_required":true}
2026-09-10 20:22:04 @mori {"event":"ag32_batch_status","state":"running","phase":"verify","message":"AG32 batch update queued","processed":53376,"total":108924,"device_id":1075838977,"dp_idcode":731911287,"records":3,"programmed":100072,"verified":53376,"error":"ESP_OK","cleanup_error":"ESP_OK","address":2148483068,"swd_ack":0,"stack_free_min":0,"mcu_resumed":false,"destructive_started":true,"recovery_required":true}
2026-09-10 20:22:05 @mori {"event":"ag32_batch_status","state":"running","phase":"verify","message":"AG32 batch update queued","processed":53376,"total":108924,"device_id":1075838977,"dp_idcode":731911287,"records":3,"programmed":100072,"verified":53376,"error":"ESP_OK","cleanup_error":"ESP_OK","address":2148483068,"swd_ack":0,"stack_free_min":0,"mcu_resumed":false,"destructive_started":true,"recovery_required":true}
2026-09-10 20:22:05 @mori {"event":"ag32_batch_status","state":"running","phase":"verify","message":"AG32 batch update queued","processed":54400,"total":108924,"device_id":1075838977,"dp_idcode":731911287,"records":3,"programmed":100072,"verified":54400,"error":"ESP_OK","cleanup_error":"ESP_OK","address":2148484092,"swd_ack":0,"stack_free_min":0,"mcu_resumed":false,"destructive_started":true,"recovery_required":true}
2026-09-10 20:22:06 @mori {"event":"ag32_batch_status","state":"running","phase":"verify","message":"AG32 batch update queued","processed":55424,"total":108924,"device_id":1075838977,"dp_idcode":731911287,"records":3,"programmed":100072,"verified":55424,"error":"ESP_OK","cleanup_error":"ESP_OK","address":2148485116,"swd_ack":0,"stack_free_min":0,"mcu_resumed":false,"destructive_started":true,"recovery_required":true}
2026-09-10 20:22:06 @mori {"event":"ag32_batch_status","state":"running","phase":"verify","message":"AG32 batch update queued","processed":55424,"total":108924,"device_id":1075838977,"dp_idcode":731911287,"records":3,"programmed":100072,"verified":55424,"error":"ESP_OK","cleanup_error":"ESP_OK","address":2148485116,"swd_ack":0,"stack_free_min":0,"mcu_resumed":false,"destructive_started":true,"recovery_required":true}
2026-09-10 20:22:07 @mori {"event":"ag32_batch_status","state":"running","phase":"verify","message":"AG32 batch update queued","processed":56448,"total":108924,"device_id":1075838977,"dp_idcode":731911287,"records":3,"programmed":100072,"verified":56448,"error":"ESP_OK","cleanup_error":"ESP_OK","address":2148486140,"swd_ack":0,"stack_free_min":0,"mcu_resumed":false,"destructive_started":true,"recovery_required":true}
2026-09-10 20:22:07 @mori {"event":"ag32_batch_status","state":"running","phase":"verify","message":"AG32 batch update queued","processed":56448,"total":108924,"device_id":1075838977,"dp_idcode":731911287,"records":3,"programmed":100072,"verified":56448,"error":"ESP_OK","cleanup_error":"ESP_OK","address":2148486140,"swd_ack":0,"stack_free_min":0,"mcu_resumed":false,"destructive_started":true,"recovery_required":true}
2026-09-10 20:22:08 @mori {"event":"ag32_batch_status","state":"running","phase":"verify","message":"AG32 batch update queued","processed":57472,"total":108924,"device_id":1075838977,"dp_idcode":731911287,"records":3,"programmed":100072,"verified":57472,"error":"ESP_OK","cleanup_error":"ESP_OK","address":2148487164,"swd_ack":0,"stack_free_min":0,"mcu_resumed":false,"destructive_started":true,"recovery_required":true}
2026-09-10 20:22:08 @mori {"event":"ag32_batch_status","state":"running","phase":"verify","message":"AG32 batch update queued","processed":57472,"total":108924,"device_id":1075838977,"dp_idcode":731911287,"records":3,"programmed":100072,"verified":57472,"error":"ESP_OK","cleanup_error":"ESP_OK","address":2148487164,"swd_ack":0,"stack_free_min":0,"mcu_resumed":false,"destructive_started":true,"recovery_required":true}
2026-09-10 20:22:08 @mori {"event":"ag32_batch_status","state":"running","phase":"verify","message":"AG32 batch update queued","processed":58496,"total":108924,"device_id":1075838977,"dp_idcode":731911287,"records":3,"programmed":100072,"verified":58496,"error":"ESP_OK","cleanup_error":"ESP_OK","address":2148488188,"swd_ack":0,"stack_free_min":0,"mcu_resumed":false,"destructive_started":true,"recovery_required":true}
2026-09-10 20:22:09 @mori {"event":"ag32_batch_status","state":"running","phase":"verify","message":"AG32 batch update queued","processed":58496,"total":108924,"device_id":1075838977,"dp_idcode":731911287,"records":3,"programmed":100072,"verified":58496,"error":"ESP_OK","cleanup_error":"ESP_OK","address":2148488188,"swd_ack":0,"stack_free_min":0,"mcu_resumed":false,"destructive_started":true,"recovery_required":true}
2026-09-10 20:22:09 @mori {"event":"ag32_batch_status","state":"running","phase":"verify","message":"AG32 batch update queued","processed":59520,"total":108924,"device_id":1075838977,"dp_idcode":731911287,"records":3,"programmed":100072,"verified":59520,"error":"ESP_OK","cleanup_error":"ESP_OK","address":2148489212,"swd_ack":0,"stack_free_min":0,"mcu_resumed":false,"destructive_started":true,"recovery_required":true}
2026-09-10 20:22:10 @mori {"event":"ag32_batch_status","state":"running","phase":"verify","message":"AG32 batch update queued","processed":59520,"total":108924,"device_id":1075838977,"dp_idcode":731911287,"records":3,"programmed":100072,"verified":59520,"error":"ESP_OK","cleanup_error":"ESP_OK","address":2148489212,"swd_ack":0,"stack_free_min":0,"mcu_resumed":false,"destructive_started":true,"recovery_required":true}
2026-09-10 20:22:10 @mori {"event":"ag32_batch_status","state":"running","phase":"verify","message":"AG32 batch update queued","processed":60544,"total":108924,"device_id":1075838977,"dp_idcode":731911287,"records":3,"programmed":100072,"verified":60544,"error":"ESP_OK","cleanup_error":"ESP_OK","address":2148490236,"swd_ack":0,"stack_free_min":0,"mcu_resumed":false,"destructive_started":true,"recovery_required":true}
2026-09-10 20:22:11 @mori {"event":"ag32_batch_status","state":"running","phase":"verify","message":"AG32 batch update queued","processed":60544,"total":108924,"device_id":1075838977,"dp_idcode":731911287,"records":3,"programmed":100072,"verified":60544,"error":"ESP_OK","cleanup_error":"ESP_OK","address":2148490236,"swd_ack":0,"stack_free_min":0,"mcu_resumed":false,"destructive_started":true,"recovery_required":true}
2026-09-10 20:22:11 @mori {"event":"ag32_batch_status","state":"running","phase":"verify","message":"AG32 batch update queued","processed":61568,"total":108924,"device_id":1075838977,"dp_idcode":731911287,"records":3,"programmed":100072,"verified":61568,"error":"ESP_OK","cleanup_error":"ESP_OK","address":2148491260,"swd_ack":0,"stack_free_min":0,"mcu_resumed":false,"destructive_started":true,"recovery_required":true}
2026-09-10 20:22:11 @mori {"event":"ag32_batch_status","state":"running","phase":"verify","message":"AG32 batch update queued","processed":62592,"total":108924,"device_id":1075838977,"dp_idcode":731911287,"records":3,"programmed":100072,"verified":62592,"error":"ESP_OK","cleanup_error":"ESP_OK","address":2148492284,"swd_ack":0,"stack_free_min":0,"mcu_resumed":false,"destructive_started":true,"recovery_required":true}
2026-09-10 20:22:12 @mori {"event":"ag32_batch_status","state":"running","phase":"verify","message":"AG32 batch update queued","processed":62592,"total":108924,"device_id":1075838977,"dp_idcode":731911287,"records":3,"programmed":100072,"verified":62592,"error":"ESP_OK","cleanup_error":"ESP_OK","address":2148492284,"swd_ack":0,"stack_free_min":0,"mcu_resumed":false,"destructive_started":true,"recovery_required":true}
2026-09-10 20:22:12 @mori {"event":"ag32_batch_status","state":"running","phase":"verify","message":"AG32 batch update queued","processed":63616,"total":108924,"device_id":1075838977,"dp_idcode":731911287,"records":3,"programmed":100072,"verified":63616,"error":"ESP_OK","cleanup_error":"ESP_OK","address":2148493308,"swd_ack":0,"stack_free_min":0,"mcu_resumed":false,"destructive_started":true,"recovery_required":true}
2026-09-10 20:22:13 @mori {"event":"ag32_batch_status","state":"running","phase":"verify","message":"AG32 batch update queued","processed":63616,"total":108924,"device_id":1075838977,"dp_idcode":731911287,"records":3,"programmed":100072,"verified":63616,"error":"ESP_OK","cleanup_error":"ESP_OK","address":2148493308,"swd_ack":0,"stack_free_min":0,"mcu_resumed":false,"destructive_started":true,"recovery_required":true}
2026-09-10 20:22:13 @mori {"event":"ag32_batch_status","state":"running","phase":"verify","message":"AG32 batch update queued","processed":64640,"total":108924,"device_id":1075838977,"dp_idcode":731911287,"records":3,"programmed":100072,"verified":64640,"error":"ESP_OK","cleanup_error":"ESP_OK","address":2148494332,"swd_ack":0,"stack_free_min":0,"mcu_resumed":false,"destructive_started":true,"recovery_required":true}
2026-09-10 20:22:14 @mori {"event":"ag32_batch_status","state":"running","phase":"verify","message":"AG32 batch update queued","processed":64640,"total":108924,"device_id":1075838977,"dp_idcode":731911287,"records":3,"programmed":100072,"verified":64640,"error":"ESP_OK","cleanup_error":"ESP_OK","address":2148494332,"swd_ack":0,"stack_free_min":0,"mcu_resumed":false,"destructive_started":true,"recovery_required":true}
2026-09-10 20:22:14 @mori {"event":"ag32_batch_status","state":"running","phase":"verify","message":"AG32 batch update queued","processed":65664,"total":108924,"device_id":1075838977,"dp_idcode":731911287,"records":3,"programmed":100072,"verified":65664,"error":"ESP_OK","cleanup_error":"ESP_OK","address":2148495356,"swd_ack":0,"stack_free_min":0,"mcu_resumed":false,"destructive_started":true,"recovery_required":true}
2026-09-10 20:22:14 @mori {"event":"ag32_batch_status","state":"running","phase":"verify","message":"AG32 batch update queued","processed":65664,"total":108924,"device_id":1075838977,"dp_idcode":731911287,"records":3,"programmed":100072,"verified":65664,"error":"ESP_OK","cleanup_error":"ESP_OK","address":2148495356,"swd_ack":0,"stack_free_min":0,"mcu_resumed":false,"destructive_started":true,"recovery_required":true}
2026-09-10 20:22:15 @mori {"event":"ag32_batch_status","state":"running","phase":"verify","message":"AG32 batch update queued","processed":66688,"total":108924,"device_id":1075838977,"dp_idcode":731911287,"records":3,"programmed":100072,"verified":66688,"error":"ESP_OK","cleanup_error":"ESP_OK","address":2148496380,"swd_ack":0,"stack_free_min":0,"mcu_resumed":false,"destructive_started":true,"recovery_required":true}
2026-09-10 20:22:15 @mori {"event":"ag32_batch_status","state":"running","phase":"verify","message":"AG32 batch update queued","processed":66688,"total":108924,"device_id":1075838977,"dp_idcode":731911287,"records":3,"programmed":100072,"verified":66688,"error":"ESP_OK","cleanup_error":"ESP_OK","address":2148496380,"swd_ack":0,"stack_free_min":0,"mcu_resumed":false,"destructive_started":true,"recovery_required":true}
2026-09-10 20:22:16 @mori {"event":"ag32_batch_status","state":"running","phase":"verify","message":"AG32 batch update queued","processed":67712,"total":108924,"device_id":1075838977,"dp_idcode":731911287,"records":3,"programmed":100072,"verified":67712,"error":"ESP_OK","cleanup_error":"ESP_OK","address":2148497404,"swd_ack":0,"stack_free_min":0,"mcu_resumed":false,"destructive_started":true,"recovery_required":true}
2026-09-10 20:22:16 @mori {"event":"ag32_batch_status","state":"running","phase":"verify","message":"AG32 batch update queued","processed":67712,"total":108924,"device_id":1075838977,"dp_idcode":731911287,"records":3,"programmed":100072,"verified":67712,"error":"ESP_OK","cleanup_error":"ESP_OK","address":2148497404,"swd_ack":0,"stack_free_min":0,"mcu_resumed":false,"destructive_started":true,"recovery_required":true}
2026-09-10 20:22:17 @mori {"event":"ag32_batch_status","state":"running","phase":"verify","message":"AG32 batch update queued","processed":68736,"total":108924,"device_id":1075838977,"dp_idcode":731911287,"records":3,"programmed":100072,"verified":68736,"error":"ESP_OK","cleanup_error":"ESP_OK","address":2148498428,"swd_ack":0,"stack_free_min":0,"mcu_resumed":false,"destructive_started":true,"recovery_required":true}
2026-09-10 20:22:17 @mori {"event":"ag32_batch_status","state":"running","phase":"verify","message":"AG32 batch update queued","processed":69760,"total":108924,"device_id":1075838977,"dp_idcode":731911287,"records":3,"programmed":100072,"verified":69760,"error":"ESP_OK","cleanup_error":"ESP_OK","address":2148499452,"swd_ack":0,"stack_free_min":0,"mcu_resumed":false,"destructive_started":true,"recovery_required":true}
2026-09-10 20:22:18 @mori {"event":"ag32_batch_status","state":"running","phase":"verify","message":"AG32 batch update queued","processed":69760,"total":108924,"device_id":1075838977,"dp_idcode":731911287,"records":3,"programmed":100072,"verified":69760,"error":"ESP_OK","cleanup_error":"ESP_OK","address":2148499452,"swd_ack":0,"stack_free_min":0,"mcu_resumed":false,"destructive_started":true,"recovery_required":true}
2026-09-10 20:22:18 @mori {"event":"ag32_batch_status","state":"running","phase":"verify","message":"AG32 batch update queued","processed":70784,"total":108924,"device_id":1075838977,"dp_idcode":731911287,"records":3,"programmed":100072,"verified":70784,"error":"ESP_OK","cleanup_error":"ESP_OK","address":2148500476,"swd_ack":0,"stack_free_min":0,"mcu_resumed":false,"destructive_started":true,"recovery_required":true}
2026-09-10 20:22:18 @mori {"event":"ag32_batch_status","state":"running","phase":"verify","message":"AG32 batch update queued","processed":70784,"total":108924,"device_id":1075838977,"dp_idcode":731911287,"records":3,"programmed":100072,"verified":70784,"error":"ESP_OK","cleanup_error":"ESP_OK","address":2148500476,"swd_ack":0,"stack_free_min":0,"mcu_resumed":false,"destructive_started":true,"recovery_required":true}
2026-09-10 20:22:19 @mori {"event":"ag32_batch_status","state":"running","phase":"verify","message":"AG32 batch update queued","processed":71808,"total":108924,"device_id":1075838977,"dp_idcode":731911287,"records":3,"programmed":100072,"verified":71808,"error":"ESP_OK","cleanup_error":"ESP_OK","address":2148501500,"swd_ack":0,"stack_free_min":0,"mcu_resumed":false,"destructive_started":true,"recovery_required":true}
2026-09-10 20:22:19 @mori {"event":"ag32_batch_status","state":"running","phase":"verify","message":"AG32 batch update queued","processed":71808,"total":108924,"device_id":1075838977,"dp_idcode":731911287,"records":3,"programmed":100072,"verified":71808,"error":"ESP_OK","cleanup_error":"ESP_OK","address":2148501500,"swd_ack":0,"stack_free_min":0,"mcu_resumed":false,"destructive_started":true,"recovery_required":true}
2026-09-10 20:22:20 @mori {"event":"ag32_batch_status","state":"running","phase":"verify","message":"AG32 batch update queued","processed":72832,"total":108924,"device_id":1075838977,"dp_idcode":731911287,"records":3,"programmed":100072,"verified":72832,"error":"ESP_OK","cleanup_error":"ESP_OK","address":2148502524,"swd_ack":0,"stack_free_min":0,"mcu_resumed":false,"destructive_started":true,"recovery_required":true}
2026-09-10 20:22:20 @mori {"event":"ag32_batch_status","state":"running","phase":"verify","message":"AG32 batch update queued","processed":72832,"total":108924,"device_id":1075838977,"dp_idcode":731911287,"records":3,"programmed":100072,"verified":72832,"error":"ESP_OK","cleanup_error":"ESP_OK","address":2148502524,"swd_ack":0,"stack_free_min":0,"mcu_resumed":false,"destructive_started":true,"recovery_required":true}
2026-09-10 20:22:21 @mori {"event":"ag32_batch_status","state":"running","phase":"verify","message":"AG32 batch update queued","processed":73856,"total":108924,"device_id":1075838977,"dp_idcode":731911287,"records":3,"programmed":100072,"verified":73856,"error":"ESP_OK","cleanup_error":"ESP_OK","address":2148503548,"swd_ack":0,"stack_free_min":0,"mcu_resumed":false,"destructive_started":true,"recovery_required":true}
2026-09-10 20:22:21 @mori {"event":"ag32_batch_status","state":"running","phase":"verify","message":"AG32 batch update queued","processed":73856,"total":108924,"device_id":1075838977,"dp_idcode":731911287,"records":3,"programmed":100072,"verified":73856,"error":"ESP_OK","cleanup_error":"ESP_OK","address":2148503548,"swd_ack":0,"stack_free_min":0,"mcu_resumed":false,"destructive_started":true,"recovery_required":true}
2026-09-10 20:22:21 @mori {"event":"ag32_batch_status","state":"running","phase":"verify","message":"AG32 batch update queued","processed":74880,"total":108924,"device_id":1075838977,"dp_idcode":731911287,"records":3,"programmed":100072,"verified":74880,"error":"ESP_OK","cleanup_error":"ESP_OK","address":2148504572,"swd_ack":0,"stack_free_min":0,"mcu_resumed":false,"destructive_started":true,"recovery_required":true}
2026-09-10 20:22:22 @mori {"event":"ag32_batch_status","state":"running","phase":"verify","message":"AG32 batch update queued","processed":74880,"total":108924,"device_id":1075838977,"dp_idcode":731911287,"records":3,"programmed":100072,"verified":74880,"error":"ESP_OK","cleanup_error":"ESP_OK","address":2148504572,"swd_ack":0,"stack_free_min":0,"mcu_resumed":false,"destructive_started":true,"recovery_required":true}
2026-09-10 20:22:22 @mori {"event":"ag32_batch_status","state":"running","phase":"verify","message":"AG32 batch update queued","processed":75904,"total":108924,"device_id":1075838977,"dp_idcode":731911287,"records":3,"programmed":100072,"verified":75904,"error":"ESP_OK","cleanup_error":"ESP_OK","address":2148505596,"swd_ack":0,"stack_free_min":0,"mcu_resumed":false,"destructive_started":true,"recovery_required":true}
2026-09-10 20:22:23 @mori {"event":"ag32_batch_status","state":"running","phase":"verify","message":"AG32 batch update queued","processed":76928,"total":108924,"device_id":1075838977,"dp_idcode":731911287,"records":3,"programmed":100072,"verified":76928,"error":"ESP_OK","cleanup_error":"ESP_OK","address":2148506620,"swd_ack":0,"stack_free_min":0,"mcu_resumed":false,"destructive_started":true,"recovery_required":true}
2026-09-10 20:22:23 @mori {"event":"ag32_batch_status","state":"running","phase":"verify","message":"AG32 batch update queued","processed":76928,"total":108924,"device_id":1075838977,"dp_idcode":731911287,"records":3,"programmed":100072,"verified":76928,"error":"ESP_OK","cleanup_error":"ESP_OK","address":2148506620,"swd_ack":0,"stack_free_min":0,"mcu_resumed":false,"destructive_started":true,"recovery_required":true}
2026-09-10 20:22:24 @mori {"event":"ag32_batch_status","state":"running","phase":"verify","message":"AG32 batch update queued","processed":77952,"total":108924,"device_id":1075838977,"dp_idcode":731911287,"records":3,"programmed":100072,"verified":77952,"error":"ESP_OK","cleanup_error":"ESP_OK","address":2148507644,"swd_ack":0,"stack_free_min":0,"mcu_resumed":false,"destructive_started":true,"recovery_required":true}
2026-09-10 20:22:24 @mori {"event":"ag32_batch_status","state":"running","phase":"verify","message":"AG32 batch update queued","processed":77952,"total":108924,"device_id":1075838977,"dp_idcode":731911287,"records":3,"programmed":100072,"verified":77952,"error":"ESP_OK","cleanup_error":"ESP_OK","address":2148507644,"swd_ack":0,"stack_free_min":0,"mcu_resumed":false,"destructive_started":true,"recovery_required":true}
2026-09-10 20:22:24 @mori {"event":"ag32_batch_status","state":"running","phase":"verify","message":"AG32 batch update queued","processed":78976,"total":108924,"device_id":1075838977,"dp_idcode":731911287,"records":3,"programmed":100072,"verified":78976,"error":"ESP_OK","cleanup_error":"ESP_OK","address":2148508668,"swd_ack":0,"stack_free_min":0,"mcu_resumed":false,"destructive_started":true,"recovery_required":true}
2026-09-10 20:22:25 @mori {"event":"ag32_batch_status","state":"running","phase":"verify","message":"AG32 batch update queued","processed":78976,"total":108924,"device_id":1075838977,"dp_idcode":731911287,"records":3,"programmed":100072,"verified":78976,"error":"ESP_OK","cleanup_error":"ESP_OK","address":2148508668,"swd_ack":0,"stack_free_min":0,"mcu_resumed":false,"destructive_started":true,"recovery_required":true}
2026-09-10 20:22:25 @mori {"event":"ag32_batch_status","state":"running","phase":"verify","message":"AG32 batch update queued","processed":80000,"total":108924,"device_id":1075838977,"dp_idcode":731911287,"records":3,"programmed":100072,"verified":80000,"error":"ESP_OK","cleanup_error":"ESP_OK","address":2148509692,"swd_ack":0,"stack_free_min":0,"mcu_resumed":false,"destructive_started":true,"recovery_required":true}
2026-09-10 20:22:26 @mori {"event":"ag32_batch_status","state":"running","phase":"verify","message":"AG32 batch update queued","processed":80000,"total":108924,"device_id":1075838977,"dp_idcode":731911287,"records":3,"programmed":100072,"verified":80000,"error":"ESP_OK","cleanup_error":"ESP_OK","address":2148509692,"swd_ack":0,"stack_free_min":0,"mcu_resumed":false,"destructive_started":true,"recovery_required":true}
2026-09-10 20:22:26 @mori {"event":"ag32_batch_status","state":"running","phase":"verify","message":"AG32 batch update queued","processed":81024,"total":108924,"device_id":1075838977,"dp_idcode":731911287,"records":3,"programmed":100072,"verified":81024,"error":"ESP_OK","cleanup_error":"ESP_OK","address":2148510716,"swd_ack":0,"stack_free_min":0,"mcu_resumed":false,"destructive_started":true,"recovery_required":true}
2026-09-10 20:22:27 @mori {"event":"ag32_batch_status","state":"running","phase":"verify","message":"AG32 batch update queued","processed":81024,"total":108924,"device_id":1075838977,"dp_idcode":731911287,"records":3,"programmed":100072,"verified":81024,"error":"ESP_OK","cleanup_error":"ESP_OK","address":2148510716,"swd_ack":0,"stack_free_min":0,"mcu_resumed":false,"destructive_started":true,"recovery_required":true}
2026-09-10 20:22:27 @mori {"event":"ag32_batch_status","state":"running","phase":"verify","message":"AG32 batch update queued","processed":82048,"total":108924,"device_id":1075838977,"dp_idcode":731911287,"records":3,"programmed":100072,"verified":82048,"error":"ESP_OK","cleanup_error":"ESP_OK","address":2148511740,"swd_ack":0,"stack_free_min":0,"mcu_resumed":false,"destructive_started":true,"recovery_required":true}
2026-09-10 20:22:28 @mori {"event":"ag32_batch_status","state":"running","phase":"verify","message":"AG32 batch update queued","processed":82048,"total":108924,"device_id":1075838977,"dp_idcode":731911287,"records":3,"programmed":100072,"verified":82048,"error":"ESP_OK","cleanup_error":"ESP_OK","address":2148511740,"swd_ack":0,"stack_free_min":0,"mcu_resumed":false,"destructive_started":true,"recovery_required":true}
2026-09-10 20:22:28 @mori {"event":"ag32_batch_status","state":"running","phase":"verify","message":"AG32 batch update queued","processed":83072,"total":108924,"device_id":1075838977,"dp_idcode":731911287,"records":3,"programmed":100072,"verified":83072,"error":"ESP_OK","cleanup_error":"ESP_OK","address":2148512764,"swd_ack":0,"stack_free_min":0,"mcu_resumed":false,"destructive_started":true,"recovery_required":true}
2026-09-10 20:22:28 @mori {"event":"ag32_batch_status","state":"running","phase":"verify","message":"AG32 batch update queued","processed":84096,"total":108924,"device_id":1075838977,"dp_idcode":731911287,"records":3,"programmed":100072,"verified":84096,"error":"ESP_OK","cleanup_error":"ESP_OK","address":2148513788,"swd_ack":0,"stack_free_min":0,"mcu_resumed":false,"destructive_started":true,"recovery_required":true}
2026-09-10 20:22:29 @mori {"event":"ag32_batch_status","state":"running","phase":"verify","message":"AG32 batch update queued","processed":84096,"total":108924,"device_id":1075838977,"dp_idcode":731911287,"records":3,"programmed":100072,"verified":84096,"error":"ESP_OK","cleanup_error":"ESP_OK","address":2148513788,"swd_ack":0,"stack_free_min":0,"mcu_resumed":false,"destructive_started":true,"recovery_required":true}
2026-09-10 20:22:29 @mori {"event":"ag32_batch_status","state":"running","phase":"verify","message":"AG32 batch update queued","processed":85120,"total":108924,"device_id":1075838977,"dp_idcode":731911287,"records":3,"programmed":100072,"verified":85120,"error":"ESP_OK","cleanup_error":"ESP_OK","address":2148514812,"swd_ack":0,"stack_free_min":0,"mcu_resumed":false,"destructive_started":true,"recovery_required":true}
2026-09-10 20:22:30 @mori {"event":"ag32_batch_status","state":"running","phase":"verify","message":"AG32 batch update queued","processed":85120,"total":108924,"device_id":1075838977,"dp_idcode":731911287,"records":3,"programmed":100072,"verified":85120,"error":"ESP_OK","cleanup_error":"ESP_OK","address":2148514812,"swd_ack":0,"stack_free_min":0,"mcu_resumed":false,"destructive_started":true,"recovery_required":true}
2026-09-10 20:22:30 @mori {"event":"ag32_batch_status","state":"running","phase":"verify","message":"AG32 batch update queued","processed":86144,"total":108924,"device_id":1075838977,"dp_idcode":731911287,"records":3,"programmed":100072,"verified":86144,"error":"ESP_OK","cleanup_error":"ESP_OK","address":2148515836,"swd_ack":0,"stack_free_min":0,"mcu_resumed":false,"destructive_started":true,"recovery_required":true}
2026-09-10 20:22:31 @mori {"event":"ag32_batch_status","state":"running","phase":"verify","message":"AG32 batch update queued","processed":86144,"total":108924,"device_id":1075838977,"dp_idcode":731911287,"records":3,"programmed":100072,"verified":86144,"error":"ESP_OK","cleanup_error":"ESP_OK","address":2148515836,"swd_ack":0,"stack_free_min":0,"mcu_resumed":false,"destructive_started":true,"recovery_required":true}
2026-09-10 20:22:31 @mori {"event":"ag32_batch_status","state":"running","phase":"verify","message":"AG32 batch update queued","processed":87168,"total":108924,"device_id":1075838977,"dp_idcode":731911287,"records":3,"programmed":100072,"verified":87168,"error":"ESP_OK","cleanup_error":"ESP_OK","address":2148516860,"swd_ack":0,"stack_free_min":0,"mcu_resumed":false,"destructive_started":true,"recovery_required":true}
2026-09-10 20:22:31 @mori {"event":"ag32_batch_status","state":"running","phase":"verify","message":"AG32 batch update queued","processed":87168,"total":108924,"device_id":1075838977,"dp_idcode":731911287,"records":3,"programmed":100072,"verified":87168,"error":"ESP_OK","cleanup_error":"ESP_OK","address":2148516860,"swd_ack":0,"stack_free_min":0,"mcu_resumed":false,"destructive_started":true,"recovery_required":true}
2026-09-10 20:22:32 @mori {"event":"ag32_batch_status","state":"running","phase":"verify","message":"AG32 batch update queued","processed":88192,"total":108924,"device_id":1075838977,"dp_idcode":731911287,"records":3,"programmed":100072,"verified":88192,"error":"ESP_OK","cleanup_error":"ESP_OK","address":2148517884,"swd_ack":0,"stack_free_min":0,"mcu_resumed":false,"destructive_started":true,"recovery_required":true}
2026-09-10 20:22:32 @mori {"event":"ag32_batch_status","state":"running","phase":"verify","message":"AG32 batch update queued","processed":88192,"total":108924,"device_id":1075838977,"dp_idcode":731911287,"records":3,"programmed":100072,"verified":88192,"error":"ESP_OK","cleanup_error":"ESP_OK","address":2148517884,"swd_ack":0,"stack_free_min":0,"mcu_resumed":false,"destructive_started":true,"recovery_required":true}
2026-09-10 20:22:33 @mori {"event":"ag32_batch_status","state":"running","phase":"verify","message":"AG32 batch update queued","processed":89216,"total":108924,"device_id":1075838977,"dp_idcode":731911287,"records":3,"programmed":100072,"verified":89216,"error":"ESP_OK","cleanup_error":"ESP_OK","address":2148518908,"swd_ack":0,"stack_free_min":0,"mcu_resumed":false,"destructive_started":true,"recovery_required":true}
2026-09-10 20:22:33 @mori {"event":"ag32_batch_status","state":"running","phase":"verify","message":"AG32 batch update queued","processed":89216,"total":108924,"device_id":1075838977,"dp_idcode":731911287,"records":3,"programmed":100072,"verified":89216,"error":"ESP_OK","cleanup_error":"ESP_OK","address":2148518908,"swd_ack":0,"stack_free_min":0,"mcu_resumed":false,"destructive_started":true,"recovery_required":true}
2026-09-10 20:22:34 @mori {"event":"ag32_batch_status","state":"running","phase":"verify","message":"AG32 batch update queued","processed":90240,"total":108924,"device_id":1075838977,"dp_idcode":731911287,"records":3,"programmed":100072,"verified":90240,"error":"ESP_OK","cleanup_error":"ESP_OK","address":2148519932,"swd_ack":0,"stack_free_min":0,"mcu_resumed":false,"destructive_started":true,"recovery_required":true}
2026-09-10 20:22:34 @mori {"event":"ag32_batch_status","state":"running","phase":"verify","message":"AG32 batch update queued","processed":91264,"total":108924,"device_id":1075838977,"dp_idcode":731911287,"records":3,"programmed":100072,"verified":91264,"error":"ESP_OK","cleanup_error":"ESP_OK","address":2148520956,"swd_ack":0,"stack_free_min":0,"mcu_resumed":false,"destructive_started":true,"recovery_required":true}
2026-09-10 20:22:34 @mori {"event":"ag32_batch_status","state":"running","phase":"verify","message":"AG32 batch update queued","processed":91264,"total":108924,"device_id":1075838977,"dp_idcode":731911287,"records":3,"programmed":100072,"verified":91264,"error":"ESP_OK","cleanup_error":"ESP_OK","address":2148520956,"swd_ack":0,"stack_free_min":0,"mcu_resumed":false,"destructive_started":true,"recovery_required":true}
2026-09-10 20:22:35 @mori {"event":"ag32_batch_status","state":"running","phase":"verify","message":"AG32 batch update queued","processed":92288,"total":108924,"device_id":1075838977,"dp_idcode":731911287,"records":3,"programmed":100072,"verified":92288,"error":"ESP_OK","cleanup_error":"ESP_OK","address":2148521980,"swd_ack":0,"stack_free_min":0,"mcu_resumed":false,"destructive_started":true,"recovery_required":true}
2026-09-10 20:22:35 @mori {"event":"ag32_batch_status","state":"running","phase":"verify","message":"AG32 batch update queued","processed":92288,"total":108924,"device_id":1075838977,"dp_idcode":731911287,"records":3,"programmed":100072,"verified":92288,"error":"ESP_OK","cleanup_error":"ESP_OK","address":2148521980,"swd_ack":0,"stack_free_min":0,"mcu_resumed":false,"destructive_started":true,"recovery_required":true}
2026-09-10 20:22:36 @mori {"event":"ag32_batch_status","state":"running","phase":"verify","message":"AG32 batch update queued","processed":93312,"total":108924,"device_id":1075838977,"dp_idcode":731911287,"records":3,"programmed":100072,"verified":93312,"error":"ESP_OK","cleanup_error":"ESP_OK","address":2148523004,"swd_ack":0,"stack_free_min":0,"mcu_resumed":false,"destructive_started":true,"recovery_required":true}
2026-09-10 20:22:36 @mori {"event":"ag32_batch_status","state":"running","phase":"verify","message":"AG32 batch update queued","processed":93312,"total":108924,"device_id":1075838977,"dp_idcode":731911287,"records":3,"programmed":100072,"verified":93312,"error":"ESP_OK","cleanup_error":"ESP_OK","address":2148523004,"swd_ack":0,"stack_free_min":0,"mcu_resumed":false,"destructive_started":true,"recovery_required":true}
2026-09-10 20:22:37 @mori {"event":"ag32_batch_status","state":"running","phase":"verify","message":"AG32 batch update queued","processed":94336,"total":108924,"device_id":1075838977,"dp_idcode":731911287,"records":3,"programmed":100072,"verified":94336,"error":"ESP_OK","cleanup_error":"ESP_OK","address":2148524028,"swd_ack":0,"stack_free_min":0,"mcu_resumed":false,"destructive_started":true,"recovery_required":true}
2026-09-10 20:22:37 @mori {"event":"ag32_batch_status","state":"running","phase":"verify","message":"AG32 batch update queued","processed":94336,"total":108924,"device_id":1075838977,"dp_idcode":731911287,"records":3,"programmed":100072,"verified":94336,"error":"ESP_OK","cleanup_error":"ESP_OK","address":2148524028,"swd_ack":0,"stack_free_min":0,"mcu_resumed":false,"destructive_started":true,"recovery_required":true}
2026-09-10 20:22:38 @mori {"event":"ag32_batch_status","state":"running","phase":"verify","message":"AG32 batch update queued","processed":95360,"total":108924,"device_id":1075838977,"dp_idcode":731911287,"records":3,"programmed":100072,"verified":95360,"error":"ESP_OK","cleanup_error":"ESP_OK","address":2148525052,"swd_ack":0,"stack_free_min":0,"mcu_resumed":false,"destructive_started":true,"recovery_required":true}
2026-09-10 20:22:38 @mori {"event":"ag32_batch_status","state":"running","phase":"verify","message":"AG32 batch update queued","processed":95360,"total":108924,"device_id":1075838977,"dp_idcode":731911287,"records":3,"programmed":100072,"verified":95360,"error":"ESP_OK","cleanup_error":"ESP_OK","address":2148525052,"swd_ack":0,"stack_free_min":0,"mcu_resumed":false,"destructive_started":true,"recovery_required":true}
2026-09-10 20:22:38 @mori {"event":"ag32_batch_status","state":"running","phase":"verify","message":"AG32 batch update queued","processed":96384,"total":108924,"device_id":1075838977,"dp_idcode":731911287,"records":3,"programmed":100072,"verified":96384,"error":"ESP_OK","cleanup_error":"ESP_OK","address":2148526076,"swd_ack":0,"stack_free_min":0,"mcu_resumed":false,"destructive_started":true,"recovery_required":true}
2026-09-10 20:22:39 @mori {"event":"ag32_batch_status","state":"running","phase":"verify","message":"AG32 batch update queued","processed":97408,"total":108924,"device_id":1075838977,"dp_idcode":731911287,"records":3,"programmed":100072,"verified":97408,"error":"ESP_OK","cleanup_error":"ESP_OK","address":2148527100,"swd_ack":0,"stack_free_min":0,"mcu_resumed":false,"destructive_started":true,"recovery_required":true}
2026-09-10 20:22:39 @mori {"event":"ag32_batch_status","state":"running","phase":"verify","message":"AG32 batch update queued","processed":97408,"total":108924,"device_id":1075838977,"dp_idcode":731911287,"records":3,"programmed":100072,"verified":97408,"error":"ESP_OK","cleanup_error":"ESP_OK","address":2148527100,"swd_ack":0,"stack_free_min":0,"mcu_resumed":false,"destructive_started":true,"recovery_required":true}
2026-09-10 20:22:40 @mori {"event":"ag32_batch_status","state":"running","phase":"verify","message":"AG32 batch update queued","processed":98432,"total":108924,"device_id":1075838977,"dp_idcode":731911287,"records":3,"programmed":100072,"verified":98432,"error":"ESP_OK","cleanup_error":"ESP_OK","address":2148528124,"swd_ack":0,"stack_free_min":0,"mcu_resumed":false,"destructive_started":true,"recovery_required":true}
2026-09-10 20:22:40 @mori {"event":"ag32_batch_status","state":"running","phase":"verify","message":"AG32 batch update queued","processed":98432,"total":108924,"device_id":1075838977,"dp_idcode":731911287,"records":3,"programmed":100072,"verified":98432,"error":"ESP_OK","cleanup_error":"ESP_OK","address":2148528124,"swd_ack":0,"stack_free_min":0,"mcu_resumed":false,"destructive_started":true,"recovery_required":true}
2026-09-10 20:22:41 @mori {"event":"ag32_batch_status","state":"running","phase":"verify","message":"AG32 batch update queued","processed":99456,"total":108924,"device_id":1075838977,"dp_idcode":731911287,"records":3,"programmed":100072,"verified":99456,"error":"ESP_OK","cleanup_error":"ESP_OK","address":2148529148,"swd_ack":0,"stack_free_min":0,"mcu_resumed":false,"destructive_started":true,"recovery_required":true}
2026-09-10 20:22:41 @mori {"event":"ag32_batch_status","state":"running","phase":"program","message":"AG32 batch update queued","processed":0,"total":108924,"device_id":1075838977,"dp_idcode":731911287,"records":3,"programmed":100072,"verified":100072,"error":"ESP_OK","cleanup_error":"ESP_OK","address":2147483648,"swd_ack":0,"stack_free_min":0,"mcu_resumed":false,"destructive_started":true,"recovery_required":true}
2026-09-10 20:22:41 @mori {"event":"ag32_batch_status","state":"running","phase":"program","message":"AG32 batch update queued","processed":0,"total":108924,"device_id":1075838977,"dp_idcode":731911287,"records":3,"programmed":100072,"verified":100072,"error":"ESP_OK","cleanup_error":"ESP_OK","address":2147483648,"swd_ack":0,"stack_free_min":0,"mcu_resumed":false,"destructive_started":true,"recovery_required":true}
2026-09-10 20:22:42 @mori {"event":"ag32_batch_status","state":"running","phase":"program","message":"AG32 batch update queued","processed":0,"total":108924,"device_id":1075838977,"dp_idcode":731911287,"records":3,"programmed":100072,"verified":100072,"error":"ESP_OK","cleanup_error":"ESP_OK","address":2147483648,"swd_ack":0,"stack_free_min":0,"mcu_resumed":false,"destructive_started":true,"recovery_required":true}
2026-09-10 20:22:42 @mori {"event":"ag32_batch_status","state":"running","phase":"program","message":"AG32 batch update queued","processed":0,"total":108924,"device_id":1075838977,"dp_idcode":731911287,"records":3,"programmed":100072,"verified":100072,"error":"ESP_OK","cleanup_error":"ESP_OK","address":2147483648,"swd_ack":0,"stack_free_min":0,"mcu_resumed":false,"destructive_started":true,"recovery_required":true}
2026-09-10 20:22:43 @mori {"event":"ag32_batch_status","state":"running","phase":"program","message":"AG32 batch update queued","processed":101096,"total":108924,"device_id":1075838977,"dp_idcode":731911287,"records":3,"programmed":101096,"verified":100072,"error":"ESP_OK","cleanup_error":"ESP_OK","address":2147484668,"swd_ack":0,"stack_free_min":0,"mcu_resumed":false,"destructive_started":true,"recovery_required":true}
2026-09-10 20:22:43 @mori {"event":"ag32_batch_status","state":"running","phase":"program","message":"AG32 batch update queued","processed":101096,"total":108924,"device_id":1075838977,"dp_idcode":731911287,"records":3,"programmed":101096,"verified":100072,"error":"ESP_OK","cleanup_error":"ESP_OK","address":2147484668,"swd_ack":0,"stack_free_min":0,"mcu_resumed":false,"destructive_started":true,"recovery_required":true}
2026-09-10 20:22:44 @mori {"event":"ag32_batch_status","state":"running","phase":"program","message":"AG32 batch update queued","processed":101096,"total":108924,"device_id":1075838977,"dp_idcode":731911287,"records":3,"programmed":101096,"verified":100072,"error":"ESP_OK","cleanup_error":"ESP_OK","address":2147484668,"swd_ack":0,"stack_free_min":0,"mcu_resumed":false,"destructive_started":true,"recovery_required":true}
2026-09-10 20:22:44 @mori {"event":"ag32_batch_status","state":"running","phase":"program","message":"AG32 batch update queued","processed":102120,"total":108924,"device_id":1075838977,"dp_idcode":731911287,"records":3,"programmed":102120,"verified":100072,"error":"ESP_OK","cleanup_error":"ESP_OK","address":2147485692,"swd_ack":0,"stack_free_min":0,"mcu_resumed":false,"destructive_started":true,"recovery_required":true}
2026-09-10 20:22:44 @mori {"event":"ag32_batch_status","state":"running","phase":"program","message":"AG32 batch update queued","processed":102120,"total":108924,"device_id":1075838977,"dp_idcode":731911287,"records":3,"programmed":102120,"verified":100072,"error":"ESP_OK","cleanup_error":"ESP_OK","address":2147485692,"swd_ack":0,"stack_free_min":0,"mcu_resumed":false,"destructive_started":true,"recovery_required":true}
2026-09-10 20:22:45 @mori {"event":"ag32_batch_status","state":"running","phase":"program","message":"AG32 batch update queued","processed":102120,"total":108924,"device_id":1075838977,"dp_idcode":731911287,"records":3,"programmed":102120,"verified":100072,"error":"ESP_OK","cleanup_error":"ESP_OK","address":2147485692,"swd_ack":0,"stack_free_min":0,"mcu_resumed":false,"destructive_started":true,"recovery_required":true}
2026-09-10 20:22:45 @mori {"event":"ag32_batch_status","state":"running","phase":"program","message":"AG32 batch update queued","processed":102120,"total":108924,"device_id":1075838977,"dp_idcode":731911287,"records":3,"programmed":102120,"verified":100072,"error":"ESP_OK","cleanup_error":"ESP_OK","address":2147485692,"swd_ack":0,"stack_free_min":0,"mcu_resumed":false,"destructive_started":true,"recovery_required":true}
2026-09-10 20:22:46 @mori {"event":"ag32_batch_status","state":"running","phase":"program","message":"AG32 batch update queued","processed":103144,"total":108924,"device_id":1075838977,"dp_idcode":731911287,"records":3,"programmed":103144,"verified":100072,"error":"ESP_OK","cleanup_error":"ESP_OK","address":2147486716,"swd_ack":0,"stack_free_min":0,"mcu_resumed":false,"destructive_started":true,"recovery_required":true}
2026-09-10 20:22:46 @mori {"event":"ag32_batch_status","state":"running","phase":"program","message":"AG32 batch update queued","processed":103144,"total":108924,"device_id":1075838977,"dp_idcode":731911287,"records":3,"programmed":103144,"verified":100072,"error":"ESP_OK","cleanup_error":"ESP_OK","address":2147486716,"swd_ack":0,"stack_free_min":0,"mcu_resumed":false,"destructive_started":true,"recovery_required":true}
2026-09-10 20:22:47 @mori {"event":"ag32_batch_status","state":"running","phase":"program","message":"AG32 batch update queued","processed":103144,"total":108924,"device_id":1075838977,"dp_idcode":731911287,"records":3,"programmed":103144,"verified":100072,"error":"ESP_OK","cleanup_error":"ESP_OK","address":2147486716,"swd_ack":0,"stack_free_min":0,"mcu_resumed":false,"destructive_started":true,"recovery_required":true}
2026-09-10 20:22:47 @mori {"event":"ag32_batch_status","state":"running","phase":"program","message":"AG32 batch update queued","processed":104168,"total":108924,"device_id":1075838977,"dp_idcode":731911287,"records":3,"programmed":104168,"verified":100072,"error":"ESP_OK","cleanup_error":"ESP_OK","address":2147487740,"swd_ack":0,"stack_free_min":0,"mcu_resumed":false,"destructive_started":true,"recovery_required":true}
2026-09-10 20:22:48 @mori {"event":"ag32_batch_status","state":"running","phase":"program","message":"AG32 batch update queued","processed":104168,"total":108924,"device_id":1075838977,"dp_idcode":731911287,"records":3,"programmed":104168,"verified":100072,"error":"ESP_OK","cleanup_error":"ESP_OK","address":2147487740,"swd_ack":0,"stack_free_min":0,"mcu_resumed":false,"destructive_started":true,"recovery_required":true}
2026-09-10 20:22:48 @mori {"event":"ag32_batch_status","state":"running","phase":"program","message":"AG32 batch update queued","processed":104168,"total":108924,"device_id":1075838977,"dp_idcode":731911287,"records":3,"programmed":104168,"verified":100072,"error":"ESP_OK","cleanup_error":"ESP_OK","address":2147487740,"swd_ack":0,"stack_free_min":0,"mcu_resumed":false,"destructive_started":true,"recovery_required":true}
2026-09-10 20:22:48 @mori {"event":"ag32_batch_status","state":"running","phase":"program","message":"AG32 batch update queued","processed":104168,"total":108924,"device_id":1075838977,"dp_idcode":731911287,"records":3,"programmed":104168,"verified":100072,"error":"ESP_OK","cleanup_error":"ESP_OK","address":2147487740,"swd_ack":0,"stack_free_min":0,"mcu_resumed":false,"destructive_started":true,"recovery_required":true}
2026-09-10 20:22:49 @mori {"event":"ag32_batch_status","state":"running","phase":"program","message":"AG32 batch update queued","processed":105192,"total":108924,"device_id":1075838977,"dp_idcode":731911287,"records":3,"programmed":105192,"verified":100072,"error":"ESP_OK","cleanup_error":"ESP_OK","address":2147488764,"swd_ack":0,"stack_free_min":0,"mcu_resumed":false,"destructive_started":true,"recovery_required":true}
2026-09-10 20:22:49 @mori {"event":"ag32_batch_status","state":"running","phase":"program","message":"AG32 batch update queued","processed":105192,"total":108924,"device_id":1075838977,"dp_idcode":731911287,"records":3,"programmed":105192,"verified":100072,"error":"ESP_OK","cleanup_error":"ESP_OK","address":2147488764,"swd_ack":0,"stack_free_min":0,"mcu_resumed":false,"destructive_started":true,"recovery_required":true}
2026-09-10 20:22:50 @mori {"event":"ag32_batch_status","state":"running","phase":"program","message":"AG32 batch update queued","processed":105192,"total":108924,"device_id":1075838977,"dp_idcode":731911287,"records":3,"programmed":105192,"verified":100072,"error":"ESP_OK","cleanup_error":"ESP_OK","address":2147488764,"swd_ack":0,"stack_free_min":0,"mcu_resumed":false,"destructive_started":true,"recovery_required":true}
2026-09-10 20:22:50 @mori {"event":"ag32_batch_status","state":"running","phase":"program","message":"AG32 batch update queued","processed":106216,"total":108924,"device_id":1075838977,"dp_idcode":731911287,"records":3,"programmed":106216,"verified":100072,"error":"ESP_OK","cleanup_error":"ESP_OK","address":2147489788,"swd_ack":0,"stack_free_min":0,"mcu_resumed":false,"destructive_started":true,"recovery_required":true}
2026-09-10 20:22:51 @mori {"event":"ag32_batch_status","state":"running","phase":"program","message":"AG32 batch update queued","processed":106216,"total":108924,"device_id":1075838977,"dp_idcode":731911287,"records":3,"programmed":106216,"verified":100072,"error":"ESP_OK","cleanup_error":"ESP_OK","address":2147489788,"swd_ack":0,"stack_free_min":0,"mcu_resumed":false,"destructive_started":true,"recovery_required":true}
2026-09-10 20:22:51 @mori {"event":"ag32_batch_status","state":"running","phase":"program","message":"AG32 batch update queued","processed":106216,"total":108924,"device_id":1075838977,"dp_idcode":731911287,"records":3,"programmed":106216,"verified":100072,"error":"ESP_OK","cleanup_error":"ESP_OK","address":2147489788,"swd_ack":0,"stack_free_min":0,"mcu_resumed":false,"destructive_started":true,"recovery_required":true}
2026-09-10 20:22:51 @mori {"event":"ag32_batch_status","state":"running","phase":"program","message":"AG32 batch update queued","processed":106216,"total":108924,"device_id":1075838977,"dp_idcode":731911287,"records":3,"programmed":106216,"verified":100072,"error":"ESP_OK","cleanup_error":"ESP_OK","address":2147489788,"swd_ack":0,"stack_free_min":0,"mcu_resumed":false,"destructive_started":true,"recovery_required":true}
2026-09-10 20:22:52 @mori {"event":"ag32_batch_status","state":"running","phase":"program","message":"AG32 batch update queued","processed":107240,"total":108924,"device_id":1075838977,"dp_idcode":731911287,"records":3,"programmed":107240,"verified":100072,"error":"ESP_OK","cleanup_error":"ESP_OK","address":2147490812,"swd_ack":0,"stack_free_min":0,"mcu_resumed":false,"destructive_started":true,"recovery_required":true}
2026-09-10 20:22:52 @mori {"event":"ag32_batch_status","state":"running","phase":"program","message":"AG32 batch update queued","processed":107240,"total":108924,"device_id":1075838977,"dp_idcode":731911287,"records":3,"programmed":107240,"verified":100072,"error":"ESP_OK","cleanup_error":"ESP_OK","address":2147490812,"swd_ack":0,"stack_free_min":0,"mcu_resumed":false,"destructive_started":true,"recovery_required":true}
2026-09-10 20:22:53 @mori {"event":"ag32_batch_status","state":"running","phase":"program","message":"AG32 batch update queued","processed":107240,"total":108924,"device_id":1075838977,"dp_idcode":731911287,"records":3,"programmed":107240,"verified":100072,"error":"ESP_OK","cleanup_error":"ESP_OK","address":2147490812,"swd_ack":0,"stack_free_min":0,"mcu_resumed":false,"destructive_started":true,"recovery_required":true}
2026-09-10 20:22:53 @mori {"event":"ag32_batch_status","state":"running","phase":"program","message":"AG32 batch update queued","processed":108264,"total":108924,"device_id":1075838977,"dp_idcode":731911287,"records":3,"programmed":108264,"verified":100072,"error":"ESP_OK","cleanup_error":"ESP_OK","address":2147491836,"swd_ack":0,"stack_free_min":0,"mcu_resumed":false,"destructive_started":true,"recovery_required":true}
2026-09-10 20:22:54 @mori {"event":"ag32_batch_status","state":"running","phase":"program","message":"AG32 batch update queued","processed":108264,"total":108924,"device_id":1075838977,"dp_idcode":731911287,"records":3,"programmed":108264,"verified":100072,"error":"ESP_OK","cleanup_error":"ESP_OK","address":2147491836,"swd_ack":0,"stack_free_min":0,"mcu_resumed":false,"destructive_started":true,"recovery_required":true}
2026-09-10 20:22:54 @mori {"event":"ag32_batch_status","state":"running","phase":"verify","message":"AG32 batch update queued","processed":0,"total":108924,"device_id":1075838977,"dp_idcode":731911287,"records":3,"programmed":108924,"verified":100072,"error":"ESP_OK","cleanup_error":"ESP_OK","address":2147492496,"swd_ack":0,"stack_free_min":0,"mcu_resumed":false,"destructive_started":true,"recovery_required":true}
2026-09-10 20:22:54 @mori {"event":"ag32_batch_status","state":"running","phase":"verify","message":"AG32 batch update queued","processed":0,"total":108924,"device_id":1075838977,"dp_idcode":731911287,"records":3,"programmed":108924,"verified":100072,"error":"ESP_OK","cleanup_error":"ESP_OK","address":2147492496,"swd_ack":0,"stack_free_min":0,"mcu_resumed":false,"destructive_started":true,"recovery_required":true}
2026-09-10 20:22:55 @mori {"event":"ag32_batch_status","state":"running","phase":"verify","message":"AG32 batch update queued","processed":101096,"total":108924,"device_id":1075838977,"dp_idcode":731911287,"records":3,"programmed":108924,"verified":101096,"error":"ESP_OK","cleanup_error":"ESP_OK","address":2147484668,"swd_ack":0,"stack_free_min":0,"mcu_resumed":false,"destructive_started":true,"recovery_required":true}
2026-09-10 20:22:55 @mori {"event":"ag32_batch_status","state":"running","phase":"verify","message":"AG32 batch update queued","processed":101096,"total":108924,"device_id":1075838977,"dp_idcode":731911287,"records":3,"programmed":108924,"verified":101096,"error":"ESP_OK","cleanup_error":"ESP_OK","address":2147484668,"swd_ack":0,"stack_free_min":0,"mcu_resumed":false,"destructive_started":true,"recovery_required":true}
2026-09-10 20:22:56 @mori {"event":"ag32_batch_status","state":"running","phase":"verify","message":"AG32 batch update queued","processed":102120,"total":108924,"device_id":1075838977,"dp_idcode":731911287,"records":3,"programmed":108924,"verified":102120,"error":"ESP_OK","cleanup_error":"ESP_OK","address":2147485692,"swd_ack":0,"stack_free_min":0,"mcu_resumed":false,"destructive_started":true,"recovery_required":true}
2026-09-10 20:22:56 @mori {"event":"ag32_batch_status","state":"running","phase":"verify","message":"AG32 batch update queued","processed":102120,"total":108924,"device_id":1075838977,"dp_idcode":731911287,"records":3,"programmed":108924,"verified":102120,"error":"ESP_OK","cleanup_error":"ESP_OK","address":2147485692,"swd_ack":0,"stack_free_min":0,"mcu_resumed":false,"destructive_started":true,"recovery_required":true}
2026-09-10 20:22:57 @mori {"event":"ag32_batch_status","state":"running","phase":"verify","message":"AG32 batch update queued","processed":103144,"total":108924,"device_id":1075838977,"dp_idcode":731911287,"records":3,"programmed":108924,"verified":103144,"error":"ESP_OK","cleanup_error":"ESP_OK","address":2147486716,"swd_ack":0,"stack_free_min":0,"mcu_resumed":false,"destructive_started":true,"recovery_required":true}
2026-09-10 20:22:57 @mori {"event":"ag32_batch_status","state":"running","phase":"verify","message":"AG32 batch update queued","processed":103144,"total":108924,"device_id":1075838977,"dp_idcode":731911287,"records":3,"programmed":108924,"verified":103144,"error":"ESP_OK","cleanup_error":"ESP_OK","address":2147486716,"swd_ack":0,"stack_free_min":0,"mcu_resumed":false,"destructive_started":true,"recovery_required":true}
2026-09-10 20:22:58 @mori {"event":"ag32_batch_status","state":"running","phase":"verify","message":"AG32 batch update queued","processed":104168,"total":108924,"device_id":1075838977,"dp_idcode":731911287,"records":3,"programmed":108924,"verified":104168,"error":"ESP_OK","cleanup_error":"ESP_OK","address":2147487740,"swd_ack":0,"stack_free_min":0,"mcu_resumed":false,"destructive_started":true,"recovery_required":true}
2026-09-10 20:22:58 @mori {"event":"ag32_batch_status","state":"running","phase":"verify","message":"AG32 batch update queued","processed":104168,"total":108924,"device_id":1075838977,"dp_idcode":731911287,"records":3,"programmed":108924,"verified":104168,"error":"ESP_OK","cleanup_error":"ESP_OK","address":2147487740,"swd_ack":0,"stack_free_min":0,"mcu_resumed":false,"destructive_started":true,"recovery_required":true}
2026-09-10 20:22:58 @mori {"event":"ag32_batch_status","state":"running","phase":"verify","message":"AG32 batch update queued","processed":105192,"total":108924,"device_id":1075838977,"dp_idcode":731911287,"records":3,"programmed":108924,"verified":105192,"error":"ESP_OK","cleanup_error":"ESP_OK","address":2147488764,"swd_ack":0,"stack_free_min":0,"mcu_resumed":false,"destructive_started":true,"recovery_required":true}
2026-09-10 20:22:59 @mori {"event":"ag32_batch_status","state":"running","phase":"verify","message":"AG32 batch update queued","processed":105192,"total":108924,"device_id":1075838977,"dp_idcode":731911287,"records":3,"programmed":108924,"verified":105192,"error":"ESP_OK","cleanup_error":"ESP_OK","address":2147488764,"swd_ack":0,"stack_free_min":0,"mcu_resumed":false,"destructive_started":true,"recovery_required":true}
2026-09-10 20:22:59 @mori {"event":"ag32_batch_status","state":"running","phase":"verify","message":"AG32 batch update queued","processed":106216,"total":108924,"device_id":1075838977,"dp_idcode":731911287,"records":3,"programmed":108924,"verified":106216,"error":"ESP_OK","cleanup_error":"ESP_OK","address":2147489788,"swd_ack":0,"stack_free_min":0,"mcu_resumed":false,"destructive_started":true,"recovery_required":true}
2026-09-10 20:23:00 @mori {"event":"ag32_batch_status","state":"running","phase":"verify","message":"AG32 batch update queued","processed":107240,"total":108924,"device_id":1075838977,"dp_idcode":731911287,"records":3,"programmed":108924,"verified":107240,"error":"ESP_OK","cleanup_error":"ESP_OK","address":2147490812,"swd_ack":0,"stack_free_min":0,"mcu_resumed":false,"destructive_started":true,"recovery_required":true}
2026-09-10 20:23:00 @mori {"event":"ag32_batch_status","state":"running","phase":"verify","message":"AG32 batch update queued","processed":107240,"total":108924,"device_id":1075838977,"dp_idcode":731911287,"records":3,"programmed":108924,"verified":107240,"error":"ESP_OK","cleanup_error":"ESP_OK","address":2147490812,"swd_ack":0,"stack_free_min":0,"mcu_resumed":false,"destructive_started":true,"recovery_required":true}
2026-09-10 20:23:01 @mori {"event":"ag32_batch_status","state":"running","phase":"verify","message":"AG32 batch update queued","processed":108264,"total":108924,"device_id":1075838977,"dp_idcode":731911287,"records":3,"programmed":108924,"verified":108264,"error":"ESP_OK","cleanup_error":"ESP_OK","address":2147491836,"swd_ack":0,"stack_free_min":0,"mcu_resumed":false,"destructive_started":true,"recovery_required":true}
2026-09-10 20:23:01 @mori {"event":"ag32_batch_status","state":"running","phase":"reset","message":"AG32 batch update queued","processed":0,"total":108924,"device_id":1075838977,"dp_idcode":731911287,"records":3,"programmed":108924,"verified":108924,"error":"ESP_OK","cleanup_error":"ESP_OK","address":2147492496,"swd_ack":0,"stack_free_min":0,"mcu_resumed":false,"destructive_started":true,"recovery_required":true}
2026-09-10 20:23:01 I (529983) ag32_program: batch result=ESP_OK phase=reset address=80002290 ack=1 cleanup=ESP_OK records=3 programmed=108924 verified=108924
2026-09-10 20:23:01 I (529985) power_manager: CPU perf lock released by ag32_batch
2026-09-10 20:23:01 @mori {"event":"ag32_batch_status","state":"success","phase":"complete","message":"AG32 batch programmed and verified","processed":108924,"total":108924,"device_id":1075838977,"dp_idcode":731911287,"records":3,"programmed":108924,"verified":108924,"error":"ESP_OK","cleanup_error":"ESP_OK","address":2147492496,"swd_ack":1,"stack_free_min":4508,"mcu_resumed":true,"destructive_started":true,"recovery_required":false}
2026-09-10 20:23:01 @mori {"event":"cpld_info","ok":true,"error":"ESP_OK","block_bytes":1024}
2026-09-10 20:23:01 I (530399) mcu_debug: SWD DP IDCODE=0x2ba01477
2026-09-10 20:23:01 I (530401) mcu_debug: SWD DP status after ABORT=0xf0000041
2026-09-10 20:23:01 I (530402) mcu_debug: SWD DP CTRL/STAT=0xf0000041
2026-09-10 20:23:01 I (530404) mcu_debug: SWD AP IDR=0x1fff0011 CSW=0x23000042
2026-09-10 20:23:01 I (530409) mcu_debug: DMI DMSTATUS before halt=0x000f0ca2
2026-09-10 20:23:02 @mori {"event":"ag32_probe","ok":true,"error":"ESP_OK","status":"ok","dp_idcode":731911287,"device_id":1075838977}
2026-09-10 20:23:02 I (530440) music_player: play request: source=0 path=/sdcard/music/Lazer Boomerang - Signals.mp3 size=10708326 start=0 volume=25
2026-09-10 20:23:02 @mori {"event":"play","message":"ESP_OK"}
2026-09-10 20:23:02 I (530447) music_player: opened TF file: /sdcard/music/Lazer Boomerang - Signals.mp3
2026-09-10 20:23:02 @mori {"event":"status","version":"v2.32-108-gb7f098c-dirty","uptime_ms":529943,"internal_free":13439,"internal_largest":7680,"psram_free":7334460,"burn_running":false,"patch_running":false,"cancel_requested":false,"phase":"","detail":"","offset":0,"total":0,"passes":0,"read_bytes":0,"read_ms":0,"elapsed_ms":0,"result":0,"ag32_link":"auto","ag32_link_active":"unknown","ag32_capabilities":0,"ag32_capabilities_known":false}
2026-09-10 20:23:02 @mori {"event":"ui","process_calls":30714,"render_calls":1310,"music_polls":4656,"model_bytes":15352,"directory_scans":1,"cache_hits":0,"page":20,"selected":0,"count":7,"preview_generation":2,"file_worker_stack_free":12392,"file_start_active":false,"preview_active":false,"preview_done":false,"preview_available":false,"screen_dimmed":false,"selection":"选择AG32固件","status":"AG32更新成功"}
2026-09-10 20:23:02 @mori {"event":"key","message":"b"}
2026-09-10 20:23:02 @mori {"event":"ui","process_calls":30718,"render_calls":1312,"music_polls":4657,"model_bytes":15352,"directory_scans":1,"cache_hits":0,"page":17,"selected":0,"count":11,"preview_generation":2,"file_worker_stack_free":12392,"file_start_active":false,"preview_active":false,"preview_done":false,"preview_available":false,"screen_dimmed":false,"selection":"亮度","status":"AG32更新成功"}
2026-09-10 20:23:03 @mori {"event":"key","message":"b"}
2026-09-10 20:23:03 @mori {"event":"ui","process_calls":30724,"render_calls":1318,"music_polls":4658,"model_bytes":15352,"directory_scans":1,"cache_hits":0,"page":1,"selected":0,"count":5,"preview_generation":2,"file_worker_stack_free":12392,"file_start_active":false,"preview_active":false,"preview_done":false,"preview_available":false,"screen_dimmed":false,"selection":"Apps","status":"AG32更新成功"}
2026-09-10 20:23:03 @mori {"event":"key","message":"b"}
2026-09-10 20:23:03 @mori {"event":"ui","process_calls":30729,"render_calls":1323,"music_polls":4659,"model_bytes":15352,"directory_scans":1,"cache_hits":0,"page":0,"selected":0,"count":5,"preview_generation":2,"file_worker_stack_free":12392,"file_start_active":false,"preview_active":false,"preview_done":false,"preview_available":false,"screen_dimmed":false,"selection":"系统","status":"AG32更新成功"}
2026-09-10 20:23:03 @mori {"event":"ui","process_calls":30731,"render_calls":1325,"music_polls":4659,"model_bytes":15352,"directory_scans":1,"cache_hits":0,"page":0,"selected":0,"count":5,"preview_generation":2,"file_worker_stack_free":12392,"file_start_active":false,"preview_active":false,"preview_done":false,"preview_available":false,"screen_dimmed":false,"selection":"系统","status":"AG32更新成功"}
2026-09-10 20:23:03 @mori {"event":"key","message":"a"}
2026-09-10 20:23:03 @mori {"event":"ui","process_calls":30737,"render_calls":1331,"music_polls":4660,"model_bytes":15352,"directory_scans":1,"cache_hits":0,"page":1,"selected":0,"count":5,"preview_generation":2,"file_worker_stack_free":12392,"file_start_active":false,"preview_active":false,"preview_done":false,"preview_available":false,"screen_dimmed":false,"selection":"Apps","status":"AG32更新成功"}
2026-09-10 20:23:03 @mori {"event":"ui","process_calls":30739,"render_calls":1333,"music_polls":4661,"model_bytes":15352,"directory_scans":1,"cache_hits":0,"page":1,"selected":0,"count":5,"preview_generation":2,"file_worker_stack_free":12392,"file_start_active":false,"preview_active":false,"preview_done":false,"preview_available":false,"screen_dimmed":false,"selection":"Apps","status":"AG32更新成功"}
2026-09-10 20:23:03 @mori {"event":"key","message":"right"}
2026-09-10 20:23:03 @mori {"event":"ui","process_calls":30748,"render_calls":1342,"music_polls":4662,"model_bytes":15352,"directory_scans":1,"cache_hits":0,"page":1,"selected":1,"count":5,"preview_generation":2,"file_worker_stack_free":12392,"file_start_active":false,"preview_active":false,"preview_done":false,"preview_available":false,"screen_dimmed":false,"selection":"TF","status":"AG32更新成功"}
2026-09-10 20:23:03 @mori {"event":"key","message":"right"}
2026-09-10 20:23:03 @mori {"event":"ui","process_calls":30756,"render_calls":1350,"music_polls":4663,"model_bytes":15352,"directory_scans":1,"cache_hits":0,"page":1,"selected":2,"count":5,"preview_generation":2,"file_worker_stack_free":12392,"file_start_active":false,"preview_active":false,"preview_done":false,"preview_available":false,"screen_dimmed":false,"selection":"设置","status":"AG32更新成功"}
2026-09-10 20:23:03 @mori {"event":"key","message":"a"}
2026-09-10 20:23:03 @mori {"event":"ui","process_calls":30761,"render_calls":1355,"music_polls":4665,"model_bytes":15352,"directory_scans":1,"cache_hits":0,"page":17,"selected":0,"count":11,"preview_generation":2,"file_worker_stack_free":12392,"file_start_active":false,"preview_active":false,"preview_done":false,"preview_available":false,"screen_dimmed":false,"selection":"亮度","status":"AG32更新成功"}
2026-09-10 20:23:03 @mori {"event":"ui","process_calls":30764,"render_calls":1358,"music_polls":4665,"model_bytes":15352,"directory_scans":1,"cache_hits":0,"page":17,"selected":0,"count":11,"preview_generation":2,"file_worker_stack_free":12392,"file_start_active":false,"preview_active":false,"preview_done":false,"preview_available":false,"screen_dimmed":false,"selection":"亮度","status":"AG32更新成功"}
2026-09-10 20:23:04 @mori {"event":"key","message":"down"}
2026-09-10 20:23:04 @mori {"event":"ui","process_calls":30773,"render_calls":1367,"music_polls":4666,"model_bytes":15352,"directory_scans":1,"cache_hits":0,"page":17,"selected":1,"count":11,"preview_generation":2,"file_worker_stack_free":12392,"file_start_active":false,"preview_active":false,"preview_done":false,"preview_available":false,"screen_dimmed":false,"selection":"音量","status":"AG32更新成功"}
2026-09-10 20:23:04 @mori {"event":"key","message":"down"}
2026-09-10 20:23:04 @mori {"event":"ui","process_calls":30782,"render_calls":1376,"music_polls":4668,"model_bytes":15352,"directory_scans":1,"cache_hits":0,"page":17,"selected":2,"count":11,"preview_generation":2,"file_worker_stack_free":12392,"file_start_active":false,"preview_active":false,"preview_done":false,"preview_available":false,"screen_dimmed":false,"selection":"重启","status":"AG32更新成功"}
2026-09-10 20:23:04 @mori {"event":"key","message":"down"}
2026-09-10 20:23:04 @mori {"event":"ui","process_calls":30792,"render_calls":1386,"music_polls":4669,"model_bytes":15352,"directory_scans":1,"cache_hits":0,"page":17,"selected":3,"count":11,"preview_generation":2,"file_worker_stack_free":12392,"file_start_active":false,"preview_active":false,"preview_done":false,"preview_available":false,"screen_dimmed":false,"selection":"存储","status":"AG32更新成功"}
2026-09-10 20:23:04 @mori {"event":"key","message":"down"}
2026-09-10 20:23:04 @mori {"event":"ui","process_calls":30802,"render_calls":1396,"music_polls":4671,"model_bytes":15352,"directory_scans":1,"cache_hits":0,"page":17,"selected":4,"count":11,"preview_generation":2,"file_worker_stack_free":12392,"file_start_active":false,"preview_active":false,"preview_done":false,"preview_available":false,"screen_dimmed":false,"selection":"Wi-Fi","status":"AG32更新成功"}
2026-09-10 20:23:04 @mori {"event":"key","message":"down"}
2026-09-10 20:23:04 @mori {"event":"ui","process_calls":30812,"render_calls":1406,"music_polls":4672,"model_bytes":15352,"directory_scans":1,"cache_hits":0,"page":17,"selected":5,"count":11,"preview_generation":2,"file_worker_stack_free":12392,"file_start_active":false,"preview_active":false,"preview_done":false,"preview_available":false,"screen_dimmed":false,"selection":"更新GBX缓存","status":"AG32更新成功"}
2026-09-10 20:23:04 @mori {"event":"key","message":"down"}
2026-09-10 20:23:04 @mori {"event":"ui","process_calls":30821,"render_calls":1415,"music_polls":4673,"model_bytes":15352,"directory_scans":1,"cache_hits":0,"page":17,"selected":6,"count":11,"preview_generation":2,"file_worker_stack_free":12392,"file_start_active":false,"preview_active":false,"preview_done":false,"preview_available":false,"screen_dimmed":false,"selection":"语言","status":"AG32更新成功"}
2026-09-10 20:23:04 @mori {"event":"key","message":"down"}
2026-09-10 20:23:05 @mori {"event":"ui","process_calls":30831,"render_calls":1425,"music_polls":4675,"model_bytes":15352,"directory_scans":1,"cache_hits":0,"page":17,"selected":7,"count":11,"preview_generation":2,"file_worker_stack_free":12392,"file_start_active":false,"preview_active":false,"preview_done":false,"preview_available":false,"screen_dimmed":false,"selection":"固件全量升级","status":"AG32更新成功"}
2026-09-10 20:23:05 @mori {"event":"key","message":"down"}
2026-09-10 20:23:05 @mori {"event":"ui","process_calls":30841,"render_calls":1435,"music_polls":4676,"model_bytes":15352,"directory_scans":1,"cache_hits":0,"page":17,"selected":8,"count":11,"preview_generation":2,"file_worker_stack_free":12392,"file_start_active":false,"preview_active":false,"preview_done":false,"preview_available":false,"screen_dimmed":false,"selection":"网页部署","status":"AG32更新成功"}
2026-09-10 20:23:05 @mori {"event":"key","message":"down"}
2026-09-10 20:23:05 @mori {"event":"ui","process_calls":30851,"render_calls":1445,"music_polls":4678,"model_bytes":15352,"directory_scans":1,"cache_hits":0,"page":17,"selected":9,"count":11,"preview_generation":2,"file_worker_stack_free":12392,"file_start_active":false,"preview_active":false,"preview_done":false,"preview_available":false,"screen_dimmed":false,"selection":"任务状态","status":"AG32更新成功"}
2026-09-10 20:23:05 @mori {"event":"key","message":"down"}
2026-09-10 20:23:05 @mori {"event":"ui","process_calls":30861,"render_calls":1455,"music_polls":4679,"model_bytes":15352,"directory_scans":1,"cache_hits":0,"page":17,"selected":10,"count":11,"preview_generation":2,"file_worker_stack_free":12392,"file_start_active":false,"preview_active":false,"preview_done":false,"preview_available":false,"screen_dimmed":false,"selection":"AG32固件更新","status":"AG32更新成功"}
2026-09-10 20:23:05 @mori {"event":"key","message":"a"}
2026-09-10 20:23:05 @mori {"event":"ui","process_calls":30866,"render_calls":1460,"music_polls":4680,"model_bytes":15352,"directory_scans":1,"cache_hits":0,"page":20,"selected":0,"count":7,"preview_generation":2,"file_worker_stack_free":12392,"file_start_active":false,"preview_active":false,"preview_done":false,"preview_available":false,"screen_dimmed":false,"selection":"选择AG32固件","status":"从TF卡选择Batch文件"}
2026-09-10 20:23:05 @mori {"event":"key","message":"a"}
2026-09-10 20:23:05 @mori {"event":"ui","process_calls":30871,"render_calls":1465,"music_polls":4681,"model_bytes":15352,"directory_scans":2,"cache_hits":0,"page":6,"selected":0,"count":24,"preview_generation":2,"file_worker_stack_free":12392,"file_start_active":false,"preview_active":false,"preview_done":false,"preview_available":false,"screen_dimmed":false,"selection":"_gba","status":"从TF卡选择Batch文件"}
2026-09-10 20:23:05 @mori {"event":"ui","process_calls":30875,"render_calls":1469,"music_polls":4682,"model_bytes":15352,"directory_scans":2,"cache_hits":0,"page":6,"selected":0,"count":24,"preview_generation":2,"file_worker_stack_free":12392,"file_start_active":false,"preview_active":false,"preview_done":false,"preview_available":false,"screen_dimmed":false,"selection":"_gba","status":"从TF卡选择Batch文件"}
2026-09-10 20:23:05 @mori {"event":"key","message":"down"}
2026-09-10 20:23:06 @mori {"event":"ui","process_calls":30884,"render_calls":1478,"music_polls":4683,"model_bytes":15352,"directory_scans":2,"cache_hits":0,"page":6,"selected":1,"count":24,"preview_generation":2,"file_worker_stack_free":12392,"file_start_active":false,"preview_active":false,"preview_done":false,"preview_available":false,"screen_dimmed":false,"selection":"_nds","status":"从TF卡选择Batch文件"}
2026-09-10 20:23:06 @mori {"event":"key","message":"down"}
2026-09-10 20:23:06 @mori {"event":"ui","process_calls":30894,"render_calls":1488,"music_polls":4685,"model_bytes":15352,"directory_scans":2,"cache_hits":0,"page":6,"selected":2,"count":24,"preview_generation":2,"file_worker_stack_free":12392,"file_start_active":false,"preview_active":false,"preview_done":false,"preview_available":false,"screen_dimmed":false,"selection":"dumps","status":"从TF卡选择Batch文件"}
2026-09-10 20:23:06 @mori {"event":"key","message":"down"}
2026-09-10 20:23:06 @mori {"event":"ui","process_calls":30904,"render_calls":1498,"music_polls":4686,"model_bytes":15352,"directory_scans":2,"cache_hits":0,"page":6,"selected":3,"count":24,"preview_generation":2,"file_worker_stack_free":12392,"file_start_active":false,"preview_active":false,"preview_done":false,"preview_available":false,"screen_dimmed":false,"selection":"GBA汉化","status":"从TF卡选择Batch文件"}
2026-09-10 20:23:06 @mori {"event":"key","message":"down"}
2026-09-10 20:23:06 @mori {"event":"ui","process_calls":30913,"render_calls":1507,"music_polls":4687,"model_bytes":15352,"directory_scans":2,"cache_hits":0,"page":6,"selected":4,"count":24,"preview_generation":2,"file_worker_stack_free":12392,"file_start_active":false,"preview_active":false,"preview_done":false,"preview_available":false,"screen_dimmed":false,"selection":"music","status":"从TF卡选择Batch文件"}
2026-09-10 20:23:06 @mori {"event":"key","message":"down"}
2026-09-10 20:23:06 @mori {"event":"ui","process_calls":30923,"render_calls":1517,"music_polls":4689,"model_bytes":15352,"directory_scans":2,"cache_hits":0,"page":6,"selected":5,"count":24,"preview_generation":2,"file_worker_stack_free":12392,"file_start_active":false,"preview_active":false,"preview_done":false,"preview_available":false,"screen_dimmed":false,"selection":"retro-go","status":"从TF卡选择Batch文件"}
2026-09-10 20:23:06 @mori {"event":"key","message":"down"}
2026-09-10 20:23:06 @mori {"event":"ui","process_calls":30933,"render_calls":1527,"music_polls":4690,"model_bytes":15352,"directory_scans":2,"cache_hits":0,"page":6,"selected":6,"count":24,"preview_generation":2,"file_worker_stack_free":12392,"file_start_active":false,"preview_active":false,"preview_done":false,"preview_available":false,"screen_dimmed":false,"selection":"ROM_OUTPUT","status":"从TF卡选择Batch文件"}
2026-09-10 20:23:06 @mori {"event":"key","message":"down"}
2026-09-10 20:23:06 @mori {"event":"ui","process_calls":30941,"render_calls":1535,"music_polls":4691,"model_bytes":15352,"directory_scans":2,"cache_hits":0,"page":6,"selected":7,"count":24,"preview_generation":2,"file_worker_stack_free":12392,"file_start_active":false,"preview_active":false,"preview_done":false,"preview_available":false,"screen_dimmed":false,"selection":"romart","status":"从TF卡选择Batch文件"}
2026-09-10 20:23:07 @mori {"event":"key","message":"down"}
2026-09-10 20:23:07 @mori {"event":"ui","process_calls":30951,"render_calls":1545,"music_polls":4693,"model_bytes":15352,"directory_scans":2,"cache_hits":0,"page":6,"selected":8,"count":24,"preview_generation":2,"file_worker_stack_free":12392,"file_start_active":false,"preview_active":false,"preview_done":false,"preview_available":false,"screen_dimmed":false,"selection":"roms","status":"从TF卡选择Batch文件"}
2026-09-10 20:23:07 @mori {"event":"key","message":"down"}
2026-09-10 20:23:07 @mori {"event":"ui","process_calls":30961,"render_calls":1555,"music_polls":4694,"model_bytes":15352,"directory_scans":2,"cache_hits":0,"page":6,"selected":9,"count":24,"preview_generation":2,"file_worker_stack_free":12392,"file_start_active":false,"preview_active":false,"preview_done":false,"preview_available":false,"screen_dimmed":false,"selection":"SAVEGAME","status":"从TF卡选择Batch文件"}
2026-09-10 20:23:07 @mori {"event":"key","message":"down"}
2026-09-10 20:23:07 @mori {"event":"ui","process_calls":30971,"render_calls":1565,"music_polls":4696,"model_bytes":15352,"directory_scans":2,"cache_hits":0,"page":6,"selected":10,"count":24,"preview_generation":2,"file_worker_stack_free":12392,"file_start_active":false,"preview_active":false,"preview_done":false,"preview_available":false,"screen_dimmed":false,"selection":"SRAM","status":"从TF卡选择Batch文件"}
2026-09-10 20:23:07 @mori {"event":"key","message":"down"}
2026-09-10 20:23:07 @mori {"event":"ui","process_calls":30981,"render_calls":1575,"music_polls":4697,"model_bytes":15352,"directory_scans":2,"cache_hits":0,"page":6,"selected":11,"count":24,"preview_generation":2,"file_worker_stack_free":12392,"file_start_active":false,"preview_active":false,"preview_done":false,"preview_available":false,"screen_dimmed":false,"selection":"宝可梦","status":"从TF卡选择Batch文件"}
2026-09-10 20:23:07 @mori {"event":"key","message":"down"}
2026-09-10 20:23:07 @mori {"event":"ui","process_calls":30986,"render_calls":1580,"music_polls":4699,"model_bytes":15352,"directory_scans":2,"cache_hits":0,"page":6,"selected":12,"count":24,"preview_generation":2,"file_worker_stack_free":12392,"file_start_active":false,"preview_active":false,"preview_done":false,"preview_available":false,"screen_dimmed":false,"selection":"ag32_cpld_20260910_hwtest.bin","status":"从TF卡选择Batch文件"}
2026-09-10 20:23:07 @mori {"event":"key","message":"down"}
2026-09-10 20:23:07 @mori {"event":"ui","process_calls":30996,"render_calls":1590,"music_polls":4700,"model_bytes":15352,"directory_scans":2,"cache_hits":0,"page":6,"selected":13,"count":24,"preview_generation":2,"file_worker_stack_free":12392,"file_start_active":false,"preview_active":false,"preview_done":false,"preview_available":false,"screen_dimmed":false,"selection":"ag32_cpld_posedge_20260910.bin","status":"从TF卡选择Batch文件"}
2026-09-10 20:23:08 @mori {"event":"key","message":"a"}
2026-09-10 20:23:08 @mori {"event":"ui","process_calls":31000,"render_calls":1594,"music_polls":4701,"model_bytes":15352,"directory_scans":2,"cache_hits":0,"page":20,"selected":4,"count":7,"preview_generation":3,"file_worker_stack_free":12392,"file_start_active":false,"preview_active":false,"preview_done":false,"preview_available":false,"screen_dimmed":false,"selection":"开始更新AG32","status":"固件校验通过"}
2026-09-10 20:23:08 @mori {"event":"key","message":"a"}
2026-09-10 20:23:08 @mori {"event":"ui","process_calls":31008,"render_calls":1602,"music_polls":4703,"model_bytes":15352,"directory_scans":2,"cache_hits":0,"page":20,"selected":0,"count":4,"preview_generation":3,"file_worker_stack_free":12392,"file_start_active":false,"preview_active":false,"preview_done":false,"preview_available":false,"screen_dimmed":false,"selection":"取消","status":"将擦除并更新MCU和CPLD"}
2026-09-10 20:23:08 @mori {"event":"key","message":"b"}
2026-09-10 20:23:08 @mori {"event":"ui","process_calls":31015,"render_calls":1609,"music_polls":4704,"model_bytes":15352,"directory_scans":2,"cache_hits":0,"page":20,"selected":4,"count":7,"preview_generation":3,"file_worker_stack_free":12392,"file_start_active":false,"preview_active":false,"preview_done":false,"preview_available":false,"screen_dimmed":false,"selection":"开始更新AG32","status":"已取消更新"}
2026-09-10 20:23:08 @mori {"event":"key","message":"a"}
2026-09-10 20:23:08 @mori {"event":"ui","process_calls":31021,"render_calls":1615,"music_polls":4705,"model_bytes":15352,"directory_scans":2,"cache_hits":0,"page":20,"selected":0,"count":4,"preview_generation":3,"file_worker_stack_free":12392,"file_start_active":false,"preview_active":false,"preview_done":false,"preview_available":false,"screen_dimmed":false,"selection":"取消","status":"将擦除并更新MCU和CPLD"}
2026-09-10 20:23:08 @mori {"event":"key","message":"a"}
2026-09-10 20:23:08 @mori {"event":"ui","process_calls":31026,"render_calls":1620,"music_polls":4706,"model_bytes":15352,"directory_scans":2,"cache_hits":0,"page":20,"selected":4,"count":7,"preview_generation":3,"file_worker_stack_free":12392,"file_start_active":false,"preview_active":false,"preview_done":false,"preview_available":false,"screen_dimmed":false,"selection":"开始更新AG32","status":"已取消更新"}
2026-09-10 20:23:08 @mori {"event":"key","message":"a"}
2026-09-10 20:23:08 @mori {"event":"ui","process_calls":31033,"render_calls":1627,"music_polls":4707,"model_bytes":15352,"directory_scans":2,"cache_hits":0,"page":20,"selected":0,"count":4,"preview_generation":3,"file_worker_stack_free":12392,"file_start_active":false,"preview_active":false,"preview_done":false,"preview_available":false,"screen_dimmed":false,"selection":"取消","status":"将擦除并更新MCU和CPLD"}
2026-09-10 20:23:08 @mori {"event":"key","message":"down"}
2026-09-10 20:23:09 @mori {"event":"ui","process_calls":31041,"render_calls":1635,"music_polls":4708,"model_bytes":15352,"directory_scans":2,"cache_hits":0,"page":20,"selected":1,"count":4,"preview_generation":3,"file_worker_stack_free":12392,"file_start_active":false,"preview_active":false,"preview_done":false,"preview_available":false,"screen_dimmed":false,"selection":"确认刷写AG32","status":"将擦除并更新MCU和CPLD"}
2026-09-10 20:23:09 I (537485) power_manager: CPU perf lock acquired by ag32_batch
2026-09-10 20:23:09 @mori {"event":"key","message":"a"}
2026-09-10 20:23:09 @mori {"event":"ui","process_calls":31046,"render_calls":1640,"music_polls":4709,"model_bytes":15352,"directory_scans":2,"cache_hits":0,"page":20,"selected":0,"count":7,"preview_generation":4,"file_worker_stack_free":12392,"file_start_active":false,"preview_active":false,"preview_done":false,"preview_available":false,"screen_dimmed":false,"selection":"正在校验固件","status":"AG32更新中，请保持供电"}
2026-09-10 20:23:09 I (537617) mcu_debug: SWD DP IDCODE=0x2ba01477
2026-09-10 20:23:09 I (537639) mcu_debug: SWD DP status after ABORT=0xf0000041
2026-09-10 20:23:09 I (537645) mcu_debug: SWD DP CTRL/STAT=0xf0000041
2026-09-10 20:23:09 I (537650) mcu_debug: SWD AP IDR=0x1fff0011 CSW=0x23000042
2026-09-10 20:23:09 I (537655) mcu_debug: DMI DMSTATUS before halt=0x000f0ca2
2026-09-10 20:23:09 @mori {"event":"key","message":"b"}
2026-09-10 20:23:09 @mori {"event":"ui","process_calls":31064,"render_calls":1658,"music_polls":4713,"model_bytes":15352,"directory_scans":2,"cache_hits":0,"page":20,"selected":0,"count":7,"preview_generation":4,"file_worker_stack_free":12392,"file_start_active":false,"preview_active":false,"preview_done":false,"preview_available":false,"screen_dimmed":false,"selection":"正在校验AG32","status":"AG32更新中，请保持供电"}
2026-09-10 20:23:10 @mori {"event":"key","message":"menu"}
2026-09-10 20:23:10 @mori {"event":"ui","process_calls":31089,"render_calls":1671,"music_polls":4717,"model_bytes":15352,"directory_scans":2,"cache_hits":0,"page":20,"selected":0,"count":7,"preview_generation":4,"file_worker_stack_free":12392,"file_start_active":false,"preview_active":false,"preview_done":false,"preview_available":false,"screen_dimmed":false,"selection":"正在写入AG32","status":"AG32更新中，请保持供电"}
2026-09-10 20:23:10 @mori {"event":"key","message":"right"}
2026-09-10 20:23:10 @mori {"event":"ui","process_calls":31112,"render_calls":1672,"music_polls":4720,"model_bytes":15352,"directory_scans":2,"cache_hits":0,"page":20,"selected":0,"count":7,"preview_generation":4,"file_worker_stack_free":12392,"file_start_active":false,"preview_active":false,"preview_done":false,"preview_available":false,"screen_dimmed":false,"selection":"正在写入AG32","status":"AG32更新中，请保持供电"}
2026-09-10 20:23:10 W (539079) httpd_txrx: httpd_resp_send_custom_err: 409 Conflict - burner, TF, or AG32 update is busy
2026-09-10 20:23:10 E (539093) httpd_txrx: httpd_resp_send_custom_err: error calling setsockopt : 22
2026-09-10 20:23:10 W (539094) httpd_uri: httpd_uri: uri handler execution failed
2026-09-10 20:23:10 W (539103) httpd_uri: httpd_uri: uri handler execution failed
2026-09-10 20:23:10 W (539118) httpd_txrx: httpd_resp_send_custom_err: 409 Conflict - AG32 or cartridge job is running
2026-09-10 20:23:10 E (539128) httpd_txrx: httpd_resp_send_custom_err: error calling setsockopt : 22
2026-09-10 20:23:10 W (539130) httpd_uri: httpd_uri: uri handler execution failed
2026-09-10 20:23:10 @mori {"event":"ag32_batch_status","state":"running","phase":"program","message":"AG32 batch update queued","processed":2176,"total":108924,"device_id":1075838977,"dp_idcode":731911287,"records":3,"programmed":2176,"verified":128,"error":"ESP_OK","cleanup_error":"ESP_OK","address":2148431868,"swd_ack":0,"stack_free_min":0,"mcu_resumed":false,"destructive_started":true,"recovery_required":true}
2026-09-10 20:23:11 @mori {"event":"ag32_batch_status","state":"running","phase":"program","message":"AG32 batch update queued","processed":2176,"total":108924,"device_id":1075838977,"dp_idcode":731911287,"records":3,"programmed":2176,"verified":128,"error":"ESP_OK","cleanup_error":"ESP_OK","address":2148431868,"swd_ack":0,"stack_free_min":0,"mcu_resumed":false,"destructive_started":true,"recovery_required":true}
2026-09-10 20:23:11 @mori {"event":"ag32_batch_status","state":"running","phase":"program","message":"AG32 batch update queued","processed":3200,"total":108924,"device_id":1075838977,"dp_idcode":731911287,"records":3,"programmed":3200,"verified":128,"error":"ESP_OK","cleanup_error":"ESP_OK","address":2148432892,"swd_ack":0,"stack_free_min":0,"mcu_resumed":false,"destructive_started":true,"recovery_required":true}
2026-09-10 20:23:12 @mori {"event":"ag32_batch_status","state":"running","phase":"program","message":"AG32 batch update queued","processed":3200,"total":108924,"device_id":1075838977,"dp_idcode":731911287,"records":3,"programmed":3200,"verified":128,"error":"ESP_OK","cleanup_error":"ESP_OK","address":2148432892,"swd_ack":0,"stack_free_min":0,"mcu_resumed":false,"destructive_started":true,"recovery_required":true}
2026-09-10 20:23:12 @mori {"event":"ag32_batch_status","state":"running","phase":"program","message":"AG32 batch update queued","processed":4224,"total":108924,"device_id":1075838977,"dp_idcode":731911287,"records":3,"programmed":4224,"verified":128,"error":"ESP_OK","cleanup_error":"ESP_OK","address":2148433880,"swd_ack":0,"stack_free_min":0,"mcu_resumed":false,"destructive_started":true,"recovery_required":true}
2026-09-10 20:23:12 @mori {"event":"ag32_batch_status","state":"running","phase":"program","message":"AG32 batch update queued","processed":4224,"total":108924,"device_id":1075838977,"dp_idcode":731911287,"records":3,"programmed":4224,"verified":128,"error":"ESP_OK","cleanup_error":"ESP_OK","address":2148433880,"swd_ack":0,"stack_free_min":0,"mcu_resumed":false,"destructive_started":true,"recovery_required":true}
2026-09-10 20:23:13 @mori {"event":"ag32_batch_status","state":"running","phase":"program","message":"AG32 batch update queued","processed":5248,"total":108924,"device_id":1075838977,"dp_idcode":731911287,"records":3,"programmed":5248,"verified":128,"error":"ESP_OK","cleanup_error":"ESP_OK","address":2148434924,"swd_ack":0,"stack_free_min":0,"mcu_resumed":false,"destructive_started":true,"recovery_required":true}
2026-09-10 20:23:13 @mori {"event":"ag32_batch_status","state":"running","phase":"program","message":"AG32 batch update queued","processed":5248,"total":108924,"device_id":1075838977,"dp_idcode":731911287,"records":3,"programmed":5248,"verified":128,"error":"ESP_OK","cleanup_error":"ESP_OK","address":2148434924,"swd_ack":0,"stack_free_min":0,"mcu_resumed":false,"destructive_started":true,"recovery_required":true}
2026-09-10 20:23:14 @mori {"event":"ag32_batch_status","state":"running","phase":"program","message":"AG32 batch update queued","processed":6272,"total":108924,"device_id":1075838977,"dp_idcode":731911287,"records":3,"programmed":6272,"verified":128,"error":"ESP_OK","cleanup_error":"ESP_OK","address":2148435964,"swd_ack":0,"stack_free_min":0,"mcu_resumed":false,"destructive_started":true,"recovery_required":true}
2026-09-10 20:23:14 @mori {"event":"ag32_batch_status","state":"running","phase":"program","message":"AG32 batch update queued","processed":6272,"total":108924,"device_id":1075838977,"dp_idcode":731911287,"records":3,"programmed":6272,"verified":128,"error":"ESP_OK","cleanup_error":"ESP_OK","address":2148435964,"swd_ack":0,"stack_free_min":0,"mcu_resumed":false,"destructive_started":true,"recovery_required":true}
2026-09-10 20:23:15 @mori {"event":"ag32_batch_status","state":"running","phase":"program","message":"AG32 batch update queued","processed":7296,"total":108924,"device_id":1075838977,"dp_idcode":731911287,"records":3,"programmed":7296,"verified":128,"error":"ESP_OK","cleanup_error":"ESP_OK","address":2148436988,"swd_ack":0,"stack_free_min":0,"mcu_resumed":false,"destructive_started":true,"recovery_required":true}
2026-09-10 20:23:15 @mori {"event":"ag32_batch_status","state":"running","phase":"program","message":"AG32 batch update queued","processed":7296,"total":108924,"device_id":1075838977,"dp_idcode":731911287,"records":3,"programmed":7296,"verified":128,"error":"ESP_OK","cleanup_error":"ESP_OK","address":2148436988,"swd_ack":0,"stack_free_min":0,"mcu_resumed":false,"destructive_started":true,"recovery_required":true}
2026-09-10 20:23:15 @mori {"event":"ag32_batch_status","state":"running","phase":"program","message":"AG32 batch update queued","processed":8320,"total":108924,"device_id":1075838977,"dp_idcode":731911287,"records":3,"programmed":8320,"verified":128,"error":"ESP_OK","cleanup_error":"ESP_OK","address":2148438012,"swd_ack":0,"stack_free_min":0,"mcu_resumed":false,"destructive_started":true,"recovery_required":true}
2026-09-10 20:23:16 @mori {"event":"ag32_batch_status","state":"running","phase":"program","message":"AG32 batch update queued","processed":9344,"total":108924,"device_id":1075838977,"dp_idcode":731911287,"records":3,"programmed":9344,"verified":128,"error":"ESP_OK","cleanup_error":"ESP_OK","address":2148438984,"swd_ack":0,"stack_free_min":0,"mcu_resumed":false,"destructive_started":true,"recovery_required":true}
2026-09-10 20:23:16 @mori {"event":"ag32_batch_status","state":"running","phase":"program","message":"AG32 batch update queued","processed":9344,"total":108924,"device_id":1075838977,"dp_idcode":731911287,"records":3,"programmed":9344,"verified":128,"error":"ESP_OK","cleanup_error":"ESP_OK","address":2148438984,"swd_ack":0,"stack_free_min":0,"mcu_resumed":false,"destructive_started":true,"recovery_required":true}
2026-09-10 20:23:17 @mori {"event":"ag32_batch_status","state":"running","phase":"program","message":"AG32 batch update queued","processed":10368,"total":108924,"device_id":1075838977,"dp_idcode":731911287,"records":3,"programmed":10368,"verified":128,"error":"ESP_OK","cleanup_error":"ESP_OK","address":2148440028,"swd_ack":0,"stack_free_min":0,"mcu_resumed":false,"destructive_started":true,"recovery_required":true}
2026-09-10 20:23:17 @mori {"event":"ag32_batch_status","state":"running","phase":"program","message":"AG32 batch update queued","processed":10368,"total":108924,"device_id":1075838977,"dp_idcode":731911287,"records":3,"programmed":10368,"verified":128,"error":"ESP_OK","cleanup_error":"ESP_OK","address":2148440028,"swd_ack":0,"stack_free_min":0,"mcu_resumed":false,"destructive_started":true,"recovery_required":true}
2026-09-10 20:23:18 @mori {"event":"ag32_batch_status","state":"running","phase":"program","message":"AG32 batch update queued","processed":11392,"total":108924,"device_id":1075838977,"dp_idcode":731911287,"records":3,"programmed":11392,"verified":128,"error":"ESP_OK","cleanup_error":"ESP_OK","address":2148441072,"swd_ack":0,"stack_free_min":0,"mcu_resumed":false,"destructive_started":true,"recovery_required":true}
2026-09-10 20:23:18 @mori {"event":"ag32_batch_status","state":"running","phase":"program","message":"AG32 batch update queued","processed":11392,"total":108924,"device_id":1075838977,"dp_idcode":731911287,"records":3,"programmed":11392,"verified":128,"error":"ESP_OK","cleanup_error":"ESP_OK","address":2148441072,"swd_ack":0,"stack_free_min":0,"mcu_resumed":false,"destructive_started":true,"recovery_required":true}
2026-09-10 20:23:19 @mori {"event":"ag32_batch_status","state":"running","phase":"program","message":"AG32 batch update queued","processed":12416,"total":108924,"device_id":1075838977,"dp_idcode":731911287,"records":3,"programmed":12416,"verified":128,"error":"ESP_OK","cleanup_error":"ESP_OK","address":2148442108,"swd_ack":0,"stack_free_min":0,"mcu_resumed":false,"destructive_started":true,"recovery_required":true}
2026-09-10 20:23:19 @mori {"event":"ag32_batch_status","state":"running","phase":"program","message":"AG32 batch update queued","processed":12416,"total":108924,"device_id":1075838977,"dp_idcode":731911287,"records":3,"programmed":12416,"verified":128,"error":"ESP_OK","cleanup_error":"ESP_OK","address":2148442108,"swd_ack":0,"stack_free_min":0,"mcu_resumed":false,"destructive_started":true,"recovery_required":true}
2026-09-10 20:23:19 @mori {"event":"ag32_batch_status","state":"running","phase":"program","message":"AG32 batch update queued","processed":13440,"total":108924,"device_id":1075838977,"dp_idcode":731911287,"records":3,"programmed":13440,"verified":128,"error":"ESP_OK","cleanup_error":"ESP_OK","address":2148443132,"swd_ack":0,"stack_free_min":0,"mcu_resumed":false,"destructive_started":true,"recovery_required":true}
2026-09-10 20:23:20 @mori {"event":"ag32_batch_status","state":"running","phase":"program","message":"AG32 batch update queued","processed":13440,"total":108924,"device_id":1075838977,"dp_idcode":731911287,"records":3,"programmed":13440,"verified":128,"error":"ESP_OK","cleanup_error":"ESP_OK","address":2148443132,"swd_ack":0,"stack_free_min":0,"mcu_resumed":false,"destructive_started":true,"recovery_required":true}
2026-09-10 20:23:20 @mori {"event":"ag32_batch_status","state":"running","phase":"program","message":"AG32 batch update queued","processed":14464,"total":108924,"device_id":1075838977,"dp_idcode":731911287,"records":3,"programmed":14464,"verified":128,"error":"ESP_OK","cleanup_error":"ESP_OK","address":2148444156,"swd_ack":0,"stack_free_min":0,"mcu_resumed":false,"destructive_started":true,"recovery_required":true}
2026-09-10 20:23:21 @mori {"event":"ag32_batch_status","state":"running","phase":"program","message":"AG32 batch update queued","processed":14464,"total":108924,"device_id":1075838977,"dp_idcode":731911287,"records":3,"programmed":14464,"verified":128,"error":"ESP_OK","cleanup_error":"ESP_OK","address":2148444156,"swd_ack":0,"stack_free_min":0,"mcu_resumed":false,"destructive_started":true,"recovery_required":true}
2026-09-10 20:23:21 @mori {"event":"ag32_batch_status","state":"running","phase":"program","message":"AG32 batch update queued","processed":15488,"total":108924,"device_id":1075838977,"dp_idcode":731911287,"records":3,"programmed":15488,"verified":128,"error":"ESP_OK","cleanup_error":"ESP_OK","address":2148445132,"swd_ack":0,"stack_free_min":0,"mcu_resumed":false,"destructive_started":true,"recovery_required":true}
2026-09-10 20:23:22 @mori {"event":"ag32_batch_status","state":"running","phase":"program","message":"AG32 batch update queued","processed":15488,"total":108924,"device_id":1075838977,"dp_idcode":731911287,"records":3,"programmed":15488,"verified":128,"error":"ESP_OK","cleanup_error":"ESP_OK","address":2148445132,"swd_ack":0,"stack_free_min":0,"mcu_resumed":false,"destructive_started":true,"recovery_required":true}
2026-09-10 20:23:22 @mori {"event":"ag32_batch_status","state":"running","phase":"program","message":"AG32 batch update queued","processed":16512,"total":108924,"device_id":1075838977,"dp_idcode":731911287,"records":3,"programmed":16512,"verified":128,"error":"ESP_OK","cleanup_error":"ESP_OK","address":2148446176,"swd_ack":0,"stack_free_min":0,"mcu_resumed":false,"destructive_started":true,"recovery_required":true}
2026-09-10 20:23:22 @mori {"event":"ag32_batch_status","state":"running","phase":"program","message":"AG32 batch update queued","processed":16512,"total":108924,"device_id":1075838977,"dp_idcode":731911287,"records":3,"programmed":16512,"verified":128,"error":"ESP_OK","cleanup_error":"ESP_OK","address":2148446176,"swd_ack":0,"stack_free_min":0,"mcu_resumed":false,"destructive_started":true,"recovery_required":true}
2026-09-10 20:23:23 @mori {"event":"ag32_batch_status","state":"running","phase":"program","message":"AG32 batch update queued","processed":17536,"total":108924,"device_id":1075838977,"dp_idcode":731911287,"records":3,"programmed":17536,"verified":128,"error":"ESP_OK","cleanup_error":"ESP_OK","address":2148447220,"swd_ack":0,"stack_free_min":0,"mcu_resumed":false,"destructive_started":true,"recovery_required":true}
2026-09-10 20:23:23 @mori {"event":"ag32_batch_status","state":"running","phase":"program","message":"AG32 batch update queued","processed":17536,"total":108924,"device_id":1075838977,"dp_idcode":731911287,"records":3,"programmed":17536,"verified":128,"error":"ESP_OK","cleanup_error":"ESP_OK","address":2148447220,"swd_ack":0,"stack_free_min":0,"mcu_resumed":false,"destructive_started":true,"recovery_required":true}
2026-09-10 20:23:24 @mori {"event":"ag32_batch_status","state":"running","phase":"program","message":"AG32 batch update queued","processed":18560,"total":108924,"device_id":1075838977,"dp_idcode":731911287,"records":3,"programmed":18560,"verified":128,"error":"ESP_OK","cleanup_error":"ESP_OK","address":2148448252,"swd_ack":0,"stack_free_min":0,"mcu_resumed":false,"destructive_started":true,"recovery_required":true}
2026-09-10 20:23:24 @mori {"event":"ag32_batch_status","state":"running","phase":"program","message":"AG32 batch update queued","processed":18560,"total":108924,"device_id":1075838977,"dp_idcode":731911287,"records":3,"programmed":18560,"verified":128,"error":"ESP_OK","cleanup_error":"ESP_OK","address":2148448252,"swd_ack":0,"stack_free_min":0,"mcu_resumed":false,"destructive_started":true,"recovery_required":true}
2026-09-10 20:23:25 @mori {"event":"ag32_batch_status","state":"running","phase":"program","message":"AG32 batch update queued","processed":19584,"total":108924,"device_id":1075838977,"dp_idcode":731911287,"records":3,"programmed":19584,"verified":128,"error":"ESP_OK","cleanup_error":"ESP_OK","address":2148449276,"swd_ack":0,"stack_free_min":0,"mcu_resumed":false,"destructive_started":true,"recovery_required":true}
2026-09-10 20:23:25 @mori {"event":"ag32_batch_status","state":"running","phase":"program","message":"AG32 batch update queued","processed":19584,"total":108924,"device_id":1075838977,"dp_idcode":731911287,"records":3,"programmed":19584,"verified":128,"error":"ESP_OK","cleanup_error":"ESP_OK","address":2148449276,"swd_ack":0,"stack_free_min":0,"mcu_resumed":false,"destructive_started":true,"recovery_required":true}
2026-09-10 20:23:26 @mori {"event":"ag32_batch_status","state":"running","phase":"program","message":"AG32 batch update queued","processed":20608,"total":108924,"device_id":1075838977,"dp_idcode":731911287,"records":3,"programmed":20608,"verified":128,"error":"ESP_OK","cleanup_error":"ESP_OK","address":2148450300,"swd_ack":0,"stack_free_min":0,"mcu_resumed":false,"destructive_started":true,"recovery_required":true}
2026-09-10 20:23:26 @mori {"event":"ag32_batch_status","state":"running","phase":"program","message":"AG32 batch update queued","processed":20608,"total":108924,"device_id":1075838977,"dp_idcode":731911287,"records":3,"programmed":20608,"verified":128,"error":"ESP_OK","cleanup_error":"ESP_OK","address":2148450300,"swd_ack":0,"stack_free_min":0,"mcu_resumed":false,"destructive_started":true,"recovery_required":true}
2026-09-10 20:23:26 @mori {"event":"ag32_batch_status","state":"running","phase":"program","message":"AG32 batch update queued","processed":21632,"total":108924,"device_id":1075838977,"dp_idcode":731911287,"records":3,"programmed":21632,"verified":128,"error":"ESP_OK","cleanup_error":"ESP_OK","address":2148451280,"swd_ack":0,"stack_free_min":0,"mcu_resumed":false,"destructive_started":true,"recovery_required":true}
2026-09-10 20:23:27 @mori {"event":"ag32_batch_status","state":"running","phase":"program","message":"AG32 batch update queued","processed":21632,"total":108924,"device_id":1075838977,"dp_idcode":731911287,"records":3,"programmed":21632,"verified":128,"error":"ESP_OK","cleanup_error":"ESP_OK","address":2148451280,"swd_ack":0,"stack_free_min":0,"mcu_resumed":false,"destructive_started":true,"recovery_required":true}
2026-09-10 20:23:27 @mori {"event":"ag32_batch_status","state":"running","phase":"program","message":"AG32 batch update queued","processed":22656,"total":108924,"device_id":1075838977,"dp_idcode":731911287,"records":3,"programmed":22656,"verified":128,"error":"ESP_OK","cleanup_error":"ESP_OK","address":2148452324,"swd_ack":0,"stack_free_min":0,"mcu_resumed":false,"destructive_started":true,"recovery_required":true}
2026-09-10 20:23:28 @mori {"event":"ag32_batch_status","state":"running","phase":"program","message":"AG32 batch update queued","processed":22656,"total":108924,"device_id":1075838977,"dp_idcode":731911287,"records":3,"programmed":22656,"verified":128,"error":"ESP_OK","cleanup_error":"ESP_OK","address":2148452324,"swd_ack":0,"stack_free_min":0,"mcu_resumed":false,"destructive_started":true,"recovery_required":true}
2026-09-10 20:23:28 @mori {"event":"ag32_batch_status","state":"running","phase":"program","message":"AG32 batch update queued","processed":23680,"total":108924,"device_id":1075838977,"dp_idcode":731911287,"records":3,"programmed":23680,"verified":128,"error":"ESP_OK","cleanup_error":"ESP_OK","address":2148453368,"swd_ack":0,"stack_free_min":0,"mcu_resumed":false,"destructive_started":true,"recovery_required":true}
2026-09-10 20:23:29 @mori {"event":"ag32_batch_status","state":"running","phase":"program","message":"AG32 batch update queued","processed":23680,"total":108924,"device_id":1075838977,"dp_idcode":731911287,"records":3,"programmed":23680,"verified":128,"error":"ESP_OK","cleanup_error":"ESP_OK","address":2148453368,"swd_ack":0,"stack_free_min":0,"mcu_resumed":false,"destructive_started":true,"recovery_required":true}
2026-09-10 20:23:29 @mori {"event":"ag32_batch_status","state":"running","phase":"program","message":"AG32 batch update queued","processed":24704,"total":108924,"device_id":1075838977,"dp_idcode":731911287,"records":3,"programmed":24704,"verified":128,"error":"ESP_OK","cleanup_error":"ESP_OK","address":2148454396,"swd_ack":0,"stack_free_min":0,"mcu_resumed":false,"destructive_started":true,"recovery_required":true}
2026-09-10 20:23:29 @mori {"event":"ag32_batch_status","state":"running","phase":"program","message":"AG32 batch update queued","processed":25728,"total":108924,"device_id":1075838977,"dp_idcode":731911287,"records":3,"programmed":25728,"verified":128,"error":"ESP_OK","cleanup_error":"ESP_OK","address":2148455420,"swd_ack":0,"stack_free_min":0,"mcu_resumed":false,"destructive_started":true,"recovery_required":true}
2026-09-10 20:23:30 @mori {"event":"ag32_batch_status","state":"running","phase":"program","message":"AG32 batch update queued","processed":25728,"total":108924,"device_id":1075838977,"dp_idcode":731911287,"records":3,"programmed":25728,"verified":128,"error":"ESP_OK","cleanup_error":"ESP_OK","address":2148455420,"swd_ack":0,"stack_free_min":0,"mcu_resumed":false,"destructive_started":true,"recovery_required":true}
2026-09-10 20:23:30 @mori {"event":"ag32_batch_status","state":"running","phase":"program","message":"AG32 batch update queued","processed":26752,"total":108924,"device_id":1075838977,"dp_idcode":731911287,"records":3,"programmed":26752,"verified":128,"error":"ESP_OK","cleanup_error":"ESP_OK","address":2148456444,"swd_ack":0,"stack_free_min":0,"mcu_resumed":false,"destructive_started":true,"recovery_required":true}
2026-09-10 20:23:31 @mori {"event":"ag32_batch_status","state":"running","phase":"program","message":"AG32 batch update queued","processed":26752,"total":108924,"device_id":1075838977,"dp_idcode":731911287,"records":3,"programmed":26752,"verified":128,"error":"ESP_OK","cleanup_error":"ESP_OK","address":2148456444,"swd_ack":0,"stack_free_min":0,"mcu_resumed":false,"destructive_started":true,"recovery_required":true}
2026-09-10 20:23:31 @mori {"event":"ag32_batch_status","state":"running","phase":"program","message":"AG32 batch update queued","processed":27776,"total":108924,"device_id":1075838977,"dp_idcode":731911287,"records":3,"programmed":27776,"verified":128,"error":"ESP_OK","cleanup_error":"ESP_OK","address":2148457428,"swd_ack":0,"stack_free_min":0,"mcu_resumed":false,"destructive_started":true,"recovery_required":true}
2026-09-10 20:23:32 @mori {"event":"ag32_batch_status","state":"running","phase":"program","message":"AG32 batch update queued","processed":27776,"total":108924,"device_id":1075838977,"dp_idcode":731911287,"records":3,"programmed":27776,"verified":128,"error":"ESP_OK","cleanup_error":"ESP_OK","address":2148457428,"swd_ack":0,"stack_free_min":0,"mcu_resumed":false,"destructive_started":true,"recovery_required":true}
2026-09-10 20:23:32 @mori {"event":"ag32_batch_status","state":"running","phase":"program","message":"AG32 batch update queued","processed":28800,"total":108924,"device_id":1075838977,"dp_idcode":731911287,"records":3,"programmed":28800,"verified":128,"error":"ESP_OK","cleanup_error":"ESP_OK","address":2148458472,"swd_ack":0,"stack_free_min":0,"mcu_resumed":false,"destructive_started":true,"recovery_required":true}
2026-09-10 20:23:32 @mori {"event":"ag32_batch_status","state":"running","phase":"program","message":"AG32 batch update queued","processed":28800,"total":108924,"device_id":1075838977,"dp_idcode":731911287,"records":3,"programmed":28800,"verified":128,"error":"ESP_OK","cleanup_error":"ESP_OK","address":2148458472,"swd_ack":0,"stack_free_min":0,"mcu_resumed":false,"destructive_started":true,"recovery_required":true}
2026-09-10 20:23:33 @mori {"event":"ag32_batch_status","state":"running","phase":"program","message":"AG32 batch update queued","processed":29824,"total":108924,"device_id":1075838977,"dp_idcode":731911287,"records":3,"programmed":29824,"verified":128,"error":"ESP_OK","cleanup_error":"ESP_OK","address":2148459516,"swd_ack":0,"stack_free_min":0,"mcu_resumed":false,"destructive_started":true,"recovery_required":true}
2026-09-10 20:23:33 @mori {"event":"ag32_batch_status","state":"running","phase":"program","message":"AG32 batch update queued","processed":29824,"total":108924,"device_id":1075838977,"dp_idcode":731911287,"records":3,"programmed":29824,"verified":128,"error":"ESP_OK","cleanup_error":"ESP_OK","address":2148459516,"swd_ack":0,"stack_free_min":0,"mcu_resumed":false,"destructive_started":true,"recovery_required":true}
2026-09-10 20:23:34 @mori {"event":"ag32_batch_status","state":"running","phase":"program","message":"AG32 batch update queued","processed":30848,"total":108924,"device_id":1075838977,"dp_idcode":731911287,"records":3,"programmed":30848,"verified":128,"error":"ESP_OK","cleanup_error":"ESP_OK","address":2148460540,"swd_ack":0,"stack_free_min":0,"mcu_resumed":false,"destructive_started":true,"recovery_required":true}
2026-09-10 20:23:34 @mori {"event":"ag32_batch_status","state":"running","phase":"program","message":"AG32 batch update queued","processed":30848,"total":108924,"device_id":1075838977,"dp_idcode":731911287,"records":3,"programmed":30848,"verified":128,"error":"ESP_OK","cleanup_error":"ESP_OK","address":2148460540,"swd_ack":0,"stack_free_min":0,"mcu_resumed":false,"destructive_started":true,"recovery_required":true}
2026-09-10 20:23:35 @mori {"event":"ag32_batch_status","state":"running","phase":"program","message":"AG32 batch update queued","processed":31872,"total":108924,"device_id":1075838977,"dp_idcode":731911287,"records":3,"programmed":31872,"verified":128,"error":"ESP_OK","cleanup_error":"ESP_OK","address":2148461564,"swd_ack":0,"stack_free_min":0,"mcu_resumed":false,"destructive_started":true,"recovery_required":true}
2026-09-10 20:23:35 @mori {"event":"ag32_batch_status","state":"running","phase":"program","message":"AG32 batch update queued","processed":31872,"total":108924,"device_id":1075838977,"dp_idcode":731911287,"records":3,"programmed":31872,"verified":128,"error":"ESP_OK","cleanup_error":"ESP_OK","address":2148461564,"swd_ack":0,"stack_free_min":0,"mcu_resumed":false,"destructive_started":true,"recovery_required":true}
2026-09-10 20:23:35 @mori {"event":"ag32_batch_status","state":"running","phase":"program","message":"AG32 batch update queued","processed":32896,"total":108924,"device_id":1075838977,"dp_idcode":731911287,"records":3,"programmed":32896,"verified":128,"error":"ESP_OK","cleanup_error":"ESP_OK","address":2148462588,"swd_ack":0,"stack_free_min":0,"mcu_resumed":false,"destructive_started":true,"recovery_required":true}
2026-09-10 20:23:36 @mori {"event":"ag32_batch_status","state":"running","phase":"program","message":"AG32 batch update queued","processed":32896,"total":108924,"device_id":1075838977,"dp_idcode":731911287,"records":3,"programmed":32896,"verified":128,"error":"ESP_OK","cleanup_error":"ESP_OK","address":2148462588,"swd_ack":0,"stack_free_min":0,"mcu_resumed":false,"destructive_started":true,"recovery_required":true}
2026-09-10 20:23:36 @mori {"event":"ag32_batch_status","state":"running","phase":"program","message":"AG32 batch update queued","processed":33920,"total":108924,"device_id":1075838977,"dp_idcode":731911287,"records":3,"programmed":33920,"verified":128,"error":"ESP_OK","cleanup_error":"ESP_OK","address":2148463576,"swd_ack":0,"stack_free_min":0,"mcu_resumed":false,"destructive_started":true,"recovery_required":true}
2026-09-10 20:23:37 @mori {"event":"ag32_batch_status","state":"running","phase":"program","message":"AG32 batch update queued","processed":33920,"total":108924,"device_id":1075838977,"dp_idcode":731911287,"records":3,"programmed":33920,"verified":128,"error":"ESP_OK","cleanup_error":"ESP_OK","address":2148463576,"swd_ack":0,"stack_free_min":0,"mcu_resumed":false,"destructive_started":true,"recovery_required":true}
2026-09-10 20:23:37 @mori {"event":"ag32_batch_status","state":"running","phase":"program","message":"AG32 batch update queued","processed":34944,"total":108924,"device_id":1075838977,"dp_idcode":731911287,"records":3,"programmed":34944,"verified":128,"error":"ESP_OK","cleanup_error":"ESP_OK","address":2148464620,"swd_ack":0,"stack_free_min":0,"mcu_resumed":false,"destructive_started":true,"recovery_required":true}
2026-09-10 20:23:38 @mori {"event":"ag32_batch_status","state":"running","phase":"program","message":"AG32 batch update queued","processed":34944,"total":108924,"device_id":1075838977,"dp_idcode":731911287,"records":3,"programmed":34944,"verified":128,"error":"ESP_OK","cleanup_error":"ESP_OK","address":2148464620,"swd_ack":0,"stack_free_min":0,"mcu_resumed":false,"destructive_started":true,"recovery_required":true}
2026-09-10 20:23:38 @mori {"event":"ag32_batch_status","state":"running","phase":"program","message":"AG32 batch update queued","processed":35968,"total":108924,"device_id":1075838977,"dp_idcode":731911287,"records":3,"programmed":35968,"verified":128,"error":"ESP_OK","cleanup_error":"ESP_OK","address":2148465660,"swd_ack":0,"stack_free_min":0,"mcu_resumed":false,"destructive_started":true,"recovery_required":true}
2026-09-10 20:23:39 @mori {"event":"ag32_batch_status","state":"running","phase":"program","message":"AG32 batch update queued","processed":35968,"total":108924,"device_id":1075838977,"dp_idcode":731911287,"records":3,"programmed":35968,"verified":128,"error":"ESP_OK","cleanup_error":"ESP_OK","address":2148465660,"swd_ack":0,"stack_free_min":0,"mcu_resumed":false,"destructive_started":true,"recovery_required":true}
2026-09-10 20:23:39 @mori {"event":"ag32_batch_status","state":"running","phase":"program","message":"AG32 batch update queued","processed":36992,"total":108924,"device_id":1075838977,"dp_idcode":731911287,"records":3,"programmed":36992,"verified":128,"error":"ESP_OK","cleanup_error":"ESP_OK","address":2148466684,"swd_ack":0,"stack_free_min":0,"mcu_resumed":false,"destructive_started":true,"recovery_required":true}
2026-09-10 20:23:39 @mori {"event":"ag32_batch_status","state":"running","phase":"program","message":"AG32 batch update queued","processed":36992,"total":108924,"device_id":1075838977,"dp_idcode":731911287,"records":3,"programmed":36992,"verified":128,"error":"ESP_OK","cleanup_error":"ESP_OK","address":2148466684,"swd_ack":0,"stack_free_min":0,"mcu_resumed":false,"destructive_started":true,"recovery_required":true}
2026-09-10 20:23:40 @mori {"event":"ag32_batch_status","state":"running","phase":"program","message":"AG32 batch update queued","processed":38016,"total":108924,"device_id":1075838977,"dp_idcode":731911287,"records":3,"programmed":38016,"verified":128,"error":"ESP_OK","cleanup_error":"ESP_OK","address":2148467708,"swd_ack":0,"stack_free_min":0,"mcu_resumed":false,"destructive_started":true,"recovery_required":true}
2026-09-10 20:23:40 @mori {"event":"ag32_batch_status","state":"running","phase":"program","message":"AG32 batch update queued","processed":38016,"total":108924,"device_id":1075838977,"dp_idcode":731911287,"records":3,"programmed":38016,"verified":128,"error":"ESP_OK","cleanup_error":"ESP_OK","address":2148467708,"swd_ack":0,"stack_free_min":0,"mcu_resumed":false,"destructive_started":true,"recovery_required":true}
2026-09-10 20:23:41 @mori {"event":"ag32_batch_status","state":"running","phase":"program","message":"AG32 batch update queued","processed":39040,"total":108924,"device_id":1075838977,"dp_idcode":731911287,"records":3,"programmed":39040,"verified":128,"error":"ESP_OK","cleanup_error":"ESP_OK","address":2148468680,"swd_ack":0,"stack_free_min":0,"mcu_resumed":false,"destructive_started":true,"recovery_required":true}
2026-09-10 20:23:41 @mori {"event":"ag32_batch_status","state":"running","phase":"program","message":"AG32 batch update queued","processed":39040,"total":108924,"device_id":1075838977,"dp_idcode":731911287,"records":3,"programmed":39040,"verified":128,"error":"ESP_OK","cleanup_error":"ESP_OK","address":2148468680,"swd_ack":0,"stack_free_min":0,"mcu_resumed":false,"destructive_started":true,"recovery_required":true}
2026-09-10 20:23:42 @mori {"event":"ag32_batch_status","state":"running","phase":"program","message":"AG32 batch update queued","processed":40064,"total":108924,"device_id":1075838977,"dp_idcode":731911287,"records":3,"programmed":40064,"verified":128,"error":"ESP_OK","cleanup_error":"ESP_OK","address":2148469724,"swd_ack":0,"stack_free_min":0,"mcu_resumed":false,"destructive_started":true,"recovery_required":true}
2026-09-10 20:23:42 @mori {"event":"ag32_batch_status","state":"running","phase":"program","message":"AG32 batch update queued","processed":40064,"total":108924,"device_id":1075838977,"dp_idcode":731911287,"records":3,"programmed":40064,"verified":128,"error":"ESP_OK","cleanup_error":"ESP_OK","address":2148469724,"swd_ack":0,"stack_free_min":0,"mcu_resumed":false,"destructive_started":true,"recovery_required":true}
2026-09-10 20:23:42 @mori {"event":"ag32_batch_status","state":"running","phase":"program","message":"AG32 batch update queued","processed":41088,"total":108924,"device_id":1075838977,"dp_idcode":731911287,"records":3,"programmed":41088,"verified":128,"error":"ESP_OK","cleanup_error":"ESP_OK","address":2148470768,"swd_ack":0,"stack_free_min":0,"mcu_resumed":false,"destructive_started":true,"recovery_required":true}
2026-09-10 20:23:43 @mori {"event":"ag32_batch_status","state":"running","phase":"program","message":"AG32 batch update queued","processed":42112,"total":108924,"device_id":1075838977,"dp_idcode":731911287,"records":3,"programmed":42112,"verified":128,"error":"ESP_OK","cleanup_error":"ESP_OK","address":2148471804,"swd_ack":0,"stack_free_min":0,"mcu_resumed":false,"destructive_started":true,"recovery_required":true}
2026-09-10 20:23:43 @mori {"event":"ag32_batch_status","state":"running","phase":"program","message":"AG32 batch update queued","processed":42112,"total":108924,"device_id":1075838977,"dp_idcode":731911287,"records":3,"programmed":42112,"verified":128,"error":"ESP_OK","cleanup_error":"ESP_OK","address":2148471804,"swd_ack":0,"stack_free_min":0,"mcu_resumed":false,"destructive_started":true,"recovery_required":true}
2026-09-10 20:23:44 @mori {"event":"ag32_batch_status","state":"running","phase":"program","message":"AG32 batch update queued","processed":43136,"total":108924,"device_id":1075838977,"dp_idcode":731911287,"records":3,"programmed":43136,"verified":128,"error":"ESP_OK","cleanup_error":"ESP_OK","address":2148472828,"swd_ack":0,"stack_free_min":0,"mcu_resumed":false,"destructive_started":true,"recovery_required":true}
2026-09-10 20:23:44 @mori {"event":"ag32_batch_status","state":"running","phase":"program","message":"AG32 batch update queued","processed":43136,"total":108924,"device_id":1075838977,"dp_idcode":731911287,"records":3,"programmed":43136,"verified":128,"error":"ESP_OK","cleanup_error":"ESP_OK","address":2148472828,"swd_ack":0,"stack_free_min":0,"mcu_resumed":false,"destructive_started":true,"recovery_required":true}
2026-09-10 20:23:45 @mori {"event":"ag32_batch_status","state":"running","phase":"program","message":"AG32 batch update queued","processed":44160,"total":108924,"device_id":1075838977,"dp_idcode":731911287,"records":3,"programmed":44160,"verified":128,"error":"ESP_OK","cleanup_error":"ESP_OK","address":2148473852,"swd_ack":0,"stack_free_min":0,"mcu_resumed":false,"destructive_started":true,"recovery_required":true}
2026-09-10 20:23:45 @mori {"event":"ag32_batch_status","state":"running","phase":"program","message":"AG32 batch update queued","processed":44160,"total":108924,"device_id":1075838977,"dp_idcode":731911287,"records":3,"programmed":44160,"verified":128,"error":"ESP_OK","cleanup_error":"ESP_OK","address":2148473852,"swd_ack":0,"stack_free_min":0,"mcu_resumed":false,"destructive_started":true,"recovery_required":true}
2026-09-10 20:23:46 @mori {"event":"ag32_batch_status","state":"running","phase":"program","message":"AG32 batch update queued","processed":45184,"total":108924,"device_id":1075838977,"dp_idcode":731911287,"records":3,"programmed":45184,"verified":128,"error":"ESP_OK","cleanup_error":"ESP_OK","address":2148474828,"swd_ack":0,"stack_free_min":0,"mcu_resumed":false,"destructive_started":true,"recovery_required":true}
2026-09-10 20:23:46 @mori {"event":"ag32_batch_status","state":"running","phase":"program","message":"AG32 batch update queued","processed":45184,"total":108924,"device_id":1075838977,"dp_idcode":731911287,"records":3,"programmed":45184,"verified":128,"error":"ESP_OK","cleanup_error":"ESP_OK","address":2148474828,"swd_ack":0,"stack_free_min":0,"mcu_resumed":false,"destructive_started":true,"recovery_required":true}
2026-09-10 20:23:46 @mori {"event":"ag32_batch_status","state":"running","phase":"program","message":"AG32 batch update queued","processed":46208,"total":108924,"device_id":1075838977,"dp_idcode":731911287,"records":3,"programmed":46208,"verified":128,"error":"ESP_OK","cleanup_error":"ESP_OK","address":2148475872,"swd_ack":0,"stack_free_min":0,"mcu_resumed":false,"destructive_started":true,"recovery_required":true}
2026-09-10 20:23:47 @mori {"event":"ag32_batch_status","state":"running","phase":"program","message":"AG32 batch update queued","processed":46208,"total":108924,"device_id":1075838977,"dp_idcode":731911287,"records":3,"programmed":46208,"verified":128,"error":"ESP_OK","cleanup_error":"ESP_OK","address":2148475872,"swd_ack":0,"stack_free_min":0,"mcu_resumed":false,"destructive_started":true,"recovery_required":true}
2026-09-10 20:23:47 @mori {"event":"ag32_batch_status","state":"running","phase":"program","message":"AG32 batch update queued","processed":47232,"total":108924,"device_id":1075838977,"dp_idcode":731911287,"records":3,"programmed":47232,"verified":128,"error":"ESP_OK","cleanup_error":"ESP_OK","address":2148476916,"swd_ack":0,"stack_free_min":0,"mcu_resumed":false,"destructive_started":true,"recovery_required":true}
2026-09-10 20:23:48 @mori {"event":"ag32_batch_status","state":"running","phase":"program","message":"AG32 batch update queued","processed":47232,"total":108924,"device_id":1075838977,"dp_idcode":731911287,"records":3,"programmed":47232,"verified":128,"error":"ESP_OK","cleanup_error":"ESP_OK","address":2148476916,"swd_ack":0,"stack_free_min":0,"mcu_resumed":false,"destructive_started":true,"recovery_required":true}
2026-09-10 20:23:48 @mori {"event":"ag32_batch_status","state":"running","phase":"program","message":"AG32 batch update queued","processed":48256,"total":108924,"device_id":1075838977,"dp_idcode":731911287,"records":3,"programmed":48256,"verified":128,"error":"ESP_OK","cleanup_error":"ESP_OK","address":2148477948,"swd_ack":0,"stack_free_min":0,"mcu_resumed":false,"destructive_started":true,"recovery_required":true}
2026-09-10 20:23:49 @mori {"event":"ag32_batch_status","state":"running","phase":"program","message":"AG32 batch update queued","processed":48256,"total":108924,"device_id":1075838977,"dp_idcode":731911287,"records":3,"programmed":48256,"verified":128,"error":"ESP_OK","cleanup_error":"ESP_OK","address":2148477948,"swd_ack":0,"stack_free_min":0,"mcu_resumed":false,"destructive_started":true,"recovery_required":true}
2026-09-10 20:23:49 @mori {"event":"ag32_batch_status","state":"running","phase":"program","message":"AG32 batch update queued","processed":49280,"total":108924,"device_id":1075838977,"dp_idcode":731911287,"records":3,"programmed":49280,"verified":128,"error":"ESP_OK","cleanup_error":"ESP_OK","address":2148478972,"swd_ack":0,"stack_free_min":0,"mcu_resumed":false,"destructive_started":true,"recovery_required":true}
2026-09-10 20:23:49 @mori {"event":"ag32_batch_status","state":"running","phase":"program","message":"AG32 batch update queued","processed":49280,"total":108924,"device_id":1075838977,"dp_idcode":731911287,"records":3,"programmed":49280,"verified":128,"error":"ESP_OK","cleanup_error":"ESP_OK","address":2148478972,"swd_ack":0,"stack_free_min":0,"mcu_resumed":false,"destructive_started":true,"recovery_required":true}
2026-09-10 20:23:50 @mori {"event":"ag32_batch_status","state":"running","phase":"program","message":"AG32 batch update queued","processed":50304,"total":108924,"device_id":1075838977,"dp_idcode":731911287,"records":3,"programmed":50304,"verified":128,"error":"ESP_OK","cleanup_error":"ESP_OK","address":2148479996,"swd_ack":0,"stack_free_min":0,"mcu_resumed":false,"destructive_started":true,"recovery_required":true}
2026-09-10 20:23:50 @mori {"event":"ag32_batch_status","state":"running","phase":"program","message":"AG32 batch update queued","processed":50304,"total":108924,"device_id":1075838977,"dp_idcode":731911287,"records":3,"programmed":50304,"verified":128,"error":"ESP_OK","cleanup_error":"ESP_OK","address":2148479996,"swd_ack":0,"stack_free_min":0,"mcu_resumed":false,"destructive_started":true,"recovery_required":true}
2026-09-10 20:23:51 @mori {"event":"ag32_batch_status","state":"running","phase":"program","message":"AG32 batch update queued","processed":51328,"total":108924,"device_id":1075838977,"dp_idcode":731911287,"records":3,"programmed":51328,"verified":128,"error":"ESP_OK","cleanup_error":"ESP_OK","address":2148480976,"swd_ack":0,"stack_free_min":0,"mcu_resumed":false,"destructive_started":true,"recovery_required":true}
2026-09-10 20:23:51 @mori {"event":"ag32_batch_status","state":"running","phase":"program","message":"AG32 batch update queued","processed":51328,"total":108924,"device_id":1075838977,"dp_idcode":731911287,"records":3,"programmed":51328,"verified":128,"error":"ESP_OK","cleanup_error":"ESP_OK","address":2148480976,"swd_ack":0,"stack_free_min":0,"mcu_resumed":false,"destructive_started":true,"recovery_required":true}
2026-09-10 20:23:52 @mori {"event":"ag32_batch_status","state":"running","phase":"program","message":"AG32 batch update queued","processed":52352,"total":108924,"device_id":1075838977,"dp_idcode":731911287,"records":3,"programmed":52352,"verified":128,"error":"ESP_OK","cleanup_error":"ESP_OK","address":2148482020,"swd_ack":0,"stack_free_min":0,"mcu_resumed":false,"destructive_started":true,"recovery_required":true}
2026-09-10 20:23:52 @mori {"event":"ag32_batch_status","state":"running","phase":"program","message":"AG32 batch update queued","processed":52352,"total":108924,"device_id":1075838977,"dp_idcode":731911287,"records":3,"programmed":52352,"verified":128,"error":"ESP_OK","cleanup_error":"ESP_OK","address":2148482020,"swd_ack":0,"stack_free_min":0,"mcu_resumed":false,"destructive_started":true,"recovery_required":true}
2026-09-10 20:23:52 @mori {"event":"ag32_batch_status","state":"running","phase":"program","message":"AG32 batch update queued","processed":53376,"total":108924,"device_id":1075838977,"dp_idcode":731911287,"records":3,"programmed":53376,"verified":128,"error":"ESP_OK","cleanup_error":"ESP_OK","address":2148483064,"swd_ack":0,"stack_free_min":0,"mcu_resumed":false,"destructive_started":true,"recovery_required":true}
2026-09-10 20:23:53 @mori {"event":"ag32_batch_status","state":"running","phase":"program","message":"AG32 batch update queued","processed":53376,"total":108924,"device_id":1075838977,"dp_idcode":731911287,"records":3,"programmed":53376,"verified":128,"error":"ESP_OK","cleanup_error":"ESP_OK","address":2148483064,"swd_ack":0,"stack_free_min":0,"mcu_resumed":false,"destructive_started":true,"recovery_required":true}
2026-09-10 20:23:53 @mori {"event":"ag32_batch_status","state":"running","phase":"program","message":"AG32 batch update queued","processed":54400,"total":108924,"device_id":1075838977,"dp_idcode":731911287,"records":3,"programmed":54400,"verified":128,"error":"ESP_OK","cleanup_error":"ESP_OK","address":2148484092,"swd_ack":0,"stack_free_min":0,"mcu_resumed":false,"destructive_started":true,"recovery_required":true}
2026-09-10 20:23:54 @mori {"event":"ag32_batch_status","state":"running","phase":"program","message":"AG32 batch update queued","processed":54400,"total":108924,"device_id":1075838977,"dp_idcode":731911287,"records":3,"programmed":54400,"verified":128,"error":"ESP_OK","cleanup_error":"ESP_OK","address":2148484092,"swd_ack":0,"stack_free_min":0,"mcu_resumed":false,"destructive_started":true,"recovery_required":true}
2026-09-10 20:23:54 @mori {"event":"ag32_batch_status","state":"running","phase":"program","message":"AG32 batch update queued","processed":55424,"total":108924,"device_id":1075838977,"dp_idcode":731911287,"records":3,"programmed":55424,"verified":128,"error":"ESP_OK","cleanup_error":"ESP_OK","address":2148485116,"swd_ack":0,"stack_free_min":0,"mcu_resumed":false,"destructive_started":true,"recovery_required":true}
2026-09-10 20:23:55 @mori {"event":"ag32_batch_status","state":"running","phase":"program","message":"AG32 batch update queued","processed":55424,"total":108924,"device_id":1075838977,"dp_idcode":731911287,"records":3,"programmed":55424,"verified":128,"error":"ESP_OK","cleanup_error":"ESP_OK","address":2148485116,"swd_ack":0,"stack_free_min":0,"mcu_resumed":false,"destructive_started":true,"recovery_required":true}
2026-09-10 20:23:55 @mori {"event":"ag32_batch_status","state":"running","phase":"program","message":"AG32 batch update queued","processed":56448,"total":108924,"device_id":1075838977,"dp_idcode":731911287,"records":3,"programmed":56448,"verified":128,"error":"ESP_OK","cleanup_error":"ESP_OK","address":2148486140,"swd_ack":0,"stack_free_min":0,"mcu_resumed":false,"destructive_started":true,"recovery_required":true}
2026-09-10 20:23:55 @mori {"event":"ag32_batch_status","state":"running","phase":"program","message":"AG32 batch update queued","processed":56448,"total":108924,"device_id":1075838977,"dp_idcode":731911287,"records":3,"programmed":56448,"verified":128,"error":"ESP_OK","cleanup_error":"ESP_OK","address":2148486140,"swd_ack":0,"stack_free_min":0,"mcu_resumed":false,"destructive_started":true,"recovery_required":true}
2026-09-10 20:23:56 @mori {"event":"ag32_batch_status","state":"running","phase":"program","message":"AG32 batch update queued","processed":57472,"total":108924,"device_id":1075838977,"dp_idcode":731911287,"records":3,"programmed":57472,"verified":128,"error":"ESP_OK","cleanup_error":"ESP_OK","address":2148487124,"swd_ack":0,"stack_free_min":0,"mcu_resumed":false,"destructive_started":true,"recovery_required":true}
2026-09-10 20:23:56 @mori {"event":"ag32_batch_status","state":"running","phase":"program","message":"AG32 batch update queued","processed":57472,"total":108924,"device_id":1075838977,"dp_idcode":731911287,"records":3,"programmed":57472,"verified":128,"error":"ESP_OK","cleanup_error":"ESP_OK","address":2148487124,"swd_ack":0,"stack_free_min":0,"mcu_resumed":false,"destructive_started":true,"recovery_required":true}
2026-09-10 20:23:57 @mori {"event":"ag32_batch_status","state":"running","phase":"program","message":"AG32 batch update queued","processed":58496,"total":108924,"device_id":1075838977,"dp_idcode":731911287,"records":3,"programmed":58496,"verified":128,"error":"ESP_OK","cleanup_error":"ESP_OK","address":2148488188,"swd_ack":0,"stack_free_min":0,"mcu_resumed":false,"destructive_started":true,"recovery_required":true}
2026-09-10 20:23:57 @mori {"event":"ag32_batch_status","state":"running","phase":"program","message":"AG32 batch update queued","processed":58496,"total":108924,"device_id":1075838977,"dp_idcode":731911287,"records":3,"programmed":58496,"verified":128,"error":"ESP_OK","cleanup_error":"ESP_OK","address":2148488188,"swd_ack":0,"stack_free_min":0,"mcu_resumed":false,"destructive_started":true,"recovery_required":true}
2026-09-10 20:23:58 @mori {"event":"ag32_batch_status","state":"running","phase":"program","message":"AG32 batch update queued","processed":58496,"total":108924,"device_id":1075838977,"dp_idcode":731911287,"records":3,"programmed":58496,"verified":128,"error":"ESP_OK","cleanup_error":"ESP_OK","address":2148488188,"swd_ack":0,"stack_free_min":0,"mcu_resumed":false,"destructive_started":true,"recovery_required":true}
2026-09-10 20:23:58 @mori {"event":"ag32_batch_status","state":"running","phase":"program","message":"AG32 batch update queued","processed":58496,"total":108924,"device_id":1075838977,"dp_idcode":731911287,"records":3,"programmed":58496,"verified":128,"error":"ESP_OK","cleanup_error":"ESP_OK","address":2148488188,"swd_ack":0,"stack_free_min":0,"mcu_resumed":false,"destructive_started":true,"recovery_required":true}
2026-09-10 20:23:59 @mori {"event":"ag32_batch_status","state":"running","phase":"program","message":"AG32 batch update queued","processed":59520,"total":108924,"device_id":1075838977,"dp_idcode":731911287,"records":3,"programmed":59520,"verified":128,"error":"ESP_OK","cleanup_error":"ESP_OK","address":2148489212,"swd_ack":0,"stack_free_min":0,"mcu_resumed":false,"destructive_started":true,"recovery_required":true}
2026-09-10 20:23:59 @mori {"event":"ag32_batch_status","state":"running","phase":"program","message":"AG32 batch update queued","processed":59520,"total":108924,"device_id":1075838977,"dp_idcode":731911287,"records":3,"programmed":59520,"verified":128,"error":"ESP_OK","cleanup_error":"ESP_OK","address":2148489212,"swd_ack":0,"stack_free_min":0,"mcu_resumed":false,"destructive_started":true,"recovery_required":true}
2026-09-10 20:23:59 @mori {"event":"ag32_batch_status","state":"running","phase":"program","message":"AG32 batch update queued","processed":59520,"total":108924,"device_id":1075838977,"dp_idcode":731911287,"records":3,"programmed":59520,"verified":128,"error":"ESP_OK","cleanup_error":"ESP_OK","address":2148489212,"swd_ack":0,"stack_free_min":0,"mcu_resumed":false,"destructive_started":true,"recovery_required":true}
2026-09-10 20:24:00 @mori {"event":"ag32_batch_status","state":"running","phase":"program","message":"AG32 batch update queued","processed":60544,"total":108924,"device_id":1075838977,"dp_idcode":731911287,"records":3,"programmed":60544,"verified":128,"error":"ESP_OK","cleanup_error":"ESP_OK","address":2148490236,"swd_ack":0,"stack_free_min":0,"mcu_resumed":false,"destructive_started":true,"recovery_required":true}
2026-09-10 20:24:00 @mori {"event":"ag32_batch_status","state":"running","phase":"program","message":"AG32 batch update queued","processed":60544,"total":108924,"device_id":1075838977,"dp_idcode":731911287,"records":3,"programmed":60544,"verified":128,"error":"ESP_OK","cleanup_error":"ESP_OK","address":2148490236,"swd_ack":0,"stack_free_min":0,"mcu_resumed":false,"destructive_started":true,"recovery_required":true}
2026-09-10 20:24:01 @mori {"event":"ag32_batch_status","state":"running","phase":"program","message":"AG32 batch update queued","processed":60544,"total":108924,"device_id":1075838977,"dp_idcode":731911287,"records":3,"programmed":60544,"verified":128,"error":"ESP_OK","cleanup_error":"ESP_OK","address":2148490236,"swd_ack":0,"stack_free_min":0,"mcu_resumed":false,"destructive_started":true,"recovery_required":true}
2026-09-10 20:24:01 @mori {"event":"ag32_batch_status","state":"running","phase":"program","message":"AG32 batch update queued","processed":60544,"total":108924,"device_id":1075838977,"dp_idcode":731911287,"records":3,"programmed":60544,"verified":128,"error":"ESP_OK","cleanup_error":"ESP_OK","address":2148490236,"swd_ack":0,"stack_free_min":0,"mcu_resumed":false,"destructive_started":true,"recovery_required":true}
2026-09-10 20:24:02 @mori {"event":"ag32_batch_status","state":"running","phase":"program","message":"AG32 batch update queued","processed":61568,"total":108924,"device_id":1075838977,"dp_idcode":731911287,"records":3,"programmed":61568,"verified":128,"error":"ESP_OK","cleanup_error":"ESP_OK","address":2148491260,"swd_ack":0,"stack_free_min":0,"mcu_resumed":false,"destructive_started":true,"recovery_required":true}
2026-09-10 20:24:02 @mori {"event":"ag32_batch_status","state":"running","phase":"program","message":"AG32 batch update queued","processed":61568,"total":108924,"device_id":1075838977,"dp_idcode":731911287,"records":3,"programmed":61568,"verified":128,"error":"ESP_OK","cleanup_error":"ESP_OK","address":2148491260,"swd_ack":0,"stack_free_min":0,"mcu_resumed":false,"destructive_started":true,"recovery_required":true}
2026-09-10 20:24:02 @mori {"event":"ag32_batch_status","state":"running","phase":"program","message":"AG32 batch update queued","processed":61568,"total":108924,"device_id":1075838977,"dp_idcode":731911287,"records":3,"programmed":61568,"verified":128,"error":"ESP_OK","cleanup_error":"ESP_OK","address":2148491260,"swd_ack":0,"stack_free_min":0,"mcu_resumed":false,"destructive_started":true,"recovery_required":true}
2026-09-10 20:24:03 @mori {"event":"ag32_batch_status","state":"running","phase":"program","message":"AG32 batch update queued","processed":62592,"total":108924,"device_id":1075838977,"dp_idcode":731911287,"records":3,"programmed":62592,"verified":128,"error":"ESP_OK","cleanup_error":"ESP_OK","address":2148492284,"swd_ack":0,"stack_free_min":0,"mcu_resumed":false,"destructive_started":true,"recovery_required":true}
2026-09-10 20:24:03 @mori {"event":"ag32_batch_status","state":"running","phase":"program","message":"AG32 batch update queued","processed":62592,"total":108924,"device_id":1075838977,"dp_idcode":731911287,"records":3,"programmed":62592,"verified":128,"error":"ESP_OK","cleanup_error":"ESP_OK","address":2148492284,"swd_ack":0,"stack_free_min":0,"mcu_resumed":false,"destructive_started":true,"recovery_required":true}
2026-09-10 20:24:04 @mori {"event":"ag32_batch_status","state":"running","phase":"program","message":"AG32 batch update queued","processed":62592,"total":108924,"device_id":1075838977,"dp_idcode":731911287,"records":3,"programmed":62592,"verified":128,"error":"ESP_OK","cleanup_error":"ESP_OK","address":2148492284,"swd_ack":0,"stack_free_min":0,"mcu_resumed":false,"destructive_started":true,"recovery_required":true}
2026-09-10 20:24:04 @mori {"event":"ag32_batch_status","state":"running","phase":"program","message":"AG32 batch update queued","processed":63616,"total":108924,"device_id":1075838977,"dp_idcode":731911287,"records":3,"programmed":63616,"verified":128,"error":"ESP_OK","cleanup_error":"ESP_OK","address":2148493308,"swd_ack":0,"stack_free_min":0,"mcu_resumed":false,"destructive_started":true,"recovery_required":true}
2026-09-10 20:24:05 @mori {"event":"ag32_batch_status","state":"running","phase":"program","message":"AG32 batch update queued","processed":63616,"total":108924,"device_id":1075838977,"dp_idcode":731911287,"records":3,"programmed":63616,"verified":128,"error":"ESP_OK","cleanup_error":"ESP_OK","address":2148493308,"swd_ack":0,"stack_free_min":0,"mcu_resumed":false,"destructive_started":true,"recovery_required":true}
2026-09-10 20:24:05 @mori {"event":"ag32_batch_status","state":"running","phase":"program","message":"AG32 batch update queued","processed":63616,"total":108924,"device_id":1075838977,"dp_idcode":731911287,"records":3,"programmed":63616,"verified":128,"error":"ESP_OK","cleanup_error":"ESP_OK","address":2148493308,"swd_ack":0,"stack_free_min":0,"mcu_resumed":false,"destructive_started":true,"recovery_required":true}
2026-09-10 20:24:06 @mori {"event":"ag32_batch_status","state":"running","phase":"program","message":"AG32 batch update queued","processed":63616,"total":108924,"device_id":1075838977,"dp_idcode":731911287,"records":3,"programmed":63616,"verified":128,"error":"ESP_OK","cleanup_error":"ESP_OK","address":2148493308,"swd_ack":0,"stack_free_min":0,"mcu_resumed":false,"destructive_started":true,"recovery_required":true}
2026-09-10 20:24:06 @mori {"event":"ag32_batch_status","state":"running","phase":"program","message":"AG32 batch update queued","processed":64640,"total":108924,"device_id":1075838977,"dp_idcode":731911287,"records":3,"programmed":64640,"verified":128,"error":"ESP_OK","cleanup_error":"ESP_OK","address":2148494332,"swd_ack":0,"stack_free_min":0,"mcu_resumed":false,"destructive_started":true,"recovery_required":true}
2026-09-10 20:24:06 @mori {"event":"ag32_batch_status","state":"running","phase":"program","message":"AG32 batch update queued","processed":64640,"total":108924,"device_id":1075838977,"dp_idcode":731911287,"records":3,"programmed":64640,"verified":128,"error":"ESP_OK","cleanup_error":"ESP_OK","address":2148494332,"swd_ack":0,"stack_free_min":0,"mcu_resumed":false,"destructive_started":true,"recovery_required":true}
2026-09-10 20:24:07 @mori {"event":"ag32_batch_status","state":"running","phase":"program","message":"AG32 batch update queued","processed":64640,"total":108924,"device_id":1075838977,"dp_idcode":731911287,"records":3,"programmed":64640,"verified":128,"error":"ESP_OK","cleanup_error":"ESP_OK","address":2148494332,"swd_ack":0,"stack_free_min":0,"mcu_resumed":false,"destructive_started":true,"recovery_required":true}
2026-09-10 20:24:07 @mori {"event":"ag32_batch_status","state":"running","phase":"program","message":"AG32 batch update queued","processed":65664,"total":108924,"device_id":1075838977,"dp_idcode":731911287,"records":3,"programmed":65664,"verified":128,"error":"ESP_OK","cleanup_error":"ESP_OK","address":2148495356,"swd_ack":0,"stack_free_min":0,"mcu_resumed":false,"destructive_started":true,"recovery_required":true}
2026-09-10 20:24:08 @mori {"event":"ag32_batch_status","state":"running","phase":"program","message":"AG32 batch update queued","processed":65664,"total":108924,"device_id":1075838977,"dp_idcode":731911287,"records":3,"programmed":65664,"verified":128,"error":"ESP_OK","cleanup_error":"ESP_OK","address":2148495356,"swd_ack":0,"stack_free_min":0,"mcu_resumed":false,"destructive_started":true,"recovery_required":true}
2026-09-10 20:24:08 @mori {"event":"ag32_batch_status","state":"running","phase":"program","message":"AG32 batch update queued","processed":65664,"total":108924,"device_id":1075838977,"dp_idcode":731911287,"records":3,"programmed":65664,"verified":128,"error":"ESP_OK","cleanup_error":"ESP_OK","address":2148495356,"swd_ack":0,"stack_free_min":0,"mcu_resumed":false,"destructive_started":true,"recovery_required":true}
2026-09-10 20:24:09 @mori {"event":"ag32_batch_status","state":"running","phase":"program","message":"AG32 batch update queued","processed":65664,"total":108924,"device_id":1075838977,"dp_idcode":731911287,"records":3,"programmed":65664,"verified":128,"error":"ESP_OK","cleanup_error":"ESP_OK","address":2148495356,"swd_ack":0,"stack_free_min":0,"mcu_resumed":false,"destructive_started":true,"recovery_required":true}
2026-09-10 20:24:09 @mori {"event":"ag32_batch_status","state":"running","phase":"program","message":"AG32 batch update queued","processed":66688,"total":108924,"device_id":1075838977,"dp_idcode":731911287,"records":3,"programmed":66688,"verified":128,"error":"ESP_OK","cleanup_error":"ESP_OK","address":2148496380,"swd_ack":0,"stack_free_min":0,"mcu_resumed":false,"destructive_started":true,"recovery_required":true}
2026-09-10 20:24:09 @mori {"event":"ag32_batch_status","state":"running","phase":"program","message":"AG32 batch update queued","processed":66688,"total":108924,"device_id":1075838977,"dp_idcode":731911287,"records":3,"programmed":66688,"verified":128,"error":"ESP_OK","cleanup_error":"ESP_OK","address":2148496380,"swd_ack":0,"stack_free_min":0,"mcu_resumed":false,"destructive_started":true,"recovery_required":true}
2026-09-10 20:24:10 @mori {"event":"ag32_batch_status","state":"running","phase":"program","message":"AG32 batch update queued","processed":66688,"total":108924,"device_id":1075838977,"dp_idcode":731911287,"records":3,"programmed":66688,"verified":128,"error":"ESP_OK","cleanup_error":"ESP_OK","address":2148496380,"swd_ack":0,"stack_free_min":0,"mcu_resumed":false,"destructive_started":true,"recovery_required":true}
2026-09-10 20:24:10 @mori {"event":"ag32_batch_status","state":"running","phase":"program","message":"AG32 batch update queued","processed":67712,"total":108924,"device_id":1075838977,"dp_idcode":731911287,"records":3,"programmed":67712,"verified":128,"error":"ESP_OK","cleanup_error":"ESP_OK","address":2148497404,"swd_ack":0,"stack_free_min":0,"mcu_resumed":false,"destructive_started":true,"recovery_required":true}
2026-09-10 20:24:11 @mori {"event":"ag32_batch_status","state":"running","phase":"program","message":"AG32 batch update queued","processed":67712,"total":108924,"device_id":1075838977,"dp_idcode":731911287,"records":3,"programmed":67712,"verified":128,"error":"ESP_OK","cleanup_error":"ESP_OK","address":2148497404,"swd_ack":0,"stack_free_min":0,"mcu_resumed":false,"destructive_started":true,"recovery_required":true}
2026-09-10 20:24:11 @mori {"event":"ag32_batch_status","state":"running","phase":"program","message":"AG32 batch update queued","processed":67712,"total":108924,"device_id":1075838977,"dp_idcode":731911287,"records":3,"programmed":67712,"verified":128,"error":"ESP_OK","cleanup_error":"ESP_OK","address":2148497404,"swd_ack":0,"stack_free_min":0,"mcu_resumed":false,"destructive_started":true,"recovery_required":true}
2026-09-10 20:24:12 @mori {"event":"ag32_batch_status","state":"running","phase":"program","message":"AG32 batch update queued","processed":67712,"total":108924,"device_id":1075838977,"dp_idcode":731911287,"records":3,"programmed":67712,"verified":128,"error":"ESP_OK","cleanup_error":"ESP_OK","address":2148497404,"swd_ack":0,"stack_free_min":0,"mcu_resumed":false,"destructive_started":true,"recovery_required":true}
2026-09-10 20:24:12 @mori {"event":"ag32_batch_status","state":"running","phase":"program","message":"AG32 batch update queued","processed":68736,"total":108924,"device_id":1075838977,"dp_idcode":731911287,"records":3,"programmed":68736,"verified":128,"error":"ESP_OK","cleanup_error":"ESP_OK","address":2148498428,"swd_ack":0,"stack_free_min":0,"mcu_resumed":false,"destructive_started":true,"recovery_required":true}
2026-09-10 20:24:13 @mori {"event":"ag32_batch_status","state":"running","phase":"program","message":"AG32 batch update queued","processed":68736,"total":108924,"device_id":1075838977,"dp_idcode":731911287,"records":3,"programmed":68736,"verified":128,"error":"ESP_OK","cleanup_error":"ESP_OK","address":2148498428,"swd_ack":0,"stack_free_min":0,"mcu_resumed":false,"destructive_started":true,"recovery_required":true}
2026-09-10 20:24:13 @mori {"event":"ag32_batch_status","state":"running","phase":"program","message":"AG32 batch update queued","processed":68736,"total":108924,"device_id":1075838977,"dp_idcode":731911287,"records":3,"programmed":68736,"verified":128,"error":"ESP_OK","cleanup_error":"ESP_OK","address":2148498428,"swd_ack":0,"stack_free_min":0,"mcu_resumed":false,"destructive_started":true,"recovery_required":true}
2026-09-10 20:24:13 @mori {"event":"ag32_batch_status","state":"running","phase":"program","message":"AG32 batch update queued","processed":69760,"total":108924,"device_id":1075838977,"dp_idcode":731911287,"records":3,"programmed":69760,"verified":128,"error":"ESP_OK","cleanup_error":"ESP_OK","address":2148499452,"swd_ack":0,"stack_free_min":0,"mcu_resumed":false,"destructive_started":true,"recovery_required":true}
2026-09-10 20:24:14 @mori {"event":"ag32_batch_status","state":"running","phase":"program","message":"AG32 batch update queued","processed":69760,"total":108924,"device_id":1075838977,"dp_idcode":731911287,"records":3,"programmed":69760,"verified":128,"error":"ESP_OK","cleanup_error":"ESP_OK","address":2148499452,"swd_ack":0,"stack_free_min":0,"mcu_resumed":false,"destructive_started":true,"recovery_required":true}
2026-09-10 20:24:14 @mori {"event":"ag32_batch_status","state":"running","phase":"program","message":"AG32 batch update queued","processed":69760,"total":108924,"device_id":1075838977,"dp_idcode":731911287,"records":3,"programmed":69760,"verified":128,"error":"ESP_OK","cleanup_error":"ESP_OK","address":2148499452,"swd_ack":0,"stack_free_min":0,"mcu_resumed":false,"destructive_started":true,"recovery_required":true}
2026-09-10 20:24:15 @mori {"event":"ag32_batch_status","state":"running","phase":"program","message":"AG32 batch update queued","processed":69760,"total":108924,"device_id":1075838977,"dp_idcode":731911287,"records":3,"programmed":69760,"verified":128,"error":"ESP_OK","cleanup_error":"ESP_OK","address":2148499452,"swd_ack":0,"stack_free_min":0,"mcu_resumed":false,"destructive_started":true,"recovery_required":true}
2026-09-10 20:24:15 @mori {"event":"ag32_batch_status","state":"running","phase":"program","message":"AG32 batch update queued","processed":70784,"total":108924,"device_id":1075838977,"dp_idcode":731911287,"records":3,"programmed":70784,"verified":128,"error":"ESP_OK","cleanup_error":"ESP_OK","address":2148500476,"swd_ack":0,"stack_free_min":0,"mcu_resumed":false,"destructive_started":true,"recovery_required":true}
2026-09-10 20:24:16 @mori {"event":"ag32_batch_status","state":"running","phase":"program","message":"AG32 batch update queued","processed":70784,"total":108924,"device_id":1075838977,"dp_idcode":731911287,"records":3,"programmed":70784,"verified":128,"error":"ESP_OK","cleanup_error":"ESP_OK","address":2148500476,"swd_ack":0,"stack_free_min":0,"mcu_resumed":false,"destructive_started":true,"recovery_required":true}
2026-09-10 20:24:16 @mori {"event":"ag32_batch_status","state":"running","phase":"program","message":"AG32 batch update queued","processed":70784,"total":108924,"device_id":1075838977,"dp_idcode":731911287,"records":3,"programmed":70784,"verified":128,"error":"ESP_OK","cleanup_error":"ESP_OK","address":2148500476,"swd_ack":0,"stack_free_min":0,"mcu_resumed":false,"destructive_started":true,"recovery_required":true}
2026-09-10 20:24:16 @mori {"event":"ag32_batch_status","state":"running","phase":"program","message":"AG32 batch update queued","processed":71808,"total":108924,"device_id":1075838977,"dp_idcode":731911287,"records":3,"programmed":71808,"verified":128,"error":"ESP_OK","cleanup_error":"ESP_OK","address":2148501500,"swd_ack":0,"stack_free_min":0,"mcu_resumed":false,"destructive_started":true,"recovery_required":true}
2026-09-10 20:24:17 @mori {"event":"ag32_batch_status","state":"running","phase":"program","message":"AG32 batch update queued","processed":71808,"total":108924,"device_id":1075838977,"dp_idcode":731911287,"records":3,"programmed":71808,"verified":128,"error":"ESP_OK","cleanup_error":"ESP_OK","address":2148501500,"swd_ack":0,"stack_free_min":0,"mcu_resumed":false,"destructive_started":true,"recovery_required":true}
2026-09-10 20:24:17 @mori {"event":"ag32_batch_status","state":"running","phase":"program","message":"AG32 batch update queued","processed":71808,"total":108924,"device_id":1075838977,"dp_idcode":731911287,"records":3,"programmed":71808,"verified":128,"error":"ESP_OK","cleanup_error":"ESP_OK","address":2148501500,"swd_ack":0,"stack_free_min":0,"mcu_resumed":false,"destructive_started":true,"recovery_required":true}
2026-09-10 20:24:18 @mori {"event":"ag32_batch_status","state":"running","phase":"program","message":"AG32 batch update queued","processed":71808,"total":108924,"device_id":1075838977,"dp_idcode":731911287,"records":3,"programmed":71808,"verified":128,"error":"ESP_OK","cleanup_error":"ESP_OK","address":2148501500,"swd_ack":0,"stack_free_min":0,"mcu_resumed":false,"destructive_started":true,"recovery_required":true}
2026-09-10 20:24:18 @mori {"event":"ag32_batch_status","state":"running","phase":"program","message":"AG32 batch update queued","processed":72832,"total":108924,"device_id":1075838977,"dp_idcode":731911287,"records":3,"programmed":72832,"verified":128,"error":"ESP_OK","cleanup_error":"ESP_OK","address":2148502524,"swd_ack":0,"stack_free_min":0,"mcu_resumed":false,"destructive_started":true,"recovery_required":true}
2026-09-10 20:24:19 @mori {"event":"ag32_batch_status","state":"running","phase":"program","message":"AG32 batch update queued","processed":72832,"total":108924,"device_id":1075838977,"dp_idcode":731911287,"records":3,"programmed":72832,"verified":128,"error":"ESP_OK","cleanup_error":"ESP_OK","address":2148502524,"swd_ack":0,"stack_free_min":0,"mcu_resumed":false,"destructive_started":true,"recovery_required":true}
2026-09-10 20:24:19 @mori {"event":"ag32_batch_status","state":"running","phase":"program","message":"AG32 batch update queued","processed":72832,"total":108924,"device_id":1075838977,"dp_idcode":731911287,"records":3,"programmed":72832,"verified":128,"error":"ESP_OK","cleanup_error":"ESP_OK","address":2148502524,"swd_ack":0,"stack_free_min":0,"mcu_resumed":false,"destructive_started":true,"recovery_required":true}
2026-09-10 20:24:19 @mori {"event":"ag32_batch_status","state":"running","phase":"program","message":"AG32 batch update queued","processed":73856,"total":108924,"device_id":1075838977,"dp_idcode":731911287,"records":3,"programmed":73856,"verified":128,"error":"ESP_OK","cleanup_error":"ESP_OK","address":2148503548,"swd_ack":0,"stack_free_min":0,"mcu_resumed":false,"destructive_started":true,"recovery_required":true}
2026-09-10 20:24:20 @mori {"event":"ag32_batch_status","state":"running","phase":"program","message":"AG32 batch update queued","processed":73856,"total":108924,"device_id":1075838977,"dp_idcode":731911287,"records":3,"programmed":73856,"verified":128,"error":"ESP_OK","cleanup_error":"ESP_OK","address":2148503548,"swd_ack":0,"stack_free_min":0,"mcu_resumed":false,"destructive_started":true,"recovery_required":true}
2026-09-10 20:24:20 @mori {"event":"ag32_batch_status","state":"running","phase":"program","message":"AG32 batch update queued","processed":73856,"total":108924,"device_id":1075838977,"dp_idcode":731911287,"records":3,"programmed":73856,"verified":128,"error":"ESP_OK","cleanup_error":"ESP_OK","address":2148503548,"swd_ack":0,"stack_free_min":0,"mcu_resumed":false,"destructive_started":true,"recovery_required":true}
2026-09-10 20:24:21 @mori {"event":"ag32_batch_status","state":"running","phase":"program","message":"AG32 batch update queued","processed":73856,"total":108924,"device_id":1075838977,"dp_idcode":731911287,"records":3,"programmed":73856,"verified":128,"error":"ESP_OK","cleanup_error":"ESP_OK","address":2148503548,"swd_ack":0,"stack_free_min":0,"mcu_resumed":false,"destructive_started":true,"recovery_required":true}
2026-09-10 20:24:21 @mori {"event":"ag32_batch_status","state":"running","phase":"program","message":"AG32 batch update queued","processed":74880,"total":108924,"device_id":1075838977,"dp_idcode":731911287,"records":3,"programmed":74880,"verified":128,"error":"ESP_OK","cleanup_error":"ESP_OK","address":2148504572,"swd_ack":0,"stack_free_min":0,"mcu_resumed":false,"destructive_started":true,"recovery_required":true}
2026-09-10 20:24:22 @mori {"event":"ag32_batch_status","state":"running","phase":"program","message":"AG32 batch update queued","processed":74880,"total":108924,"device_id":1075838977,"dp_idcode":731911287,"records":3,"programmed":74880,"verified":128,"error":"ESP_OK","cleanup_error":"ESP_OK","address":2148504572,"swd_ack":0,"stack_free_min":0,"mcu_resumed":false,"destructive_started":true,"recovery_required":true}
2026-09-10 20:24:22 @mori {"event":"ag32_batch_status","state":"running","phase":"program","message":"AG32 batch update queued","processed":74880,"total":108924,"device_id":1075838977,"dp_idcode":731911287,"records":3,"programmed":74880,"verified":128,"error":"ESP_OK","cleanup_error":"ESP_OK","address":2148504572,"swd_ack":0,"stack_free_min":0,"mcu_resumed":false,"destructive_started":true,"recovery_required":true}
2026-09-10 20:24:23 @mori {"event":"ag32_batch_status","state":"running","phase":"program","message":"AG32 batch update queued","processed":75904,"total":108924,"device_id":1075838977,"dp_idcode":731911287,"records":3,"programmed":75904,"verified":128,"error":"ESP_OK","cleanup_error":"ESP_OK","address":2148505596,"swd_ack":0,"stack_free_min":0,"mcu_resumed":false,"destructive_started":true,"recovery_required":true}
2026-09-10 20:24:23 @mori {"event":"ag32_batch_status","state":"running","phase":"program","message":"AG32 batch update queued","processed":75904,"total":108924,"device_id":1075838977,"dp_idcode":731911287,"records":3,"programmed":75904,"verified":128,"error":"ESP_OK","cleanup_error":"ESP_OK","address":2148505596,"swd_ack":0,"stack_free_min":0,"mcu_resumed":false,"destructive_started":true,"recovery_required":true}
2026-09-10 20:24:23 @mori {"event":"ag32_batch_status","state":"running","phase":"program","message":"AG32 batch update queued","processed":75904,"total":108924,"device_id":1075838977,"dp_idcode":731911287,"records":3,"programmed":75904,"verified":128,"error":"ESP_OK","cleanup_error":"ESP_OK","address":2148505596,"swd_ack":0,"stack_free_min":0,"mcu_resumed":false,"destructive_started":true,"recovery_required":true}
2026-09-10 20:24:24 @mori {"event":"ag32_batch_status","state":"running","phase":"program","message":"AG32 batch update queued","processed":75904,"total":108924,"device_id":1075838977,"dp_idcode":731911287,"records":3,"programmed":75904,"verified":128,"error":"ESP_OK","cleanup_error":"ESP_OK","address":2148505596,"swd_ack":0,"stack_free_min":0,"mcu_resumed":false,"destructive_started":true,"recovery_required":true}
2026-09-10 20:24:24 @mori {"event":"ag32_batch_status","state":"running","phase":"program","message":"AG32 batch update queued","processed":76928,"total":108924,"device_id":1075838977,"dp_idcode":731911287,"records":3,"programmed":76928,"verified":128,"error":"ESP_OK","cleanup_error":"ESP_OK","address":2148506620,"swd_ack":0,"stack_free_min":0,"mcu_resumed":false,"destructive_started":true,"recovery_required":true}
2026-09-10 20:24:25 @mori {"event":"ag32_batch_status","state":"running","phase":"program","message":"AG32 batch update queued","processed":76928,"total":108924,"device_id":1075838977,"dp_idcode":731911287,"records":3,"programmed":76928,"verified":128,"error":"ESP_OK","cleanup_error":"ESP_OK","address":2148506620,"swd_ack":0,"stack_free_min":0,"mcu_resumed":false,"destructive_started":true,"recovery_required":true}
2026-09-10 20:24:25 @mori {"event":"ag32_batch_status","state":"running","phase":"program","message":"AG32 batch update queued","processed":76928,"total":108924,"device_id":1075838977,"dp_idcode":731911287,"records":3,"programmed":76928,"verified":128,"error":"ESP_OK","cleanup_error":"ESP_OK","address":2148506620,"swd_ack":0,"stack_free_min":0,"mcu_resumed":false,"destructive_started":true,"recovery_required":true}
2026-09-10 20:24:26 @mori {"event":"ag32_batch_status","state":"running","phase":"program","message":"AG32 batch update queued","processed":77952,"total":108924,"device_id":1075838977,"dp_idcode":731911287,"records":3,"programmed":77952,"verified":128,"error":"ESP_OK","cleanup_error":"ESP_OK","address":2148507644,"swd_ack":0,"stack_free_min":0,"mcu_resumed":false,"destructive_started":true,"recovery_required":true}
2026-09-10 20:24:26 @mori {"event":"ag32_batch_status","state":"running","phase":"program","message":"AG32 batch update queued","processed":77952,"total":108924,"device_id":1075838977,"dp_idcode":731911287,"records":3,"programmed":77952,"verified":128,"error":"ESP_OK","cleanup_error":"ESP_OK","address":2148507644,"swd_ack":0,"stack_free_min":0,"mcu_resumed":false,"destructive_started":true,"recovery_required":true}
2026-09-10 20:24:26 @mori {"event":"ag32_batch_status","state":"running","phase":"program","message":"AG32 batch update queued","processed":77952,"total":108924,"device_id":1075838977,"dp_idcode":731911287,"records":3,"programmed":77952,"verified":128,"error":"ESP_OK","cleanup_error":"ESP_OK","address":2148507644,"swd_ack":0,"stack_free_min":0,"mcu_resumed":false,"destructive_started":true,"recovery_required":true}
2026-09-10 20:24:27 @mori {"event":"ag32_batch_status","state":"running","phase":"program","message":"AG32 batch update queued","processed":77952,"total":108924,"device_id":1075838977,"dp_idcode":731911287,"records":3,"programmed":77952,"verified":128,"error":"ESP_OK","cleanup_error":"ESP_OK","address":2148507644,"swd_ack":0,"stack_free_min":0,"mcu_resumed":false,"destructive_started":true,"recovery_required":true}
2026-09-10 20:24:27 @mori {"event":"ag32_batch_status","state":"running","phase":"program","message":"AG32 batch update queued","processed":78976,"total":108924,"device_id":1075838977,"dp_idcode":731911287,"records":3,"programmed":78976,"verified":128,"error":"ESP_OK","cleanup_error":"ESP_OK","address":2148508668,"swd_ack":0,"stack_free_min":0,"mcu_resumed":false,"destructive_started":true,"recovery_required":true}
2026-09-10 20:24:28 @mori {"event":"ag32_batch_status","state":"running","phase":"program","message":"AG32 batch update queued","processed":78976,"total":108924,"device_id":1075838977,"dp_idcode":731911287,"records":3,"programmed":78976,"verified":128,"error":"ESP_OK","cleanup_error":"ESP_OK","address":2148508668,"swd_ack":0,"stack_free_min":0,"mcu_resumed":false,"destructive_started":true,"recovery_required":true}
2026-09-10 20:24:28 @mori {"event":"ag32_batch_status","state":"running","phase":"program","message":"AG32 batch update queued","processed":78976,"total":108924,"device_id":1075838977,"dp_idcode":731911287,"records":3,"programmed":78976,"verified":128,"error":"ESP_OK","cleanup_error":"ESP_OK","address":2148508668,"swd_ack":0,"stack_free_min":0,"mcu_resumed":false,"destructive_started":true,"recovery_required":true}
2026-09-10 20:24:29 @mori {"event":"ag32_batch_status","state":"running","phase":"program","message":"AG32 batch update queued","processed":80000,"total":108924,"device_id":1075838977,"dp_idcode":731911287,"records":3,"programmed":80000,"verified":128,"error":"ESP_OK","cleanup_error":"ESP_OK","address":2148509692,"swd_ack":0,"stack_free_min":0,"mcu_resumed":false,"destructive_started":true,"recovery_required":true}
2026-09-10 20:24:29 @mori {"event":"ag32_batch_status","state":"running","phase":"program","message":"AG32 batch update queued","processed":80000,"total":108924,"device_id":1075838977,"dp_idcode":731911287,"records":3,"programmed":80000,"verified":128,"error":"ESP_OK","cleanup_error":"ESP_OK","address":2148509692,"swd_ack":0,"stack_free_min":0,"mcu_resumed":false,"destructive_started":true,"recovery_required":true}
2026-09-10 20:24:29 @mori {"event":"ag32_batch_status","state":"running","phase":"program","message":"AG32 batch update queued","processed":80000,"total":108924,"device_id":1075838977,"dp_idcode":731911287,"records":3,"programmed":80000,"verified":128,"error":"ESP_OK","cleanup_error":"ESP_OK","address":2148509692,"swd_ack":0,"stack_free_min":0,"mcu_resumed":false,"destructive_started":true,"recovery_required":true}
2026-09-10 20:24:30 @mori {"event":"ag32_batch_status","state":"running","phase":"program","message":"AG32 batch update queued","processed":80000,"total":108924,"device_id":1075838977,"dp_idcode":731911287,"records":3,"programmed":80000,"verified":128,"error":"ESP_OK","cleanup_error":"ESP_OK","address":2148509692,"swd_ack":0,"stack_free_min":0,"mcu_resumed":false,"destructive_started":true,"recovery_required":true}
2026-09-10 20:24:30 @mori {"event":"ag32_batch_status","state":"running","phase":"program","message":"AG32 batch update queued","processed":81024,"total":108924,"device_id":1075838977,"dp_idcode":731911287,"records":3,"programmed":81024,"verified":128,"error":"ESP_OK","cleanup_error":"ESP_OK","address":2148510716,"swd_ack":0,"stack_free_min":0,"mcu_resumed":false,"destructive_started":true,"recovery_required":true}
2026-09-10 20:24:31 @mori {"event":"ag32_batch_status","state":"running","phase":"program","message":"AG32 batch update queued","processed":81024,"total":108924,"device_id":1075838977,"dp_idcode":731911287,"records":3,"programmed":81024,"verified":128,"error":"ESP_OK","cleanup_error":"ESP_OK","address":2148510716,"swd_ack":0,"stack_free_min":0,"mcu_resumed":false,"destructive_started":true,"recovery_required":true}
2026-09-10 20:24:31 @mori {"event":"ag32_batch_status","state":"running","phase":"program","message":"AG32 batch update queued","processed":81024,"total":108924,"device_id":1075838977,"dp_idcode":731911287,"records":3,"programmed":81024,"verified":128,"error":"ESP_OK","cleanup_error":"ESP_OK","address":2148510716,"swd_ack":0,"stack_free_min":0,"mcu_resumed":false,"destructive_started":true,"recovery_required":true}
2026-09-10 20:24:32 @mori {"event":"ag32_batch_status","state":"running","phase":"program","message":"AG32 batch update queued","processed":82048,"total":108924,"device_id":1075838977,"dp_idcode":731911287,"records":3,"programmed":82048,"verified":128,"error":"ESP_OK","cleanup_error":"ESP_OK","address":2148511740,"swd_ack":0,"stack_free_min":0,"mcu_resumed":false,"destructive_started":true,"recovery_required":true}
2026-09-10 20:24:32 @mori {"event":"ag32_batch_status","state":"running","phase":"program","message":"AG32 batch update queued","processed":82048,"total":108924,"device_id":1075838977,"dp_idcode":731911287,"records":3,"programmed":82048,"verified":128,"error":"ESP_OK","cleanup_error":"ESP_OK","address":2148511740,"swd_ack":0,"stack_free_min":0,"mcu_resumed":false,"destructive_started":true,"recovery_required":true}
2026-09-10 20:24:33 @mori {"event":"ag32_batch_status","state":"running","phase":"program","message":"AG32 batch update queued","processed":82048,"total":108924,"device_id":1075838977,"dp_idcode":731911287,"records":3,"programmed":82048,"verified":128,"error":"ESP_OK","cleanup_error":"ESP_OK","address":2148511740,"swd_ack":0,"stack_free_min":0,"mcu_resumed":false,"destructive_started":true,"recovery_required":true}
2026-09-10 20:24:33 @mori {"event":"ag32_batch_status","state":"running","phase":"program","message":"AG32 batch update queued","processed":83072,"total":108924,"device_id":1075838977,"dp_idcode":731911287,"records":3,"programmed":83072,"verified":128,"error":"ESP_OK","cleanup_error":"ESP_OK","address":2148512764,"swd_ack":0,"stack_free_min":0,"mcu_resumed":false,"destructive_started":true,"recovery_required":true}
2026-09-10 20:24:33 @mori {"event":"ag32_batch_status","state":"running","phase":"program","message":"AG32 batch update queued","processed":83072,"total":108924,"device_id":1075838977,"dp_idcode":731911287,"records":3,"programmed":83072,"verified":128,"error":"ESP_OK","cleanup_error":"ESP_OK","address":2148512764,"swd_ack":0,"stack_free_min":0,"mcu_resumed":false,"destructive_started":true,"recovery_required":true}
2026-09-10 20:24:34 @mori {"event":"ag32_batch_status","state":"running","phase":"program","message":"AG32 batch update queued","processed":83072,"total":108924,"device_id":1075838977,"dp_idcode":731911287,"records":3,"programmed":83072,"verified":128,"error":"ESP_OK","cleanup_error":"ESP_OK","address":2148512764,"swd_ack":0,"stack_free_min":0,"mcu_resumed":false,"destructive_started":true,"recovery_required":true}
2026-09-10 20:24:34 @mori {"event":"ag32_batch_status","state":"running","phase":"program","message":"AG32 batch update queued","processed":83072,"total":108924,"device_id":1075838977,"dp_idcode":731911287,"records":3,"programmed":83072,"verified":128,"error":"ESP_OK","cleanup_error":"ESP_OK","address":2148512764,"swd_ack":0,"stack_free_min":0,"mcu_resumed":false,"destructive_started":true,"recovery_required":true}
2026-09-10 20:24:35 @mori {"event":"ag32_batch_status","state":"running","phase":"program","message":"AG32 batch update queued","processed":84096,"total":108924,"device_id":1075838977,"dp_idcode":731911287,"records":3,"programmed":84096,"verified":128,"error":"ESP_OK","cleanup_error":"ESP_OK","address":2148513788,"swd_ack":0,"stack_free_min":0,"mcu_resumed":false,"destructive_started":true,"recovery_required":true}
2026-09-10 20:24:35 @mori {"event":"ag32_batch_status","state":"running","phase":"program","message":"AG32 batch update queued","processed":84096,"total":108924,"device_id":1075838977,"dp_idcode":731911287,"records":3,"programmed":84096,"verified":128,"error":"ESP_OK","cleanup_error":"ESP_OK","address":2148513788,"swd_ack":0,"stack_free_min":0,"mcu_resumed":false,"destructive_started":true,"recovery_required":true}
2026-09-10 20:24:36 @mori {"event":"ag32_batch_status","state":"running","phase":"program","message":"AG32 batch update queued","processed":84096,"total":108924,"device_id":1075838977,"dp_idcode":731911287,"records":3,"programmed":84096,"verified":128,"error":"ESP_OK","cleanup_error":"ESP_OK","address":2148513788,"swd_ack":0,"stack_free_min":0,"mcu_resumed":false,"destructive_started":true,"recovery_required":true}
2026-09-10 20:24:36 @mori {"event":"ag32_batch_status","state":"running","phase":"program","message":"AG32 batch update queued","processed":85120,"total":108924,"device_id":1075838977,"dp_idcode":731911287,"records":3,"programmed":85120,"verified":128,"error":"ESP_OK","cleanup_error":"ESP_OK","address":2148514812,"swd_ack":0,"stack_free_min":0,"mcu_resumed":false,"destructive_started":true,"recovery_required":true}
2026-09-10 20:24:36 @mori {"event":"ag32_batch_status","state":"running","phase":"program","message":"AG32 batch update queued","processed":85120,"total":108924,"device_id":1075838977,"dp_idcode":731911287,"records":3,"programmed":85120,"verified":128,"error":"ESP_OK","cleanup_error":"ESP_OK","address":2148514812,"swd_ack":0,"stack_free_min":0,"mcu_resumed":false,"destructive_started":true,"recovery_required":true}
2026-09-10 20:24:37 @mori {"event":"ag32_batch_status","state":"running","phase":"program","message":"AG32 batch update queued","processed":85120,"total":108924,"device_id":1075838977,"dp_idcode":731911287,"records":3,"programmed":85120,"verified":128,"error":"ESP_OK","cleanup_error":"ESP_OK","address":2148514812,"swd_ack":0,"stack_free_min":0,"mcu_resumed":false,"destructive_started":true,"recovery_required":true}
2026-09-10 20:24:37 @mori {"event":"ag32_batch_status","state":"running","phase":"program","message":"AG32 batch update queued","processed":85120,"total":108924,"device_id":1075838977,"dp_idcode":731911287,"records":3,"programmed":85120,"verified":128,"error":"ESP_OK","cleanup_error":"ESP_OK","address":2148514812,"swd_ack":0,"stack_free_min":0,"mcu_resumed":false,"destructive_started":true,"recovery_required":true}
2026-09-10 20:24:38 @mori {"event":"ag32_batch_status","state":"running","phase":"program","message":"AG32 batch update queued","processed":86144,"total":108924,"device_id":1075838977,"dp_idcode":731911287,"records":3,"programmed":86144,"verified":128,"error":"ESP_OK","cleanup_error":"ESP_OK","address":2148515836,"swd_ack":0,"stack_free_min":0,"mcu_resumed":false,"destructive_started":true,"recovery_required":true}
2026-09-10 20:24:38 @mori {"event":"ag32_batch_status","state":"running","phase":"program","message":"AG32 batch update queued","processed":86144,"total":108924,"device_id":1075838977,"dp_idcode":731911287,"records":3,"programmed":86144,"verified":128,"error":"ESP_OK","cleanup_error":"ESP_OK","address":2148515836,"swd_ack":0,"stack_free_min":0,"mcu_resumed":false,"destructive_started":true,"recovery_required":true}
2026-09-10 20:24:39 @mori {"event":"ag32_batch_status","state":"running","phase":"program","message":"AG32 batch update queued","processed":86144,"total":108924,"device_id":1075838977,"dp_idcode":731911287,"records":3,"programmed":86144,"verified":128,"error":"ESP_OK","cleanup_error":"ESP_OK","address":2148515836,"swd_ack":0,"stack_free_min":0,"mcu_resumed":false,"destructive_started":true,"recovery_required":true}
2026-09-10 20:24:39 @mori {"event":"ag32_batch_status","state":"running","phase":"program","message":"AG32 batch update queued","processed":87168,"total":108924,"device_id":1075838977,"dp_idcode":731911287,"records":3,"programmed":87168,"verified":128,"error":"ESP_OK","cleanup_error":"ESP_OK","address":2148516860,"swd_ack":0,"stack_free_min":0,"mcu_resumed":false,"destructive_started":true,"recovery_required":true}
2026-09-10 20:24:39 @mori {"event":"ag32_batch_status","state":"running","phase":"program","message":"AG32 batch update queued","processed":87168,"total":108924,"device_id":1075838977,"dp_idcode":731911287,"records":3,"programmed":87168,"verified":128,"error":"ESP_OK","cleanup_error":"ESP_OK","address":2148516860,"swd_ack":0,"stack_free_min":0,"mcu_resumed":false,"destructive_started":true,"recovery_required":true}
2026-09-10 20:24:40 @mori {"event":"ag32_batch_status","state":"running","phase":"program","message":"AG32 batch update queued","processed":87168,"total":108924,"device_id":1075838977,"dp_idcode":731911287,"records":3,"programmed":87168,"verified":128,"error":"ESP_OK","cleanup_error":"ESP_OK","address":2148516860,"swd_ack":0,"stack_free_min":0,"mcu_resumed":false,"destructive_started":true,"recovery_required":true}
2026-09-10 20:24:40 @mori {"event":"ag32_batch_status","state":"running","phase":"program","message":"AG32 batch update queued","processed":87168,"total":108924,"device_id":1075838977,"dp_idcode":731911287,"records":3,"programmed":87168,"verified":128,"error":"ESP_OK","cleanup_error":"ESP_OK","address":2148516860,"swd_ack":0,"stack_free_min":0,"mcu_resumed":false,"destructive_started":true,"recovery_required":true}
2026-09-10 20:24:41 @mori {"event":"ag32_batch_status","state":"running","phase":"program","message":"AG32 batch update queued","processed":88192,"total":108924,"device_id":1075838977,"dp_idcode":731911287,"records":3,"programmed":88192,"verified":128,"error":"ESP_OK","cleanup_error":"ESP_OK","address":2148517884,"swd_ack":0,"stack_free_min":0,"mcu_resumed":false,"destructive_started":true,"recovery_required":true}
2026-09-10 20:24:41 @mori {"event":"ag32_batch_status","state":"running","phase":"program","message":"AG32 batch update queued","processed":88192,"total":108924,"device_id":1075838977,"dp_idcode":731911287,"records":3,"programmed":88192,"verified":128,"error":"ESP_OK","cleanup_error":"ESP_OK","address":2148517884,"swd_ack":0,"stack_free_min":0,"mcu_resumed":false,"destructive_started":true,"recovery_required":true}
2026-09-10 20:24:42 @mori {"event":"ag32_batch_status","state":"running","phase":"program","message":"AG32 batch update queued","processed":88192,"total":108924,"device_id":1075838977,"dp_idcode":731911287,"records":3,"programmed":88192,"verified":128,"error":"ESP_OK","cleanup_error":"ESP_OK","address":2148517884,"swd_ack":0,"stack_free_min":0,"mcu_resumed":false,"destructive_started":true,"recovery_required":true}
2026-09-10 20:24:42 @mori {"event":"ag32_batch_status","state":"running","phase":"program","message":"AG32 batch update queued","processed":89216,"total":108924,"device_id":1075838977,"dp_idcode":731911287,"records":3,"programmed":89216,"verified":128,"error":"ESP_OK","cleanup_error":"ESP_OK","address":2148518908,"swd_ack":0,"stack_free_min":0,"mcu_resumed":false,"destructive_started":true,"recovery_required":true}
2026-09-10 20:24:43 @mori {"event":"ag32_batch_status","state":"running","phase":"program","message":"AG32 batch update queued","processed":89216,"total":108924,"device_id":1075838977,"dp_idcode":731911287,"records":3,"programmed":89216,"verified":128,"error":"ESP_OK","cleanup_error":"ESP_OK","address":2148518908,"swd_ack":0,"stack_free_min":0,"mcu_resumed":false,"destructive_started":true,"recovery_required":true}
2026-09-10 20:24:43 @mori {"event":"ag32_batch_status","state":"running","phase":"program","message":"AG32 batch update queued","processed":89216,"total":108924,"device_id":1075838977,"dp_idcode":731911287,"records":3,"programmed":89216,"verified":128,"error":"ESP_OK","cleanup_error":"ESP_OK","address":2148518908,"swd_ack":0,"stack_free_min":0,"mcu_resumed":false,"destructive_started":true,"recovery_required":true}
2026-09-10 20:24:43 @mori {"event":"ag32_batch_status","state":"running","phase":"program","message":"AG32 batch update queued","processed":89216,"total":108924,"device_id":1075838977,"dp_idcode":731911287,"records":3,"programmed":89216,"verified":128,"error":"ESP_OK","cleanup_error":"ESP_OK","address":2148518908,"swd_ack":0,"stack_free_min":0,"mcu_resumed":false,"destructive_started":true,"recovery_required":true}
2026-09-10 20:24:44 @mori {"event":"ag32_batch_status","state":"running","phase":"program","message":"AG32 batch update queued","processed":90240,"total":108924,"device_id":1075838977,"dp_idcode":731911287,"records":3,"programmed":90240,"verified":128,"error":"ESP_OK","cleanup_error":"ESP_OK","address":2148519932,"swd_ack":0,"stack_free_min":0,"mcu_resumed":false,"destructive_started":true,"recovery_required":true}
2026-09-10 20:24:44 @mori {"event":"ag32_batch_status","state":"running","phase":"program","message":"AG32 batch update queued","processed":90240,"total":108924,"device_id":1075838977,"dp_idcode":731911287,"records":3,"programmed":90240,"verified":128,"error":"ESP_OK","cleanup_error":"ESP_OK","address":2148519932,"swd_ack":0,"stack_free_min":0,"mcu_resumed":false,"destructive_started":true,"recovery_required":true}
2026-09-10 20:24:45 @mori {"event":"ag32_batch_status","state":"running","phase":"program","message":"AG32 batch update queued","processed":90240,"total":108924,"device_id":1075838977,"dp_idcode":731911287,"records":3,"programmed":90240,"verified":128,"error":"ESP_OK","cleanup_error":"ESP_OK","address":2148519932,"swd_ack":0,"stack_free_min":0,"mcu_resumed":false,"destructive_started":true,"recovery_required":true}
2026-09-10 20:24:45 @mori {"event":"ag32_batch_status","state":"running","phase":"program","message":"AG32 batch update queued","processed":91264,"total":108924,"device_id":1075838977,"dp_idcode":731911287,"records":3,"programmed":91264,"verified":128,"error":"ESP_OK","cleanup_error":"ESP_OK","address":2148520956,"swd_ack":0,"stack_free_min":0,"mcu_resumed":false,"destructive_started":true,"recovery_required":true}
2026-09-10 20:24:46 @mori {"event":"ag32_batch_status","state":"running","phase":"program","message":"AG32 batch update queued","processed":91264,"total":108924,"device_id":1075838977,"dp_idcode":731911287,"records":3,"programmed":91264,"verified":128,"error":"ESP_OK","cleanup_error":"ESP_OK","address":2148520956,"swd_ack":0,"stack_free_min":0,"mcu_resumed":false,"destructive_started":true,"recovery_required":true}
2026-09-10 20:24:46 @mori {"event":"ag32_batch_status","state":"running","phase":"program","message":"AG32 batch update queued","processed":91264,"total":108924,"device_id":1075838977,"dp_idcode":731911287,"records":3,"programmed":91264,"verified":128,"error":"ESP_OK","cleanup_error":"ESP_OK","address":2148520956,"swd_ack":0,"stack_free_min":0,"mcu_resumed":false,"destructive_started":true,"recovery_required":true}
2026-09-10 20:24:46 @mori {"event":"ag32_batch_status","state":"running","phase":"program","message":"AG32 batch update queued","processed":91264,"total":108924,"device_id":1075838977,"dp_idcode":731911287,"records":3,"programmed":91264,"verified":128,"error":"ESP_OK","cleanup_error":"ESP_OK","address":2148520956,"swd_ack":0,"stack_free_min":0,"mcu_resumed":false,"destructive_started":true,"recovery_required":true}
2026-09-10 20:24:47 @mori {"event":"ag32_batch_status","state":"running","phase":"program","message":"AG32 batch update queued","processed":92288,"total":108924,"device_id":1075838977,"dp_idcode":731911287,"records":3,"programmed":92288,"verified":128,"error":"ESP_OK","cleanup_error":"ESP_OK","address":2148521980,"swd_ack":0,"stack_free_min":0,"mcu_resumed":false,"destructive_started":true,"recovery_required":true}
2026-09-10 20:24:47 @mori {"event":"ag32_batch_status","state":"running","phase":"program","message":"AG32 batch update queued","processed":92288,"total":108924,"device_id":1075838977,"dp_idcode":731911287,"records":3,"programmed":92288,"verified":128,"error":"ESP_OK","cleanup_error":"ESP_OK","address":2148521980,"swd_ack":0,"stack_free_min":0,"mcu_resumed":false,"destructive_started":true,"recovery_required":true}
2026-09-10 20:24:48 @mori {"event":"ag32_batch_status","state":"running","phase":"program","message":"AG32 batch update queued","processed":92288,"total":108924,"device_id":1075838977,"dp_idcode":731911287,"records":3,"programmed":92288,"verified":128,"error":"ESP_OK","cleanup_error":"ESP_OK","address":2148521980,"swd_ack":0,"stack_free_min":0,"mcu_resumed":false,"destructive_started":true,"recovery_required":true}
2026-09-10 20:24:48 @mori {"event":"ag32_batch_status","state":"running","phase":"program","message":"AG32 batch update queued","processed":93312,"total":108924,"device_id":1075838977,"dp_idcode":731911287,"records":3,"programmed":93312,"verified":128,"error":"ESP_OK","cleanup_error":"ESP_OK","address":2148523004,"swd_ack":0,"stack_free_min":0,"mcu_resumed":false,"destructive_started":true,"recovery_required":true}
2026-09-10 20:24:49 @mori {"event":"ag32_batch_status","state":"running","phase":"program","message":"AG32 batch update queued","processed":93312,"total":108924,"device_id":1075838977,"dp_idcode":731911287,"records":3,"programmed":93312,"verified":128,"error":"ESP_OK","cleanup_error":"ESP_OK","address":2148523004,"swd_ack":0,"stack_free_min":0,"mcu_resumed":false,"destructive_started":true,"recovery_required":true}
2026-09-10 20:24:49 @mori {"event":"ag32_batch_status","state":"running","phase":"program","message":"AG32 batch update queued","processed":93312,"total":108924,"device_id":1075838977,"dp_idcode":731911287,"records":3,"programmed":93312,"verified":128,"error":"ESP_OK","cleanup_error":"ESP_OK","address":2148523004,"swd_ack":0,"stack_free_min":0,"mcu_resumed":false,"destructive_started":true,"recovery_required":true}
2026-09-10 20:24:49 @mori {"event":"ag32_batch_status","state":"running","phase":"program","message":"AG32 batch update queued","processed":93312,"total":108924,"device_id":1075838977,"dp_idcode":731911287,"records":3,"programmed":93312,"verified":128,"error":"ESP_OK","cleanup_error":"ESP_OK","address":2148523004,"swd_ack":0,"stack_free_min":0,"mcu_resumed":false,"destructive_started":true,"recovery_required":true}
2026-09-10 20:24:50 @mori {"event":"ag32_batch_status","state":"running","phase":"program","message":"AG32 batch update queued","processed":94336,"total":108924,"device_id":1075838977,"dp_idcode":731911287,"records":3,"programmed":94336,"verified":128,"error":"ESP_OK","cleanup_error":"ESP_OK","address":2148524028,"swd_ack":0,"stack_free_min":0,"mcu_resumed":false,"destructive_started":true,"recovery_required":true}
2026-09-10 20:24:50 @mori {"event":"ag32_batch_status","state":"running","phase":"program","message":"AG32 batch update queued","processed":94336,"total":108924,"device_id":1075838977,"dp_idcode":731911287,"records":3,"programmed":94336,"verified":128,"error":"ESP_OK","cleanup_error":"ESP_OK","address":2148524028,"swd_ack":0,"stack_free_min":0,"mcu_resumed":false,"destructive_started":true,"recovery_required":true}
2026-09-10 20:24:51 @mori {"event":"ag32_batch_status","state":"running","phase":"program","message":"AG32 batch update queued","processed":94336,"total":108924,"device_id":1075838977,"dp_idcode":731911287,"records":3,"programmed":94336,"verified":128,"error":"ESP_OK","cleanup_error":"ESP_OK","address":2148524028,"swd_ack":0,"stack_free_min":0,"mcu_resumed":false,"destructive_started":true,"recovery_required":true}
2026-09-10 20:24:51 @mori {"event":"ag32_batch_status","state":"running","phase":"program","message":"AG32 batch update queued","processed":95360,"total":108924,"device_id":1075838977,"dp_idcode":731911287,"records":3,"programmed":95360,"verified":128,"error":"ESP_OK","cleanup_error":"ESP_OK","address":2148525052,"swd_ack":0,"stack_free_min":0,"mcu_resumed":false,"destructive_started":true,"recovery_required":true}
2026-09-10 20:24:52 @mori {"event":"ag32_batch_status","state":"running","phase":"program","message":"AG32 batch update queued","processed":95360,"total":108924,"device_id":1075838977,"dp_idcode":731911287,"records":3,"programmed":95360,"verified":128,"error":"ESP_OK","cleanup_error":"ESP_OK","address":2148525052,"swd_ack":0,"stack_free_min":0,"mcu_resumed":false,"destructive_started":true,"recovery_required":true}
2026-09-10 20:24:52 @mori {"event":"ag32_batch_status","state":"running","phase":"program","message":"AG32 batch update queued","processed":95360,"total":108924,"device_id":1075838977,"dp_idcode":731911287,"records":3,"programmed":95360,"verified":128,"error":"ESP_OK","cleanup_error":"ESP_OK","address":2148525052,"swd_ack":0,"stack_free_min":0,"mcu_resumed":false,"destructive_started":true,"recovery_required":true}
2026-09-10 20:24:53 @mori {"event":"ag32_batch_status","state":"running","phase":"program","message":"AG32 batch update queued","processed":95360,"total":108924,"device_id":1075838977,"dp_idcode":731911287,"records":3,"programmed":95360,"verified":128,"error":"ESP_OK","cleanup_error":"ESP_OK","address":2148525052,"swd_ack":0,"stack_free_min":0,"mcu_resumed":false,"destructive_started":true,"recovery_required":true}
2026-09-10 20:24:53 @mori {"event":"ag32_batch_status","state":"running","phase":"program","message":"AG32 batch update queued","processed":96384,"total":108924,"device_id":1075838977,"dp_idcode":731911287,"records":3,"programmed":96384,"verified":128,"error":"ESP_OK","cleanup_error":"ESP_OK","address":2148526076,"swd_ack":0,"stack_free_min":0,"mcu_resumed":false,"destructive_started":true,"recovery_required":true}
2026-09-10 20:24:53 @mori {"event":"ag32_batch_status","state":"running","phase":"program","message":"AG32 batch update queued","processed":96384,"total":108924,"device_id":1075838977,"dp_idcode":731911287,"records":3,"programmed":96384,"verified":128,"error":"ESP_OK","cleanup_error":"ESP_OK","address":2148526076,"swd_ack":0,"stack_free_min":0,"mcu_resumed":false,"destructive_started":true,"recovery_required":true}
2026-09-10 20:24:54 @mori {"event":"ag32_batch_status","state":"running","phase":"program","message":"AG32 batch update queued","processed":96384,"total":108924,"device_id":1075838977,"dp_idcode":731911287,"records":3,"programmed":96384,"verified":128,"error":"ESP_OK","cleanup_error":"ESP_OK","address":2148526076,"swd_ack":0,"stack_free_min":0,"mcu_resumed":false,"destructive_started":true,"recovery_required":true}
2026-09-10 20:24:54 @mori {"event":"ag32_batch_status","state":"running","phase":"program","message":"AG32 batch update queued","processed":97408,"total":108924,"device_id":1075838977,"dp_idcode":731911287,"records":3,"programmed":97408,"verified":128,"error":"ESP_OK","cleanup_error":"ESP_OK","address":2148527100,"swd_ack":0,"stack_free_min":0,"mcu_resumed":false,"destructive_started":true,"recovery_required":true}
2026-09-10 20:24:55 @mori {"event":"ag32_batch_status","state":"running","phase":"program","message":"AG32 batch update queued","processed":97408,"total":108924,"device_id":1075838977,"dp_idcode":731911287,"records":3,"programmed":97408,"verified":128,"error":"ESP_OK","cleanup_error":"ESP_OK","address":2148527100,"swd_ack":0,"stack_free_min":0,"mcu_resumed":false,"destructive_started":true,"recovery_required":true}
2026-09-10 20:24:55 @mori {"event":"ag32_batch_status","state":"running","phase":"program","message":"AG32 batch update queued","processed":97408,"total":108924,"device_id":1075838977,"dp_idcode":731911287,"records":3,"programmed":97408,"verified":128,"error":"ESP_OK","cleanup_error":"ESP_OK","address":2148527100,"swd_ack":0,"stack_free_min":0,"mcu_resumed":false,"destructive_started":true,"recovery_required":true}
2026-09-10 20:24:56 @mori {"event":"ag32_batch_status","state":"running","phase":"program","message":"AG32 batch update queued","processed":98432,"total":108924,"device_id":1075838977,"dp_idcode":731911287,"records":3,"programmed":98432,"verified":128,"error":"ESP_OK","cleanup_error":"ESP_OK","address":2148528124,"swd_ack":0,"stack_free_min":0,"mcu_resumed":false,"destructive_started":true,"recovery_required":true}
2026-09-10 20:24:56 @mori {"event":"ag32_batch_status","state":"running","phase":"program","message":"AG32 batch update queued","processed":98432,"total":108924,"device_id":1075838977,"dp_idcode":731911287,"records":3,"programmed":98432,"verified":128,"error":"ESP_OK","cleanup_error":"ESP_OK","address":2148528124,"swd_ack":0,"stack_free_min":0,"mcu_resumed":false,"destructive_started":true,"recovery_required":true}
2026-09-10 20:24:56 @mori {"event":"ag32_batch_status","state":"running","phase":"program","message":"AG32 batch update queued","processed":98432,"total":108924,"device_id":1075838977,"dp_idcode":731911287,"records":3,"programmed":98432,"verified":128,"error":"ESP_OK","cleanup_error":"ESP_OK","address":2148528124,"swd_ack":0,"stack_free_min":0,"mcu_resumed":false,"destructive_started":true,"recovery_required":true}
2026-09-10 20:24:57 @mori {"event":"ag32_batch_status","state":"running","phase":"program","message":"AG32 batch update queued","processed":98432,"total":108924,"device_id":1075838977,"dp_idcode":731911287,"records":3,"programmed":98432,"verified":128,"error":"ESP_OK","cleanup_error":"ESP_OK","address":2148528124,"swd_ack":0,"stack_free_min":0,"mcu_resumed":false,"destructive_started":true,"recovery_required":true}
2026-09-10 20:24:57 @mori {"event":"ag32_batch_status","state":"running","phase":"program","message":"AG32 batch update queued","processed":99456,"total":108924,"device_id":1075838977,"dp_idcode":731911287,"records":3,"programmed":99456,"verified":128,"error":"ESP_OK","cleanup_error":"ESP_OK","address":2148529148,"swd_ack":0,"stack_free_min":0,"mcu_resumed":false,"destructive_started":true,"recovery_required":true}
2026-09-10 20:24:58 @mori {"event":"ag32_batch_status","state":"running","phase":"program","message":"AG32 batch update queued","processed":99456,"total":108924,"device_id":1075838977,"dp_idcode":731911287,"records":3,"programmed":99456,"verified":128,"error":"ESP_OK","cleanup_error":"ESP_OK","address":2148529148,"swd_ack":0,"stack_free_min":0,"mcu_resumed":false,"destructive_started":true,"recovery_required":true}
2026-09-10 20:24:58 @mori {"event":"ag32_batch_status","state":"running","phase":"verify","message":"AG32 batch update queued","processed":0,"total":108924,"device_id":1075838977,"dp_idcode":731911287,"records":3,"programmed":100072,"verified":128,"error":"ESP_OK","cleanup_error":"ESP_OK","address":2148529764,"swd_ack":0,"stack_free_min":0,"mcu_resumed":false,"destructive_started":true,"recovery_required":true}
2026-09-10 20:24:59 @mori {"event":"ag32_batch_status","state":"running","phase":"verify","message":"AG32 batch update queued","processed":0,"total":108924,"device_id":1075838977,"dp_idcode":731911287,"records":3,"programmed":100072,"verified":128,"error":"ESP_OK","cleanup_error":"ESP_OK","address":2148529764,"swd_ack":0,"stack_free_min":0,"mcu_resumed":false,"destructive_started":true,"recovery_required":true}
2026-09-10 20:24:59 @mori {"event":"ag32_batch_status","state":"running","phase":"verify","message":"AG32 batch update queued","processed":1152,"total":108924,"device_id":1075838977,"dp_idcode":731911287,"records":3,"programmed":100072,"verified":1152,"error":"ESP_OK","cleanup_error":"ESP_OK","address":2148430844,"swd_ack":0,"stack_free_min":0,"mcu_resumed":false,"destructive_started":true,"recovery_required":true}
2026-09-10 20:25:00 @mori {"event":"ag32_batch_status","state":"running","phase":"verify","message":"AG32 batch update queued","processed":1152,"total":108924,"device_id":1075838977,"dp_idcode":731911287,"records":3,"programmed":100072,"verified":1152,"error":"ESP_OK","cleanup_error":"ESP_OK","address":2148430844,"swd_ack":0,"stack_free_min":0,"mcu_resumed":false,"destructive_started":true,"recovery_required":true}
2026-09-10 20:25:00 @mori {"event":"ag32_batch_status","state":"running","phase":"verify","message":"AG32 batch update queued","processed":2176,"total":108924,"device_id":1075838977,"dp_idcode":731911287,"records":3,"programmed":100072,"verified":2176,"error":"ESP_OK","cleanup_error":"ESP_OK","address":2148431868,"swd_ack":0,"stack_free_min":0,"mcu_resumed":false,"destructive_started":true,"recovery_required":true}
2026-09-10 20:25:00 @mori {"event":"ag32_batch_status","state":"running","phase":"verify","message":"AG32 batch update queued","processed":2176,"total":108924,"device_id":1075838977,"dp_idcode":731911287,"records":3,"programmed":100072,"verified":2176,"error":"ESP_OK","cleanup_error":"ESP_OK","address":2148431868,"swd_ack":0,"stack_free_min":0,"mcu_resumed":false,"destructive_started":true,"recovery_required":true}
2026-09-10 20:25:01 @mori {"event":"ag32_batch_status","state":"running","phase":"verify","message":"AG32 batch update queued","processed":3200,"total":108924,"device_id":1075838977,"dp_idcode":731911287,"records":3,"programmed":100072,"verified":3200,"error":"ESP_OK","cleanup_error":"ESP_OK","address":2148432892,"swd_ack":0,"stack_free_min":0,"mcu_resumed":false,"destructive_started":true,"recovery_required":true}
2026-09-10 20:25:01 @mori {"event":"ag32_batch_status","state":"running","phase":"verify","message":"AG32 batch update queued","processed":4224,"total":108924,"device_id":1075838977,"dp_idcode":731911287,"records":3,"programmed":100072,"verified":4224,"error":"ESP_OK","cleanup_error":"ESP_OK","address":2148433916,"swd_ack":0,"stack_free_min":0,"mcu_resumed":false,"destructive_started":true,"recovery_required":true}
2026-09-10 20:25:02 @mori {"event":"ag32_batch_status","state":"running","phase":"verify","message":"AG32 batch update queued","processed":4224,"total":108924,"device_id":1075838977,"dp_idcode":731911287,"records":3,"programmed":100072,"verified":4224,"error":"ESP_OK","cleanup_error":"ESP_OK","address":2148433916,"swd_ack":0,"stack_free_min":0,"mcu_resumed":false,"destructive_started":true,"recovery_required":true}
2026-09-10 20:25:02 @mori {"event":"ag32_batch_status","state":"running","phase":"verify","message":"AG32 batch update queued","processed":5248,"total":108924,"device_id":1075838977,"dp_idcode":731911287,"records":3,"programmed":100072,"verified":5248,"error":"ESP_OK","cleanup_error":"ESP_OK","address":2148434940,"swd_ack":0,"stack_free_min":0,"mcu_resumed":false,"destructive_started":true,"recovery_required":true}
2026-09-10 20:25:03 @mori {"event":"ag32_batch_status","state":"running","phase":"verify","message":"AG32 batch update queued","processed":5248,"total":108924,"device_id":1075838977,"dp_idcode":731911287,"records":3,"programmed":100072,"verified":5248,"error":"ESP_OK","cleanup_error":"ESP_OK","address":2148434940,"swd_ack":0,"stack_free_min":0,"mcu_resumed":false,"destructive_started":true,"recovery_required":true}
2026-09-10 20:25:03 @mori {"event":"ag32_batch_status","state":"running","phase":"verify","message":"AG32 batch update queued","processed":6272,"total":108924,"device_id":1075838977,"dp_idcode":731911287,"records":3,"programmed":100072,"verified":6272,"error":"ESP_OK","cleanup_error":"ESP_OK","address":2148435964,"swd_ack":0,"stack_free_min":0,"mcu_resumed":false,"destructive_started":true,"recovery_required":true}
2026-09-10 20:25:03 @mori {"event":"ag32_batch_status","state":"running","phase":"verify","message":"AG32 batch update queued","processed":6272,"total":108924,"device_id":1075838977,"dp_idcode":731911287,"records":3,"programmed":100072,"verified":6272,"error":"ESP_OK","cleanup_error":"ESP_OK","address":2148435964,"swd_ack":0,"stack_free_min":0,"mcu_resumed":false,"destructive_started":true,"recovery_required":true}
2026-09-10 20:25:04 @mori {"event":"ag32_batch_status","state":"running","phase":"verify","message":"AG32 batch update queued","processed":7296,"total":108924,"device_id":1075838977,"dp_idcode":731911287,"records":3,"programmed":100072,"verified":7296,"error":"ESP_OK","cleanup_error":"ESP_OK","address":2148436988,"swd_ack":0,"stack_free_min":0,"mcu_resumed":false,"destructive_started":true,"recovery_required":true}
2026-09-10 20:25:04 @mori {"event":"ag32_batch_status","state":"running","phase":"verify","message":"AG32 batch update queued","processed":7296,"total":108924,"device_id":1075838977,"dp_idcode":731911287,"records":3,"programmed":100072,"verified":7296,"error":"ESP_OK","cleanup_error":"ESP_OK","address":2148436988,"swd_ack":0,"stack_free_min":0,"mcu_resumed":false,"destructive_started":true,"recovery_required":true}
2026-09-10 20:25:05 @mori {"event":"ag32_batch_status","state":"running","phase":"verify","message":"AG32 batch update queued","processed":8320,"total":108924,"device_id":1075838977,"dp_idcode":731911287,"records":3,"programmed":100072,"verified":8320,"error":"ESP_OK","cleanup_error":"ESP_OK","address":2148438012,"swd_ack":0,"stack_free_min":0,"mcu_resumed":false,"destructive_started":true,"recovery_required":true}
2026-09-10 20:25:05 @mori {"event":"ag32_batch_status","state":"running","phase":"verify","message":"AG32 batch update queued","processed":8320,"total":108924,"device_id":1075838977,"dp_idcode":731911287,"records":3,"programmed":100072,"verified":8320,"error":"ESP_OK","cleanup_error":"ESP_OK","address":2148438012,"swd_ack":0,"stack_free_min":0,"mcu_resumed":false,"destructive_started":true,"recovery_required":true}
2026-09-10 20:25:06 @mori {"event":"ag32_batch_status","state":"running","phase":"verify","message":"AG32 batch update queued","processed":9344,"total":108924,"device_id":1075838977,"dp_idcode":731911287,"records":3,"programmed":100072,"verified":9344,"error":"ESP_OK","cleanup_error":"ESP_OK","address":2148439036,"swd_ack":0,"stack_free_min":0,"mcu_resumed":false,"destructive_started":true,"recovery_required":true}
2026-09-10 20:25:06 @mori {"event":"ag32_batch_status","state":"running","phase":"verify","message":"AG32 batch update queued","processed":9344,"total":108924,"device_id":1075838977,"dp_idcode":731911287,"records":3,"programmed":100072,"verified":9344,"error":"ESP_OK","cleanup_error":"ESP_OK","address":2148439036,"swd_ack":0,"stack_free_min":0,"mcu_resumed":false,"destructive_started":true,"recovery_required":true}
2026-09-10 20:25:06 @mori {"event":"ag32_batch_status","state":"running","phase":"verify","message":"AG32 batch update queued","processed":10368,"total":108924,"device_id":1075838977,"dp_idcode":731911287,"records":3,"programmed":100072,"verified":10368,"error":"ESP_OK","cleanup_error":"ESP_OK","address":2148440060,"swd_ack":0,"stack_free_min":0,"mcu_resumed":false,"destructive_started":true,"recovery_required":true}
2026-09-10 20:25:07 @mori {"event":"ag32_batch_status","state":"running","phase":"verify","message":"AG32 batch update queued","processed":11392,"total":108924,"device_id":1075838977,"dp_idcode":731911287,"records":3,"programmed":100072,"verified":11392,"error":"ESP_OK","cleanup_error":"ESP_OK","address":2148441084,"swd_ack":0,"stack_free_min":0,"mcu_resumed":false,"destructive_started":true,"recovery_required":true}
2026-09-10 20:25:07 @mori {"event":"ag32_batch_status","state":"running","phase":"verify","message":"AG32 batch update queued","processed":11392,"total":108924,"device_id":1075838977,"dp_idcode":731911287,"records":3,"programmed":100072,"verified":11392,"error":"ESP_OK","cleanup_error":"ESP_OK","address":2148441084,"swd_ack":0,"stack_free_min":0,"mcu_resumed":false,"destructive_started":true,"recovery_required":true}
2026-09-10 20:25:08 @mori {"event":"ag32_batch_status","state":"running","phase":"verify","message":"AG32 batch update queued","processed":12416,"total":108924,"device_id":1075838977,"dp_idcode":731911287,"records":3,"programmed":100072,"verified":12416,"error":"ESP_OK","cleanup_error":"ESP_OK","address":2148442108,"swd_ack":0,"stack_free_min":0,"mcu_resumed":false,"destructive_started":true,"recovery_required":true}
2026-09-10 20:25:08 @mori {"event":"ag32_batch_status","state":"running","phase":"verify","message":"AG32 batch update queued","processed":12416,"total":108924,"device_id":1075838977,"dp_idcode":731911287,"records":3,"programmed":100072,"verified":12416,"error":"ESP_OK","cleanup_error":"ESP_OK","address":2148442108,"swd_ack":0,"stack_free_min":0,"mcu_resumed":false,"destructive_started":true,"recovery_required":true}
2026-09-10 20:25:09 @mori {"event":"ag32_batch_status","state":"running","phase":"verify","message":"AG32 batch update queued","processed":13440,"total":108924,"device_id":1075838977,"dp_idcode":731911287,"records":3,"programmed":100072,"verified":13440,"error":"ESP_OK","cleanup_error":"ESP_OK","address":2148443132,"swd_ack":0,"stack_free_min":0,"mcu_resumed":false,"destructive_started":true,"recovery_required":true}
2026-09-10 20:25:09 @mori {"event":"ag32_batch_status","state":"running","phase":"verify","message":"AG32 batch update queued","processed":13440,"total":108924,"device_id":1075838977,"dp_idcode":731911287,"records":3,"programmed":100072,"verified":13440,"error":"ESP_OK","cleanup_error":"ESP_OK","address":2148443132,"swd_ack":0,"stack_free_min":0,"mcu_resumed":false,"destructive_started":true,"recovery_required":true}
2026-09-10 20:25:09 @mori {"event":"ag32_batch_status","state":"running","phase":"verify","message":"AG32 batch update queued","processed":14464,"total":108924,"device_id":1075838977,"dp_idcode":731911287,"records":3,"programmed":100072,"verified":14464,"error":"ESP_OK","cleanup_error":"ESP_OK","address":2148444156,"swd_ack":0,"stack_free_min":0,"mcu_resumed":false,"destructive_started":true,"recovery_required":true}
2026-09-10 20:25:10 @mori {"event":"ag32_batch_status","state":"running","phase":"verify","message":"AG32 batch update queued","processed":14464,"total":108924,"device_id":1075838977,"dp_idcode":731911287,"records":3,"programmed":100072,"verified":14464,"error":"ESP_OK","cleanup_error":"ESP_OK","address":2148444156,"swd_ack":0,"stack_free_min":0,"mcu_resumed":false,"destructive_started":true,"recovery_required":true}
2026-09-10 20:25:10 @mori {"event":"ag32_batch_status","state":"running","phase":"verify","message":"AG32 batch update queued","processed":15488,"total":108924,"device_id":1075838977,"dp_idcode":731911287,"records":3,"programmed":100072,"verified":15488,"error":"ESP_OK","cleanup_error":"ESP_OK","address":2148445180,"swd_ack":0,"stack_free_min":0,"mcu_resumed":false,"destructive_started":true,"recovery_required":true}
2026-09-10 20:25:11 @mori {"event":"ag32_batch_status","state":"running","phase":"verify","message":"AG32 batch update queued","processed":15488,"total":108924,"device_id":1075838977,"dp_idcode":731911287,"records":3,"programmed":100072,"verified":15488,"error":"ESP_OK","cleanup_error":"ESP_OK","address":2148445180,"swd_ack":0,"stack_free_min":0,"mcu_resumed":false,"destructive_started":true,"recovery_required":true}
2026-09-10 20:25:11 @mori {"event":"ag32_batch_status","state":"running","phase":"verify","message":"AG32 batch update queued","processed":16512,"total":108924,"device_id":1075838977,"dp_idcode":731911287,"records":3,"programmed":100072,"verified":16512,"error":"ESP_OK","cleanup_error":"ESP_OK","address":2148446204,"swd_ack":0,"stack_free_min":0,"mcu_resumed":false,"destructive_started":true,"recovery_required":true}
2026-09-10 20:25:12 @mori {"event":"ag32_batch_status","state":"running","phase":"verify","message":"AG32 batch update queued","processed":16512,"total":108924,"device_id":1075838977,"dp_idcode":731911287,"records":3,"programmed":100072,"verified":16512,"error":"ESP_OK","cleanup_error":"ESP_OK","address":2148446204,"swd_ack":0,"stack_free_min":0,"mcu_resumed":false,"destructive_started":true,"recovery_required":true}
2026-09-10 20:25:12 @mori {"event":"ag32_batch_status","state":"running","phase":"verify","message":"AG32 batch update queued","processed":17536,"total":108924,"device_id":1075838977,"dp_idcode":731911287,"records":3,"programmed":100072,"verified":17536,"error":"ESP_OK","cleanup_error":"ESP_OK","address":2148447228,"swd_ack":0,"stack_free_min":0,"mcu_resumed":false,"destructive_started":true,"recovery_required":true}
2026-09-10 20:25:13 @mori {"event":"ag32_batch_status","state":"running","phase":"verify","message":"AG32 batch update queued","processed":18560,"total":108924,"device_id":1075838977,"dp_idcode":731911287,"records":3,"programmed":100072,"verified":18560,"error":"ESP_OK","cleanup_error":"ESP_OK","address":2148448252,"swd_ack":0,"stack_free_min":0,"mcu_resumed":false,"destructive_started":true,"recovery_required":true}
2026-09-10 20:25:13 @mori {"event":"ag32_batch_status","state":"running","phase":"verify","message":"AG32 batch update queued","processed":18560,"total":108924,"device_id":1075838977,"dp_idcode":731911287,"records":3,"programmed":100072,"verified":18560,"error":"ESP_OK","cleanup_error":"ESP_OK","address":2148448252,"swd_ack":0,"stack_free_min":0,"mcu_resumed":false,"destructive_started":true,"recovery_required":true}
2026-09-10 20:25:13 @mori {"event":"ag32_batch_status","state":"running","phase":"verify","message":"AG32 batch update queued","processed":19584,"total":108924,"device_id":1075838977,"dp_idcode":731911287,"records":3,"programmed":100072,"verified":19584,"error":"ESP_OK","cleanup_error":"ESP_OK","address":2148449276,"swd_ack":0,"stack_free_min":0,"mcu_resumed":false,"destructive_started":true,"recovery_required":true}
2026-09-10 20:25:14 @mori {"event":"ag32_batch_status","state":"running","phase":"verify","message":"AG32 batch update queued","processed":19584,"total":108924,"device_id":1075838977,"dp_idcode":731911287,"records":3,"programmed":100072,"verified":19584,"error":"ESP_OK","cleanup_error":"ESP_OK","address":2148449276,"swd_ack":0,"stack_free_min":0,"mcu_resumed":false,"destructive_started":true,"recovery_required":true}
2026-09-10 20:25:14 @mori {"event":"ag32_batch_status","state":"running","phase":"verify","message":"AG32 batch update queued","processed":20608,"total":108924,"device_id":1075838977,"dp_idcode":731911287,"records":3,"programmed":100072,"verified":20608,"error":"ESP_OK","cleanup_error":"ESP_OK","address":2148450300,"swd_ack":0,"stack_free_min":0,"mcu_resumed":false,"destructive_started":true,"recovery_required":true}
2026-09-10 20:25:15 @mori {"event":"ag32_batch_status","state":"running","phase":"verify","message":"AG32 batch update queued","processed":20608,"total":108924,"device_id":1075838977,"dp_idcode":731911287,"records":3,"programmed":100072,"verified":20608,"error":"ESP_OK","cleanup_error":"ESP_OK","address":2148450300,"swd_ack":0,"stack_free_min":0,"mcu_resumed":false,"destructive_started":true,"recovery_required":true}
2026-09-10 20:25:15 @mori {"event":"ag32_batch_status","state":"running","phase":"verify","message":"AG32 batch update queued","processed":21632,"total":108924,"device_id":1075838977,"dp_idcode":731911287,"records":3,"programmed":100072,"verified":21632,"error":"ESP_OK","cleanup_error":"ESP_OK","address":2148451324,"swd_ack":0,"stack_free_min":0,"mcu_resumed":false,"destructive_started":true,"recovery_required":true}
2026-09-10 20:25:16 @mori {"event":"ag32_batch_status","state":"running","phase":"verify","message":"AG32 batch update queued","processed":21632,"total":108924,"device_id":1075838977,"dp_idcode":731911287,"records":3,"programmed":100072,"verified":21632,"error":"ESP_OK","cleanup_error":"ESP_OK","address":2148451324,"swd_ack":0,"stack_free_min":0,"mcu_resumed":false,"destructive_started":true,"recovery_required":true}
2026-09-10 20:25:16 @mori {"event":"ag32_batch_status","state":"running","phase":"verify","message":"AG32 batch update queued","processed":22656,"total":108924,"device_id":1075838977,"dp_idcode":731911287,"records":3,"programmed":100072,"verified":22656,"error":"ESP_OK","cleanup_error":"ESP_OK","address":2148452348,"swd_ack":0,"stack_free_min":0,"mcu_resumed":false,"destructive_started":true,"recovery_required":true}
2026-09-10 20:25:16 @mori {"event":"ag32_batch_status","state":"running","phase":"verify","message":"AG32 batch update queued","processed":22656,"total":108924,"device_id":1075838977,"dp_idcode":731911287,"records":3,"programmed":100072,"verified":22656,"error":"ESP_OK","cleanup_error":"ESP_OK","address":2148452348,"swd_ack":0,"stack_free_min":0,"mcu_resumed":false,"destructive_started":true,"recovery_required":true}
2026-09-10 20:25:17 @mori {"event":"ag32_batch_status","state":"running","phase":"verify","message":"AG32 batch update queued","processed":23680,"total":108924,"device_id":1075838977,"dp_idcode":731911287,"records":3,"programmed":100072,"verified":23680,"error":"ESP_OK","cleanup_error":"ESP_OK","address":2148453372,"swd_ack":0,"stack_free_min":0,"mcu_resumed":false,"destructive_started":true,"recovery_required":true}
2026-09-10 20:25:17 @mori {"event":"ag32_batch_status","state":"running","phase":"verify","message":"AG32 batch update queued","processed":24704,"total":108924,"device_id":1075838977,"dp_idcode":731911287,"records":3,"programmed":100072,"verified":24704,"error":"ESP_OK","cleanup_error":"ESP_OK","address":2148454396,"swd_ack":0,"stack_free_min":0,"mcu_resumed":false,"destructive_started":true,"recovery_required":true}
2026-09-10 20:25:18 @mori {"event":"ag32_batch_status","state":"running","phase":"verify","message":"AG32 batch update queued","processed":24704,"total":108924,"device_id":1075838977,"dp_idcode":731911287,"records":3,"programmed":100072,"verified":24704,"error":"ESP_OK","cleanup_error":"ESP_OK","address":2148454396,"swd_ack":0,"stack_free_min":0,"mcu_resumed":false,"destructive_started":true,"recovery_required":true}
2026-09-10 20:25:18 @mori {"event":"ag32_batch_status","state":"running","phase":"verify","message":"AG32 batch update queued","processed":25728,"total":108924,"device_id":1075838977,"dp_idcode":731911287,"records":3,"programmed":100072,"verified":25728,"error":"ESP_OK","cleanup_error":"ESP_OK","address":2148455420,"swd_ack":0,"stack_free_min":0,"mcu_resumed":false,"destructive_started":true,"recovery_required":true}
2026-09-10 20:25:19 @mori {"event":"ag32_batch_status","state":"running","phase":"verify","message":"AG32 batch update queued","processed":25728,"total":108924,"device_id":1075838977,"dp_idcode":731911287,"records":3,"programmed":100072,"verified":25728,"error":"ESP_OK","cleanup_error":"ESP_OK","address":2148455420,"swd_ack":0,"stack_free_min":0,"mcu_resumed":false,"destructive_started":true,"recovery_required":true}
2026-09-10 20:25:19 @mori {"event":"ag32_batch_status","state":"running","phase":"verify","message":"AG32 batch update queued","processed":26752,"total":108924,"device_id":1075838977,"dp_idcode":731911287,"records":3,"programmed":100072,"verified":26752,"error":"ESP_OK","cleanup_error":"ESP_OK","address":2148456444,"swd_ack":0,"stack_free_min":0,"mcu_resumed":false,"destructive_started":true,"recovery_required":true}
2026-09-10 20:25:20 @mori {"event":"ag32_batch_status","state":"running","phase":"verify","message":"AG32 batch update queued","processed":26752,"total":108924,"device_id":1075838977,"dp_idcode":731911287,"records":3,"programmed":100072,"verified":26752,"error":"ESP_OK","cleanup_error":"ESP_OK","address":2148456444,"swd_ack":0,"stack_free_min":0,"mcu_resumed":false,"destructive_started":true,"recovery_required":true}
2026-09-10 20:25:20 @mori {"event":"ag32_batch_status","state":"running","phase":"verify","message":"AG32 batch update queued","processed":27776,"total":108924,"device_id":1075838977,"dp_idcode":731911287,"records":3,"programmed":100072,"verified":27776,"error":"ESP_OK","cleanup_error":"ESP_OK","address":2148457468,"swd_ack":0,"stack_free_min":0,"mcu_resumed":false,"destructive_started":true,"recovery_required":true}
2026-09-10 20:25:20 @mori {"event":"ag32_batch_status","state":"running","phase":"verify","message":"AG32 batch update queued","processed":27776,"total":108924,"device_id":1075838977,"dp_idcode":731911287,"records":3,"programmed":100072,"verified":27776,"error":"ESP_OK","cleanup_error":"ESP_OK","address":2148457468,"swd_ack":0,"stack_free_min":0,"mcu_resumed":false,"destructive_started":true,"recovery_required":true}
2026-09-10 20:25:21 @mori {"event":"ag32_batch_status","state":"running","phase":"verify","message":"AG32 batch update queued","processed":28800,"total":108924,"device_id":1075838977,"dp_idcode":731911287,"records":3,"programmed":100072,"verified":28800,"error":"ESP_OK","cleanup_error":"ESP_OK","address":2148458492,"swd_ack":0,"stack_free_min":0,"mcu_resumed":false,"destructive_started":true,"recovery_required":true}
2026-09-10 20:25:21 @mori {"event":"ag32_batch_status","state":"running","phase":"verify","message":"AG32 batch update queued","processed":28800,"total":108924,"device_id":1075838977,"dp_idcode":731911287,"records":3,"programmed":100072,"verified":28800,"error":"ESP_OK","cleanup_error":"ESP_OK","address":2148458492,"swd_ack":0,"stack_free_min":0,"mcu_resumed":false,"destructive_started":true,"recovery_required":true}
2026-09-10 20:25:22 @mori {"event":"ag32_batch_status","state":"running","phase":"verify","message":"AG32 batch update queued","processed":29824,"total":108924,"device_id":1075838977,"dp_idcode":731911287,"records":3,"programmed":100072,"verified":29824,"error":"ESP_OK","cleanup_error":"ESP_OK","address":2148459516,"swd_ack":0,"stack_free_min":0,"mcu_resumed":false,"destructive_started":true,"recovery_required":true}
2026-09-10 20:25:22 @mori {"event":"ag32_batch_status","state":"running","phase":"verify","message":"AG32 batch update queued","processed":29824,"total":108924,"device_id":1075838977,"dp_idcode":731911287,"records":3,"programmed":100072,"verified":29824,"error":"ESP_OK","cleanup_error":"ESP_OK","address":2148459516,"swd_ack":0,"stack_free_min":0,"mcu_resumed":false,"destructive_started":true,"recovery_required":true}
2026-09-10 20:25:23 @mori {"event":"ag32_batch_status","state":"running","phase":"verify","message":"AG32 batch update queued","processed":30848,"total":108924,"device_id":1075838977,"dp_idcode":731911287,"records":3,"programmed":100072,"verified":30848,"error":"ESP_OK","cleanup_error":"ESP_OK","address":2148460540,"swd_ack":0,"stack_free_min":0,"mcu_resumed":false,"destructive_started":true,"recovery_required":true}
2026-09-10 20:25:23 @mori {"event":"ag32_batch_status","state":"running","phase":"verify","message":"AG32 batch update queued","processed":31872,"total":108924,"device_id":1075838977,"dp_idcode":731911287,"records":3,"programmed":100072,"verified":31872,"error":"ESP_OK","cleanup_error":"ESP_OK","address":2148461564,"swd_ack":0,"stack_free_min":0,"mcu_resumed":false,"destructive_started":true,"recovery_required":true}
2026-09-10 20:25:23 @mori {"event":"ag32_batch_status","state":"running","phase":"verify","message":"AG32 batch update queued","processed":31872,"total":108924,"device_id":1075838977,"dp_idcode":731911287,"records":3,"programmed":100072,"verified":31872,"error":"ESP_OK","cleanup_error":"ESP_OK","address":2148461564,"swd_ack":0,"stack_free_min":0,"mcu_resumed":false,"destructive_started":true,"recovery_required":true}
2026-09-10 20:25:24 @mori {"event":"ag32_batch_status","state":"running","phase":"verify","message":"AG32 batch update queued","processed":32896,"total":108924,"device_id":1075838977,"dp_idcode":731911287,"records":3,"programmed":100072,"verified":32896,"error":"ESP_OK","cleanup_error":"ESP_OK","address":2148462588,"swd_ack":0,"stack_free_min":0,"mcu_resumed":false,"destructive_started":true,"recovery_required":true}
2026-09-10 20:25:24 @mori {"event":"ag32_batch_status","state":"running","phase":"verify","message":"AG32 batch update queued","processed":32896,"total":108924,"device_id":1075838977,"dp_idcode":731911287,"records":3,"programmed":100072,"verified":32896,"error":"ESP_OK","cleanup_error":"ESP_OK","address":2148462588,"swd_ack":0,"stack_free_min":0,"mcu_resumed":false,"destructive_started":true,"recovery_required":true}
2026-09-10 20:25:25 @mori {"event":"ag32_batch_status","state":"running","phase":"verify","message":"AG32 batch update queued","processed":33920,"total":108924,"device_id":1075838977,"dp_idcode":731911287,"records":3,"programmed":100072,"verified":33920,"error":"ESP_OK","cleanup_error":"ESP_OK","address":2148463612,"swd_ack":0,"stack_free_min":0,"mcu_resumed":false,"destructive_started":true,"recovery_required":true}
2026-09-10 20:25:25 @mori {"event":"ag32_batch_status","state":"running","phase":"verify","message":"AG32 batch update queued","processed":33920,"total":108924,"device_id":1075838977,"dp_idcode":731911287,"records":3,"programmed":100072,"verified":33920,"error":"ESP_OK","cleanup_error":"ESP_OK","address":2148463612,"swd_ack":0,"stack_free_min":0,"mcu_resumed":false,"destructive_started":true,"recovery_required":true}
2026-09-10 20:25:26 @mori {"event":"ag32_batch_status","state":"running","phase":"verify","message":"AG32 batch update queued","processed":34944,"total":108924,"device_id":1075838977,"dp_idcode":731911287,"records":3,"programmed":100072,"verified":34944,"error":"ESP_OK","cleanup_error":"ESP_OK","address":2148464636,"swd_ack":0,"stack_free_min":0,"mcu_resumed":false,"destructive_started":true,"recovery_required":true}
2026-09-10 20:25:26 @mori {"event":"ag32_batch_status","state":"running","phase":"verify","message":"AG32 batch update queued","processed":34944,"total":108924,"device_id":1075838977,"dp_idcode":731911287,"records":3,"programmed":100072,"verified":34944,"error":"ESP_OK","cleanup_error":"ESP_OK","address":2148464636,"swd_ack":0,"stack_free_min":0,"mcu_resumed":false,"destructive_started":true,"recovery_required":true}
2026-09-10 20:25:26 @mori {"event":"ag32_batch_status","state":"running","phase":"verify","message":"AG32 batch update queued","processed":35968,"total":108924,"device_id":1075838977,"dp_idcode":731911287,"records":3,"programmed":100072,"verified":35968,"error":"ESP_OK","cleanup_error":"ESP_OK","address":2148465660,"swd_ack":0,"stack_free_min":0,"mcu_resumed":false,"destructive_started":true,"recovery_required":true}
2026-09-10 20:25:27 @mori {"event":"ag32_batch_status","state":"running","phase":"verify","message":"AG32 batch update queued","processed":35968,"total":108924,"device_id":1075838977,"dp_idcode":731911287,"records":3,"programmed":100072,"verified":35968,"error":"ESP_OK","cleanup_error":"ESP_OK","address":2148465660,"swd_ack":0,"stack_free_min":0,"mcu_resumed":false,"destructive_started":true,"recovery_required":true}
2026-09-10 20:25:27 @mori {"event":"ag32_batch_status","state":"running","phase":"verify","message":"AG32 batch update queued","processed":36992,"total":108924,"device_id":1075838977,"dp_idcode":731911287,"records":3,"programmed":100072,"verified":36992,"error":"ESP_OK","cleanup_error":"ESP_OK","address":2148466684,"swd_ack":0,"stack_free_min":0,"mcu_resumed":false,"destructive_started":true,"recovery_required":true}
2026-09-10 20:25:28 @mori {"event":"ag32_batch_status","state":"running","phase":"verify","message":"AG32 batch update queued","processed":38016,"total":108924,"device_id":1075838977,"dp_idcode":731911287,"records":3,"programmed":100072,"verified":38016,"error":"ESP_OK","cleanup_error":"ESP_OK","address":2148467708,"swd_ack":0,"stack_free_min":0,"mcu_resumed":false,"destructive_started":true,"recovery_required":true}
2026-09-10 20:25:28 @mori {"event":"ag32_batch_status","state":"running","phase":"verify","message":"AG32 batch update queued","processed":38016,"total":108924,"device_id":1075838977,"dp_idcode":731911287,"records":3,"programmed":100072,"verified":38016,"error":"ESP_OK","cleanup_error":"ESP_OK","address":2148467708,"swd_ack":0,"stack_free_min":0,"mcu_resumed":false,"destructive_started":true,"recovery_required":true}
2026-09-10 20:25:29 @mori {"event":"ag32_batch_status","state":"running","phase":"verify","message":"AG32 batch update queued","processed":39040,"total":108924,"device_id":1075838977,"dp_idcode":731911287,"records":3,"programmed":100072,"verified":39040,"error":"ESP_OK","cleanup_error":"ESP_OK","address":2148468732,"swd_ack":0,"stack_free_min":0,"mcu_resumed":false,"destructive_started":true,"recovery_required":true}
2026-09-10 20:25:29 @mori {"event":"ag32_batch_status","state":"running","phase":"verify","message":"AG32 batch update queued","processed":39040,"total":108924,"device_id":1075838977,"dp_idcode":731911287,"records":3,"programmed":100072,"verified":39040,"error":"ESP_OK","cleanup_error":"ESP_OK","address":2148468732,"swd_ack":0,"stack_free_min":0,"mcu_resumed":false,"destructive_started":true,"recovery_required":true}
2026-09-10 20:25:30 @mori {"event":"ag32_batch_status","state":"running","phase":"verify","message":"AG32 batch update queued","processed":40064,"total":108924,"device_id":1075838977,"dp_idcode":731911287,"records":3,"programmed":100072,"verified":40064,"error":"ESP_OK","cleanup_error":"ESP_OK","address":2148469756,"swd_ack":0,"stack_free_min":0,"mcu_resumed":false,"destructive_started":true,"recovery_required":true}
2026-09-10 20:25:30 @mori {"event":"ag32_batch_status","state":"running","phase":"verify","message":"AG32 batch update queued","processed":40064,"total":108924,"device_id":1075838977,"dp_idcode":731911287,"records":3,"programmed":100072,"verified":40064,"error":"ESP_OK","cleanup_error":"ESP_OK","address":2148469756,"swd_ack":0,"stack_free_min":0,"mcu_resumed":false,"destructive_started":true,"recovery_required":true}
2026-09-10 20:25:30 @mori {"event":"ag32_batch_status","state":"running","phase":"verify","message":"AG32 batch update queued","processed":41088,"total":108924,"device_id":1075838977,"dp_idcode":731911287,"records":3,"programmed":100072,"verified":41088,"error":"ESP_OK","cleanup_error":"ESP_OK","address":2148470780,"swd_ack":0,"stack_free_min":0,"mcu_resumed":false,"destructive_started":true,"recovery_required":true}
2026-09-10 20:25:31 @mori {"event":"ag32_batch_status","state":"running","phase":"verify","message":"AG32 batch update queued","processed":41088,"total":108924,"device_id":1075838977,"dp_idcode":731911287,"records":3,"programmed":100072,"verified":41088,"error":"ESP_OK","cleanup_error":"ESP_OK","address":2148470780,"swd_ack":0,"stack_free_min":0,"mcu_resumed":false,"destructive_started":true,"recovery_required":true}
2026-09-10 20:25:31 @mori {"event":"ag32_batch_status","state":"running","phase":"verify","message":"AG32 batch update queued","processed":42112,"total":108924,"device_id":1075838977,"dp_idcode":731911287,"records":3,"programmed":100072,"verified":42112,"error":"ESP_OK","cleanup_error":"ESP_OK","address":2148471804,"swd_ack":0,"stack_free_min":0,"mcu_resumed":false,"destructive_started":true,"recovery_required":true}
2026-09-10 20:25:32 @mori {"event":"ag32_batch_status","state":"running","phase":"verify","message":"AG32 batch update queued","processed":42112,"total":108924,"device_id":1075838977,"dp_idcode":731911287,"records":3,"programmed":100072,"verified":42112,"error":"ESP_OK","cleanup_error":"ESP_OK","address":2148471804,"swd_ack":0,"stack_free_min":0,"mcu_resumed":false,"destructive_started":true,"recovery_required":true}
2026-09-10 20:25:32 @mori {"event":"ag32_batch_status","state":"running","phase":"verify","message":"AG32 batch update queued","processed":43136,"total":108924,"device_id":1075838977,"dp_idcode":731911287,"records":3,"programmed":100072,"verified":43136,"error":"ESP_OK","cleanup_error":"ESP_OK","address":2148472828,"swd_ack":0,"stack_free_min":0,"mcu_resumed":false,"destructive_started":true,"recovery_required":true}
2026-09-10 20:25:33 @mori {"event":"ag32_batch_status","state":"running","phase":"verify","message":"AG32 batch update queued","processed":43136,"total":108924,"device_id":1075838977,"dp_idcode":731911287,"records":3,"programmed":100072,"verified":43136,"error":"ESP_OK","cleanup_error":"ESP_OK","address":2148472828,"swd_ack":0,"stack_free_min":0,"mcu_resumed":false,"destructive_started":true,"recovery_required":true}
2026-09-10 20:25:33 @mori {"event":"ag32_batch_status","state":"running","phase":"verify","message":"AG32 batch update queued","processed":44160,"total":108924,"device_id":1075838977,"dp_idcode":731911287,"records":3,"programmed":100072,"verified":44160,"error":"ESP_OK","cleanup_error":"ESP_OK","address":2148473852,"swd_ack":0,"stack_free_min":0,"mcu_resumed":false,"destructive_started":true,"recovery_required":true}
2026-09-10 20:25:33 @mori {"event":"ag32_batch_status","state":"running","phase":"verify","message":"AG32 batch update queued","processed":45184,"total":108924,"device_id":1075838977,"dp_idcode":731911287,"records":3,"programmed":100072,"verified":45184,"error":"ESP_OK","cleanup_error":"ESP_OK","address":2148474876,"swd_ack":0,"stack_free_min":0,"mcu_resumed":false,"destructive_started":true,"recovery_required":true}
2026-09-10 20:25:34 @mori {"event":"ag32_batch_status","state":"running","phase":"verify","message":"AG32 batch update queued","processed":45184,"total":108924,"device_id":1075838977,"dp_idcode":731911287,"records":3,"programmed":100072,"verified":45184,"error":"ESP_OK","cleanup_error":"ESP_OK","address":2148474876,"swd_ack":0,"stack_free_min":0,"mcu_resumed":false,"destructive_started":true,"recovery_required":true}
2026-09-10 20:25:34 @mori {"event":"ag32_batch_status","state":"running","phase":"verify","message":"AG32 batch update queued","processed":46208,"total":108924,"device_id":1075838977,"dp_idcode":731911287,"records":3,"programmed":100072,"verified":46208,"error":"ESP_OK","cleanup_error":"ESP_OK","address":2148475900,"swd_ack":0,"stack_free_min":0,"mcu_resumed":false,"destructive_started":true,"recovery_required":true}
2026-09-10 20:25:35 @mori {"event":"ag32_batch_status","state":"running","phase":"verify","message":"AG32 batch update queued","processed":46208,"total":108924,"device_id":1075838977,"dp_idcode":731911287,"records":3,"programmed":100072,"verified":46208,"error":"ESP_OK","cleanup_error":"ESP_OK","address":2148475900,"swd_ack":0,"stack_free_min":0,"mcu_resumed":false,"destructive_started":true,"recovery_required":true}
2026-09-10 20:25:35 @mori {"event":"ag32_batch_status","state":"running","phase":"verify","message":"AG32 batch update queued","processed":47232,"total":108924,"device_id":1075838977,"dp_idcode":731911287,"records":3,"programmed":100072,"verified":47232,"error":"ESP_OK","cleanup_error":"ESP_OK","address":2148476924,"swd_ack":0,"stack_free_min":0,"mcu_resumed":false,"destructive_started":true,"recovery_required":true}
2026-09-10 20:25:36 @mori {"event":"ag32_batch_status","state":"running","phase":"verify","message":"AG32 batch update queued","processed":47232,"total":108924,"device_id":1075838977,"dp_idcode":731911287,"records":3,"programmed":100072,"verified":47232,"error":"ESP_OK","cleanup_error":"ESP_OK","address":2148476924,"swd_ack":0,"stack_free_min":0,"mcu_resumed":false,"destructive_started":true,"recovery_required":true}
2026-09-10 20:25:36 @mori {"event":"ag32_batch_status","state":"running","phase":"verify","message":"AG32 batch update queued","processed":48256,"total":108924,"device_id":1075838977,"dp_idcode":731911287,"records":3,"programmed":100072,"verified":48256,"error":"ESP_OK","cleanup_error":"ESP_OK","address":2148477948,"swd_ack":0,"stack_free_min":0,"mcu_resumed":false,"destructive_started":true,"recovery_required":true}
2026-09-10 20:25:36 @mori {"event":"ag32_batch_status","state":"running","phase":"verify","message":"AG32 batch update queued","processed":48256,"total":108924,"device_id":1075838977,"dp_idcode":731911287,"records":3,"programmed":100072,"verified":48256,"error":"ESP_OK","cleanup_error":"ESP_OK","address":2148477948,"swd_ack":0,"stack_free_min":0,"mcu_resumed":false,"destructive_started":true,"recovery_required":true}
2026-09-10 20:25:37 @mori {"event":"ag32_batch_status","state":"running","phase":"verify","message":"AG32 batch update queued","processed":49280,"total":108924,"device_id":1075838977,"dp_idcode":731911287,"records":3,"programmed":100072,"verified":49280,"error":"ESP_OK","cleanup_error":"ESP_OK","address":2148478972,"swd_ack":0,"stack_free_min":0,"mcu_resumed":false,"destructive_started":true,"recovery_required":true}
2026-09-10 20:25:37 @mori {"event":"ag32_batch_status","state":"running","phase":"verify","message":"AG32 batch update queued","processed":49280,"total":108924,"device_id":1075838977,"dp_idcode":731911287,"records":3,"programmed":100072,"verified":49280,"error":"ESP_OK","cleanup_error":"ESP_OK","address":2148478972,"swd_ack":0,"stack_free_min":0,"mcu_resumed":false,"destructive_started":true,"recovery_required":true}
2026-09-10 20:25:38 @mori {"event":"ag32_batch_status","state":"running","phase":"verify","message":"AG32 batch update queued","processed":50304,"total":108924,"device_id":1075838977,"dp_idcode":731911287,"records":3,"programmed":100072,"verified":50304,"error":"ESP_OK","cleanup_error":"ESP_OK","address":2148479996,"swd_ack":0,"stack_free_min":0,"mcu_resumed":false,"destructive_started":true,"recovery_required":true}
2026-09-10 20:25:38 @mori {"event":"ag32_batch_status","state":"running","phase":"verify","message":"AG32 batch update queued","processed":50304,"total":108924,"device_id":1075838977,"dp_idcode":731911287,"records":3,"programmed":100072,"verified":50304,"error":"ESP_OK","cleanup_error":"ESP_OK","address":2148479996,"swd_ack":0,"stack_free_min":0,"mcu_resumed":false,"destructive_started":true,"recovery_required":true}
2026-09-10 20:25:39 @mori {"event":"ag32_batch_status","state":"running","phase":"verify","message":"AG32 batch update queued","processed":51328,"total":108924,"device_id":1075838977,"dp_idcode":731911287,"records":3,"programmed":100072,"verified":51328,"error":"ESP_OK","cleanup_error":"ESP_OK","address":2148481020,"swd_ack":0,"stack_free_min":0,"mcu_resumed":false,"destructive_started":true,"recovery_required":true}
2026-09-10 20:25:39 @mori {"event":"ag32_batch_status","state":"running","phase":"verify","message":"AG32 batch update queued","processed":52352,"total":108924,"device_id":1075838977,"dp_idcode":731911287,"records":3,"programmed":100072,"verified":52352,"error":"ESP_OK","cleanup_error":"ESP_OK","address":2148482044,"swd_ack":0,"stack_free_min":0,"mcu_resumed":false,"destructive_started":true,"recovery_required":true}
2026-09-10 20:25:40 @mori {"event":"ag32_batch_status","state":"running","phase":"verify","message":"AG32 batch update queued","processed":52352,"total":108924,"device_id":1075838977,"dp_idcode":731911287,"records":3,"programmed":100072,"verified":52352,"error":"ESP_OK","cleanup_error":"ESP_OK","address":2148482044,"swd_ack":0,"stack_free_min":0,"mcu_resumed":false,"destructive_started":true,"recovery_required":true}
2026-09-10 20:25:40 @mori {"event":"ag32_batch_status","state":"running","phase":"verify","message":"AG32 batch update queued","processed":53376,"total":108924,"device_id":1075838977,"dp_idcode":731911287,"records":3,"programmed":100072,"verified":53376,"error":"ESP_OK","cleanup_error":"ESP_OK","address":2148483068,"swd_ack":0,"stack_free_min":0,"mcu_resumed":false,"destructive_started":true,"recovery_required":true}
2026-09-10 20:25:40 @mori {"event":"ag32_batch_status","state":"running","phase":"verify","message":"AG32 batch update queued","processed":53376,"total":108924,"device_id":1075838977,"dp_idcode":731911287,"records":3,"programmed":100072,"verified":53376,"error":"ESP_OK","cleanup_error":"ESP_OK","address":2148483068,"swd_ack":0,"stack_free_min":0,"mcu_resumed":false,"destructive_started":true,"recovery_required":true}
2026-09-10 20:25:41 @mori {"event":"ag32_batch_status","state":"running","phase":"verify","message":"AG32 batch update queued","processed":54400,"total":108924,"device_id":1075838977,"dp_idcode":731911287,"records":3,"programmed":100072,"verified":54400,"error":"ESP_OK","cleanup_error":"ESP_OK","address":2148484092,"swd_ack":0,"stack_free_min":0,"mcu_resumed":false,"destructive_started":true,"recovery_required":true}
2026-09-10 20:25:41 @mori {"event":"ag32_batch_status","state":"running","phase":"verify","message":"AG32 batch update queued","processed":54400,"total":108924,"device_id":1075838977,"dp_idcode":731911287,"records":3,"programmed":100072,"verified":54400,"error":"ESP_OK","cleanup_error":"ESP_OK","address":2148484092,"swd_ack":0,"stack_free_min":0,"mcu_resumed":false,"destructive_started":true,"recovery_required":true}
2026-09-10 20:25:42 @mori {"event":"ag32_batch_status","state":"running","phase":"verify","message":"AG32 batch update queued","processed":55424,"total":108924,"device_id":1075838977,"dp_idcode":731911287,"records":3,"programmed":100072,"verified":55424,"error":"ESP_OK","cleanup_error":"ESP_OK","address":2148485116,"swd_ack":0,"stack_free_min":0,"mcu_resumed":false,"destructive_started":true,"recovery_required":true}
2026-09-10 20:25:42 @mori {"event":"ag32_batch_status","state":"running","phase":"verify","message":"AG32 batch update queued","processed":55424,"total":108924,"device_id":1075838977,"dp_idcode":731911287,"records":3,"programmed":100072,"verified":55424,"error":"ESP_OK","cleanup_error":"ESP_OK","address":2148485116,"swd_ack":0,"stack_free_min":0,"mcu_resumed":false,"destructive_started":true,"recovery_required":true}
2026-09-10 20:25:43 @mori {"event":"ag32_batch_status","state":"running","phase":"verify","message":"AG32 batch update queued","processed":56448,"total":108924,"device_id":1075838977,"dp_idcode":731911287,"records":3,"programmed":100072,"verified":56448,"error":"ESP_OK","cleanup_error":"ESP_OK","address":2148486140,"swd_ack":0,"stack_free_min":0,"mcu_resumed":false,"destructive_started":true,"recovery_required":true}
2026-09-10 20:25:43 @mori {"event":"ag32_batch_status","state":"running","phase":"verify","message":"AG32 batch update queued","processed":56448,"total":108924,"device_id":1075838977,"dp_idcode":731911287,"records":3,"programmed":100072,"verified":56448,"error":"ESP_OK","cleanup_error":"ESP_OK","address":2148486140,"swd_ack":0,"stack_free_min":0,"mcu_resumed":false,"destructive_started":true,"recovery_required":true}
2026-09-10 20:25:43 @mori {"event":"ag32_batch_status","state":"running","phase":"verify","message":"AG32 batch update queued","processed":57472,"total":108924,"device_id":1075838977,"dp_idcode":731911287,"records":3,"programmed":100072,"verified":57472,"error":"ESP_OK","cleanup_error":"ESP_OK","address":2148487164,"swd_ack":0,"stack_free_min":0,"mcu_resumed":false,"destructive_started":true,"recovery_required":true}
2026-09-10 20:25:44 @mori {"event":"ag32_batch_status","state":"running","phase":"verify","message":"AG32 batch update queued","processed":57472,"total":108924,"device_id":1075838977,"dp_idcode":731911287,"records":3,"programmed":100072,"verified":57472,"error":"ESP_OK","cleanup_error":"ESP_OK","address":2148487164,"swd_ack":0,"stack_free_min":0,"mcu_resumed":false,"destructive_started":true,"recovery_required":true}
2026-09-10 20:25:44 @mori {"event":"ag32_batch_status","state":"running","phase":"verify","message":"AG32 batch update queued","processed":58496,"total":108924,"device_id":1075838977,"dp_idcode":731911287,"records":3,"programmed":100072,"verified":58496,"error":"ESP_OK","cleanup_error":"ESP_OK","address":2148488188,"swd_ack":0,"stack_free_min":0,"mcu_resumed":false,"destructive_started":true,"recovery_required":true}
2026-09-10 20:25:45 @mori {"event":"ag32_batch_status","state":"running","phase":"verify","message":"AG32 batch update queued","processed":59520,"total":108924,"device_id":1075838977,"dp_idcode":731911287,"records":3,"programmed":100072,"verified":59520,"error":"ESP_OK","cleanup_error":"ESP_OK","address":2148489212,"swd_ack":0,"stack_free_min":0,"mcu_resumed":false,"destructive_started":true,"recovery_required":true}
2026-09-10 20:25:45 @mori {"event":"ag32_batch_status","state":"running","phase":"verify","message":"AG32 batch update queued","processed":59520,"total":108924,"device_id":1075838977,"dp_idcode":731911287,"records":3,"programmed":100072,"verified":59520,"error":"ESP_OK","cleanup_error":"ESP_OK","address":2148489212,"swd_ack":0,"stack_free_min":0,"mcu_resumed":false,"destructive_started":true,"recovery_required":true}
2026-09-10 20:25:46 @mori {"event":"ag32_batch_status","state":"running","phase":"verify","message":"AG32 batch update queued","processed":60544,"total":108924,"device_id":1075838977,"dp_idcode":731911287,"records":3,"programmed":100072,"verified":60544,"error":"ESP_OK","cleanup_error":"ESP_OK","address":2148490236,"swd_ack":0,"stack_free_min":0,"mcu_resumed":false,"destructive_started":true,"recovery_required":true}
2026-09-10 20:25:46 @mori {"event":"ag32_batch_status","state":"running","phase":"verify","message":"AG32 batch update queued","processed":60544,"total":108924,"device_id":1075838977,"dp_idcode":731911287,"records":3,"programmed":100072,"verified":60544,"error":"ESP_OK","cleanup_error":"ESP_OK","address":2148490236,"swd_ack":0,"stack_free_min":0,"mcu_resumed":false,"destructive_started":true,"recovery_required":true}
2026-09-10 20:25:47 @mori {"event":"ag32_batch_status","state":"running","phase":"verify","message":"AG32 batch update queued","processed":61568,"total":108924,"device_id":1075838977,"dp_idcode":731911287,"records":3,"programmed":100072,"verified":61568,"error":"ESP_OK","cleanup_error":"ESP_OK","address":2148491260,"swd_ack":0,"stack_free_min":0,"mcu_resumed":false,"destructive_started":true,"recovery_required":true}
2026-09-10 20:25:47 @mori {"event":"ag32_batch_status","state":"running","phase":"verify","message":"AG32 batch update queued","processed":61568,"total":108924,"device_id":1075838977,"dp_idcode":731911287,"records":3,"programmed":100072,"verified":61568,"error":"ESP_OK","cleanup_error":"ESP_OK","address":2148491260,"swd_ack":0,"stack_free_min":0,"mcu_resumed":false,"destructive_started":true,"recovery_required":true}
2026-09-10 20:25:47 @mori {"event":"ag32_batch_status","state":"running","phase":"verify","message":"AG32 batch update queued","processed":62592,"total":108924,"device_id":1075838977,"dp_idcode":731911287,"records":3,"programmed":100072,"verified":62592,"error":"ESP_OK","cleanup_error":"ESP_OK","address":2148492284,"swd_ack":0,"stack_free_min":0,"mcu_resumed":false,"destructive_started":true,"recovery_required":true}
2026-09-10 20:25:48 @mori {"event":"ag32_batch_status","state":"running","phase":"verify","message":"AG32 batch update queued","processed":62592,"total":108924,"device_id":1075838977,"dp_idcode":731911287,"records":3,"programmed":100072,"verified":62592,"error":"ESP_OK","cleanup_error":"ESP_OK","address":2148492284,"swd_ack":0,"stack_free_min":0,"mcu_resumed":false,"destructive_started":true,"recovery_required":true}
2026-09-10 20:25:48 @mori {"event":"ag32_batch_status","state":"running","phase":"verify","message":"AG32 batch update queued","processed":63616,"total":108924,"device_id":1075838977,"dp_idcode":731911287,"records":3,"programmed":100072,"verified":63616,"error":"ESP_OK","cleanup_error":"ESP_OK","address":2148493308,"swd_ack":0,"stack_free_min":0,"mcu_resumed":false,"destructive_started":true,"recovery_required":true}
2026-09-10 20:25:49 @mori {"event":"ag32_batch_status","state":"running","phase":"verify","message":"AG32 batch update queued","processed":63616,"total":108924,"device_id":1075838977,"dp_idcode":731911287,"records":3,"programmed":100072,"verified":63616,"error":"ESP_OK","cleanup_error":"ESP_OK","address":2148493308,"swd_ack":0,"stack_free_min":0,"mcu_resumed":false,"destructive_started":true,"recovery_required":true}
2026-09-10 20:25:49 @mori {"event":"ag32_batch_status","state":"running","phase":"verify","message":"AG32 batch update queued","processed":64640,"total":108924,"device_id":1075838977,"dp_idcode":731911287,"records":3,"programmed":100072,"verified":64640,"error":"ESP_OK","cleanup_error":"ESP_OK","address":2148494332,"swd_ack":0,"stack_free_min":0,"mcu_resumed":false,"destructive_started":true,"recovery_required":true}
2026-09-10 20:25:50 @mori {"event":"ag32_batch_status","state":"running","phase":"verify","message":"AG32 batch update queued","processed":64640,"total":108924,"device_id":1075838977,"dp_idcode":731911287,"records":3,"programmed":100072,"verified":64640,"error":"ESP_OK","cleanup_error":"ESP_OK","address":2148494332,"swd_ack":0,"stack_free_min":0,"mcu_resumed":false,"destructive_started":true,"recovery_required":true}
2026-09-10 20:25:50 @mori {"event":"ag32_batch_status","state":"running","phase":"verify","message":"AG32 batch update queued","processed":65664,"total":108924,"device_id":1075838977,"dp_idcode":731911287,"records":3,"programmed":100072,"verified":65664,"error":"ESP_OK","cleanup_error":"ESP_OK","address":2148495356,"swd_ack":0,"stack_free_min":0,"mcu_resumed":false,"destructive_started":true,"recovery_required":true}
2026-09-10 20:25:50 @mori {"event":"ag32_batch_status","state":"running","phase":"verify","message":"AG32 batch update queued","processed":66688,"total":108924,"device_id":1075838977,"dp_idcode":731911287,"records":3,"programmed":100072,"verified":66688,"error":"ESP_OK","cleanup_error":"ESP_OK","address":2148496380,"swd_ack":0,"stack_free_min":0,"mcu_resumed":false,"destructive_started":true,"recovery_required":true}
2026-09-10 20:25:51 @mori {"event":"ag32_batch_status","state":"running","phase":"verify","message":"AG32 batch update queued","processed":66688,"total":108924,"device_id":1075838977,"dp_idcode":731911287,"records":3,"programmed":100072,"verified":66688,"error":"ESP_OK","cleanup_error":"ESP_OK","address":2148496380,"swd_ack":0,"stack_free_min":0,"mcu_resumed":false,"destructive_started":true,"recovery_required":true}
2026-09-10 20:25:51 @mori {"event":"ag32_batch_status","state":"running","phase":"verify","message":"AG32 batch update queued","processed":67712,"total":108924,"device_id":1075838977,"dp_idcode":731911287,"records":3,"programmed":100072,"verified":67712,"error":"ESP_OK","cleanup_error":"ESP_OK","address":2148497404,"swd_ack":0,"stack_free_min":0,"mcu_resumed":false,"destructive_started":true,"recovery_required":true}
2026-09-10 20:25:52 @mori {"event":"ag32_batch_status","state":"running","phase":"verify","message":"AG32 batch update queued","processed":67712,"total":108924,"device_id":1075838977,"dp_idcode":731911287,"records":3,"programmed":100072,"verified":67712,"error":"ESP_OK","cleanup_error":"ESP_OK","address":2148497404,"swd_ack":0,"stack_free_min":0,"mcu_resumed":false,"destructive_started":true,"recovery_required":true}
2026-09-10 20:25:52 @mori {"event":"ag32_batch_status","state":"running","phase":"verify","message":"AG32 batch update queued","processed":68736,"total":108924,"device_id":1075838977,"dp_idcode":731911287,"records":3,"programmed":100072,"verified":68736,"error":"ESP_OK","cleanup_error":"ESP_OK","address":2148498428,"swd_ack":0,"stack_free_min":0,"mcu_resumed":false,"destructive_started":true,"recovery_required":true}
2026-09-10 20:25:53 @mori {"event":"ag32_batch_status","state":"running","phase":"verify","message":"AG32 batch update queued","processed":68736,"total":108924,"device_id":1075838977,"dp_idcode":731911287,"records":3,"programmed":100072,"verified":68736,"error":"ESP_OK","cleanup_error":"ESP_OK","address":2148498428,"swd_ack":0,"stack_free_min":0,"mcu_resumed":false,"destructive_started":true,"recovery_required":true}
2026-09-10 20:25:53 @mori {"event":"ag32_batch_status","state":"running","phase":"verify","message":"AG32 batch update queued","processed":69760,"total":108924,"device_id":1075838977,"dp_idcode":731911287,"records":3,"programmed":100072,"verified":69760,"error":"ESP_OK","cleanup_error":"ESP_OK","address":2148499452,"swd_ack":0,"stack_free_min":0,"mcu_resumed":false,"destructive_started":true,"recovery_required":true}
2026-09-10 20:25:53 @mori {"event":"ag32_batch_status","state":"running","phase":"verify","message":"AG32 batch update queued","processed":69760,"total":108924,"device_id":1075838977,"dp_idcode":731911287,"records":3,"programmed":100072,"verified":69760,"error":"ESP_OK","cleanup_error":"ESP_OK","address":2148499452,"swd_ack":0,"stack_free_min":0,"mcu_resumed":false,"destructive_started":true,"recovery_required":true}
2026-09-10 20:25:54 @mori {"event":"ag32_batch_status","state":"running","phase":"verify","message":"AG32 batch update queued","processed":70784,"total":108924,"device_id":1075838977,"dp_idcode":731911287,"records":3,"programmed":100072,"verified":70784,"error":"ESP_OK","cleanup_error":"ESP_OK","address":2148500476,"swd_ack":0,"stack_free_min":0,"mcu_resumed":false,"destructive_started":true,"recovery_required":true}
2026-09-10 20:25:54 @mori {"event":"ag32_batch_status","state":"running","phase":"verify","message":"AG32 batch update queued","processed":70784,"total":108924,"device_id":1075838977,"dp_idcode":731911287,"records":3,"programmed":100072,"verified":70784,"error":"ESP_OK","cleanup_error":"ESP_OK","address":2148500476,"swd_ack":0,"stack_free_min":0,"mcu_resumed":false,"destructive_started":true,"recovery_required":true}
2026-09-10 20:25:55 @mori {"event":"ag32_batch_status","state":"running","phase":"verify","message":"AG32 batch update queued","processed":71808,"total":108924,"device_id":1075838977,"dp_idcode":731911287,"records":3,"programmed":100072,"verified":71808,"error":"ESP_OK","cleanup_error":"ESP_OK","address":2148501500,"swd_ack":0,"stack_free_min":0,"mcu_resumed":false,"destructive_started":true,"recovery_required":true}
2026-09-10 20:25:55 @mori {"event":"ag32_batch_status","state":"running","phase":"verify","message":"AG32 batch update queued","processed":71808,"total":108924,"device_id":1075838977,"dp_idcode":731911287,"records":3,"programmed":100072,"verified":71808,"error":"ESP_OK","cleanup_error":"ESP_OK","address":2148501500,"swd_ack":0,"stack_free_min":0,"mcu_resumed":false,"destructive_started":true,"recovery_required":true}
2026-09-10 20:25:56 @mori {"event":"ag32_batch_status","state":"running","phase":"verify","message":"AG32 batch update queued","processed":72832,"total":108924,"device_id":1075838977,"dp_idcode":731911287,"records":3,"programmed":100072,"verified":72832,"error":"ESP_OK","cleanup_error":"ESP_OK","address":2148502524,"swd_ack":0,"stack_free_min":0,"mcu_resumed":false,"destructive_started":true,"recovery_required":true}
2026-09-10 20:25:56 @mori {"event":"ag32_batch_status","state":"running","phase":"verify","message":"AG32 batch update queued","processed":73856,"total":108924,"device_id":1075838977,"dp_idcode":731911287,"records":3,"programmed":100072,"verified":73856,"error":"ESP_OK","cleanup_error":"ESP_OK","address":2148503548,"swd_ack":0,"stack_free_min":0,"mcu_resumed":false,"destructive_started":true,"recovery_required":true}
2026-09-10 20:25:56 @mori {"event":"ag32_batch_status","state":"running","phase":"verify","message":"AG32 batch update queued","processed":73856,"total":108924,"device_id":1075838977,"dp_idcode":731911287,"records":3,"programmed":100072,"verified":73856,"error":"ESP_OK","cleanup_error":"ESP_OK","address":2148503548,"swd_ack":0,"stack_free_min":0,"mcu_resumed":false,"destructive_started":true,"recovery_required":true}
2026-09-10 20:25:57 @mori {"event":"ag32_batch_status","state":"running","phase":"verify","message":"AG32 batch update queued","processed":74880,"total":108924,"device_id":1075838977,"dp_idcode":731911287,"records":3,"programmed":100072,"verified":74880,"error":"ESP_OK","cleanup_error":"ESP_OK","address":2148504572,"swd_ack":0,"stack_free_min":0,"mcu_resumed":false,"destructive_started":true,"recovery_required":true}
2026-09-10 20:25:57 @mori {"event":"ag32_batch_status","state":"running","phase":"verify","message":"AG32 batch update queued","processed":74880,"total":108924,"device_id":1075838977,"dp_idcode":731911287,"records":3,"programmed":100072,"verified":74880,"error":"ESP_OK","cleanup_error":"ESP_OK","address":2148504572,"swd_ack":0,"stack_free_min":0,"mcu_resumed":false,"destructive_started":true,"recovery_required":true}
2026-09-10 20:25:58 @mori {"event":"ag32_batch_status","state":"running","phase":"verify","message":"AG32 batch update queued","processed":75904,"total":108924,"device_id":1075838977,"dp_idcode":731911287,"records":3,"programmed":100072,"verified":75904,"error":"ESP_OK","cleanup_error":"ESP_OK","address":2148505596,"swd_ack":0,"stack_free_min":0,"mcu_resumed":false,"destructive_started":true,"recovery_required":true}
2026-09-10 20:25:58 @mori {"event":"ag32_batch_status","state":"running","phase":"verify","message":"AG32 batch update queued","processed":75904,"total":108924,"device_id":1075838977,"dp_idcode":731911287,"records":3,"programmed":100072,"verified":75904,"error":"ESP_OK","cleanup_error":"ESP_OK","address":2148505596,"swd_ack":0,"stack_free_min":0,"mcu_resumed":false,"destructive_started":true,"recovery_required":true}
2026-09-10 20:25:59 @mori {"event":"ag32_batch_status","state":"running","phase":"verify","message":"AG32 batch update queued","processed":76928,"total":108924,"device_id":1075838977,"dp_idcode":731911287,"records":3,"programmed":100072,"verified":76928,"error":"ESP_OK","cleanup_error":"ESP_OK","address":2148506620,"swd_ack":0,"stack_free_min":0,"mcu_resumed":false,"destructive_started":true,"recovery_required":true}
2026-09-10 20:25:59 @mori {"event":"ag32_batch_status","state":"running","phase":"verify","message":"AG32 batch update queued","processed":76928,"total":108924,"device_id":1075838977,"dp_idcode":731911287,"records":3,"programmed":100072,"verified":76928,"error":"ESP_OK","cleanup_error":"ESP_OK","address":2148506620,"swd_ack":0,"stack_free_min":0,"mcu_resumed":false,"destructive_started":true,"recovery_required":true}
2026-09-10 20:26:00 @mori {"event":"ag32_batch_status","state":"running","phase":"verify","message":"AG32 batch update queued","processed":77952,"total":108924,"device_id":1075838977,"dp_idcode":731911287,"records":3,"programmed":100072,"verified":77952,"error":"ESP_OK","cleanup_error":"ESP_OK","address":2148507644,"swd_ack":0,"stack_free_min":0,"mcu_resumed":false,"destructive_started":true,"recovery_required":true}
2026-09-10 20:26:00 @mori {"event":"ag32_batch_status","state":"running","phase":"verify","message":"AG32 batch update queued","processed":77952,"total":108924,"device_id":1075838977,"dp_idcode":731911287,"records":3,"programmed":100072,"verified":77952,"error":"ESP_OK","cleanup_error":"ESP_OK","address":2148507644,"swd_ack":0,"stack_free_min":0,"mcu_resumed":false,"destructive_started":true,"recovery_required":true}
2026-09-10 20:26:00 @mori {"event":"ag32_batch_status","state":"running","phase":"verify","message":"AG32 batch update queued","processed":78976,"total":108924,"device_id":1075838977,"dp_idcode":731911287,"records":3,"programmed":100072,"verified":78976,"error":"ESP_OK","cleanup_error":"ESP_OK","address":2148508668,"swd_ack":0,"stack_free_min":0,"mcu_resumed":false,"destructive_started":true,"recovery_required":true}
2026-09-10 20:26:01 @mori {"event":"ag32_batch_status","state":"running","phase":"verify","message":"AG32 batch update queued","processed":80000,"total":108924,"device_id":1075838977,"dp_idcode":731911287,"records":3,"programmed":100072,"verified":80000,"error":"ESP_OK","cleanup_error":"ESP_OK","address":2148509692,"swd_ack":0,"stack_free_min":0,"mcu_resumed":false,"destructive_started":true,"recovery_required":true}
2026-09-10 20:26:01 @mori {"event":"ag32_batch_status","state":"running","phase":"verify","message":"AG32 batch update queued","processed":80000,"total":108924,"device_id":1075838977,"dp_idcode":731911287,"records":3,"programmed":100072,"verified":80000,"error":"ESP_OK","cleanup_error":"ESP_OK","address":2148509692,"swd_ack":0,"stack_free_min":0,"mcu_resumed":false,"destructive_started":true,"recovery_required":true}
2026-09-10 20:26:02 @mori {"event":"ag32_batch_status","state":"running","phase":"verify","message":"AG32 batch update queued","processed":81024,"total":108924,"device_id":1075838977,"dp_idcode":731911287,"records":3,"programmed":100072,"verified":81024,"error":"ESP_OK","cleanup_error":"ESP_OK","address":2148510716,"swd_ack":0,"stack_free_min":0,"mcu_resumed":false,"destructive_started":true,"recovery_required":true}
2026-09-10 20:26:02 @mori {"event":"ag32_batch_status","state":"running","phase":"verify","message":"AG32 batch update queued","processed":81024,"total":108924,"device_id":1075838977,"dp_idcode":731911287,"records":3,"programmed":100072,"verified":81024,"error":"ESP_OK","cleanup_error":"ESP_OK","address":2148510716,"swd_ack":0,"stack_free_min":0,"mcu_resumed":false,"destructive_started":true,"recovery_required":true}
2026-09-10 20:26:03 @mori {"event":"ag32_batch_status","state":"running","phase":"verify","message":"AG32 batch update queued","processed":82048,"total":108924,"device_id":1075838977,"dp_idcode":731911287,"records":3,"programmed":100072,"verified":82048,"error":"ESP_OK","cleanup_error":"ESP_OK","address":2148511740,"swd_ack":0,"stack_free_min":0,"mcu_resumed":false,"destructive_started":true,"recovery_required":true}
2026-09-10 20:26:03 @mori {"event":"ag32_batch_status","state":"running","phase":"verify","message":"AG32 batch update queued","processed":82048,"total":108924,"device_id":1075838977,"dp_idcode":731911287,"records":3,"programmed":100072,"verified":82048,"error":"ESP_OK","cleanup_error":"ESP_OK","address":2148511740,"swd_ack":0,"stack_free_min":0,"mcu_resumed":false,"destructive_started":true,"recovery_required":true}
2026-09-10 20:26:03 @mori {"event":"ag32_batch_status","state":"running","phase":"verify","message":"AG32 batch update queued","processed":83072,"total":108924,"device_id":1075838977,"dp_idcode":731911287,"records":3,"programmed":100072,"verified":83072,"error":"ESP_OK","cleanup_error":"ESP_OK","address":2148512764,"swd_ack":0,"stack_free_min":0,"mcu_resumed":false,"destructive_started":true,"recovery_required":true}
2026-09-10 20:26:04 @mori {"event":"ag32_batch_status","state":"running","phase":"verify","message":"AG32 batch update queued","processed":83072,"total":108924,"device_id":1075838977,"dp_idcode":731911287,"records":3,"programmed":100072,"verified":83072,"error":"ESP_OK","cleanup_error":"ESP_OK","address":2148512764,"swd_ack":0,"stack_free_min":0,"mcu_resumed":false,"destructive_started":true,"recovery_required":true}
2026-09-10 20:26:04 @mori {"event":"ag32_batch_status","state":"running","phase":"verify","message":"AG32 batch update queued","processed":84096,"total":108924,"device_id":1075838977,"dp_idcode":731911287,"records":3,"programmed":100072,"verified":84096,"error":"ESP_OK","cleanup_error":"ESP_OK","address":2148513788,"swd_ack":0,"stack_free_min":0,"mcu_resumed":false,"destructive_started":true,"recovery_required":true}
2026-09-10 20:26:05 @mori {"event":"ag32_batch_status","state":"running","phase":"verify","message":"AG32 batch update queued","processed":84096,"total":108924,"device_id":1075838977,"dp_idcode":731911287,"records":3,"programmed":100072,"verified":84096,"error":"ESP_OK","cleanup_error":"ESP_OK","address":2148513788,"swd_ack":0,"stack_free_min":0,"mcu_resumed":false,"destructive_started":true,"recovery_required":true}
2026-09-10 20:26:05 @mori {"event":"ag32_batch_status","state":"running","phase":"verify","message":"AG32 batch update queued","processed":85120,"total":108924,"device_id":1075838977,"dp_idcode":731911287,"records":3,"programmed":100072,"verified":85120,"error":"ESP_OK","cleanup_error":"ESP_OK","address":2148514812,"swd_ack":0,"stack_free_min":0,"mcu_resumed":false,"destructive_started":true,"recovery_required":true}
2026-09-10 20:26:06 @mori {"event":"ag32_batch_status","state":"running","phase":"verify","message":"AG32 batch update queued","processed":85120,"total":108924,"device_id":1075838977,"dp_idcode":731911287,"records":3,"programmed":100072,"verified":85120,"error":"ESP_OK","cleanup_error":"ESP_OK","address":2148514812,"swd_ack":0,"stack_free_min":0,"mcu_resumed":false,"destructive_started":true,"recovery_required":true}
2026-09-10 20:26:06 @mori {"event":"ag32_batch_status","state":"running","phase":"verify","message":"AG32 batch update queued","processed":86144,"total":108924,"device_id":1075838977,"dp_idcode":731911287,"records":3,"programmed":100072,"verified":86144,"error":"ESP_OK","cleanup_error":"ESP_OK","address":2148515836,"swd_ack":0,"stack_free_min":0,"mcu_resumed":false,"destructive_started":true,"recovery_required":true}
2026-09-10 20:26:06 @mori {"event":"ag32_batch_status","state":"running","phase":"verify","message":"AG32 batch update queued","processed":87168,"total":108924,"device_id":1075838977,"dp_idcode":731911287,"records":3,"programmed":100072,"verified":87168,"error":"ESP_OK","cleanup_error":"ESP_OK","address":2148516860,"swd_ack":0,"stack_free_min":0,"mcu_resumed":false,"destructive_started":true,"recovery_required":true}
2026-09-10 20:26:07 @mori {"event":"ag32_batch_status","state":"running","phase":"verify","message":"AG32 batch update queued","processed":87168,"total":108924,"device_id":1075838977,"dp_idcode":731911287,"records":3,"programmed":100072,"verified":87168,"error":"ESP_OK","cleanup_error":"ESP_OK","address":2148516860,"swd_ack":0,"stack_free_min":0,"mcu_resumed":false,"destructive_started":true,"recovery_required":true}
2026-09-10 20:26:07 @mori {"event":"ag32_batch_status","state":"running","phase":"verify","message":"AG32 batch update queued","processed":88192,"total":108924,"device_id":1075838977,"dp_idcode":731911287,"records":3,"programmed":100072,"verified":88192,"error":"ESP_OK","cleanup_error":"ESP_OK","address":2148517884,"swd_ack":0,"stack_free_min":0,"mcu_resumed":false,"destructive_started":true,"recovery_required":true}
2026-09-10 20:26:08 @mori {"event":"ag32_batch_status","state":"running","phase":"verify","message":"AG32 batch update queued","processed":88192,"total":108924,"device_id":1075838977,"dp_idcode":731911287,"records":3,"programmed":100072,"verified":88192,"error":"ESP_OK","cleanup_error":"ESP_OK","address":2148517884,"swd_ack":0,"stack_free_min":0,"mcu_resumed":false,"destructive_started":true,"recovery_required":true}
2026-09-10 20:26:08 @mori {"event":"ag32_batch_status","state":"running","phase":"verify","message":"AG32 batch update queued","processed":89216,"total":108924,"device_id":1075838977,"dp_idcode":731911287,"records":3,"programmed":100072,"verified":89216,"error":"ESP_OK","cleanup_error":"ESP_OK","address":2148518908,"swd_ack":0,"stack_free_min":0,"mcu_resumed":false,"destructive_started":true,"recovery_required":true}
2026-09-10 20:26:09 @mori {"event":"ag32_batch_status","state":"running","phase":"verify","message":"AG32 batch update queued","processed":89216,"total":108924,"device_id":1075838977,"dp_idcode":731911287,"records":3,"programmed":100072,"verified":89216,"error":"ESP_OK","cleanup_error":"ESP_OK","address":2148518908,"swd_ack":0,"stack_free_min":0,"mcu_resumed":false,"destructive_started":true,"recovery_required":true}
2026-09-10 20:26:09 @mori {"event":"ag32_batch_status","state":"running","phase":"verify","message":"AG32 batch update queued","processed":90240,"total":108924,"device_id":1075838977,"dp_idcode":731911287,"records":3,"programmed":100072,"verified":90240,"error":"ESP_OK","cleanup_error":"ESP_OK","address":2148519932,"swd_ack":0,"stack_free_min":0,"mcu_resumed":false,"destructive_started":true,"recovery_required":true}
2026-09-10 20:26:10 @mori {"event":"ag32_batch_status","state":"running","phase":"verify","message":"AG32 batch update queued","processed":90240,"total":108924,"device_id":1075838977,"dp_idcode":731911287,"records":3,"programmed":100072,"verified":90240,"error":"ESP_OK","cleanup_error":"ESP_OK","address":2148519932,"swd_ack":0,"stack_free_min":0,"mcu_resumed":false,"destructive_started":true,"recovery_required":true}
2026-09-10 20:26:10 @mori {"event":"ag32_batch_status","state":"running","phase":"verify","message":"AG32 batch update queued","processed":91264,"total":108924,"device_id":1075838977,"dp_idcode":731911287,"records":3,"programmed":100072,"verified":91264,"error":"ESP_OK","cleanup_error":"ESP_OK","address":2148520956,"swd_ack":0,"stack_free_min":0,"mcu_resumed":false,"destructive_started":true,"recovery_required":true}
2026-09-10 20:26:10 @mori {"event":"ag32_batch_status","state":"running","phase":"verify","message":"AG32 batch update queued","processed":91264,"total":108924,"device_id":1075838977,"dp_idcode":731911287,"records":3,"programmed":100072,"verified":91264,"error":"ESP_OK","cleanup_error":"ESP_OK","address":2148520956,"swd_ack":0,"stack_free_min":0,"mcu_resumed":false,"destructive_started":true,"recovery_required":true}
2026-09-10 20:26:11 @mori {"event":"ag32_batch_status","state":"running","phase":"verify","message":"AG32 batch update queued","processed":92288,"total":108924,"device_id":1075838977,"dp_idcode":731911287,"records":3,"programmed":100072,"verified":92288,"error":"ESP_OK","cleanup_error":"ESP_OK","address":2148521980,"swd_ack":0,"stack_free_min":0,"mcu_resumed":false,"destructive_started":true,"recovery_required":true}
2026-09-10 20:26:11 @mori {"event":"ag32_batch_status","state":"running","phase":"verify","message":"AG32 batch update queued","processed":92288,"total":108924,"device_id":1075838977,"dp_idcode":731911287,"records":3,"programmed":100072,"verified":92288,"error":"ESP_OK","cleanup_error":"ESP_OK","address":2148521980,"swd_ack":0,"stack_free_min":0,"mcu_resumed":false,"destructive_started":true,"recovery_required":true}
2026-09-10 20:26:12 @mori {"event":"ag32_batch_status","state":"running","phase":"verify","message":"AG32 batch update queued","processed":93312,"total":108924,"device_id":1075838977,"dp_idcode":731911287,"records":3,"programmed":100072,"verified":93312,"error":"ESP_OK","cleanup_error":"ESP_OK","address":2148523004,"swd_ack":0,"stack_free_min":0,"mcu_resumed":false,"destructive_started":true,"recovery_required":true}
2026-09-10 20:26:12 @mori {"event":"ag32_batch_status","state":"running","phase":"verify","message":"AG32 batch update queued","processed":94336,"total":108924,"device_id":1075838977,"dp_idcode":731911287,"records":3,"programmed":100072,"verified":94336,"error":"ESP_OK","cleanup_error":"ESP_OK","address":2148524028,"swd_ack":0,"stack_free_min":0,"mcu_resumed":false,"destructive_started":true,"recovery_required":true}
2026-09-10 20:26:13 @mori {"event":"ag32_batch_status","state":"running","phase":"verify","message":"AG32 batch update queued","processed":94336,"total":108924,"device_id":1075838977,"dp_idcode":731911287,"records":3,"programmed":100072,"verified":94336,"error":"ESP_OK","cleanup_error":"ESP_OK","address":2148524028,"swd_ack":0,"stack_free_min":0,"mcu_resumed":false,"destructive_started":true,"recovery_required":true}
2026-09-10 20:26:13 @mori {"event":"ag32_batch_status","state":"running","phase":"verify","message":"AG32 batch update queued","processed":95360,"total":108924,"device_id":1075838977,"dp_idcode":731911287,"records":3,"programmed":100072,"verified":95360,"error":"ESP_OK","cleanup_error":"ESP_OK","address":2148525052,"swd_ack":0,"stack_free_min":0,"mcu_resumed":false,"destructive_started":true,"recovery_required":true}
2026-09-10 20:26:13 @mori {"event":"ag32_batch_status","state":"running","phase":"verify","message":"AG32 batch update queued","processed":95360,"total":108924,"device_id":1075838977,"dp_idcode":731911287,"records":3,"programmed":100072,"verified":95360,"error":"ESP_OK","cleanup_error":"ESP_OK","address":2148525052,"swd_ack":0,"stack_free_min":0,"mcu_resumed":false,"destructive_started":true,"recovery_required":true}
2026-09-10 20:26:14 @mori {"event":"ag32_batch_status","state":"running","phase":"verify","message":"AG32 batch update queued","processed":96384,"total":108924,"device_id":1075838977,"dp_idcode":731911287,"records":3,"programmed":100072,"verified":96384,"error":"ESP_OK","cleanup_error":"ESP_OK","address":2148526076,"swd_ack":0,"stack_free_min":0,"mcu_resumed":false,"destructive_started":true,"recovery_required":true}
2026-09-10 20:26:14 @mori {"event":"ag32_batch_status","state":"running","phase":"verify","message":"AG32 batch update queued","processed":96384,"total":108924,"device_id":1075838977,"dp_idcode":731911287,"records":3,"programmed":100072,"verified":96384,"error":"ESP_OK","cleanup_error":"ESP_OK","address":2148526076,"swd_ack":0,"stack_free_min":0,"mcu_resumed":false,"destructive_started":true,"recovery_required":true}
2026-09-10 20:26:15 @mori {"event":"ag32_batch_status","state":"running","phase":"verify","message":"AG32 batch update queued","processed":97408,"total":108924,"device_id":1075838977,"dp_idcode":731911287,"records":3,"programmed":100072,"verified":97408,"error":"ESP_OK","cleanup_error":"ESP_OK","address":2148527100,"swd_ack":0,"stack_free_min":0,"mcu_resumed":false,"destructive_started":true,"recovery_required":true}
2026-09-10 20:26:15 @mori {"event":"ag32_batch_status","state":"running","phase":"verify","message":"AG32 batch update queued","processed":97408,"total":108924,"device_id":1075838977,"dp_idcode":731911287,"records":3,"programmed":100072,"verified":97408,"error":"ESP_OK","cleanup_error":"ESP_OK","address":2148527100,"swd_ack":0,"stack_free_min":0,"mcu_resumed":false,"destructive_started":true,"recovery_required":true}
2026-09-10 20:26:16 @mori {"event":"ag32_batch_status","state":"running","phase":"verify","message":"AG32 batch update queued","processed":98432,"total":108924,"device_id":1075838977,"dp_idcode":731911287,"records":3,"programmed":100072,"verified":98432,"error":"ESP_OK","cleanup_error":"ESP_OK","address":2148528124,"swd_ack":0,"stack_free_min":0,"mcu_resumed":false,"destructive_started":true,"recovery_required":true}
2026-09-10 20:26:16 @mori {"event":"ag32_batch_status","state":"running","phase":"verify","message":"AG32 batch update queued","processed":98432,"total":108924,"device_id":1075838977,"dp_idcode":731911287,"records":3,"programmed":100072,"verified":98432,"error":"ESP_OK","cleanup_error":"ESP_OK","address":2148528124,"swd_ack":0,"stack_free_min":0,"mcu_resumed":false,"destructive_started":true,"recovery_required":true}
2026-09-10 20:26:17 @mori {"event":"ag32_batch_status","state":"running","phase":"verify","message":"AG32 batch update queued","processed":99456,"total":108924,"device_id":1075838977,"dp_idcode":731911287,"records":3,"programmed":100072,"verified":99456,"error":"ESP_OK","cleanup_error":"ESP_OK","address":2148529148,"swd_ack":0,"stack_free_min":0,"mcu_resumed":false,"destructive_started":true,"recovery_required":true}
2026-09-10 20:26:17 @mori {"event":"ag32_batch_status","state":"running","phase":"program","message":"AG32 batch update queued","processed":0,"total":108924,"device_id":1075838977,"dp_idcode":731911287,"records":3,"programmed":100072,"verified":100072,"error":"ESP_OK","cleanup_error":"ESP_OK","address":2147483648,"swd_ack":0,"stack_free_min":0,"mcu_resumed":false,"destructive_started":true,"recovery_required":true}
2026-09-10 20:26:17 @mori {"event":"ag32_batch_status","state":"running","phase":"program","message":"AG32 batch update queued","processed":0,"total":108924,"device_id":1075838977,"dp_idcode":731911287,"records":3,"programmed":100072,"verified":100072,"error":"ESP_OK","cleanup_error":"ESP_OK","address":2147483648,"swd_ack":0,"stack_free_min":0,"mcu_resumed":false,"destructive_started":true,"recovery_required":true}
2026-09-10 20:26:18 @mori {"event":"ag32_batch_status","state":"running","phase":"program","message":"AG32 batch update queued","processed":0,"total":108924,"device_id":1075838977,"dp_idcode":731911287,"records":3,"programmed":100072,"verified":100072,"error":"ESP_OK","cleanup_error":"ESP_OK","address":2147483648,"swd_ack":0,"stack_free_min":0,"mcu_resumed":false,"destructive_started":true,"recovery_required":true}
2026-09-10 20:26:18 @mori {"event":"ag32_batch_status","state":"running","phase":"program","message":"AG32 batch update queued","processed":101096,"total":108924,"device_id":1075838977,"dp_idcode":731911287,"records":3,"programmed":101096,"verified":100072,"error":"ESP_OK","cleanup_error":"ESP_OK","address":2147484668,"swd_ack":0,"stack_free_min":0,"mcu_resumed":false,"destructive_started":true,"recovery_required":true}
2026-09-10 20:26:19 @mori {"event":"ag32_batch_status","state":"running","phase":"program","message":"AG32 batch update queued","processed":101096,"total":108924,"device_id":1075838977,"dp_idcode":731911287,"records":3,"programmed":101096,"verified":100072,"error":"ESP_OK","cleanup_error":"ESP_OK","address":2147484668,"swd_ack":0,"stack_free_min":0,"mcu_resumed":false,"destructive_started":true,"recovery_required":true}
2026-09-10 20:26:19 @mori {"event":"ag32_batch_status","state":"running","phase":"program","message":"AG32 batch update queued","processed":101096,"total":108924,"device_id":1075838977,"dp_idcode":731911287,"records":3,"programmed":101096,"verified":100072,"error":"ESP_OK","cleanup_error":"ESP_OK","address":2147484668,"swd_ack":0,"stack_free_min":0,"mcu_resumed":false,"destructive_started":true,"recovery_required":true}
2026-09-10 20:26:20 @mori {"event":"ag32_batch_status","state":"running","phase":"program","message":"AG32 batch update queued","processed":101096,"total":108924,"device_id":1075838977,"dp_idcode":731911287,"records":3,"programmed":101096,"verified":100072,"error":"ESP_OK","cleanup_error":"ESP_OK","address":2147484668,"swd_ack":0,"stack_free_min":0,"mcu_resumed":false,"destructive_started":true,"recovery_required":true}
2026-09-10 20:26:20 @mori {"event":"ag32_batch_status","state":"running","phase":"program","message":"AG32 batch update queued","processed":102120,"total":108924,"device_id":1075838977,"dp_idcode":731911287,"records":3,"programmed":102120,"verified":100072,"error":"ESP_OK","cleanup_error":"ESP_OK","address":2147485692,"swd_ack":0,"stack_free_min":0,"mcu_resumed":false,"destructive_started":true,"recovery_required":true}
2026-09-10 20:26:20 @mori {"event":"ag32_batch_status","state":"running","phase":"program","message":"AG32 batch update queued","processed":102120,"total":108924,"device_id":1075838977,"dp_idcode":731911287,"records":3,"programmed":102120,"verified":100072,"error":"ESP_OK","cleanup_error":"ESP_OK","address":2147485692,"swd_ack":0,"stack_free_min":0,"mcu_resumed":false,"destructive_started":true,"recovery_required":true}
2026-09-10 20:26:21 @mori {"event":"ag32_batch_status","state":"running","phase":"program","message":"AG32 batch update queued","processed":102120,"total":108924,"device_id":1075838977,"dp_idcode":731911287,"records":3,"programmed":102120,"verified":100072,"error":"ESP_OK","cleanup_error":"ESP_OK","address":2147485692,"swd_ack":0,"stack_free_min":0,"mcu_resumed":false,"destructive_started":true,"recovery_required":true}
2026-09-10 20:26:21 @mori {"event":"ag32_batch_status","state":"running","phase":"program","message":"AG32 batch update queued","processed":103144,"total":108924,"device_id":1075838977,"dp_idcode":731911287,"records":3,"programmed":103144,"verified":100072,"error":"ESP_OK","cleanup_error":"ESP_OK","address":2147486716,"swd_ack":0,"stack_free_min":0,"mcu_resumed":false,"destructive_started":true,"recovery_required":true}
2026-09-10 20:26:22 @mori {"event":"ag32_batch_status","state":"running","phase":"program","message":"AG32 batch update queued","processed":103144,"total":108924,"device_id":1075838977,"dp_idcode":731911287,"records":3,"programmed":103144,"verified":100072,"error":"ESP_OK","cleanup_error":"ESP_OK","address":2147486716,"swd_ack":0,"stack_free_min":0,"mcu_resumed":false,"destructive_started":true,"recovery_required":true}
2026-09-10 20:26:22 @mori {"event":"ag32_batch_status","state":"running","phase":"program","message":"AG32 batch update queued","processed":103144,"total":108924,"device_id":1075838977,"dp_idcode":731911287,"records":3,"programmed":103144,"verified":100072,"error":"ESP_OK","cleanup_error":"ESP_OK","address":2147486716,"swd_ack":0,"stack_free_min":0,"mcu_resumed":false,"destructive_started":true,"recovery_required":true}
2026-09-10 20:26:23 @mori {"event":"ag32_batch_status","state":"running","phase":"program","message":"AG32 batch update queued","processed":103144,"total":108924,"device_id":1075838977,"dp_idcode":731911287,"records":3,"programmed":103144,"verified":100072,"error":"ESP_OK","cleanup_error":"ESP_OK","address":2147486716,"swd_ack":0,"stack_free_min":0,"mcu_resumed":false,"destructive_started":true,"recovery_required":true}
2026-09-10 20:26:23 @mori {"event":"ag32_batch_status","state":"running","phase":"program","message":"AG32 batch update queued","processed":104168,"total":108924,"device_id":1075838977,"dp_idcode":731911287,"records":3,"programmed":104168,"verified":100072,"error":"ESP_OK","cleanup_error":"ESP_OK","address":2147487740,"swd_ack":0,"stack_free_min":0,"mcu_resumed":false,"destructive_started":true,"recovery_required":true}
2026-09-10 20:26:23 @mori {"event":"ag32_batch_status","state":"running","phase":"program","message":"AG32 batch update queued","processed":104168,"total":108924,"device_id":1075838977,"dp_idcode":731911287,"records":3,"programmed":104168,"verified":100072,"error":"ESP_OK","cleanup_error":"ESP_OK","address":2147487740,"swd_ack":0,"stack_free_min":0,"mcu_resumed":false,"destructive_started":true,"recovery_required":true}
2026-09-10 20:26:24 @mori {"event":"ag32_batch_status","state":"running","phase":"program","message":"AG32 batch update queued","processed":104168,"total":108924,"device_id":1075838977,"dp_idcode":731911287,"records":3,"programmed":104168,"verified":100072,"error":"ESP_OK","cleanup_error":"ESP_OK","address":2147487740,"swd_ack":0,"stack_free_min":0,"mcu_resumed":false,"destructive_started":true,"recovery_required":true}
2026-09-10 20:26:24 @mori {"event":"ag32_batch_status","state":"running","phase":"program","message":"AG32 batch update queued","processed":105192,"total":108924,"device_id":1075838977,"dp_idcode":731911287,"records":3,"programmed":105192,"verified":100072,"error":"ESP_OK","cleanup_error":"ESP_OK","address":2147488764,"swd_ack":0,"stack_free_min":0,"mcu_resumed":false,"destructive_started":true,"recovery_required":true}
2026-09-10 20:26:25 @mori {"event":"ag32_batch_status","state":"running","phase":"program","message":"AG32 batch update queued","processed":105192,"total":108924,"device_id":1075838977,"dp_idcode":731911287,"records":3,"programmed":105192,"verified":100072,"error":"ESP_OK","cleanup_error":"ESP_OK","address":2147488764,"swd_ack":0,"stack_free_min":0,"mcu_resumed":false,"destructive_started":true,"recovery_required":true}
2026-09-10 20:26:25 @mori {"event":"ag32_batch_status","state":"running","phase":"program","message":"AG32 batch update queued","processed":105192,"total":108924,"device_id":1075838977,"dp_idcode":731911287,"records":3,"programmed":105192,"verified":100072,"error":"ESP_OK","cleanup_error":"ESP_OK","address":2147488764,"swd_ack":0,"stack_free_min":0,"mcu_resumed":false,"destructive_started":true,"recovery_required":true}
2026-09-10 20:26:26 @mori {"event":"ag32_batch_status","state":"running","phase":"program","message":"AG32 batch update queued","processed":105192,"total":108924,"device_id":1075838977,"dp_idcode":731911287,"records":3,"programmed":105192,"verified":100072,"error":"ESP_OK","cleanup_error":"ESP_OK","address":2147488764,"swd_ack":0,"stack_free_min":0,"mcu_resumed":false,"destructive_started":true,"recovery_required":true}
2026-09-10 20:26:26 @mori {"event":"ag32_batch_status","state":"running","phase":"program","message":"AG32 batch update queued","processed":106216,"total":108924,"device_id":1075838977,"dp_idcode":731911287,"records":3,"programmed":106216,"verified":100072,"error":"ESP_OK","cleanup_error":"ESP_OK","address":2147489788,"swd_ack":0,"stack_free_min":0,"mcu_resumed":false,"destructive_started":true,"recovery_required":true}
2026-09-10 20:26:27 @mori {"event":"ag32_batch_status","state":"running","phase":"program","message":"AG32 batch update queued","processed":106216,"total":108924,"device_id":1075838977,"dp_idcode":731911287,"records":3,"programmed":106216,"verified":100072,"error":"ESP_OK","cleanup_error":"ESP_OK","address":2147489788,"swd_ack":0,"stack_free_min":0,"mcu_resumed":false,"destructive_started":true,"recovery_required":true}
2026-09-10 20:26:27 @mori {"event":"ag32_batch_status","state":"running","phase":"program","message":"AG32 batch update queued","processed":106216,"total":108924,"device_id":1075838977,"dp_idcode":731911287,"records":3,"programmed":106216,"verified":100072,"error":"ESP_OK","cleanup_error":"ESP_OK","address":2147489788,"swd_ack":0,"stack_free_min":0,"mcu_resumed":false,"destructive_started":true,"recovery_required":true}
2026-09-10 20:26:27 @mori {"event":"ag32_batch_status","state":"running","phase":"program","message":"AG32 batch update queued","processed":107240,"total":108924,"device_id":1075838977,"dp_idcode":731911287,"records":3,"programmed":107240,"verified":100072,"error":"ESP_OK","cleanup_error":"ESP_OK","address":2147490812,"swd_ack":0,"stack_free_min":0,"mcu_resumed":false,"destructive_started":true,"recovery_required":true}
2026-09-10 20:26:28 @mori {"event":"ag32_batch_status","state":"running","phase":"program","message":"AG32 batch update queued","processed":107240,"total":108924,"device_id":1075838977,"dp_idcode":731911287,"records":3,"programmed":107240,"verified":100072,"error":"ESP_OK","cleanup_error":"ESP_OK","address":2147490812,"swd_ack":0,"stack_free_min":0,"mcu_resumed":false,"destructive_started":true,"recovery_required":true}
2026-09-10 20:26:28 @mori {"event":"ag32_batch_status","state":"running","phase":"program","message":"AG32 batch update queued","processed":107240,"total":108924,"device_id":1075838977,"dp_idcode":731911287,"records":3,"programmed":107240,"verified":100072,"error":"ESP_OK","cleanup_error":"ESP_OK","address":2147490812,"swd_ack":0,"stack_free_min":0,"mcu_resumed":false,"destructive_started":true,"recovery_required":true}
2026-09-10 20:26:29 @mori {"event":"ag32_batch_status","state":"running","phase":"program","message":"AG32 batch update queued","processed":107240,"total":108924,"device_id":1075838977,"dp_idcode":731911287,"records":3,"programmed":107240,"verified":100072,"error":"ESP_OK","cleanup_error":"ESP_OK","address":2147490812,"swd_ack":0,"stack_free_min":0,"mcu_resumed":false,"destructive_started":true,"recovery_required":true}
2026-09-10 20:26:29 @mori {"event":"ag32_batch_status","state":"running","phase":"program","message":"AG32 batch update queued","processed":108264,"total":108924,"device_id":1075838977,"dp_idcode":731911287,"records":3,"programmed":108264,"verified":100072,"error":"ESP_OK","cleanup_error":"ESP_OK","address":2147491836,"swd_ack":0,"stack_free_min":0,"mcu_resumed":false,"destructive_started":true,"recovery_required":true}
2026-09-10 20:26:30 @mori {"event":"ag32_batch_status","state":"running","phase":"program","message":"AG32 batch update queued","processed":108264,"total":108924,"device_id":1075838977,"dp_idcode":731911287,"records":3,"programmed":108264,"verified":100072,"error":"ESP_OK","cleanup_error":"ESP_OK","address":2147491836,"swd_ack":0,"stack_free_min":0,"mcu_resumed":false,"destructive_started":true,"recovery_required":true}
2026-09-10 20:26:30 @mori {"event":"ag32_batch_status","state":"running","phase":"verify","message":"AG32 batch update queued","processed":0,"total":108924,"device_id":1075838977,"dp_idcode":731911287,"records":3,"programmed":108924,"verified":100072,"error":"ESP_OK","cleanup_error":"ESP_OK","address":2147492496,"swd_ack":0,"stack_free_min":0,"mcu_resumed":false,"destructive_started":true,"recovery_required":true}
2026-09-10 20:26:30 @mori {"event":"ag32_batch_status","state":"running","phase":"verify","message":"AG32 batch update queued","processed":0,"total":108924,"device_id":1075838977,"dp_idcode":731911287,"records":3,"programmed":108924,"verified":100072,"error":"ESP_OK","cleanup_error":"ESP_OK","address":2147492496,"swd_ack":0,"stack_free_min":0,"mcu_resumed":false,"destructive_started":true,"recovery_required":true}
2026-09-10 20:26:31 @mori {"event":"ag32_batch_status","state":"running","phase":"verify","message":"AG32 batch update queued","processed":101096,"total":108924,"device_id":1075838977,"dp_idcode":731911287,"records":3,"programmed":108924,"verified":101096,"error":"ESP_OK","cleanup_error":"ESP_OK","address":2147484668,"swd_ack":0,"stack_free_min":0,"mcu_resumed":false,"destructive_started":true,"recovery_required":true}
2026-09-10 20:26:31 @mori {"event":"ag32_batch_status","state":"running","phase":"verify","message":"AG32 batch update queued","processed":101096,"total":108924,"device_id":1075838977,"dp_idcode":731911287,"records":3,"programmed":108924,"verified":101096,"error":"ESP_OK","cleanup_error":"ESP_OK","address":2147484668,"swd_ack":0,"stack_free_min":0,"mcu_resumed":false,"destructive_started":true,"recovery_required":true}
2026-09-10 20:26:32 @mori {"event":"ag32_batch_status","state":"running","phase":"verify","message":"AG32 batch update queued","processed":102120,"total":108924,"device_id":1075838977,"dp_idcode":731911287,"records":3,"programmed":108924,"verified":102120,"error":"ESP_OK","cleanup_error":"ESP_OK","address":2147485692,"swd_ack":0,"stack_free_min":0,"mcu_resumed":false,"destructive_started":true,"recovery_required":true}
2026-09-10 20:26:32 @mori {"event":"ag32_batch_status","state":"running","phase":"verify","message":"AG32 batch update queued","processed":102120,"total":108924,"device_id":1075838977,"dp_idcode":731911287,"records":3,"programmed":108924,"verified":102120,"error":"ESP_OK","cleanup_error":"ESP_OK","address":2147485692,"swd_ack":0,"stack_free_min":0,"mcu_resumed":false,"destructive_started":true,"recovery_required":true}
2026-09-10 20:26:33 @mori {"event":"ag32_batch_status","state":"running","phase":"verify","message":"AG32 batch update queued","processed":103144,"total":108924,"device_id":1075838977,"dp_idcode":731911287,"records":3,"programmed":108924,"verified":103144,"error":"ESP_OK","cleanup_error":"ESP_OK","address":2147486716,"swd_ack":0,"stack_free_min":0,"mcu_resumed":false,"destructive_started":true,"recovery_required":true}
2026-09-10 20:26:33 @mori {"event":"ag32_batch_status","state":"running","phase":"verify","message":"AG32 batch update queued","processed":104168,"total":108924,"device_id":1075838977,"dp_idcode":731911287,"records":3,"programmed":108924,"verified":104168,"error":"ESP_OK","cleanup_error":"ESP_OK","address":2147487740,"swd_ack":0,"stack_free_min":0,"mcu_resumed":false,"destructive_started":true,"recovery_required":true}
2026-09-10 20:26:33 @mori {"event":"ag32_batch_status","state":"running","phase":"verify","message":"AG32 batch update queued","processed":104168,"total":108924,"device_id":1075838977,"dp_idcode":731911287,"records":3,"programmed":108924,"verified":104168,"error":"ESP_OK","cleanup_error":"ESP_OK","address":2147487740,"swd_ack":0,"stack_free_min":0,"mcu_resumed":false,"destructive_started":true,"recovery_required":true}
2026-09-10 20:26:34 @mori {"event":"ag32_batch_status","state":"running","phase":"verify","message":"AG32 batch update queued","processed":105192,"total":108924,"device_id":1075838977,"dp_idcode":731911287,"records":3,"programmed":108924,"verified":105192,"error":"ESP_OK","cleanup_error":"ESP_OK","address":2147488764,"swd_ack":0,"stack_free_min":0,"mcu_resumed":false,"destructive_started":true,"recovery_required":true}
2026-09-10 20:26:34 @mori {"event":"ag32_batch_status","state":"running","phase":"verify","message":"AG32 batch update queued","processed":105192,"total":108924,"device_id":1075838977,"dp_idcode":731911287,"records":3,"programmed":108924,"verified":105192,"error":"ESP_OK","cleanup_error":"ESP_OK","address":2147488764,"swd_ack":0,"stack_free_min":0,"mcu_resumed":false,"destructive_started":true,"recovery_required":true}
2026-09-10 20:26:35 @mori {"event":"ag32_batch_status","state":"running","phase":"verify","message":"AG32 batch update queued","processed":106216,"total":108924,"device_id":1075838977,"dp_idcode":731911287,"records":3,"programmed":108924,"verified":106216,"error":"ESP_OK","cleanup_error":"ESP_OK","address":2147489788,"swd_ack":0,"stack_free_min":0,"mcu_resumed":false,"destructive_started":true,"recovery_required":true}
2026-09-10 20:26:35 @mori {"event":"ag32_batch_status","state":"running","phase":"verify","message":"AG32 batch update queued","processed":106216,"total":108924,"device_id":1075838977,"dp_idcode":731911287,"records":3,"programmed":108924,"verified":106216,"error":"ESP_OK","cleanup_error":"ESP_OK","address":2147489788,"swd_ack":0,"stack_free_min":0,"mcu_resumed":false,"destructive_started":true,"recovery_required":true}
2026-09-10 20:26:36 @mori {"event":"ag32_batch_status","state":"running","phase":"verify","message":"AG32 batch update queued","processed":107240,"total":108924,"device_id":1075838977,"dp_idcode":731911287,"records":3,"programmed":108924,"verified":107240,"error":"ESP_OK","cleanup_error":"ESP_OK","address":2147490812,"swd_ack":0,"stack_free_min":0,"mcu_resumed":false,"destructive_started":true,"recovery_required":true}
2026-09-10 20:26:36 @mori {"event":"ag32_batch_status","state":"running","phase":"verify","message":"AG32 batch update queued","processed":107240,"total":108924,"device_id":1075838977,"dp_idcode":731911287,"records":3,"programmed":108924,"verified":107240,"error":"ESP_OK","cleanup_error":"ESP_OK","address":2147490812,"swd_ack":0,"stack_free_min":0,"mcu_resumed":false,"destructive_started":true,"recovery_required":true}
2026-09-10 20:26:37 @mori {"event":"ag32_batch_status","state":"running","phase":"verify","message":"AG32 batch update queued","processed":108264,"total":108924,"device_id":1075838977,"dp_idcode":731911287,"records":3,"programmed":108924,"verified":108264,"error":"ESP_OK","cleanup_error":"ESP_OK","address":2147491836,"swd_ack":0,"stack_free_min":0,"mcu_resumed":false,"destructive_started":true,"recovery_required":true}
2026-09-10 20:26:37 I (745711) ag32_program: batch result=ESP_OK phase=reset address=80002290 ack=1 cleanup=ESP_OK records=3 programmed=108924 verified=108924
2026-09-10 20:26:37 I (745714) power_manager: CPU perf lock released by ag32_batch
2026-09-10 20:26:37 @mori {"event":"ag32_batch_status","state":"success","phase":"complete","message":"AG32 batch programmed and verified","processed":108924,"total":108924,"device_id":1075838977,"dp_idcode":731911287,"records":3,"programmed":108924,"verified":108924,"error":"ESP_OK","cleanup_error":"ESP_OK","address":2147492496,"swd_ack":1,"stack_free_min":4460,"mcu_resumed":true,"destructive_started":true,"recovery_required":false}
2026-09-10 20:26:37 @mori {"event":"cpld_info","ok":true,"error":"ESP_OK","block_bytes":1024}
2026-09-10 20:26:37 I (745883) mcu_debug: SWD DP IDCODE=0x2ba01477
2026-09-10 20:26:37 I (745884) mcu_debug: SWD DP status after ABORT=0xf0000041
2026-09-10 20:26:37 I (745886) mcu_debug: SWD DP CTRL/STAT=0xf0000041
2026-09-10 20:26:37 I (745888) mcu_debug: SWD AP IDR=0x1fff0011 CSW=0x23000042
2026-09-10 20:26:37 I (745893) mcu_debug: DMI DMSTATUS before halt=0x000f0ca2
2026-09-10 20:26:37 @mori {"event":"ag32_probe","ok":true,"error":"ESP_OK","status":"ok","dp_idcode":731911287,"device_id":1075838977}
2026-09-10 20:26:37 @mori {"event":"status","version":"v2.32-108-gb7f098c-dirty","uptime_ms":744876,"internal_free":55219,"internal_largest":27648,"psram_free":7555660,"burn_running":false,"patch_running":false,"cancel_requested":false,"phase":"","detail":"","offset":0,"total":0,"passes":0,"read_bytes":0,"read_ms":0,"elapsed_ms":0,"result":0,"ag32_link":"auto","ag32_link_active":"unknown","ag32_capabilities":0,"ag32_capabilities_known":false}
2026-09-10 20:27:12 I (781005) power_manager: CPU perf lock acquired by bacon_check
2026-09-10 20:27:12 I (781209) mcu_debug: SWD DP IDCODE=0x2ba01477
2026-09-10 20:27:12 I (781211) mcu_debug: SWD DP status after ABORT=0xf0000041
2026-09-10 20:27:12 I (781212) mcu_debug: SWD DP CTRL/STAT=0xf0000041
2026-09-10 20:27:12 I (781214) mcu_debug: SWD AP IDR=0x1fff0011 CSW=0x23000042
2026-09-10 20:27:12 I (781219) mcu_debug: DMI DMSTATUS before halt=0x000f0ca2
2026-09-10 20:27:12 I (781236) mcu_debug: SWD DP IDCODE=0x2ba01477
2026-09-10 20:27:12 I (781237) mcu_debug: SWD DP status after ABORT=0xf0000041
2026-09-10 20:27:12 I (781238) mcu_debug: SWD DP CTRL/STAT=0xf0000041
2026-09-10 20:27:12 I (781240) mcu_debug: SWD AP IDR=0x1fff0011 CSW=0x23000042
2026-09-10 20:27:12 I (781248) power_manager: CPU perf lock released by bacon_check
2026-09-10 20:27:12
2026-09-10 20:27:12 @mori {"event":"bacon_check","ok":true,"error":"ESP_OK","preference":"auto","mcu_halted_during_reads":true,"mcu_resumed":true,"samples":256,"mean_us":38.36328125,"p50_us":36,"p95_us":38,"max_us":416}
2026-09-10 20:27:13 I (781568) power_manager: CPU perf lock acquired by cpld_check
2026-09-10 20:27:13 I (781815) mcu_debug: SWD DP IDCODE=0x2ba01477
2026-09-10 20:27:13 I (781816) mcu_debug: SWD DP status after ABORT=0xf0000041
2026-09-10 20:27:13 I (781818) mcu_debug: SWD DP CTRL/STAT=0xf0000041
2026-09-10 20:27:13 I (781820) mcu_debug: SWD AP IDR=0x1fff0011 CSW=0x23000042
2026-09-10 20:27:13 I (781825) mcu_debug: DMI DMSTATUS before halt=0x000f0ca2
2026-09-10 20:27:13 I (782063) mcu_debug: SWD DP IDCODE=0x2ba01477
2026-09-10 20:27:13 I (782065) mcu_debug: SWD DP status after ABORT=0xf0000041
2026-09-10 20:27:13 I (782066) mcu_debug: SWD DP CTRL/STAT=0xf0000041
2026-09-10 20:27:13 I (782068) mcu_debug: SWD AP IDR=0x1fff0011 CSW=0x23000042
2026-09-10 20:27:13 I (782076) power_manager: CPU perf lock released by cpld_check
2026-09-10 20:27:13
2026-09-10 20:27:13 @mori {"event":"cpld_check","ok":true,"error":"ESP_OK","passes":8,"bytes":524288,"elapsed_us":205423,"last_first_ready_us":1173,"last_status_polls":69,"mcu_halted":true,"mcu_resumed":true}
2026-09-10 20:30:21 @mori {"event":"ui","process_calls":55878,"render_calls":2391,"music_polls":8528,"model_bytes":15352,"directory_scans":2,"cache_hits":0,"page":19,"selected":0,"count":18,"preview_generation":4,"file_worker_stack_free":12392,"file_start_active":false,"preview_active":false,"preview_done":false,"preview_available":false,"screen_dimmed":true,"selection":"","status":"burner done: verify finished"}
2026-09-10 20:30:21 @mori {"event":"key","message":"b"}
2026-09-10 20:30:21 @mori {"event":"ui","process_calls":55888,"render_calls":2392,"music_polls":8530,"model_bytes":15352,"directory_scans":2,"cache_hits":0,"page":19,"selected":0,"count":18,"preview_generation":4,"file_worker_stack_free":12392,"file_start_active":false,"preview_active":false,"preview_done":false,"preview_available":false,"screen_dimmed":false,"selection":"","status":"burner done: verify finished"}
2026-09-10 20:30:21 @mori {"event":"key","message":"b"}
2026-09-10 20:30:21 @mori {"event":"ui","process_calls":55892,"render_calls":2394,"music_polls":8531,"model_bytes":15352,"directory_scans":2,"cache_hits":0,"page":14,"selected":0,"count":2,"preview_generation":4,"file_worker_stack_free":12392,"file_start_active":false,"preview_active":false,"preview_done":false,"preview_available":false,"screen_dimmed":false,"selection":"","status":"就绪"}
2026-09-10 20:30:21 @mori {"event":"key","message":"b"}
2026-09-10 20:30:22 @mori {"event":"ui","process_calls":55898,"render_calls":2400,"music_polls":8531,"model_bytes":15352,"directory_scans":2,"cache_hits":0,"page":17,"selected":0,"count":11,"preview_generation":4,"file_worker_stack_free":12392,"file_start_active":false,"preview_active":false,"preview_done":false,"preview_available":false,"screen_dimmed":false,"selection":"亮度","status":"就绪"}
2026-09-10 20:30:22 @mori {"event":"key","message":"b"}
2026-09-10 20:30:22 @mori {"event":"ui","process_calls":55903,"render_calls":2405,"music_polls":8533,"model_bytes":15352,"directory_scans":2,"cache_hits":0,"page":1,"selected":0,"count":5,"preview_generation":4,"file_worker_stack_free":12392,"file_start_active":false,"preview_active":false,"preview_done":false,"preview_available":false,"screen_dimmed":false,"selection":"Apps","status":"就绪"}
2026-09-10 20:30:22 @mori {"event":"key","message":"b"}
2026-09-10 20:30:22 @mori {"event":"ui","process_calls":55909,"render_calls":2411,"music_polls":8533,"model_bytes":15352,"directory_scans":2,"cache_hits":0,"page":0,"selected":0,"count":5,"preview_generation":4,"file_worker_stack_free":12392,"file_start_active":false,"preview_active":false,"preview_done":false,"preview_available":false,"screen_dimmed":false,"selection":"系统","status":"就绪"}
2026-09-10 20:30:22 @mori {"event":"ag32_batch_status","state":"success","phase":"complete","message":"AG32 batch programmed and verified","processed":108924,"total":108924,"device_id":1075838977,"dp_idcode":731911287,"records":3,"programmed":108924,"verified":108924,"error":"ESP_OK","cleanup_error":"ESP_OK","address":2147492496,"swd_ack":1,"stack_free_min":4460,"mcu_resumed":true,"destructive_started":true,"recovery_required":false}
2026-09-10 20:30:22 @mori {"event":"status","version":"v2.32-108-gb7f098c-dirty","uptime_ms":969635,"internal_free":55127,"internal_largest":27648,"psram_free":7555680,"burn_running":false,"patch_running":false,"cancel_requested":false,"phase":"","detail":"","offset":0,"total":0,"passes":0,"read_bytes":0,"read_ms":0,"elapsed_ms":0,"result":0,"ag32_link":"auto","ag32_link_active":"unknown","ag32_capabilities":0,"ag32_capabilities_known":false}
