2026-09-10 19:13:02 I (95) boot:  6 retro-core       OTA app          00 11 00ae0000
2026-09-10 19:13:02 @mori {"event":"ready","message":"Mori serial debug v1; type help"}
2026-09-10 19:13:02 I (1277) pm: Frequency switching config: CPU_MAX: 160, APB_MAX: 80, APB_MIN: 80, Light sleep: DISABLED
2026-09-10 19:13:02 I (1286) power_manager: CPU DFS enabled: idle=80MHz max=160MHz light_sleep=off
2026-09-10 19:13:02 I (1293) main: timezone configured: CST-8
2026-09-10 19:13:02 I (1297) main: boot step: mount assets
2026-09-10 19:13:02 I (1392) assets: mounted /assets: total=1438481 used=763291
2026-09-10 19:13:02 I (1393) main: boot step: mount sdcard
2026-09-10 19:13:02 I (1441) SDCARD: SD card mounted
2026-09-10 19:13:02 I (1442) SDCARD: Total: 59638MB
2026-09-10 19:13:02 W (1602) main: repaired legacy lang_zh_cn.ini
2026-09-10 19:13:02 I (3393) burner_web: burn config loaded: erase=smart write_path=psram recipe=chis psram_mb=auto mbc5_chunk=16 dump_chunk=64 voltage=3v3 settle=100ms cores=cpu1/cpu1/cpu1 ag32_link=auto
2026-09-10 19:13:02 I (3399) main: GBX cache auto rebuild disabled; update manually from system menu
2026-09-10 19:13:02 I (3411) main: UI language=1 (zh)
2026-09-10 19:13:02 I (3419) main: boot step: init i2c peripherals
2026-09-10 19:13:02 W (3420) i2c.master: Please check pull-up resistances whether be connected properly. Otherwise unexpected behavior would happen. For more detailed information, please read docs
2026-09-10 19:13:02 I (3430) mori_i2c: I2C bus ready. SDA=18, SCL=8, freq=100000
2026-09-10 19:13:02 I (3438) axp209: AXP209 ready at 0x34, charge current fixed to 500mA
2026-09-10 19:13:02 I (3441) power_manager: detected AXP209 at 0x34
2026-09-10 19:13:02 I (3445) main: AXP209 power manager ready at 0x34
2026-09-10 19:13:02 I (3450) tca9555: TCA9555 ready at 0x20
2026-09-10 19:13:02 I (3457) main: tca9555.ini apply=0, skip register apply
2026-09-10 19:13:02 I (3460) main: TCA9555@0x20 input=0xFFFF cfg=0xEFFF
2026-09-10 19:13:02 I (3463) tca9555: IRQ enabled on GPIO 17
2026-09-10 19:13:02 I (3466) main: boot step: init usb msc manager
2026-09-10 19:13:02 I (3470) usb_msc_tf: USB MSC manager ready (default: disabled)
2026-09-10 19:13:02 I (3476) main: USB MSC manager ready, pass-through default is disabled
2026-09-10 19:13:02 I (3482) main: boot step: init nvs
2026-09-10 19:13:02 I (3513) main: boot step: init mcu debug
2026-09-10 19:13:02 I (3514) main: boot step: init lvgl/display
2026-09-10 19:13:02 I (3758) lcd_display: LCD init done (ST7789, 320x240, rot=270), pins CLK=6 MOSI=4 CS=5 DC=13 BK=14, bk_pwm=1
2026-09-10 19:13:02 I (3759) lvgl_port: draw_buf1 allocated in internal DMA (12800 bytes)
2026-09-10 19:13:02 I (3763) lvgl_port: using single LVGL draw buffer (20
2026-09-10 19:13:02 @mori {"event":"status","version":"v2.32-106-g981613b-dirty","uptime_ms":15108,"internal_free":83891,"internal_largest":31744,"psram_free":7556252,"burn_running":false,"patch_running":false,"cancel_requested":false,"phase":"","detail":"","offset":0,"total":0,"passes":0,"read_bytes":0,"read_ms":0,"elapsed_ms":0,"result":0,"ag32_link":"auto","ag32_link_active":"unknown","ag32_capabilities":0,"ag32_capabilities_known":false}
2026-09-10 19:13:02
2026-09-10 19:13:02 @mori {"event":"ui","process_calls":780,"render_calls":60,"music_polls":115,"model_bytes":15312,"directory_scans":0,"cache_hits":0,"page":0,"selected":0,"count":5,"preview_generation":0,"file_worker_stack_free":15056,"file_start_active":false,"preview_active":false,"preview_done":false,"preview_available":false,"screen_dimmed":false,"selection":"系统","status":"wifi connected 192.168.1.134"}
2026-09-10 19:14:32 @mori {"event":"status","version":"v2.32-106-g981613b-dirty","uptime_ms":105160,"internal_free":83891,"internal_largest":31744,"psram_free":7556252,"burn_running":false,"patch_running":false,"cancel_requested":false,"phase":"","detail":"","offset":0,"total":0,"passes":0,"read_bytes":0,"read_ms":0,"elapsed_ms":0,"result":0,"ag32_link":"auto","ag32_link_active":"unknown","ag32_capabilities":0,"ag32_capabilities_known":false}
2026-09-10 19:14:32 @mori {"event":"ui","process_calls":6368,"render_calls":119,"music_polls":914,"model_bytes":15312,"directory_scans":0,"cache_hits":0,"page":0,"selected":0,"count":5,"preview_generation":0,"file_worker_stack_free":15056,"file_start_active":false,"preview_active":false,"preview_done":false,"preview_available":false,"screen_dimmed":true,"selection":"系统","status":"wifi connected 192.168.1.134"}
2026-09-10 19:14:32 @mori {"event":"key","message":"b"}
2026-09-10 19:14:32 @mori {"event":"ui","process_calls":6377,"render_calls":119,"music_polls":915,"model_bytes":15312,"directory_scans":0,"cache_hits":0,"page":0,"selected":0,"count":5,"preview_generation":0,"file_worker_stack_free":15056,"file_start_active":false,"preview_active":false,"preview_done":false,"preview_available":false,"screen_dimmed":false,"selection":"系统","status":"wifi connected 192.168.1.134"}
2026-09-10 19:14:32 @mori {"event":"key","message":"menu"}
2026-09-10 19:14:32 @mori {"event":"ui","process_calls":6382,"render_calls":120,"music_polls":916,"model_bytes":15312,"directory_scans":0,"cache_hits":0,"page":0,"selected":0,"count":5,"preview_generation":0,"file_worker_stack_free":15056,"file_start_active":false,"preview_active":false,"preview_done":false,"preview_available":false,"screen_dimmed":false,"selection":"系统","status":"wifi connected 192.168.1.134"}
2026-09-10 19:14:32 @mori {"event":"ui","process_calls":6384,"render_calls":120,"music_polls":916,"model_bytes":15312,"directory_scans":0,"cache_hits":0,"page":0,"selected":0,"count":5,"preview_generation":0,"file_worker_stack_free":15056,"file_start_active":false,"preview_active":false,"preview_done":false,"preview_available":false,"screen_dimmed":false,"selection":"系统","status":"wifi connected 192.168.1.134"}
2026-09-10 19:14:32 @mori {"event":"key","message":"right"}
2026-09-10 19:14:32 @mori {"event":"ui","process_calls":6392,"render_calls":125,"music_polls":917,"model_bytes":15312,"directory_scans":0,"cache_hits":0,"page":0,"selected":1,"count":5,"preview_generation":0,"file_worker_stack_free":15056,"file_start_active":false,"preview_active":false,"preview_done":false,"preview_available":false,"screen_dimmed":false,"selection":"音乐","status":"wifi connected 192.168.1.134"}
2026-09-10 19:14:32 @mori {"event":"key","message":"right"}
2026-09-10 19:14:33 @mori {"event":"ui","process_calls":6400,"render_calls":133,"music_polls":918,"model_bytes":15312,"directory_scans":0,"cache_hits":0,"page":0,"selected":2,"count":5,"preview_generation":0,"file_worker_stack_free":15056,"file_start_active":false,"preview_active":false,"preview_done":false,"preview_available":false,"screen_dimmed":false,"selection":"阅读器","status":"wifi connected 192.168.1.134"}
2026-09-10 19:14:33 @mori {"event":"key","message":"right"}
2026-09-10 19:14:33 @mori {"event":"ui","process_calls":6409,"render_calls":142,"music_polls":920,"model_bytes":15312,"directory_scans":0,"cache_hits":0,"page":0,"selected":3,"count":5,"preview_generation":0,"file_worker_stack_free":15056,"file_start_active":false,"preview_active":false,"preview_done":false,"preview_available":false,"screen_dimmed":false,"selection":"烧录器","status":"wifi connected 192.168.1.134"}
2026-09-10 19:14:33 @mori {"event":"key","message":"a"}
2026-09-10 19:14:33 @mori {"event":"ui","process_calls":6414,"render_calls":147,"music_polls":920,"model_bytes":15312,"directory_scans":0,"cache_hits":0,"page":14,"selected":0,"count":2,"preview_generation":0,"file_worker_stack_free":15056,"file_start_active":false,"preview_active":false,"preview_done":false,"preview_available":false,"screen_dimmed":false,"selection":"","status":"wifi connected 192.168.1.134"}
2026-09-10 19:14:33 @mori {"event":"key","message":"a"}
2026-09-10 19:14:33 @mori {"event":"ui","process_calls":6419,"render_calls":152,"music_polls":922,"model_bytes":15312,"directory_scans":0,"cache_hits":0,"page":15,"selected":0,"count":4,"preview_generation":0,"file_worker_stack_free":15056,"file_start_active":false,"preview_active":false,"preview_done":false,"preview_available":false,"screen_dimmed":false,"selection":"分析卡带","status":"请先分析卡带"}
2026-09-10 19:14:33 I (107538) burner_web: MCU SPI init: host=1 cs0=21 cs1=1 clk=47 miso=48 mosi=45 freq=40000000Hz
2026-09-10 19:14:33 I (107540) burner_web: MCU SPI CS idle readback: cs0=1 cs1=1
2026-09-10 19:14:33 I (107544) burner_web: MCU SPI ready: actual=40000000Hz dma_scratch_tx=16384 dma_scratch_rw=16384
2026-09-10 19:14:33 @mori {"event":"key","message":"a"}
2026-09-10 19:14:33 @mori {"event":"ui","process_calls":6421,"render_calls":154,"music_polls":922,"model_bytes":15312,"directory_scans":0,"cache_hits":0,"page":15,"selected":0,"count":4,"preview_generation":0,"file_worker_stack_free":15056,"file_start_active":false,"preview_active":false,"preview_done":false,"preview_available":false,"screen_dimmed":false,"selection":"分析卡带","status":"analyzing cart"}
2026-09-10 19:14:33 @mori {"event":"ui","process_calls":6423,"render_calls":156,"music_polls":923,"model_bytes":15312,"directory_scans":0,"cache_hits":0,"page":15,"selected":0,"count":4,"preview_generation":0,"file_worker_stack_free":15056,"file_start_active":false,"preview_active":false,"preview_done":false,"preview_available":false,"screen_dimmed":false,"selection":"分析卡带","status":"analyzing cart"}
2026-09-10 19:14:33 @mori {"event":"ui","process_calls":6424,"render_calls":157,"music_polls":923,"model_bytes":15312,"directory_scans":0,"cache_hits":0,"page":15,"selected":0,"count":4,"preview_generation":0,"file_worker_stack_free":15056,"file_start_active":false,"preview_active":false,"preview_done":false,"preview_available":false,"screen_dimmed":false,"selection":"分析卡带","status":"analyzing cart"}
2026-09-10 19:14:33 I (107751) burner_web: GBA D0/D1 swap detection starting...
2026-09-10 19:14:33 I (107764) burner_web: D0/D1 swap detection: entering CFI mode (word addr 0x055)
2026-09-10 19:14:33 W (107772) burner_web: D0/D1 swap detection: CFI 'QRY' not detected with normal entry [010]=0010 [011]=0011 [012]=0012; retrying with swapped entry
2026-09-10 19:14:33 W (107784) burner_web: D0/D1 swap detection: CFI 'QRY' not detected with swapped entry either [010]=0010 [011]=0011 [012]=0012
2026-09-10 19:14:33 W (107797) burner_web: GBA D0/D1 swap detection failed, assuming normal (no swap)
2026-09-10 19:14:33 I (107803) burner_web: GBA ReadID trace begin t=106588395us
2026-09-10 19:14:33 I (107808) burner_web: GBA ReadID trace write addr=0x555 data=0x00AA dt=5000us (0.005000s)
2026-09-10 19:14:33 I (107817) burner_web: GBA ReadID trace write addr=0x2AA data=0x0055 dt=8463us (0.008463s)
2026-09-10 19:14:33 I (107825) burner_web: GBA ReadID trace write addr=0x555 data=0x0090 dt=7927us (0.007927s)
2026-09-10 19:14:33 @mori {"event":"key","message":"down"}
2026-09-10 19:14:33 I (107833) burner_web: GBA ReadID trace read addr=0x000 data=0x0000 dt=8031us (0.008031s)
2026-09-10 19:14:33 I (107844) burner_web: GBA ReadID trace read addr=0x001 data=0x0001 dt=11474us (0.011474s)
2026-09-10 19:14:33 I (107852) burner_web: GBA ReadID trace read addr=0x00E data=0x000E dt=8036us (0.008036s)
2026-09-10 19:14:33 I (107860) burner_web: GBA ReadID trace read addr=0x00F data=0x000F dt=8035us (0.008035s)
2026-09-10 19:14:33 I (107868) burner_web: GBA ReadID trace write addr=0x000 data=0x00F0 dt=7920us (0.007920s)
2026-09-10 19:14:33 I (107876) burner_web: GBA ReadID trace end status=ESP_OK total=72615us (0.072615s)
2026-09-10 19:14:33 I (107884) burner_web: GBA word-address probe @40000000Hz try=1 id=00 00 01 00 0E 00 0F 00 (looks-like-plain-rom-data)
2026-09-10 19:14:33 I (107894) burner_web: GBA Intel ReadID trace begin t=106679034us
2026-09-10 19:14:33 I (107899) burner_web: GBA Intel ReadID trace write addr=0x000 data=0x0050 dt=5325us (0.005325s)
2026-09-10 19:14:33 I (107908) burner_web: GBA Intel ReadID trace write addr=0x000 data=0x00FF dt=8992us (0.008992s)
2026-09-10 19:14:33 I (107917) burner_web: GBA Intel ReadID trace write addr=0x000 data=0x0090 dt=8488us (0.008488s)
2026-09-10 19:14:33 I (107925) burner_web: GBA Intel ReadID trace read addr=0x000 data=0x0000 dt=8534us (0.008534s)
2026-09-10 19:14:33 I (107934) burner_web: GBA Intel ReadID trace read addr=0x001 data=0x0001 dt=8493us (0.008493s)
2026-09-10 19:14:33 I (107942) burner_web: GBA Intel ReadID trace read addr=0x00E data=0x000E dt=8405us (0.008405s)
2026-09-10 19:14:33 I (107950) burner_web: GBA Intel ReadID trace read addr=0x00F data=0x000F dt=8293us (0.008293s)
2026-09-10 19:14:34 @mori {"event":"ui","process_calls":6428,"render_calls":161,"music_polls":925,"model_bytes":15312,"directory_scans":0,"cache_hits":0,"page":15,"selected":1,"count":4,"preview_generation":0,"file_worker_stack_free":15056,"file_start_active":false,"preview_active":false,"preview_done":false,"preview_available":false,"screen_dimmed":false,"selection":"烧录方式","status":"analyzing cart"}
2026-09-10 19:14:34 I (107959) burner_web: GBA Intel ReadID trace write addr=0x000 data=0x0050 dt=8456us (0.008456s)
2026-09-10 19:14:34 I (108001) burner_web: GBA Intel ReadID trace write addr=0x000 data=0x00FF dt=42450us (0.042450s)
2026-09-10 19:14:34 I (108010) burner_web: GBA Intel ReadID trace end status=ESP_OK total=116223us (0.116223s)
2026-09-10 19:14:34 I (108018) burner_web: GBA intel-id probe @40000000Hz try=1 id=00 00 01 00 0E 00 0F 00 (candidate-id)
2026-09-10 19:14:34 I (108038) burner_web: GBA raw ID method scan summary @40000000Hz try=1: candidates=0 best=none
2026-09-10 19:14:34 W (108041) burner_web: GBA CFI signature mismatch: [010]=0010 [011]=0011 [012]=0012
2026-09-10 19:14:34 W (108045) burner_web: GBA CFI probe failed in word-address mode @40000000Hz try=1: ESP_FAIL
2026-09-10 19:14:34 @mori {"event":"key","message":"a"}
2026-09-10 19:14:34 @mori {"event":"ui","process_calls":6433,"render_calls":166,"music_polls":926,"model_bytes":15312,"directory_scans":0,"cache_hits":0,"page":15,"selected":0,"count":3,"preview_generation":0,"file_worker_stack_free":15056,"file_start_active":false,"preview_active":false,"preview_done":false,"preview_available":false,"screen_dimmed":false,"selection":"CHIS","status":"选择烧录方式"}
2026-09-10 19:14:54 (108253) burner_web: GBA ReadID trace begin t=107038373us
2026-09-10 19:14:54 I (108255) burner_web: GBA ReadID trace write addr=0x555 data=0x00AA dt=1423us (0.001423s)
2026-09-10 19:14:54 I (108257) burner_web: GBA ReadID trace write addr=0x2AA data=0x0055 dt=2643us (0.002643s)
2026-09-10 19:14:54 I (108265) burner_web: GBA ReadID trace write addr=0x555 data=0x0090 dt=7973us (0.007973s)
2026-09-10 19:14:54 I (108273) burner_web: GBA ReadID trace read addr=0x000 data=0x0000 dt=7937us (0.007937s)
2026-09-10 19:14:54 I (108281) burner_web: GBA ReadID trace read addr=0x001 data=0x0001 dt=7740us (0.007740s)
2026-09-10 19:14:54 I (108289) burner_web: GBA ReadID trace read addr=0x00E data=0x000E dt=8082us (0.008082s)
2026-09-10 19:14:54 I (108297) burner_web: GBA ReadID trace read addr=0x00F data=0x000F dt=7897us (0.007897s)
2026-09-10 19:14:54 I (108305) burner_web: GBA ReadID trace write addr=0x000 data=0x00F0 dt=7890us (0.007890s)
2026-09-10 19:14:54 I (108313) burner_web: GBA ReadID trace end status=ESP_OK total=59433us (0.059433s)
2026-09-10 19:14:54 I (108321) burner_web: GBA word-address probe @40000000Hz try=2 id=00 00 01 00 0E 00 0F 00 (looks-like-plain-rom-data)
2026-09-10 19:14:54 I (108331) burner_web: GBA Intel ReadID trace begin t=107115812us
2026-09-10 19:14:54 I (108336) burner_web: GBA Intel ReadID trace write addr=0x000 data=0x0050 dt=5429us (0.005429s)
2026-09-10 19:14:54 I (108345) burner_web: GBA Intel ReadID trace write addr=0x000 data=0x00FF dt=8725us (0.008725s)
2026-09-10 19:14:54 I (108353) burner_web: GBA Intel ReadID trace write addr=0x000 data=0x0090 dt=8704us (0.008704s)
2026-09-10 19:14:54 I (108362) burner_web: GBA Intel ReadID trace read addr=0x000 data=0x0000 dt=8474us (0.008474s)
2026-09-10 19:14:54 I (108370) burner_web: GBA Intel ReadID trace read addr=0x001 data=0x0001 dt=8261us (0.008261s)
2026-09-10 19:14:54 I (108379) burner_web: GBA Intel ReadID trace read addr=0x00E data=0x000E dt=8543us (0.008543s)
2026-09-10 19:14:54 I (108387) burner_web: GBA Intel ReadID trace read addr=0x00F data=0x000F dt=8528us (0.008528s)
2026-09-10 19:14:54 I (108396) burner_web: GBA Intel ReadID trace write addr=0x000 data=0x0050 dt=8393us (0.008393s)
2026-09-10 19:14:54 I (108404) burner_web: GBA Intel ReadID trace write addr=0x000 data=0x00FF dt=8169us (0.008169s)
2026-09-10 19:14:54 I (108412) burner_web: GBA Intel ReadID trace end status=ESP_OK total=81824us (0.081824s)
2026-09-10 19:14:54 I (108421) burn
2026-09-10 19:14:54 @mori {"event":"status","version":"v2.32-106-g981613b-dirty","uptime_ms":127002,"internal_free":82731,"internal_largest":31744,"psram_free":7556280,"burn_running":false,"patch_running":false,"cancel_requested":false,"phase":"","detail":"","offset":0,"total":0,"passes":0,"read_bytes":0,"read_ms":0,"elapsed_ms":0,"result":0,"ag32_link":"auto","ag32_link_active":"cpld","ag32_capabilities":0,"ag32_capabilities_known":false}
2026-09-10 19:14:54 @mori {"event":"ui","process_calls":6930,"render_calls":663,"music_polls":1088,"model_bytes":15312,"directory_scans":0,"cache_hits":0,"page":15,"selected":1,"count":9,"preview_generation":0,"file_worker_stack_free":15056,"file_start_active":false,"preview_active":false,"preview_done":false,"preview_available":false,"screen_dimmed":false,"selection":"ROM: 选择文件","status":"GBA ID 00 00 01 00 Read-only retail ROM"}
2026-09-10 19:14:54 @mori {"event":"key","message":"menu"}
2026-09-10 19:14:54 @mori {"event":"ui","process_calls":6933,"render_calls":666,"music_polls":1089,"model_bytes":15312,"directory_scans":0,"cache_hits":0,"page":15,"selected":1,"count":9,"preview_generation":0,"file_worker_stack_free":15056,"file_start_active":false,"preview_active":false,"preview_done":false,"preview_available":false,"screen_dimmed":false,"selection":"ROM: 选择文件","status":"已刷新"}
2026-09-10 19:15:11 @mori {"event":"status","version":"v2.32-106-g981613b-dirty","uptime_ms":144018,"internal_free":82731,"internal_largest":31744,"psram_free":7556280,"burn_running":false,"patch_running":false,"cancel_requested":false,"phase":"","detail":"","offset":0,"total":0,"passes":0,"read_bytes":0,"read_ms":0,"elapsed_ms":0,"result":0,"ag32_link":"auto","ag32_link_active":"cpld","ag32_capabilities":0,"ag32_capabilities_known":false}
2026-09-10 19:15:11 @mori {"event":"ui","process_calls":7348,"render_calls":1081,"music_polls":1224,"model_bytes":15312,"directory_scans":0,"cache_hits":0,"page":15,"selected":1,"count":9,"preview_generation":0,"file_worker_stack_free":15056,"file_start_active":false,"preview_active":false,"preview_done":false,"preview_available":false,"screen_dimmed":false,"selection":"ROM: 选择文件","status":"已刷新"}
2026-09-10 19:15:11 @mori {"event":"ui","process_calls":7349,"render_calls":1082,"music_polls":1225,"model_bytes":15312,"directory_scans":0,"cache_hits":0,"page":15,"selected":1,"count":9,"preview_generation":0,"file_worker_stack_free":15056,"file_start_active":false,"preview_active":false,"preview_done":false,"preview_available":false,"screen_dimmed":false,"selection":"ROM: 选择文件","status":"已刷新"}
2026-09-10 19:15:11 @mori {"event":"ui","process_calls":7350,"render_calls":1083,"music_polls":1225,"model_bytes":15312,"directory_scans":0,"cache_hits":0,"page":15,"selected":1,"count":9,"preview_generation":0,"file_worker_stack_free":15056,"file_start_active":false,"preview_active":false,"preview_done":false,"preview_available":false,"screen_dimmed":false,"selection":"ROM: 选择文件","status":"已刷新"}
2026-09-10 19:15:11 @mori {"event":"key","message":"a"}
2026-09-10 19:15:11 @mori {"event":"ui","process_calls":7353,"render_calls":1086,"music_polls":1226,"model_bytes":15312,"directory_scans":1,"cache_hits":0,"page":6,"selected":0,"count":42,"preview_generation":0,"file_worker_stack_free":15056,"file_start_active":false,"preview_active":false,"preview_done":false,"preview_available":false,"screen_dimmed":false,"selection":"_gba","status":"TF根目录"}
2026-09-10 19:15:11 @mori {"event":"ui","process_calls":7355,"render_calls":1088,"music_polls":1227,"model_bytes":15312,"directory_scans":1,"cache_hits":0,"page":6,"selected":0,"count":42,"preview_generation":0,"file_worker_stack_free":15056,"file_start_active":false,"preview_active":false,"preview_done":false,"preview_available":false,"screen_dimmed":false,"selection":"_gba","status":"TF根目录"}
2026-09-10 19:15:11 @mori {"event":"key","message":"down"}
2026-09-10 19:15:11 @mori {"event":"ui","process_calls":7365,"render_calls":1098,"music_polls":1228,"model_bytes":15312,"directory_scans":1,"cache_hits":0,"page":6,"selected":1,"count":42,"preview_generation":0,"file_worker_stack_free":15056,"file_start_active":false,"preview_active":false,"preview_done":false,"preview_available":false,"screen_dimmed":false,"selection":"_nds","status":"TF根目录"}
2026-09-10 19:15:11 @mori {"event":"key","message":"down"}
2026-09-10 19:15:11 @mori {"event":"ui","process_calls":7374,"render_calls":1107,"music_polls":1230,"model_bytes":15312,"directory_scans":1,"cache_hits":0,"page":6,"selected":2,"count":42,"preview_generation":0,"file_worker_stack_free":15056,"file_start_active":false,"preview_active":false,"preview_done":false,"preview_available":false,"screen_dimmed":false,"selection":"dumps","status":"TF根目录"}
2026-09-10 19:15:12 @mori {"event":"key","message":"down"}
2026-09-10 19:15:12 @mori {"event":"ui","process_calls":7384,"render_calls":1117,"music_polls":1231,"model_bytes":15312,"directory_scans":1,"cache_hits":0,"page":6,"selected":3,"count":42,"preview_generation":0,"file_worker_stack_free":15056,"file_start_active":false,"preview_active":false,"preview_done":false,"preview_available":false,"screen_dimmed":false,"selection":"GBA汉化","status":"TF根目录"}
2026-09-10 19:15:12 @mori {"event":"key","message":"down"}
2026-09-10 19:15:12 @mori {"event":"ui","process_calls":7393,"render_calls":1126,"music_polls":1232,"model_bytes":15312,"directory_scans":1,"cache_hits":0,"page":6,"selected":4,"count":42,"preview_generation":0,"file_worker_stack_free":15056,"file_start_active":false,"preview_active":false,"preview_done":false,"preview_available":false,"screen_dimmed":false,"selection":"music","status":"TF根目录"}
2026-09-10 19:15:12 @mori {"event":"key","message":"down"}
2026-09-10 19:15:12 @mori {"event":"ui","process_calls":7403,"render_calls":1136,"music_polls":1234,"model_bytes":15312,"directory_scans":1,"cache_hits":0,"page":6,"selected":5,"count":42,"preview_generation":0,"file_worker_stack_free":15056,"file_start_active":false,"preview_active":false,"preview_done":false,"preview_available":false,"screen_dimmed":false,"selection":"retro-go","status":"TF根目录"}
2026-09-10 19:15:12 @mori {"event":"key","message":"down"}
2026-09-10 19:15:12 @mori {"event":"ui","process_calls":7413,"render_calls":1146,"music_polls":1235,"model_bytes":15312,"directory_scans":1,"cache_hits":0,"page":6,"selected":6,"count":42,"preview_generation":0,"file_worker_stack_free":15056,"file_start_active":false,"preview_active":false,"preview_done":false,"preview_available":false,"screen_dimmed":false,"selection":"ROM_OUTPUT","status":"TF根目录"}
2026-09-10 19:15:12 @mori {"event":"key","message":"down"}
2026-09-10 19:15:12 @mori {"event":"ui","process_calls":7423,"render_calls":1156,"music_polls":1237,"model_bytes":15312,"directory_scans":1,"cache_hits":0,"page":6,"selected":7,"count":42,"preview_generation":0,"file_worker_stack_free":15056,"file_start_active":false,"preview_active":false,"preview_done":false,"preview_available":false,"screen_dimmed":false,"selection":"romart","status":"TF根目录"}
2026-09-10 19:15:12 @mori {"event":"key","message":"down"}
2026-09-10 19:15:12 @mori {"event":"ui","process_calls":7432,"render_calls":1165,"music_polls":1238,"model_bytes":15312,"directory_scans":1,"cache_hits":0,"page":6,"selected":8,"count":42,"preview_generation":0,"file_worker_stack_free":15056,"file_start_active":false,"preview_active":false,"preview_done":false,"preview_available":false,"screen_dimmed":false,"selection":"roms","status":"TF根目录"}
2026-09-10 19:15:12 @mori {"event":"key","message":"down"}
2026-09-10 19:15:13 @mori {"event":"ui","process_calls":7442,"render_calls":1175,"music_polls":1239,"model_bytes":15312,"directory_scans":1,"cache_hits":0,"page":6,"selected":9,"count":42,"preview_generation":0,"file_worker_stack_free":15056,"file_start_active":false,"preview_active":false,"preview_done":false,"preview_available":false,"screen_dimmed":false,"selection":"SAVEGAME","status":"TF根目录"}
2026-09-10 19:15:13 @mori {"event":"key","message":"down"}
2026-09-10 19:15:13 @mori {"event":"ui","process_calls":7452,"render_calls":1185,"music_polls":1241,"model_bytes":15312,"directory_scans":1,"cache_hits":0,"page":6,"selected":10,"count":42,"preview_generation":0,"file_worker_stack_free":15056,"file_start_active":false,"preview_active":false,"preview_done":false,"preview_available":false,"screen_dimmed":false,"selection":"SRAM","status":"TF根目录"}
2026-09-10 19:15:13 @mori {"event":"key","message":"down"}
2026-09-10 19:15:13 @mori {"event":"ui","process_calls":7461,"render_calls":1194,"music_polls":1242,"model_bytes":15312,"directory_scans":1,"cache_hits":0,"page":6,"selected":11,"count":42,"preview_generation":0,"file_worker_stack_free":15056,"file_start_active":false,"preview_active":false,"preview_done":false,"preview_available":false,"screen_dimmed":false,"selection":"宝可梦","status":"TF根目录"}
2026-09-10 19:15:13 @mori {"event":"key","message":"down"}
2026-09-10 19:15:13 @mori {"event":"ui","process_calls":7467,"render_calls":1200,"music_polls":1244,"model_bytes":15312,"directory_scans":1,"cache_hits":0,"page":6,"selected":12,"count":42,"preview_generation":0,"file_worker_stack_free":15056,"file_start_active":false,"preview_active":false,"preview_done":false,"preview_available":false,"screen_dimmed":false,"selection":"[1MSRAM][FTC]口袋妖怪 - 宝石_中文典藏版[漫游&TGB联合汉化] (1).gba","status":"TF根目录"}
2026-09-10 19:15:13 @mori {"event":"key","message":"down"}
2026-09-10 19:15:13 @mori {"event":"ui","process_calls":7476,"render_calls":1209,"music_polls":1245,"model_bytes":15312,"directory_scans":1,"cache_hits":0,"page":6,"selected":13,"count":42,"preview_generation":0,"file_worker_stack_free":15056,"file_start_active":false,"preview_active":false,"preview_done":false,"preview_available":false,"screen_dimmed":false,"selection":"Kirby & The Amazing Mirror (USA).gba","status":"TF根目录"}
2026-09-10 19:15:13 @mori {"event":"key","message":"down"}
2026-09-10 19:15:13 @mori {"event":"ui","process_calls":7486,"render_calls":1219,"music_polls":1246,"model_bytes":15312,"directory_scans":1,"cache_hits":0,"page":6,"selected":14,"count":42,"preview_generation":0,"file_worker_stack_free":15056,"file_start_active":false,"preview_active":false,"preview_done":false,"preview_available":false,"screen_dimmed":false,"selection":"LK_MULTIMENU_L556.gba","status":"TF根目录"}
2026-09-10 19:15:13 @mori {"event":"key","message":"a"}
2026-09-10 19:15:14 @mori {"event":"ui","process_calls":7489,"render_calls":1222,"music_polls":1247,"model_bytes":15312,"directory_scans":1,"cache_hits":0,"page":15,"selected":2,"count":9,"preview_generation":1,"file_worker_stack_free":13920,"file_start_active":false,"preview_active":true,"preview_done":false,"preview_available":false,"screen_dimmed":false,"selection":"ROM: 写入","status":"已选择ROM"}
2026-09-10 19:15:14 @mori {"event":"key","message":"down"}
2026-09-10 19:15:14 @mori {"event":"ui","process_calls":7493,"render_calls":1226,"music_polls":1249,"model_bytes":15312,"directory_scans":1,"cache_hits":0,"page":15,"selected":3,"count":9,"preview_generation":1,"file_worker_stack_free":13920,"file_start_active":false,"preview_active":true,"preview_done":false,"preview_available":false,"screen_dimmed":false,"selection":"ROM: 校验","status":"已选择ROM"}
2026-09-10 19:15:14 I (148233) ui: ROM preview generation=1 result=ESP_ERR_INVALID_STATE available=0 stack_free=13920
2026-09-10 19:15:14 I (148235) power_manager: CPU perf lock acquired by ui_file_start
2026-09-10 19:15:14 I (148238) ui: LCD start file action: action=校验ROM path=LK_MULTIMENU_L556.gba mode=gba write_path=direct
2026-09-10 19:15:14 @mori {"event":"key","message":"a"}
2026-09-10 19:15:14 I (148257) ui: LCD file action task stack free min=10944 bytes
2026-09-10 19:15:14 @mori {"event":"ui","process_calls":7495,"render_calls":1228,"music_polls":1250,"model_bytes":15312,"directory_scans":1,"cache_hits":0,"page":18,"selected":3,"count":12,"preview_generation":2,"file_worker_stack_free":10944,"file_start_active":false,"preview_active":false,"preview_done":false,"preview_available":false,"screen_dimmed":false,"selection":"","status":"校验ROM已启动"}
2026-09-10 19:15:14 @mori {"event":"ui","process_calls":7496,"render_calls":1229,"music_polls":1251,"model_bytes":15312,"directory_scans":1,"cache_hits":0,"page":18,"selected":3,"count":12,"preview_generation":2,"file_worker_stack_free":10944,"file_start_active":false,"preview_active":false,"preview_done":false,"preview_available":false,"screen_dimmed":false,"selection":"","status":"校验ROM已启动"}
2026-09-10 19:15:14 @mori {"event":"status","version":"v2.32-106-g981613b-dirty","uptime_ms":147220,"internal_free":81475,"internal_largest":31744,"psram_free":7539892,"burn_running":true,"patch_running":false,"cancel_requested":false,"phase":"","detail":"","offset":0,"total":0,"passes":0,"read_bytes":0,"read_ms":0,"elapsed_ms":0,"result":0,"ag32_link":"auto","ag32_link_active":"cpld","ag32_capabilities":0,"ag32_capabilities_known":false}
2026-09-10 19:15:14 I (148457) burner_web: GBA D0/D1 swap detection starting...
2026-09-10 19:15:14 I (148468) burner_web: D0/D1 swap detection: entering CFI mode (word addr 0x055)
2026-09-10 19:15:14 W (148476) burner_web: D0/D1 swap detection: CFI 'QRY' not detected with normal entry [010]=0010 [011]=0011 [012]=0012; retrying with swapped entry
2026-09-10 19:15:14 W (148488) burner_web: D0/D1 swap detection: CFI 'QRY' not detected with swapped entry either [010]=0010 [011]=0011 [012]=0012
2026-09-10 19:15:14 W (148500) burner_web: GBA D0/D1 swap detection failed, assuming normal (no swap)
2026-09-10 19:15:14 I (148507) burner_web: GBA ReadID trace begin t=147292251us
2026-09-10 19:15:14 I (148512) burner_web: GBA ReadID trace write addr=0x555 data=0x00AA dt=5065us (0.005065s)
2026-09-10 19:15:14 I (148520) burner_web: GBA ReadID trace write addr=0x2AA data=0x0055 dt=8258us (0.008258s)
2026-09-10 19:15:14 I (148528) burner_web: GBA ReadID trace write addr=0x555 data=0x0090 dt=8063us (0.008063s)
2026-09-10 19:15:14 I (148536) burner_web: GBA ReadID trace read addr=0x000 data=0x0000 dt=7878us (0.007878s)
2026-09-10 19:15:14 I (148544) burner_web: GBA ReadID trace read addr=0x001 data=0x0001 dt=8019us (0.008019s)
2026-09-10 19:15:14 I (148552) burner_web: GBA ReadID trace read addr=0x00E data=0x000E dt=7956us (0.007956s)
2026-09-10 19:15:14 I (148560) burner_web: GBA ReadID trace read addr=0x00F data=0x000F dt=7920us (0.007920s)
2026-09-10 19:15:14 I (148568) burner_web: GBA ReadID trace write addr=0x000 data=0x00F0 dt=7816us (0.007816s)
2026-09-10 19:15:14 I (148576) burner_web: GBA ReadID trace end status=ESP_OK total=68705us (0.068705s)
2026-09-10 19:15:14 I (148584) burner_web: GBA word-address probe @40000000Hz try=1 id=00 00 01 00 0E 00 0F 00 (looks-like-plain-rom-data)
2026-09-10 19:15:14 I (148594) burner_web: GBA Intel ReadID trace begin t=147379096us
2026-09-10 19:15:14 I (148599) burner_web: GBA Intel ReadID trace write addr=0x000 data=0x0050 dt=5516us (0.005516s)
2026-09-10 19:15:14 I (148608) burner_web: GBA Intel ReadID trace write addr=0x000 data=0x00FF dt=8878us (0.008878s)
2026-09-10 19:15:14 I (148617) burner_web: GBA Intel ReadID trace write addr=0x000 data=0x0090 dt=8415us (0.008415s)
2026-09-10 19:15:14 I (148625) burner_web: GBA Intel ReadID trace read addr=0x000 data=0x0000 dt=8303us (0.008303s)
2026-09-10 19:15:14 I (148634) burner_web: GBA Intel ReadID trace read addr=0x001 data=0x0001 dt=8560us (0.008560s)
2026-09-10 19:15:14 I (148642) burner_web: GBA Intel ReadID trace read addr=0x00E data=0x000E dt=8205us (0.008205s)
2026-09-10 19:15:14 I (148651) burner_web: GBA Intel ReadID trace read addr=0x00F data=0x000F dt=8726us (0.008726s)
2026-09-10 19:15:14 I (148659) burner_web: GBA Intel ReadID trace write addr=0x000 data=0x0050 dt=8368us (0.008368s)
2026-09-10 19:15:14 I (148667) burner_web: GBA Intel ReadID trace write addr=0x000 data=0x00FF dt=8372us (0.008372s)
2026-09-10 19:15:14 @mori {"event":"ui","process_calls":7508,"render_calls":1241,"music_polls":1253,"model_bytes":15312,"directory_scans":1,"cache_hits":0,"page":18,"selected":3,"count":12,"preview_generation":2,"file_worker_stack_free":10944,"file_start_active":false,"preview_active":false,"preview_done":false,"preview_available":false,"screen_dimmed":false,"selection":"","status":"校验ROM已启动"}
2026-09-10 19:15:14 I (148676) burner_web: GBA Intel ReadID trace end status=ESP_OK total=81693us (0.081693s)
2026-09-10 19:15:14 I (148718) burner_web: GBA intel-id probe @40000000Hz try=1 id=00 00 01 00 0E 00 0F 00 (candidate-id)
2026-09-10 19:15:14 @mori {"event":"status","version":"v2.32-106-g981613b-dirty","uptime_ms":147516,"internal_free":81475,"internal_largest":31744,"psram_free":7539892,"burn_running":true,"patch_running":false,"cancel_requested":false,"phase":"","detail":"","offset":0,"total":0,"passes":0,"read_bytes":0,"read_ms":0,"elapsed_ms":0,"result":0,"ag32_link":"auto","ag32_link_active":"legacy","ag32_capabilities":0,"ag32_capabilities_known":false}
2026-09-10 19:15:15 I (148737) burner_web: GBA raw ID method scan summary @40000000Hz try=1: candidates=0 best=none
2026-09-10 19:15:15 W (148773) burner_web: GBA CFI signature mismatch: [010]=0010 [011]=0011 [012]=0012
2026-09-10 19:15:15 W (148779) burner_web: GBA CFI probe failed in word-address mode @40000000Hz try=1: ESP_FAIL
2026-09-10 19:15:15 @mori {"event":"ui","process_calls":7518,"render_calls":1247,"music_polls":1256,"model_bytes":15312,"directory_scans":1,"cache_hits":0,"page":18,"selected":3,"count":12,"preview_generation":2,"file_worker_stack_free":10944,"file_start_active":false,"preview_active":false,"preview_done":false,"preview_available":false,"screen_dimmed":false,"selection":"","status":"校验ROM已启动"}
2026-09-10 19:15:15 I (148988) burner_web: GBA ReadID trace begin t=147773351us
2026-09-10 19:15:15 I (148996) burner_web: GBA ReadID trace write addr=0x555 data=0x00AA dt=8107us (0.008107s)
2026-09-10 19:15:15 I (149005) burner_web: GBA ReadID trace write addr=0x2AA data=0x0055 dt=8274us (0.008274s)
2026-09-10 19:15:15 @mori {"event":"status","version":"v2.32-106-g981613b-dirty","uptime_ms":147790,"internal_free":81475,"internal_largest":31744,"psram_free":7539892,"burn_running":true,"patch_running":false,"cancel_requested":false,"phase":"","detail":"","offset":0,"total":0,"passes":0,"read_bytes":0,"read_ms":0,"elapsed_ms":0,"result":0,"ag32_link":"auto","ag32_link_active":"legacy","ag32_capabilities":0,"ag32_capabilities_known":false}
2026-09-10 19:15:15 I (149013) burner_web: GBA ReadID trace write addr=0x555 data=0x0090 dt=8215us (0.008215s)
2026-09-10 19:15:15 I (149058) burner_web: GBA ReadID trace read addr=0x000 data=0x0000 dt=45221us (0.045221s)
2026-09-10 19:15:15 I (149066) burner_web: GBA ReadID trace read addr=0x001 data=0x0001 dt=8012us (0.008012s)
2026-09-10 19:15:15 I (149074) burner_web: GBA ReadID trace read addr=0x00E data=0x000E dt=7729us (0.007729s)
2026-09-10 19:15:15 I (149082) burner_web: GBA ReadID trace read addr=0x00F data=0x000F dt=8069us (0.008069s)
2026-09-10 19:15:15 I (149090) burner_web: GBA ReadID trace write addr=0x000 data=0x00F0 dt=7736us (0.007736s)
2026-09-10 19:15:15 I (149097) burner_web: GBA ReadID trace end status=ESP_OK total=109287us (0.109287s)
2026-09-10 19:15:15 I (149106) burner_web: GBA word-address probe @40000000Hz try=2 id=00 00 01 00 0E 00 0F 00 (looks-like-plain-rom-data)
2026-09-10 19:15:15 I (149116) burner_web: GBA Intel ReadID trace begin t=147900851us
2026-09-10 19:15:15 I (149121) burner_web: GBA Intel ReadID trace write addr=0x000 data=0x0050 dt=5297us (0.005297s)
2026-09-10 19:15:15 I (149130) burner_web: GBA Intel ReadID trace write addr=0x000 data=0x00FF dt=8927us (0.008927s)
2026-09-10 19:15:15 I (149138) burner_web: GBA Intel ReadID trace write addr=0x000 data=0x0090 dt=8567us (0.008567s)
2026-09-10 19:15:15 I (149147) burner_web: GBA Intel ReadID trace read addr=0x000 data=0x0000 dt=8329us (0.008329s)
2026-09-10 19:15:15 I (149155) burner_web: GBA Intel ReadID trace read addr=0x001 data=0x0001 dt=8221us (0.008221s)
2026-09-10 19:15:15 I (149163) burner_web: GBA Intel ReadID trace read addr=0x00E data=0x000E dt=8459us (0.008459s)
2026-09-10 19:15:15 I (149172) burner_web: GBA Intel ReadID trace read addr=0x00F data=0x000F dt=8374us (0.008374s)
2026-09-10 19:15:15 I (149180) burner_web: GBA Intel ReadID trace write addr=0x000 data=0x0050 dt=8636us (0.008636s)
2026-09-10 19:15:15 I (149189) burner_web: GBA Intel ReadID trace write addr=0x000 data=0x00FF dt=8269us (0.008269s)
2026-09-10 19:15:15 I (149197) burner_web: GBA Intel ReadID trace end status=ESP_OK total=81612us (0.081612s)
2026-09-10 19:15:15 I (149205) burner_web: GBA intel-id probe @40000000Hz try=2 id=00 00 01 00 0E 00 0F 00 (candidate-id)
2026-09-10 19:15:15 I (149224) burner_web: GBA raw ID method scan summary @40000000Hz try=2: candidates=0 best=none
2026-09-10 19:15:15 W (149227) burner_web: GBA CFI signature mismatch: [010]=0010 [011]=0011 [012]=0012
2026-09-10 19:15:15 W (149230) burner_web: GBA CFI probe failed in word-address mode @40000000Hz try=2: ESP_FAIL
2026-09-10 19:15:15 @mori {"event":"ui","process_calls":7529,"render_calls":1248,"music_polls":1257,"model_bytes":15312,"directory_scans":1,"cache_hits":0,"page":18,"selected":3,"count":12,"preview_generation":2,"file_worker_stack_free":10944,"file_start_active":false,"preview_active":false,"preview_done":false,"preview_available":false,"screen_dimmed":false,"selection":"","status":"校验ROM已启动"}
2026-09-10 19:15:15 @mori {"event":"status","version":"v2.32-106-g981613b-dirty","uptime_ms":148073,"internal_free":81475,"internal_largest":31744,"psram_free":7539892,"burn_running":true,"patch_running":false,"cancel_requested":false,"phase":"","detail":"","offset":0,"total":0,"passes":0,"read_bytes":0,"read_ms":0,"elapsed_ms":0,"result":0,"ag32_link":"auto","ag32_link_active":"legacy","ag32_capabilities":0,"ag32_capabilities_known":false}
2026-09-10 19:15:15 I (149439) burner_web: GBA ReadID trace begin t=148224347us
2026-09-10 19:15:15 I (149440) burner_web: GBA ReadID trace write addr=0x555 data=0x00AA dt=1276us (0.001276s)
2026-09-10 19:15:15 I (149443) burner_web: GBA ReadID trace write addr=0x2AA data=0x0055 dt=2342us (0.002342s)
2026-09-10 19:15:15 I (149451) burner_web: GBA ReadID trace write addr=0x555 data=0x0090 dt=7981us (0.007981s)
2026-09-10 19:15:15 I (149459) burner_web: GBA ReadID trace read addr=0x000 data=0x0000 dt=8035us (0.008035s)
2026-09-10 19:15:15 I (149467) burner_web: GBA ReadID trace read addr=0x001 data=0x0001 dt=7863us (0.007863s)
2026-09-10 19:15:15 I (149475) burner_web: GBA ReadID trace read addr=0x00E data=0x000E dt=7904us (0.007904s)
2026-09-10 19:15:15 I (149482) burner_web: GBA ReadID trace read addr=0x00F data=0x000F dt=7895us (0.007895s)
2026-09-10 19:15:15 I (149490) burner_web: GBA ReadID trace write addr=0x000 data=0x00F0 dt=7907us (0.007907s)
2026-09-10 19:15:15 I (149498) burner_web: GBA ReadID trace end status=ESP_OK total=59144us (0.059144s)
2026-09-10 19:15:15 I (149506) burner_web: GBA word-address probe @40000000Hz try=3 id=00 00 01 00 0E 00 0F 00 (looks-like-plain-rom-data)
2026-09-10 19:15:15 I (149516) burner_web: GBA Intel ReadID trace begin t=148301601us
2026-09-10 19:15:15 I (149522) burner_web: GBA Intel ReadID trace write addr=0x000 data=0x0050 dt=5277us (0.005277s)
2026-09-10 19:15:15 I (149531) burner_web: GBA Intel ReadID trace write addr=0x000 data=0x00FF dt=9065us (0.009065s)
2026-09-10 19:15:15 I (149539) burner_web: GBA Intel ReadID trace write addr=0x000 data=0x0090 dt=8380us (0.008380s)
2026-09-10 19:15:15 @mori {"event":"ui","process_calls":7543,"render_calls":1249,"music_polls":1260,"model_bytes":15312,"directory_scans":1,"cache_hits":0,"page":18,"selected":3,"count":12,"preview_generation":2,"file_worker_stack_free":10944,"file_start_active":false,"preview_active":false,"preview_done":false,"preview_available":false,"screen_dimmed":false,"selection":"","status":"校验ROM已启动"}
2026-09-10 19:15:15 I (149548) burner_web: GBA Intel ReadID trace read addr=0x000 data=0x0000 dt=8604us (0.008604s)
2026-09-10 19:15:15 I (149590) burner_web: GBA Intel ReadID trace read addr=0x001 data=0x0001 dt=42393us (0.042393s)
2026-09-10 19:15:15 I (149599) burner_web: GBA Intel ReadID trace read addr=0x00E data=0x000E dt=8455us (0.008455s)
2026-09-10 19:15:15 I (149607) burner_web: GBA Intel ReadID trace read addr=0x00F data=0x000F dt=8433us (0.008433s)
2026-09-10 19:15:15 I (149615) burner_web: GBA Intel ReadID trace write addr=0x000 data=0x0050 dt=8460us (0.008460s)
2026-09-10 19:15:15 I (149624) burner_web: GBA Intel ReadID trace write addr=0x000 data=0x00FF dt=8279us (0.008279s)
2026-09-10 19:15:15 I (149632) burner_web: GBA Intel ReadID trace end status=ESP_OK total=115975us (0.115975s)
2026-09-10 19:15:15 I (149640) burner_web: GBA intel-id probe @40000000Hz try=3 id=00 00 01 00 0E 00 0F 00 (candidate-id)
2026-09-10 19:15:15 @mori {"event":"status","version":"v2.32-106-g981613b-dirty","uptime_ms":148399,"internal_free":81475,"internal_largest":31744,"psram_free":7539892,"burn_running":true,"patch_running":false,"cancel_requested":false,"phase":"","detail":"","offset":0,"total":0,"passes":0,"read_bytes":0,"read_ms":0,"elapsed_ms":0,"result":0,"ag32_link":"auto","ag32_link_active":"legacy","ag32_capabilities":0,"ag32_capabilities_known":false}
2026-09-10 19:15:15 I (149661) burner_web: GBA raw ID method scan summary @40000000Hz try=3: candidates=0 best=none
2026-09-10 19:15:15 W (149696) burner_web: GBA CFI signature mismatch: [010]=0010 [011]=0011 [012]=0012
2026-09-10 19:15:15 W (149702) burner_web: GBA CFI probe failed in word-address mode @40000000Hz try=3: ESP_FAIL
2026-09-10 19:15:15 I (149710) burner_web: GBA ID window: [000]=0000 [001]=0001 [002]=0002 [003]=0003 [00E]=000E [00F]=000F [010]=0010 [011]=0011
2026-09-10 19:15:15 I (149722) burner_web: GBA raw id @000: mode0 cs0=0 cs1=1 val=0000 rx=11 00 00 00 00 00 00 00 00 00 | mode2 cs0=0 cs1=0 val=0200 rx=00 00 00 00 00 00 00 00 02 00
2026-09-10 19:15:15 I (149735) burner_web: GBA seg id @000: mode0 val12=0000 val01=0000 rx=00 00 00 | mode2 val12=0200 val01=0000 rx=00 00 02
2026-09-10 19:15:15 I (149747) burner_web: GBA CFI window: [010]=0010 [011]=0011 [012]=0012 [027]=0027 [02A]=002A [02D]=002D [02E]=002E [02F]=002F [030]=0030
2026-09-10 19:15:15 I (149758) burner_web: GBA raw cfi @010: mode0 cs0=0 cs1=1 val=0010 rx=30 00 00 00 00 10 10 10 00 00 | mode2 cs0=0 cs1=0 val=0210 rx=00 00 00 00 00 10 10 10 02 00
2026-09-10 19:15:15 I (149772) burner_web: GBA seg cfi @010: mode0 val12=0010 val01=1010 rx=10 10 00 | mode2 val12=0210 val01=1010 rx=10 10 02
2026-09-10 19:15:15 W (149784) burner_web: GBA probe classified as likely read-only retail ROM after retries: id=00 00 01 00 0E 00 0F 00 source=plain-rom-data
2026-09-10 19:15:15 W (149795) burner_web: GBA prepare without CFI: flash=33554432 sector=131072 buf=0 cmdset=amd mode=2
2026-09-10 19:15:15 E (149804) burner_web: GBA ROM larger than flash: rom=134217728 flash=33554432
2026-09-10 19:15:15 @mori {"event":"ui","process_calls":7552,"render_calls":1251,"music_polls":1262,"model_bytes":15312,"directory_scans":1,"cache_hits":0,"page":18,"selected":3,"count":12,"preview_generation":2,"file_worker_stack_free":10944,"file_start_active":false,"preview_active":false,"preview_done":false,"preview_available":false,"screen_dimmed":false,"selection":"","status":"burner error: gba cart prepare failed"}
2026-09-10 19:15:15 W (149911) burner_web: burn_task result: err=ESP_ERR_INVALID_SIZE state=error processed=0/134217728 msg=gba cart prepare failed
2026-09-10 19:15:15 I (149935) power_manager: CPU perf lock released by burn_task
2026-09-10 19:15:15 I (149940) burner_web: burn_task stack free min=11736 bytes
2026-09-10 19:15:16 @mori {"event":"status","version":"v2.32-106-g981613b-dirty","uptime_ms":148739,"internal_free":82507,"internal_largest":31744,"psram_free":7556280,"burn_running":false,"patch_running":false,"cancel_requested":false,"phase":"","detail":"","offset":0,"total":0,"passes":0,"read_bytes":0,"read_ms":0,"elapsed_ms":0,"result":0,"ag32_link":"auto","ag32_link_active":"legacy","ag32_capabilities":0,"ag32_capabilities_known":false}
2026-09-10 19:15:16 @mori {"event":"key","message":"b"}
2026-09-10 19:15:16 @mori {"event":"ui","process_calls":7556,"render_calls":1255,"music_polls":1263,"model_bytes":15312,"directory_scans":1,"cache_hits":0,"page":15,"selected":0,"count":9,"preview_generation":2,"file_worker_stack_free":10944,"file_start_active":false,"preview_active":false,"preview_done":false,"preview_available":false,"screen_dimmed":false,"selection":"重新分析","status":"就绪"}
2026-09-10 19:15:16 @mori {"event":"ui","process_calls":7558,"render_calls":1257,"music_polls":1264,"model_bytes":15312,"directory_scans":1,"cache_hits":0,"page":15,"selected":0,"count":9,"preview_generation":2,"file_worker_stack_free":10944,"file_start_active":false,"preview_active":false,"preview_done":false,"preview_available":false,"screen_dimmed":false,"selection":"重新分析","status":"就绪"}
2026-09-10 19:15:16 @mori {"event":"key","message":"down"}
2026-09-10 19:15:16 @mori {"event":"ui","process_calls":7562,"render_calls":1261,"music_polls":1265,"model_bytes":15312,"directory_scans":1,"cache_hits":0,"page":15,"selected":1,"count":9,"preview_generation":2,"file_worker_stack_free":10944,"file_start_active":false,"preview_active":false,"preview_done":false,"preview_available":false,"screen_dimmed":false,"selection":"ROM: LK_MULTIMENU_L556.gba","status":"就绪"}
2026-09-10 19:15:16 @mori {"event":"key","message":"a"}
2026-09-10 19:15:16 @mori {"event":"ui","process_calls":7564,"render_calls":1263,"music_polls":1266,"model_bytes":15312,"directory_scans":2,"cache_hits":0,"page":6,"selected":0,"count":42,"preview_generation":2,"file_worker_stack_free":10944,"file_start_active":false,"preview_active":false,"preview_done":false,"preview_available":false,"screen_dimmed":false,"selection":"_gba","status":"TF根目录"}
2026-09-10 19:15:16 @mori {"event":"ui","process_calls":7568,"render_calls":1267,"music_polls":1267,"model_bytes":15312,"directory_scans":2,"cache_hits":0,"page":6,"selected":0,"count":42,"preview_generation":2,"file_worker_stack_free":10944,"file_start_active":false,"preview_active":false,"preview_done":false,"preview_available":false,"screen_dimmed":false,"selection":"_gba","status":"TF根目录"}
2026-09-10 19:15:16 @mori {"event":"key","message":"down"}
2026-09-10 19:15:16 @mori {"event":"ui","process_calls":7578,"render_calls":1277,"music_polls":1268,"model_bytes":15312,"directory_scans":2,"cache_hits":0,"page":6,"selected":1,"count":42,"preview_generation":2,"file_worker_stack_free":10944,"file_start_active":false,"preview_active":false,"preview_done":false,"preview_available":false,"screen_dimmed":false,"selection":"_nds","status":"TF根目录"}
2026-09-10 19:15:16 @mori {"event":"key","message":"down"}
2026-09-10 19:15:16 @mori {"event":"ui","process_calls":7587,"render_calls":1286,"music_polls":1270,"model_bytes":15312,"directory_scans":2,"cache_hits":0,"page":6,"selected":2,"count":42,"preview_generation":2,"file_worker_stack_free":10944,"file_start_active":false,"preview_active":false,"preview_done":false,"preview_available":false,"screen_dimmed":false,"selection":"dumps","status":"TF根目录"}
2026-09-10 19:15:17 @mori {"event":"key","message":"down"}
2026-09-10 19:15:17 @mori {"event":"ui","process_calls":7596,"render_calls":1295,"music_polls":1271,"model_bytes":15312,"directory_scans":2,"cache_hits":0,"page":6,"selected":3,"count":42,"preview_generation":2,"file_worker_stack_free":10944,"file_start_active":false,"preview_active":false,"preview_done":false,"preview_available":false,"screen_dimmed":false,"selection":"GBA汉化","status":"TF根目录"}
2026-09-10 19:15:17 @mori {"event":"key","message":"down"}
2026-09-10 19:15:17 @mori {"event":"ui","process_calls":7606,"render_calls":1305,"music_polls":1273,"model_bytes":15312,"directory_scans":2,"cache_hits":0,"page":6,"selected":4,"count":42,"preview_generation":2,"file_worker_stack_free":10944,"file_start_active":false,"preview_active":false,"preview_done":false,"preview_available":false,"screen_dimmed":false,"selection":"music","status":"TF根目录"}
2026-09-10 19:15:17 @mori {"event":"key","message":"down"}
2026-09-10 19:15:17 @mori {"event":"ui","process_calls":7616,"render_calls":1315,"music_polls":1274,"model_bytes":15312,"directory_scans":2,"cache_hits":0,"page":6,"selected":5,"count":42,"preview_generation":2,"file_worker_stack_free":10944,"file_start_active":false,"preview_active":false,"preview_done":false,"preview_available":false,"screen_dimmed":false,"selection":"retro-go","status":"TF根目录"}
2026-09-10 19:15:17 @mori {"event":"key","message":"down"}
2026-09-10 19:15:17 @mori {"event":"ui","process_calls":7625,"render_calls":1324,"music_polls":1275,"model_bytes":15312,"directory_scans":2,"cache_hits":0,"page":6,"selected":6,"count":42,"preview_generation":2,"file_worker_stack_free":10944,"file_start_active":false,"preview_active":false,"preview_done":false,"preview_available":false,"screen_dimmed":false,"selection":"ROM_OUTPUT","status":"TF根目录"}
2026-09-10 19:15:17 @mori {"event":"key","message":"down"}
2026-09-10 19:15:17 @mori {"event":"ui","process_calls":7635,"render_calls":1334,"music_polls":1277,"model_bytes":15312,"directory_scans":2,"cache_hits":0,"page":6,"selected":7,"count":42,"preview_generation":2,"file_worker_stack_free":10944,"file_start_active":false,"preview_active":false,"preview_done":false,"preview_available":false,"screen_dimmed":false,"selection":"romart","status":"TF根目录"}
2026-09-10 19:15:17 @mori {"event":"key","message":"down"}
2026-09-10 19:15:17 @mori {"event":"ui","process_calls":7645,"render_calls":1344,"music_polls":1278,"model_bytes":15312,"directory_scans":2,"cache_hits":0,"page":6,"selected":8,"count":42,"preview_generation":2,"file_worker_stack_free":10944,"file_start_active":false,"preview_active":false,"preview_done":false,"preview_available":false,"screen_dimmed":false,"selection":"roms","status":"TF根目录"}
2026-09-10 19:15:17 @mori {"event":"key","message":"down"}
2026-09-10 19:15:18 @mori {"event":"ui","process_calls":7654,"render_calls":1353,"music_polls":1280,"model_bytes":15312,"directory_scans":2,"cache_hits":0,"page":6,"selected":9,"count":42,"preview_generation":2,"file_worker_stack_free":10944,"file_start_active":false,"preview_active":false,"preview_done":false,"preview_available":false,"screen_dimmed":false,"selection":"SAVEGAME","status":"TF根目录"}
2026-09-10 19:15:18 @mori {"event":"key","message":"down"}
2026-09-10 19:15:18 @mori {"event":"ui","process_calls":7664,"render_calls":1363,"music_polls":1281,"model_bytes":15312,"directory_scans":2,"cache_hits":0,"page":6,"selected":10,"count":42,"preview_generation":2,"file_worker_stack_free":10944,"file_start_active":false,"preview_active":false,"preview_done":false,"preview_available":false,"screen_dimmed":false,"selection":"SRAM","status":"TF根目录"}
2026-09-10 19:15:18 @mori {"event":"key","message":"down"}
2026-09-10 19:15:18 @mori {"event":"ui","process_calls":7674,"render_calls":1373,"music_polls":1282,"model_bytes":15312,"directory_scans":2,"cache_hits":0,"page":6,"selected":11,"count":42,"preview_generation":2,"file_worker_stack_free":10944,"file_start_active":false,"preview_active":false,"preview_done":false,"preview_available":false,"screen_dimmed":false,"selection":"宝可梦","status":"TF根目录"}
2026-09-10 19:15:18 @mori {"event":"key","message":"down"}
2026-09-10 19:15:18 @mori {"event":"ui","process_calls":7680,"render_calls":1379,"music_polls":1284,"model_bytes":15312,"directory_scans":2,"cache_hits":0,"page":6,"selected":12,"count":42,"preview_generation":2,"file_worker_stack_free":10944,"file_start_active":false,"preview_active":false,"preview_done":false,"preview_available":false,"screen_dimmed":false,"selection":"[1MSRAM][FTC]口袋妖怪 - 宝石_中文典藏版[漫游&TGB联合汉化] (1).gba","status":"TF根目录"}
2026-09-10 19:15:18 @mori {"event":"key","message":"down"}
2026-09-10 19:15:18 @mori {"event":"ui","process_calls":7689,"render_calls":1388,"music_polls":1285,"model_bytes":15312,"directory_scans":2,"cache_hits":0,"page":6,"selected":13,"count":42,"preview_generation":2,"file_worker_stack_free":10944,"file_start_active":false,"preview_active":false,"preview_done":false,"preview_available":false,"screen_dimmed":false,"selection":"Kirby & The Amazing Mirror (USA).gba","status":"TF根目录"}
2026-09-10 19:15:18 @mori {"event":"key","message":"down"}
2026-09-10 19:15:18 @mori {"event":"ui","process_calls":7699,"render_calls":1398,"music_polls":1287,"model_bytes":15312,"directory_scans":2,"cache_hits":0,"page":6,"selected":14,"count":42,"preview_generation":2,"file_worker_stack_free":10944,"file_start_active":false,"preview_active":false,"preview_done":false,"preview_available":false,"screen_dimmed":false,"selection":"LK_MULTIMENU_L556.gba","status":"TF根目录"}
2026-09-10 19:15:18 @mori {"event":"key","message":"a"}
2026-09-10 19:15:19 @mori {"event":"ui","process_calls":7703,"render_calls":1402,"music_polls":1287,"model_bytes":15312,"directory_scans":2,"cache_hits":0,"page":15,"selected":2,"count":9,"preview_generation":3,"file_worker_stack_free":10944,"file_start_active":false,"preview_active":true,"preview_done":false,"preview_available":false,"screen_dimmed":false,"selection":"ROM: 写入","status":"已选择ROM"}
2026-09-10 19:15:19 @mori {"event":"key","message":"down"}
2026-09-10 19:15:19 @mori {"event":"ui","process_calls":7707,"render_calls":1406,"music_polls":1288,"model_bytes":15312,"directory_scans":2,"cache_hits":0,"page":15,"selected":3,"count":9,"preview_generation":3,"file_worker_stack_free":10944,"file_start_active":false,"preview_active":true,"preview_done":false,"preview_available":false,"screen_dimmed":false,"selection":"ROM: 校验","status":"已选择ROM"}
2026-09-10 19:15:19 I (153208) ui: ROM preview generation=3 result=ESP_ERR_INVALID_STATE available=0 stack_free=10944
2026-09-10 19:15:19 I (153210) power_manager: CPU perf lock acquired by ui_file_start
2026-09-10 19:15:19 I (153213) ui: LCD start file action: action=校验ROM path=LK_MULTIMENU_L556.gba mode=gba write_path=direct
2026-09-10 19:15:19 @mori {"event":"key","message":"a"}
2026-09-10 19:15:19 I (153232) ui: LCD file action task stack free min=10944 bytes
2026-09-10 19:15:19 @mori {"event":"ui","process_calls":7710,"render_calls":1409,"music_polls":1290,"model_bytes":15312,"directory_scans":2,"cache_hits":0,"page":18,"selected":3,"count":12,"preview_generation":4,"file_worker_stack_free":10944,"file_start_active":false,"preview_active":false,"preview_done":false,"preview_available":false,"screen_dimmed":false,"selection":"","status":"校验ROM已启动"}
2026-09-10 19:15:19 @mori {"event":"ui","process_calls":7711,"render_calls":1410,"music_polls":1291,"model_bytes":15312,"directory_scans":2,"cache_hits":0,"page":18,"selected":3,"count":12,"preview_generation":4,"file_worker_stack_free":10944,"file_start_active":false,"preview_active":false,"preview_done":false,"preview_available":false,"screen_dimmed":false,"selection":"","status":"校验ROM已启动"}
2026-09-10 19:15:19 @mori {"event":"status","version":"v2.32-106-g981613b-dirty","uptime_ms":152196,"internal_free":81475,"internal_largest":31744,"psram_free":7539892,"burn_running":true,"patch_running":false,"cancel_requested":false,"phase":"","detail":"","offset":0,"total":0,"passes":0,"read_bytes":0,"read_ms":0,"elapsed_ms":0,"result":0,"ag32_link":"auto","ag32_link_active":"legacy","ag32_capabilities":0,"ag32_capabilities_known":false}
2026-09-10 19:15:19 I (153431) burner_web: GBA D0/D1 swap detection starting...
2026-09-10 19:15:19 I (153444) burner_web: D0/D1 swap detection: entering CFI mode (word addr 0x055)
2026-09-10 19:15:19 W (153452) burner_web: D0/D1 swap detection: CFI 'QRY' not detected with normal entry [010]=0010 [011]=0011 [012]=0012; retrying with swapped entry
2026-09-10 19:15:19 W (153464) burner_web: D0/D1 swap detection: CFI 'QRY' not detected with swapped entry either [010]=0010 [011]=0011 [012]=0012
2026-09-10 19:15:19 W (153476) burner_web: GBA D0/D1 swap detection failed, assuming normal (no swap)
2026-09-10 19:15:19 I (153483) burner_web: GBA ReadID trace begin t=152268120us
2026-09-10 19:15:19 I (153488) burner_web: GBA ReadID trace write addr=0x555 data=0x00AA dt=5328us (0.005328s)
2026-09-10 19:15:19 I (153497) burner_web: GBA ReadID trace write addr=0x2AA data=0x0055 dt=8374us (0.008374s)
2026-09-10 19:15:19 I (153505) burner_web: GBA ReadID trace write addr=0x555 data=0x0090 dt=7946us (0.007946s)
2026-09-10 19:15:19 I (153512) burner_web: GBA ReadID trace read addr=0x000 data=0x0000 dt=7767us (0.007767s)
2026-09-10 19:15:19 I (153521) burner_web: GBA ReadID trace read addr=0x001 data=0x0001 dt=8206us (0.008206s)
2026-09-10 19:15:19 I (153528) burner_web: GBA ReadID trace read addr=0x00E data=0x000E dt=7674us (0.007674s)
2026-09-10 19:15:19 I (153536) burner_web: GBA ReadID trace read addr=0x00F data=0x000F dt=8020us (0.008020s)
2026-09-10 19:15:19 I (153544) burner_web: GBA ReadID trace write addr=0x000 data=0x00F0 dt=8028us (0.008028s)
2026-09-10 19:15:19 I (153552) burner_web: GBA ReadID trace end status=ESP_OK total=69100us (0.069100s)
2026-09-10 19:15:19 I (153560) burner_web: GBA word-address probe @40000000Hz try=1 id=00 00 01 00 0E 00 0F 00 (looks-like-plain-rom-data)
2026-09-10 19:15:19 I (153570) burner_web: GBA Intel ReadID trace begin t=152355317us
2026-09-10 19:15:19 I (153575) burner_web: GBA Intel ReadID trace write addr=0x000 data=0x0050 dt=5332us (0.005332s)
2026-09-10 19:15:19 I (153584) burner_web: GBA Intel ReadID trace write addr=0x000 data=0x00FF dt=8814us (0.008814s)
2026-09-10 19:15:19 I (153593) burner_web: GBA Intel ReadID trace write addr=0x000 data=0x0090 dt=8590us (0.008590s)
2026-09-10 19:15:19 I (153601) burner_web: GBA Intel ReadID trace read addr=0x000 data=0x0000 dt=8594us (0.008594s)
2026-09-10 19:15:19 I (153610) burner_web: GBA Intel ReadID trace read addr=0x001 data=0x0001 dt=8347us (0.008347s)
2026-09-10 19:15:19 I (153618) burner_web: GBA Intel ReadID trace read addr=0x00E data=0x000E dt=8379us (0.008379s)
2026-09-10 19:15:19 I (153627) burner_web: GBA Intel ReadID trace read addr=0x00F data=0x000F dt=8363us (0.008363s)
2026-09-10 19:15:19 I (153635) burner_web: GBA Intel ReadID trace write addr=0x000 data=0x0050 dt=8638us (0.008638s)
2026-09-10 19:15:19 I (153643) burner_web: GBA Intel ReadID trace write addr=0x000 data=0x00FF dt=8195us (0.008195s)
2026-09-10 19:15:19 @mori {"event":"ui","process_calls":7724,"render_calls":1423,"music_polls":1293,"model_bytes":15312,"directory_scans":2,"cache_hits":0,"page":18,"selected":3,"count":12,"preview_generation":4,"file_worker_stack_free":10944,"file_start_active":false,"preview_active":false,"preview_done":false,"preview_available":false,"screen_dimmed":false,"selection":"","status":"校验ROM已启动"}
2026-09-10 19:15:19 I (153652) burner_web: GBA Intel ReadID trace end status=ESP_OK total=81739us (0.081739s)
2026-09-10 19:15:19 I (153694) burner_web: GBA intel-id probe @40000000Hz try=1 id=00 00 01 00 0E 00 0F 00 (candidate-id)
2026-09-10 19:15:19 I (153714) burner_web: GBA raw ID method scan summary @40000000Hz try=1: candidates=0 best=none
2026-09-10 19:15:19 W (153716) burner_web: GBA CFI signature mismatch: [010]=0010 [011]=0011 [012]=0012
2026-09-10 19:15:19 W (153721) burner_web: GBA CFI probe failed in word-address mode @40000000Hz try=1: ESP_FAIL
2026-09-10 19:15:19 @mori {"event":"status","version":"v2.32-106-g981613b-dirty","uptime_ms":152508,"internal_free":81443,"internal_largest":31744,"psram_free":7539892,"burn_running":true,"patch_running":false,"cancel_requested":false,"phase":"","detail":"","offset":0,"total":0,"passes":0,"read_bytes":0,"read_ms":0,"elapsed_ms":0,"result":0,"ag32_link":"auto","ag32_link_active":"legacy","ag32_capabilities":0,"ag32_capabilities_known":false}
2026-09-10 19:15:20 I (153929) burner_web: GBA ReadID trace begin t=152714349us
2026-09-10 19:15:20 I (153930) burner_web: GBA ReadID trace write addr=0x555 data=0x00AA dt=1279us (0.001279s)
2026-09-10 19:15:20 I (153933) burner_web: GBA ReadID trace write addr=0x2AA data=0x0055 dt=2354us (0.002354s)
2026-09-10 19:15:20 I (153941) burner_web: GBA ReadID trace write addr=0x555 data=0x0090 dt=7969us (0.007969s)
2026-09-10 19:15:20 I (153949) burner_web: GBA ReadID trace read addr=0x000 data=0x0000 dt=8043us (0.008043s)
2026-09-10 19:15:20 I (153957) burner_web: GBA ReadID trace read addr=0x001 data=0x0001 dt=7861us (0.007861s)
2026-09-10 19:15:20 I (153965) burner_web: GBA ReadID trace read addr=0x00E data=0x000E dt=8093us (0.008093s)
2026-09-10 19:15:20 I (153973) burner_web: GBA ReadID trace read addr=0x00F data=0x000F dt=8031us (0.008031s)
2026-09-10 19:15:20 @mori {"event":"ui","process_calls":7737,"render_calls":1429,"music_polls":1296,"model_bytes":15312,"directory_scans":2,"cache_hits":0,"page":18,"selected":3,"count":12,"preview_generation":4,"file_worker_stack_free":10944,"file_start_active":false,"preview_active":false,"preview_done":false,"preview_available":false,"screen_dimmed":false,"selection":"","status":"校验ROM已启动"}
2026-09-10 19:15:20 I (153981) burner_web: GBA ReadID trace write addr=0x000 data=0x00F0 dt=7873us (0.007873s)
2026-09-10 19:15:20 I (154022) burner_web: GBA ReadID trace end status=ESP_OK total=93050us (0.093050s)
2026-09-10 19:15:20 I (154030) burner_web: GBA word-address probe @40000000Hz try=2 id=00 00 01 00 0E 00 0F 00 (looks-like-plain-rom-data)
2026-09-10 19:15:20 @mori {"event":"status","version":"v2.32-106-g981613b-dirty","uptime_ms":152817,"internal_free":81443,"internal_largest":31744,"psram_free":7539892,"burn_running":true,"patch_running":false,"cancel_requested":false,"phase":"","detail":"","offset":0,"total":0,"passes":0,"read_bytes":0,"read_ms":0,"elapsed_ms":0,"result":0,"ag32_link":"auto","ag32_link_active":"legacy","ag32_capabilities":0,"ag32_capabilities_known":false}
2026-09-10 19:15:20 I (154040) burner_web: GBA Intel ReadID trace begin t=152825559us
2026-09-10 19:15:20 I (154083) burner_web: GBA Intel ReadID trace write addr=0x000 data=0x0050 dt=42428us (0.042428s)
2026-09-10 19:15:20 I (154092) burner_web: GBA Intel ReadID trace write addr=0x000 data=0x00FF dt=8821us (0.008821s)
2026-09-10 19:15:20 I (154100) burner_web: GBA Intel ReadID trace write addr=0x000 data=0x0090 dt=8666us (0.008666s)
2026-09-10 19:15:20 I (154109) burner_web: GBA Intel ReadID trace read addr=0x000 data=0x0000 dt=8685us (0.008685s)
2026-09-10 19:15:20 I (154117) burner_web: GBA Intel ReadID trace read addr=0x001 data=0x0001 dt=8264us (0.008264s)
2026-09-10 19:15:20 I (154126) burner_web: GBA Intel ReadID trace read addr=0x00E data=0x000E dt=8533us (0.008533s)
2026-09-10 19:15:20 I (154134) burner_web: GBA Intel ReadID trace read addr=0x00F data=0x000F dt=8298us (0.008298s)
2026-09-10 19:15:20 I (154143) burner_web: GBA Intel ReadID trace write addr=0x000 data=0x0050 dt=8475us (0.008475s)
2026-09-10 19:15:20 I (154151) burner_web: GBA Intel ReadID trace write addr=0x000 data=0x00FF dt=8470us (0.008470s)
2026-09-10 19:15:20 I (154159) burner_web: GBA Intel ReadID trace end status=ESP_OK total=119062us (0.119062s)
2026-09-10 19:15:20 I (154167) burner_web: GBA intel-id probe @40000000Hz try=2 id=00 00 01 00 0E 00 0F 00 (candidate-id)
2026-09-10 19:15:20 I (154187) burner_web: GBA raw ID method scan summary @40000000Hz try=2: candidates=0 best=none
2026-09-10 19:15:20 W (154190) burner_web: GBA CFI signature mismatch: [010]=0010 [011]=0011 [012]=0012
2026-09-10 19:15:20 W (154194) burner_web: GBA CFI probe failed in word-address mode @40000000Hz try=2: ESP_FAIL
2026-09-10 19:15:20 @mori {"event":"ui","process_calls":7748,"render_calls":1430,"music_polls":1298,"model_bytes":15312,"directory_scans":2,"cache_hits":0,"page":18,"selected":3,"count":12,"preview_generation":4,"file_worker_stack_free":10944,"file_start_active":false,"preview_active":false,"preview_done":false,"preview_available":false,"screen_dimmed":false,"selection":"","status":"校验ROM已启动"}
2026-09-10 19:15:20 @mori {"event":"status","version":"v2.32-106-g981613b-dirty","uptime_ms":153098,"internal_free":81475,"internal_largest":31744,"psram_free":7539892,"burn_running":true,"patch_running":false,"cancel_requested":false,"phase":"","detail":"","offset":0,"total":0,"passes":0,"read_bytes":0,"read_ms":0,"elapsed_ms":0,"result":0,"ag32_link":"auto","ag32_link_active":"legacy","ag32_capabilities":0,"ag32_capabilities_known":false}
2026-09-10 19:15:20 I (154402) burner_web: GBA ReadID trace begin t=153187382us
2026-09-10 19:15:20 I (154404) burner_web: GBA ReadID trace write addr=0x555 data=0x00AA dt=1522us (0.001522s)
2026-09-10 19:15:20 I (154406) burner_web: GBA ReadID trace write addr=0x2AA data=0x0055 dt=2239us (0.002239s)
2026-09-10 19:15:20 I (154414) burner_web: GBA ReadID trace write addr=0x555 data=0x0090 dt=8224us (0.008224s)
2026-09-10 19:15:20 I (154422) burner_web: GBA ReadID trace read addr=0x000 data=0x0000 dt=8093us (0.008093s)
2026-09-10 19:15:20 I (154430) burner_web: GBA ReadID trace read addr=0x001 data=0x0001 dt=7849us (0.007849s)
2026-09-10 19:15:20 I (154438) burner_web: GBA ReadID trace read addr=0x00E data=0x000E dt=7667us (0.007667s)
2026-09-10 19:15:20 I (154446) burner_web: GBA ReadID trace read addr=0x00F data=0x000F dt=7825us (0.007825s)
2026-09-10 19:15:20 I (154454) burner_web: GBA ReadID trace write addr=0x000 data=0x00F0 dt=7933us (0.007933s)
2026-09-10 19:15:20 I (154461) burner_web: GBA ReadID trace end status=ESP_OK total=59204us (0.059204s)
2026-09-10 19:15:20 I (154469) burner_web: GBA word-address probe @40000000Hz try=3 id=00 00 01 00 0E 00 0F 00 (looks-like-plain-rom-data)
2026-09-10 19:15:20 I (154479) burner_web: GBA Intel ReadID trace begin t=153264697us
2026-09-10 19:15:20 I (154485) burner_web: GBA Intel ReadID trace write addr=0x000 data=0x0050 dt=5308us (0.005308s)
2026-09-10 19:15:20 I (154494) burner_web: GBA Intel ReadID trace write addr=0x000 data=0x00FF dt=8786us (0.008786s)
2026-09-10 19:15:20 I (154502) burner_web: GBA Intel ReadID trace write addr=0x000 data=0x0090 dt=8550us (0.008550s)
2026-09-10 19:15:20 I (154511) burner_web: GBA Intel ReadID trace read addr=0x000 data=0x0000 dt=8498us (0.008498s)
2026-09-10 19:15:20 I (154519) burner_web: GBA Intel ReadID trace read addr=0x001 data=0x0001 dt=8427us (0.008427s)
2026-09-10 19:15:20 I (154527) burner_web: GBA Intel ReadID trace read addr=0x00E data=0x000E dt=8384us (0.008384s)
2026-09-10 19:15:20 I (154536) burner_web: GBA Intel ReadID trace read addr=0x00F data=0x000F dt=8456us (0.008456s)
2026-09-10 19:15:20 I (154544) burner_web: GBA Intel ReadID trace write addr=0x000 data=0x0050 dt=8476us (0.008476s)
2026-09-10 19:15:20 @mori {"event":"ui","process_calls":7761,"render_calls":1431,"music_polls":1301,"model_bytes":15312,"directory_scans":2,"cache_hits":0,"page":18,"selected":3,"count":12,"preview_generation":4,"file_worker_stack_free":10944,"file_start_active":false,"preview_active":false,"preview_done":false,"preview_available":false,"screen_dimmed":false,"selection":"","status":"校验ROM已启动"}
2026-09-10 19:15:20 I (154553) burner_web: GBA Intel ReadID trace write addr=0x000 data=0x00FF dt=8475us (0.008475s)
2026-09-10 19:15:20 I (154595) burner_web: GBA Intel ReadID trace end status=ESP_OK total=115637us (0.115637s)
2026-09-10 19:15:20 @mori {"event":"status","version":"v2.32-106-g981613b-dirty","uptime_ms":153381,"internal_free":81475,"internal_largest":31744,"psram_free":7539892,"burn_running":true,"patch_running":false,"cancel_requested":false,"phase":"","detail":"","offset":0,"total":0,"passes":0,"read_bytes":0,"read_ms":0,"elapsed_ms":0,"result":0,"ag32_link":"auto","ag32_link_active":"legacy","ag32_capabilities":0,"ag32_capabilities_known":false}
2026-09-10 19:15:20 I (154603) burner_web: GBA intel-id probe @40000000Hz try=3 id=00 00 01 00 0E 00 0F 00 (candidate-id)
2026-09-10 19:15:20 I (154660) burner_web: GBA raw ID method scan summary @40000000Hz try=3: candidates=0 best=none
2026-09-10 19:15:20 W (154663) burner_web: GBA CFI signature mismatch: [010]=0010 [011]=0011 [012]=0012
2026-09-10 19:15:20 W (154667) burner_web: GBA CFI probe failed in word-address mode @40000000Hz try=3: ESP_FAIL
2026-09-10 19:15:20 I (154676) burner_web: GBA ID window: [000]=0000 [001]=0001 [002]=0002 [003]=0003 [00E]=000E [00F]=000F [010]=0010 [011]=0011
2026-09-10 19:15:20 I (154687) burner_web: GBA raw id @000: mode0 cs0=0 cs1=1 val=0000 rx=11 00 00 00 00 00 00 00 00 00 | mode2 cs0=0 cs1=0 val=0200 rx=00 00 00 00 00 00 00 00 02 00
2026-09-10 19:15:20 I (154699) burner_web: GBA seg id @000: mode0 val12=0000 val01=0000 rx=00 00 00 | mode2 val12=0200 val01=0000 rx=00 00 02
2026-09-10 19:15:20 I (154712) burner_web: GBA CFI window: [010]=0010 [011]=0011 [012]=0012 [027]=0027 [02A]=002A [02D]=002D [02E]=002E [02F]=002F [030]=0030
2026-09-10 19:15:20 I (154724) burner_web: GBA raw cfi @010: mode0 cs0=0 cs1=1 val=0010 rx=30 00 00 00 00 10 10 10 00 00 | mode2 cs0=0 cs1=0 val=0210 rx=00 00 00 00 00 10 10 10 02 00
2026-09-10 19:15:20 I (154736) burner_web: GBA seg cfi @010: mode0 val12=0010 val01=1010 rx=10 10 00 | mode2 val12=0210 val01=1010 rx=10 10 02
2026-09-10 19:15:20 W (154749) burner_web: GBA probe classified as likely read-only retail ROM after retries: id=00 00 01 00 0E 00 0F 00 source=plain-rom-data
2026-09-10 19:15:20 W (154760) burner_web: GBA prepare without CFI: flash=33554432 sector=131072 buf=0 cmdset=amd mode=2
2026-09-10 19:15:20 E (154769) burner_web: GBA ROM larger than flash: rom=134217728 flash=33554432
2026-09-10 19:15:20 @mori {"event":"ui","process_calls":7768,"render_calls":1433,"music_polls":1302,"model_bytes":15312,"directory_scans":2,"cache_hits":0,"page":18,"selected":3,"count":12,"preview_generation":4,"file_worker_stack_free":10944,"file_start_active":false,"preview_active":false,"preview_done":false,"preview_available":false,"screen_dimmed":false,"selection":"","status":"burner error: gba cart prepare failed"}
2026-09-10 19:15:20 W (154876) burner_web: burn_task result: err=ESP_ERR_INVALID_SIZE state=error processed=0/134217728 msg=gba cart prepare failed
2026-09-10 19:15:20 I (154892) power_manager: CPU perf lock released by burn_task
2026-09-10 19:15:20 I (154897) burner_web: burn_task stack free min=11736 bytes
2026-09-10 19:15:20 @mori {"event":"status","version":"v2.32-106-g981613b-dirty","uptime_ms":153701,"internal_free":82507,"internal_largest":31744,"psram_free":7556280,"burn_running":false,"patch_running":false,"cancel_requested":false,"phase":"","detail":"","offset":0,"total":0,"passes":0,"read_bytes":0,"read_ms":0,"elapsed_ms":0,"result":0,"ag32_link":"auto","ag32_link_active":"legacy","ag32_capabilities":0,"ag32_capabilities_known":false}
2026-09-10 19:15:21 @mori {"event":"key","message":"b"}
2026-09-10 19:15:21 @mori {"event":"ui","process_calls":7772,"render_calls":1435,"music_polls":1304,"model_bytes":15312,"directory_scans":2,"cache_hits":0,"page":15,"selected":0,"count":9,"preview_generation":4,"file_worker_stack_free":10944,"file_start_active":false,"preview_active":false,"preview_done":false,"preview_available":false,"screen_dimmed":false,"selection":"重新分析","status":"就绪"}
2026-09-10 19:15:21 @mori {"event":"ui","process_calls":7774,"render_calls":1437,"music_polls":1305,"model_bytes":15312,"directory_scans":2,"cache_hits":0,"page":15,"selected":0,"count":9,"preview_generation":4,"file_worker_stack_free":10944,"file_start_active":false,"preview_active":false,"preview_done":false,"preview_available":false,"screen_dimmed":false,"selection":"重新分析","status":"就绪"}
2026-09-10 19:15:21 @mori {"event":"key","message":"down"}
2026-09-10 19:15:21 @mori {"event":"ui","process_calls":7778,"render_calls":1441,"music_polls":1306,"model_bytes":15312,"directory_scans":2,"cache_hits":0,"page":15,"selected":1,"count":9,"preview_generation":4,"file_worker_stack_free":10944,"file_start_active":false,"preview_active":false,"preview_done":false,"preview_available":false,"screen_dimmed":false,"selection":"ROM: LK_MULTIMENU_L556.gba","status":"就绪"}
2026-09-10 19:15:21 @mori {"event":"key","message":"a"}
2026-09-10 19:15:21 @mori {"event":"ui","process_calls":7780,"render_calls":1443,"music_polls":1307,"model_bytes":15312,"directory_scans":3,"cache_hits":0,"page":6,"selected":0,"count":42,"preview_generation":4,"file_worker_stack_free":10944,"file_start_active":false,"preview_active":false,"preview_done":false,"preview_available":false,"screen_dimmed":false,"selection":"_gba","status":"TF根目录"}
2026-09-10 19:15:21 @mori {"event":"ui","process_calls":7783,"render_calls":1446,"music_polls":1308,"model_bytes":15312,"directory_scans":3,"cache_hits":0,"page":6,"selected":0,"count":42,"preview_generation":4,"file_worker_stack_free":10944,"file_start_active":false,"preview_active":false,"preview_done":false,"preview_available":false,"screen_dimmed":false,"selection":"_gba","status":"TF根目录"}
2026-09-10 19:15:21 @mori {"event":"key","message":"down"}
2026-09-10 19:15:21 @mori {"event":"ui","process_calls":7792,"render_calls":1455,"music_polls":1309,"model_bytes":15312,"directory_scans":3,"cache_hits":0,"page":6,"selected":1,"count":42,"preview_generation":4,"file_worker_stack_free":10944,"file_start_active":false,"preview_active":false,"preview_done":false,"preview_available":false,"screen_dimmed":false,"selection":"_nds","status":"TF根目录"}
2026-09-10 19:15:21 @mori {"event":"key","message":"down"}
2026-09-10 19:15:21 @mori {"event":"ui","process_calls":7802,"render_calls":1465,"music_polls":1310,"model_bytes":15312,"directory_scans":3,"cache_hits":0,"page":6,"selected":2,"count":42,"preview_generation":4,"file_worker_stack_free":10944,"file_start_active":false,"preview_active":false,"preview_done":false,"preview_available":false,"screen_dimmed":false,"selection":"dumps","status":"TF根目录"}
2026-09-10 19:15:21 @mori {"event":"key","message":"down"}
2026-09-10 19:15:22 @mori {"event":"ui","process_calls":7812,"render_calls":1475,"music_polls":1312,"model_bytes":15312,"directory_scans":3,"cache_hits":0,"page":6,"selected":3,"count":42,"preview_generation":4,"file_worker_stack_free":10944,"file_start_active":false,"preview_active":false,"preview_done":false,"preview_available":false,"screen_dimmed":false,"selection":"GBA汉化","status":"TF根目录"}
2026-09-10 19:15:22 @mori {"event":"key","message":"down"}
2026-09-10 19:15:22 @mori {"event":"ui","process_calls":7821,"render_calls":1484,"music_polls":1313,"model_bytes":15312,"directory_scans":3,"cache_hits":0,"page":6,"selected":4,"count":42,"preview_generation":4,"file_worker_stack_free":10944,"file_start_active":false,"preview_active":false,"preview_done":false,"preview_available":false,"screen_dimmed":false,"selection":"music","status":"TF根目录"}
2026-09-10 19:15:22 @mori {"event":"key","message":"down"}
2026-09-10 19:15:22 @mori {"event":"ui","process_calls":7831,"render_calls":1494,"music_polls":1315,"model_bytes":15312,"directory_scans":3,"cache_hits":0,"page":6,"selected":5,"count":42,"preview_generation":4,"file_worker_stack_free":10944,"file_start_active":false,"preview_active":false,"preview_done":false,"preview_available":false,"screen_dimmed":false,"selection":"retro-go","status":"TF根目录"}
2026-09-10 19:15:22 @mori {"event":"key","message":"down"}
2026-09-10 19:15:22 @mori {"event":"ui","process_calls":7840,"render_calls":1503,"music_polls":1316,"model_bytes":15312,"directory_scans":3,"cache_hits":0,"page":6,"selected":6,"count":42,"preview_generation":4,"file_worker_stack_free":10944,"file_start_active":false,"preview_active":false,"preview_done":false,"preview_available":false,"screen_dimmed":false,"selection":"ROM_OUTPUT","status":"TF根目录"}
2026-09-10 19:15:22 @mori {"event":"key","message":"down"}
2026-09-10 19:15:22 @mori {"event":"ui","process_calls":7850,"render_calls":1513,"music_polls":1317,"model_bytes":15312,"directory_scans":3,"cache_hits":0,"page":6,"selected":7,"count":42,"preview_generation":4,"file_worker_stack_free":10944,"file_start_active":false,"preview_active":false,"preview_done":false,"preview_available":false,"screen_dimmed":false,"selection":"romart","status":"TF根目录"}
2026-09-10 19:15:22 @mori {"event":"key","message":"down"}
2026-09-10 19:15:22 @mori {"event":"ui","process_calls":7860,"render_calls":1523,"music_polls":1319,"model_bytes":15312,"directory_scans":3,"cache_hits":0,"page":6,"selected":8,"count":42,"preview_generation":4,"file_worker_stack_free":10944,"file_start_active":false,"preview_active":false,"preview_done":false,"preview_available":false,"screen_dimmed":false,"selection":"roms","status":"TF根目录"}
2026-09-10 19:15:22 @mori {"event":"key","message":"down"}
2026-09-10 19:15:22 @mori {"event":"ui","process_calls":7870,"render_calls":1533,"music_polls":1320,"model_bytes":15312,"directory_scans":3,"cache_hits":0,"page":6,"selected":9,"count":42,"preview_generation":4,"file_worker_stack_free":10944,"file_start_active":false,"preview_active":false,"preview_done":false,"preview_available":false,"screen_dimmed":false,"selection":"SAVEGAME","status":"TF根目录"}
2026-09-10 19:15:23 @mori {"event":"key","message":"down"}
2026-09-10 19:15:23 @mori {"event":"ui","process_calls":7878,"render_calls":1541,"music_polls":1322,"model_bytes":15312,"directory_scans":3,"cache_hits":0,"page":6,"selected":10,"count":42,"preview_generation":4,"file_worker_stack_free":10944,"file_start_active":false,"preview_active":false,"preview_done":false,"preview_available":false,"screen_dimmed":false,"selection":"SRAM","status":"TF根目录"}
2026-09-10 19:15:23 @mori {"event":"key","message":"down"}
2026-09-10 19:15:23 @mori {"event":"ui","process_calls":7889,"render_calls":1552,"music_polls":1323,"model_bytes":15312,"directory_scans":3,"cache_hits":0,"page":6,"selected":11,"count":42,"preview_generation":4,"file_worker_stack_free":10944,"file_start_active":false,"preview_active":false,"preview_done":false,"preview_available":false,"screen_dimmed":false,"selection":"宝可梦","status":"TF根目录"}
2026-09-10 19:15:23 @mori {"event":"key","message":"down"}
2026-09-10 19:15:23 @mori {"event":"ui","process_calls":7895,"render_calls":1558,"music_polls":1325,"model_bytes":15312,"directory_scans":3,"cache_hits":0,"page":6,"selected":12,"count":42,"preview_generation":4,"file_worker_stack_free":10944,"file_start_active":false,"preview_active":false,"preview_done":false,"preview_available":false,"screen_dimmed":false,"selection":"[1MSRAM][FTC]口袋妖怪 - 宝石_中文典藏版[漫游&TGB联合汉化] (1).gba","status":"TF根目录"}
2026-09-10 19:15:23 @mori {"event":"key","message":"down"}
2026-09-10 19:15:23 @mori {"event":"ui","process_calls":7904,"render_calls":1567,"music_polls":1326,"model_bytes":15312,"directory_scans":3,"cache_hits":0,"page":6,"selected":13,"count":42,"preview_generation":4,"file_worker_stack_free":10944,"file_start_active":false,"preview_active":false,"preview_done":false,"preview_available":false,"screen_dimmed":false,"selection":"Kirby & The Amazing Mirror (USA).gba","status":"TF根目录"}
2026-09-10 19:15:23 @mori {"event":"key","message":"down"}
2026-09-10 19:15:23 @mori {"event":"ui","process_calls":7914,"render_calls":1577,"music_polls":1327,"model_bytes":15312,"directory_scans":3,"cache_hits":0,"page":6,"selected":14,"count":42,"preview_generation":4,"file_worker_stack_free":10944,"file_start_active":false,"preview_active":false,"preview_done":false,"preview_available":false,"screen_dimmed":false,"selection":"LK_MULTIMENU_L556.gba","status":"TF根目录"}
2026-09-10 19:15:23 @mori {"event":"key","message":"a"}
2026-09-10 19:15:23 @mori {"event":"ui","process_calls":7918,"render_calls":1581,"music_polls":1328,"model_bytes":15312,"directory_scans":3,"cache_hits":0,"page":15,"selected":2,"count":9,"preview_generation":5,"file_worker_stack_free":10944,"file_start_active":false,"preview_active":true,"preview_done":false,"preview_available":false,"screen_dimmed":false,"selection":"ROM: 写入","status":"已选择ROM"}
2026-09-10 19:15:24 @mori {"event":"key","message":"down"}
2026-09-10 19:15:24 @mori {"event":"ui","process_calls":7923,"render_calls":1586,"music_polls":1330,"model_bytes":15312,"directory_scans":3,"cache_hits":0,"page":15,"selected":3,"count":9,"preview_generation":5,"file_worker_stack_free":10944,"file_start_active":false,"preview_active":true,"preview_done":false,"preview_available":false,"screen_dimmed":false,"selection":"ROM: 校验","status":"已选择ROM"}
2026-09-10 19:15:24 I (158165) ui: ROM preview generation=5 result=ESP_ERR_INVALID_STATE available=0 stack_free=10944
2026-09-10 19:15:24 I (158168) power_manager: CPU perf lock acquired by ui_file_start
2026-09-10 19:15:24 I (158170) ui: LCD start file action: action=校验ROM path=LK_MULTIMENU_L556.gba mode=gba write_path=direct
2026-09-10 19:15:24 @mori {"event":"key","message":"a"}
2026-09-10 19:15:24 I (158190) ui: LCD file action task stack free min=10944 bytes
2026-09-10 19:15:24 @mori {"event":"ui","process_calls":7925,"render_calls":1588,"music_polls":1331,"model_bytes":15312,"directory_scans":3,"cache_hits":0,"page":18,"selected":3,"count":12,"preview_generation":6,"file_worker_stack_free":10944,"file_start_active":false,"preview_active":false,"preview_done":false,"preview_available":false,"screen_dimmed":false,"selection":"","status":"校验ROM已启动"}
2026-09-10 19:15:24 @mori {"event":"ui","process_calls":7926,"render_calls":1589,"music_polls":1332,"model_bytes":15312,"directory_scans":3,"cache_hits":0,"page":18,"selected":3,"count":12,"preview_generation":6,"file_worker_stack_free":10944,"file_start_active":false,"preview_active":false,"preview_done":false,"preview_available":false,"screen_dimmed":false,"selection":"","status":"校验ROM已启动"}
2026-09-10 19:15:24 @mori {"event":"status","version":"v2.32-106-g981613b-dirty","uptime_ms":157139,"internal_free":81475,"internal_largest":31744,"psram_free":7539892,"burn_running":true,"patch_running":false,"cancel_requested":false,"phase":"","detail":"","offset":0,"total":0,"passes":0,"read_bytes":0,"read_ms":0,"elapsed_ms":0,"result":0,"ag32_link":"auto","ag32_link_active":"legacy","ag32_capabilities":0,"ag32_capabilities_known":false}
2026-09-10 19:15:24 I (158390) burner_web: GBA D0/D1 swap detection starting...
2026-09-10 19:15:24 I (158391) burner_web: D0/D1 swap detection: entering CFI mode (word addr 0x055)
2026-09-10 19:15:24 W (158398) burner_web: D0/D1 swap detection: CFI 'QRY' not detected with normal entry [010]=0010 [011]=0011 [012]=0012; retrying with swapped entry
2026-09-10 19:15:24 W (158411) burner_web: D0/D1 swap detection: CFI 'QRY' not detected with swapped entry either [010]=0010 [011]=0011 [012]=0012
2026-09-10 19:15:24 W (158423) burner_web: GBA D0/D1 swap detection failed, assuming normal (no swap)
2026-09-10 19:15:24 I (158429) burner_web: GBA ReadID trace begin t=157214609us
2026-09-10 19:15:24 I (158435) burner_web: GBA ReadID trace write addr=0x555 data=0x00AA dt=5187us (0.005187s)
2026-09-10 19:15:24 I (158443) burner_web: GBA ReadID trace write addr=0x2AA data=0x0055 dt=8435us (0.008435s)
2026-09-10 19:15:24 I (158451) burner_web: GBA ReadID trace write addr=0x555 data=0x0090 dt=8037us (0.008037s)
2026-09-10 19:15:24 I (158459) burner_web: GBA ReadID trace read addr=0x000 data=0x0000 dt=7788us (0.007788s)
2026-09-10 19:15:24 I (158467) burner_web: GBA ReadID trace read addr=0x001 data=0x0001 dt=7970us (0.007970s)
2026-09-10 19:15:24 I (158475) burner_web: GBA ReadID trace read addr=0x00E data=0x000E dt=7936us (0.007936s)
2026-09-10 19:15:24 I (158483) burner_web: GBA ReadID trace read addr=0x00F data=0x000F dt=7876us (0.007876s)
2026-09-10 19:15:24 I (158490) burner_web: GBA ReadID trace write addr=0x000 data=0x00F0 dt=7836us (0.007836s)
2026-09-10 19:15:24 I (158498) burner_web: GBA ReadID trace end status=ESP_OK total=68866us (0.068866s)
2026-09-10 19:15:24 I (158506) burner_web: GBA word-address probe @40000000Hz try=1 id=00 00 01 00 0E 00 0F 00 (looks-like-plain-rom-data)
2026-09-10 19:15:24 I (158517) burner_web: GBA Intel ReadID trace begin t=157301771us
2026-09-10 19:15:24 I (158522) burner_web: GBA Intel ReadID trace write addr=0x000 data=0x0050 dt=5383us (0.005383s)
2026-09-10 19:15:24 I (158531) burner_web: GBA Intel ReadID trace write addr=0x000 data=0x00FF dt=8683us (0.008683s)
2026-09-10 19:15:24 I (158539) burner_web: GBA Intel ReadID trace write addr=0x000 data=0x0090 dt=8465us (0.008465s)
2026-09-10 19:15:24 I (158548) burner_web: GBA Intel ReadID trace read addr=0x000 data=0x0000 dt=8601us (0.008601s)
2026-09-10 19:15:24 I (158556) burner_web: GBA Intel ReadID trace read addr=0x001 data=0x0001 dt=8309us (0.008309s)
2026-09-10 19:15:24 I (158565) burner_web: GBA Intel ReadID trace read addr=0x00E data=0x000E dt=8583us (0.008583s)
2026-09-10 19:15:24 I (158573) burner_web: GBA Intel ReadID trace read addr=0x00F data=0x000F dt=8470us (0.008470s)
2026-09-10 19:15:24 I (158581) burner_web: GBA Intel ReadID trace write addr=0x000 data=0x0050 dt=8333us (0.008333s)
2026-09-10 19:15:24 I (158590) burner_web: GBA Intel ReadID trace write addr=0x000 data=0x00FF dt=8234us (0.008234s)
2026-09-10 19:15:24 I (158598) burner_web: GBA Intel ReadID trace end status=ESP_OK total=81632us (0.081632s)
2026-09-10 19:15:24 @mori {"event":"ui","process_calls":7938,"render_calls":1601,"music_polls":1334,"model_bytes":15312,"directory_scans":3,"cache_hits":0,"page":18,"selected":3,"count":12,"preview_generation":6,"file_worker_stack_free":10944,"file_start_active":false,"preview_active":false,"preview_done":false,"preview_available":false,"screen_dimmed":false,"selection":"","status":"校验ROM已启动"}
2026-09-10 19:15:24 I (158606) burner_web: GBA intel-id probe @40000000Hz try=1 id=00 00 01 00 0E 00 0F 00 (candidate-id)
2026-09-10 19:15:24 I (158661) burner_web: GBA raw ID method scan summary @40000000Hz try=1: candidates=0 best=none
2026-09-10 19:15:24 W (158663) burner_web: GBA CFI signature mismatch: [010]=0010 [011]=0011 [012]=0012
2026-09-10 19:15:24 @mori {"event":"status","version":"v2.32-106-g981613b-dirty","uptime_ms":157447,"internal_free":81475,"internal_largest":31744,"psram_free":7539892,"burn_running":true,"patch_running":false,"cancel_requested":false,"phase":"","detail":"","offset":0,"total":0,"passes":0,"read_bytes":0,"read_ms":0,"elapsed_ms":0,"result":0,"ag32_link":"auto","ag32_link_active":"legacy","ag32_capabilities":0,"ag32_capabilities_known":false}
2026-09-10 19:15:24 W (158667) burner_web: GBA CFI probe failed in word-address mode @40000000Hz try=1: ESP_FAIL
2026-09-10 19:15:24 @mori {"event":"ui","process_calls":7949,"render_calls":1606,"music_polls":1337,"model_bytes":15312,"directory_scans":3,"cache_hits":0,"page":18,"selected":3,"count":12,"preview_generation":6,"file_worker_stack_free":10944,"file_start_active":false,"preview_active":false,"preview_done":false,"preview_available":false,"screen_dimmed":false,"selection":"","status":"校验ROM已启动"}
2026-09-10 19:15:24 I (158912) burner_web: GBA ReadID trace begin t=157697345us
2026-09-10 19:15:24 I (158940) burner_web: GBA ReadID trace write addr=0x555 data=0x00AA dt=28122us (0.028122s)
2026-09-10 19:15:25 @mori {"event":"status","version":"v2.32-106-g981613b-dirty","uptime_ms":157730,"internal_free":81443,"internal_largest":31744,"psram_free":7539892,"burn_running":true,"patch_running":false,"cancel_requested":false,"phase":"","detail":"","offset":0,"total":0,"passes":0,"read_bytes":0,"read_ms":0,"elapsed_ms":0,"result":0,"ag32_link":"auto","ag32_link_active":"legacy","ag32_capabilities":0,"ag32_capabilities_known":false}
2026-09-10 19:15:25 I (158949) burner_web: GBA ReadID trace write addr=0x2AA data=0x0055 dt=8567us (0.008567s)
2026-09-10 19:15:25 I (158994) burner_web: GBA ReadID trace write addr=0x555 data=0x0090 dt=45221us (0.045221s)
2026-09-10 19:15:25 I (159002) burner_web: GBA ReadID trace read addr=0x000 data=0x0000 dt=8118us (0.008118s)
2026-09-10 19:15:25 I (159010) burner_web: GBA ReadID trace read addr=0x001 data=0x0001 dt=7736us (0.007736s)
2026-09-10 19:15:25 I (159018) burner_web: GBA ReadID trace read addr=0x00E data=0x000E dt=8021us (0.008021s)
2026-09-10 19:15:25 I (159026) burner_web: GBA ReadID trace read addr=0x00F data=0x000F dt=7766us (0.007766s)
2026-09-10 19:15:25 I (159034) burner_web: GBA ReadID trace write addr=0x000 data=0x00F0 dt=8021us (0.008021s)
2026-09-10 19:15:25 I (159042) burner_web: GBA ReadID trace end status=ESP_OK total=129439us (0.129439s)
2026-09-10 19:15:25 I (159049) burner_web: GBA word-address probe @40000000Hz try=2 id=00 00 01 00 0E 00 0F 00 (looks-like-plain-rom-data)
2026-09-10 19:15:25 I (159060) burner_web: GBA Intel ReadID trace begin t=157844873us
2026-09-10 19:15:25 I (159065) burner_web: GBA Intel ReadID trace write addr=0x000 data=0x0050 dt=5318us (0.005318s)
2026-09-10 19:15:25 I (159074) burner_web: GBA Intel ReadID trace write addr=0x000 data=0x00FF dt=9082us (0.009082s)
2026-09-10 19:15:25 I (159082) burner_web: GBA Intel ReadID trace write addr=0x000 data=0x0090 dt=8409us (0.008409s)
2026-09-10 19:15:25 I (159091) burner_web: GBA Intel ReadID trace read addr=0x000 data=0x0000 dt=8403us (0.008403s)
2026-09-10 19:15:25 I (159099) burner_web: GBA Intel ReadID trace read addr=0x001 data=0x0001 dt=8440us (0.008440s)
2026-09-10 19:15:25 I (159108) burner_web: GBA Intel ReadID trace read addr=0x00E data=0x000E dt=8267us (0.008267s)
2026-09-10 19:15:25 I (159116) burner_web: GBA Intel ReadID trace read addr=0x00F data=0x000F dt=8329us (0.008329s)
2026-09-10 19:15:25 I (159124) burner_web: GBA Intel ReadID trace write addr=0x000 data=0x0050 dt=8509us (0.008509s)
2026-09-10 19:15:25 I (159133) burner_web: GBA Intel ReadID trace write addr=0x000 data=0x00FF dt=8392us (0.008392s)
2026-09-10 19:15:25 I (159141) burner_web: GBA Intel ReadID trace end status=ESP_OK total=81676us (0.081676s)
2026-09-10 19:15:25 I (159149) burner_web: GBA intel-id probe @40000000Hz try=2 id=00 00 01 00 0E 00 0F 00 (candidate-id)
2026-09-10 19:15:25 I (159168) burner_web: GBA raw ID method scan summary @40000000Hz try=2: candidates=0 best=none
2026-09-10 19:15:25 W (159170) burner_web: GBA CFI signature mismatch: [010]=0010 [011]=0011 [012]=0012
2026-09-10 19:15:25 W (159174) burner_web: GBA CFI probe failed in word-address mode @40000000Hz try=2: ESP_FAIL
2026-09-10 19:15:25 @mori {"event":"ui","process_calls":7959,"render_calls":1608,"music_polls":1339,"model_bytes":15312,"directory_scans":3,"cache_hits":0,"page":18,"selected":3,"count":12,"preview_generation":6,"file_worker_stack_free":10944,"file_start_active":false,"preview_active":false,"preview_done":false,"preview_available":false,"screen_dimmed":false,"selection":"","status":"校验ROM已启动"}
2026-09-10 19:15:25 @mori {"event":"status","version":"v2.32-106-g981613b-dirty","uptime_ms":158011,"internal_free":81475,"internal_largest":31744,"psram_free":7539892,"burn_running":true,"patch_running":false,"cancel_requested":false,"phase":"","detail":"","offset":0,"total":0,"passes":0,"read_bytes":0,"read_ms":0,"elapsed_ms":0,"result":0,"ag32_link":"auto","ag32_link_active":"legacy","ag32_capabilities":0,"ag32_capabilities_known":false}
2026-09-10 19:15:25 I (159383) burner_web: GBA ReadID trace begin t=158168345us
2026-09-10 19:15:25 I (159384) burner_web: GBA ReadID trace write addr=0x555 data=0x00AA dt=1280us (0.001280s)
2026-09-10 19:15:25 I (159387) burner_web: GBA ReadID trace write addr=0x2AA data=0x0055 dt=2336us (0.002336s)
2026-09-10 19:15:25 I (159395) burner_web: GBA ReadID trace write addr=0x555 data=0x0090 dt=8013us (0.008013s)
2026-09-10 19:15:25 I (159403) burner_web: GBA ReadID trace read addr=0x000 data=0x0000 dt=8004us (0.008004s)
2026-09-10 19:15:25 I (159411) burner_web: GBA ReadID trace read addr=0x001 data=0x0001 dt=7863us (0.007863s)
2026-09-10 19:15:25 I (159419) burner_web: GBA ReadID trace read addr=0x00E data=0x000E dt=7898us (0.007898s)
2026-09-10 19:15:25 I (159426) burner_web: GBA ReadID trace read addr=0x00F data=0x000F dt=7903us (0.007903s)
2026-09-10 19:15:25 I (159434) burner_web: GBA ReadID trace write addr=0x000 data=0x00F0 dt=7911us (0.007911s)
2026-09-10 19:15:25 I (159442) burner_web: GBA ReadID trace end status=ESP_OK total=59148us (0.059148s)
2026-09-10 19:15:25 I (159450) burner_web: GBA word-address probe @40000000Hz try=3 id=00 00 01 00 0E 00 0F 00 (looks-like-plain-rom-data)
2026-09-10 19:15:25 I (159460) burner_web: GBA Intel ReadID trace begin t=158245632us
2026-09-10 19:15:25 I (159466) burner_web: GBA Intel ReadID trace write addr=0x000 data=0x0050 dt=5285us (0.005285s)
2026-09-10 19:15:25 I (159475) burner_web: GBA Intel ReadID trace write addr=0x000 data=0x00FF dt=8805us (0.008805s)
2026-09-10 19:15:25 I (159483) burner_web: GBA Intel ReadID trace write addr=0x000 data=0x0090 dt=8506us (0.008506s)
2026-09-10 19:15:25 @mori {"event":"ui","process_calls":7973,"render_calls":1609,"music_polls":1341,"model_bytes":15312,"directory_scans":3,"cache_hits":0,"page":18,"selected":3,"count":12,"preview_generation":6,"file_worker_stack_free":10944,"file_start_active":false,"preview_active":false,"preview_done":false,"preview_available":false,"screen_dimmed":false,"selection":"","status":"校验ROM已启动"}
2026-09-10 19:15:25 I (159492) burner_web: GBA Intel ReadID trace read addr=0x000 data=0x0000 dt=8710us (0.008710s)
2026-09-10 19:15:25 I (159534) burner_web: GBA Intel ReadID trace read addr=0x001 data=0x0001 dt=42320us (0.042320s)
2026-09-10 19:15:25 I (159543) burner_web: GBA Intel ReadID trace read addr=0x00E data=0x000E dt=8491us (0.008491s)
2026-09-10 19:15:25 I (159551) burner_web: GBA Intel ReadID trace read addr=0x00F data=0x000F dt=8416us (0.008416s)
2026-09-10 19:15:25 I (159559) burner_web: GBA Intel ReadID trace write addr=0x000 data=0x0050 dt=8510us (0.008510s)
2026-09-10 19:15:25 I (159568) burner_web: GBA Intel ReadID trace write addr=0x000 data=0x00FF dt=8342us (0.008342s)
2026-09-10 19:15:25 I (159576) burner_web: GBA Intel ReadID trace end status=ESP_OK total=115940us (0.115940s)
2026-09-10 19:15:25 @mori {"event":"status","version":"v2.32-106-g981613b-dirty","uptime_ms":158355,"internal_free":81475,"internal_largest":31744,"psram_free":7539892,"burn_running":true,"patch_running":false,"cancel_requested":false,"phase":"","detail":"","offset":0,"total":0,"passes":0,"read_bytes":0,"read_ms":0,"elapsed_ms":0,"result":0,"ag32_link":"auto","ag32_link_active":"legacy","ag32_capabilities":0,"ag32_capabilities_known":false}
2026-09-10 19:15:25 I (159585) burner_web: GBA intel-id probe @40000000Hz try=3 id=00 00 01 00 0E 00 0F 00 (candidate-id)
2026-09-10 19:15:25 I (159641) burner_web: GBA raw ID method scan summary @40000000Hz try=3: candidates=0 best=none
2026-09-10 19:15:25 W (159644) burner_web: GBA CFI signature mismatch: [010]=0010 [011]=0011 [012]=0012
2026-09-10 19:15:25 W (159648) burner_web: GBA CFI probe failed in word-address mode @40000000Hz try=3: ESP_FAIL
2026-09-10 19:15:25 I (159657) burner_web: GBA ID window: [000]=0000 [001]=0001 [002]=0002 [003]=0003 [00E]=000E [00F]=000F [010]=0010 [011]=0011
2026-09-10 19:15:25 I (159668) burner_web: GBA raw id @000: mode0 cs0=0 cs1=1 val=0000 rx=11 00 00 00 00 00 00 00 00 00 | mode2 cs0=0 cs1=0 val=0200 rx=00 00 00 00 00 00 00 00 02 00
2026-09-10 19:15:25 I (159680) burner_web: GBA seg id @000: mode0 val12=0000 val01=0000 rx=00 00 00 | mode2 val12=0200 val01=0000 rx=00 00 02
2026-09-10 19:15:25 I (159693) burner_web: GBA CFI window: [010]=0010 [011]=0011 [012]=0012 [027]=0027 [02A]=002A [02D]=002D [02E]=002E [02F]=002F [030]=0030
2026-09-10 19:15:25 I (159704) burner_web: GBA raw cfi @010: mode0 cs0=0 cs1=1 val=0010 rx=30 00 00 00 00 10 10 10 00 00 | mode2 cs0=0 cs1=0 val=0210 rx=00 00 00 00 00 10 10 10 02 00
2026-09-10 19:15:25 I (159717) burner_web: GBA seg cfi @010: mode0 val12=0010 val01=1010 rx=10 10 00 | mode2 val12=0210 val01=1010 rx=10 10 02
2026-09-10 19:15:25 W (159730) burner_web: GBA probe classified as likely read-only retail ROM after retries: id=00 00 01 00 0E 00 0F 00 source=plain-rom-data
2026-09-10 19:15:25 W (159741) burner_web: GBA prepare without CFI: flash=33554432 sector=131072 buf=0 cmdset=amd mode=2
2026-09-10 19:15:25 E (159750) burner_web: GBA ROM larger than flash: rom=134217728 flash=33554432
2026-09-10 19:15:25 @mori {"event":"ui","process_calls":7983,"render_calls":1611,"music_polls":1343,"model_bytes":15312,"directory_scans":3,"cache_hits":0,"page":18,"selected":3,"count":12,"preview_generation":6,"file_worker_stack_free":10944,"file_start_active":false,"preview_active":false,"preview_done":false,"preview_available":false,"screen_dimmed":false,"selection":"","status":"burner error: gba cart prepare failed"}
2026-09-10 19:15:25 W (159857) burner_web: burn_task result: err=ESP_ERR_INVALID_SIZE state=error processed=0/134217728 msg=gba cart prepare failed
2026-09-10 19:15:25 I (159885) power_manager: CPU perf lock released by burn_task
2026-09-10 19:15:25 I (159889) burner_web: burn_task stack free min=11736 bytes
2026-09-10 19:15:25 @mori {"event":"status","version":"v2.32-106-g981613b-dirty","uptime_ms":158670,"internal_free":81475,"internal_largest":31744,"psram_free":7539892,"burn_running":true,"patch_running":false,"cancel_requested":false,"phase":"","detail":"","offset":0,"total":0,"passes":0,"read_bytes":0,"read_ms":0,"elapsed_ms":0,"result":0,"ag32_link":"auto","ag32_link_active":"legacy","ag32_capabilities":0,"ag32_capabilities_known":false}
2026-09-10 19:15:26 @mori {"event":"ui","process_calls":7995,"render_calls":1623,"music_polls":1345,"model_bytes":15312,"directory_scans":3,"cache_hits":0,"page":19,"selected":0,"count":18,"preview_generation":6,"file_worker_stack_free":10944,"file_start_active":false,"preview_active":false,"preview_done":false,"preview_available":false,"screen_dimmed":false,"selection":"","status":"burner error: gba cart prepare failed"}
2026-09-10 19:15:26 @mori {"event":"status","version":"v2.32-106-g981613b-dirty","uptime_ms":158981,"internal_free":82507,"internal_largest":31744,"psram_free":7556280,"burn_running":false,"patch_running":false,"cancel_requested":false,"phase":"","detail":"","offset":0,"total":0,"passes":0,"read_bytes":0,"read_ms":0,"elapsed_ms":0,"result":0,"ag32_link":"auto","ag32_link_active":"legacy","ag32_capabilities":0,"ag32_capabilities_known":false}
2026-09-10 19:15:26 @mori {"event":"key","message":"b"}
2026-09-10 19:15:26 @mori {"event":"ui","process_calls":8000,"render_calls":1628,"music_polls":1346,"model_bytes":15312,"directory_scans":3,"cache_hits":0,"page":15,"selected":0,"count":9,"preview_generation":6,"file_worker_stack_free":10944,"file_start_active":false,"preview_active":false,"preview_done":false,"preview_available":false,"screen_dimmed":false,"selection":"重新分析","status":"就绪"}
2026-09-10 19:15:32 @mori {"event":"status","version":"v2.32-106-g981613b-dirty","uptime_ms":165014,"internal_free":82507,"internal_largest":31744,"psram_free":7556280,"burn_running":false,"patch_running":false,"cancel_requested":false,"phase":"","detail":"","offset":0,"total":0,"passes":0,"read_bytes":0,"read_ms":0,"elapsed_ms":0,"result":0,"ag32_link":"auto","ag32_link_active":"legacy","ag32_capabilities":0,"ag32_capabilities_known":false}
2026-09-10 19:15:32 @mori {"event":"ui","process_calls":8147,"render_calls":1775,"music_polls":1394,"model_bytes":15312,"directory_scans":3,"cache_hits":0,"page":15,"selected":0,"count":9,"preview_generation":6,"file_worker_stack_free":10944,"file_start_active":false,"preview_active":false,"preview_done":false,"preview_available":false,"screen_dimmed":false,"selection":"重新分析","status":"就绪"}
2026-09-10 19:15:32 @mori {"event":"ui","process_calls":8148,"render_calls":1776,"music_polls":1395,"model_bytes":15312,"directory_scans":3,"cache_hits":0,"page":15,"selected":0,"count":9,"preview_generation":6,"file_worker_stack_free":10944,"file_start_active":false,"preview_active":false,"preview_done":false,"preview_available":false,"screen_dimmed":false,"selection":"重新分析","status":"就绪"}
2026-09-10 19:15:32 @mori {"event":"ui","process_calls":8149,"render_calls":1777,"music_polls":1395,"model_bytes":15312,"directory_scans":3,"cache_hits":0,"page":15,"selected":0,"count":9,"preview_generation":6,"file_worker_stack_free":10944,"file_start_active":false,"preview_active":false,"preview_done":false,"preview_available":false,"screen_dimmed":false,"selection":"重新分析","status":"就绪"}
2026-09-10 19:15:32 @mori {"event":"key","message":"down"}
2026-09-10 19:15:32 @mori {"event":"ui","process_calls":8153,"render_calls":1781,"music_polls":1396,"model_bytes":15312,"directory_scans":3,"cache_hits":0,"page":15,"selected":1,"count":9,"preview_generation":6,"file_worker_stack_free":10944,"file_start_active":false,"preview_active":false,"preview_done":false,"preview_available":false,"screen_dimmed":false,"selection":"ROM: LK_MULTIMENU_L556.gba","status":"就绪"}
2026-09-10 19:15:32 @mori {"event":"key","message":"a"}
2026-09-10 19:15:32 @mori {"event":"ui","process_calls":8155,"render_calls":1783,"music_polls":1397,"model_bytes":15312,"directory_scans":4,"cache_hits":0,"page":6,"selected":0,"count":42,"preview_generation":6,"file_worker_stack_free":10944,"file_start_active":false,"preview_active":false,"preview_done":false,"preview_available":false,"screen_dimmed":false,"selection":"_gba","status":"TF根目录"}
2026-09-10 19:15:32 @mori {"event":"ui","process_calls":8159,"render_calls":1787,"music_polls":1398,"model_bytes":15312,"directory_scans":4,"cache_hits":0,"page":6,"selected":0,"count":42,"preview_generation":6,"file_worker_stack_free":10944,"file_start_active":false,"preview_active":false,"preview_done":false,"preview_available":false,"screen_dimmed":false,"selection":"_gba","status":"TF根目录"}
2026-09-10 19:15:32 @mori {"event":"key","message":"down"}
2026-09-10 19:15:32 @mori {"event":"ui","process_calls":8169,"render_calls":1797,"music_polls":1399,"model_bytes":15312,"directory_scans":4,"cache_hits":0,"page":6,"selected":1,"count":42,"preview_generation":6,"file_worker_stack_free":10944,"file_start_active":false,"preview_active":false,"preview_done":false,"preview_available":false,"screen_dimmed":false,"selection":"_nds","status":"TF根目录"}
2026-09-10 19:15:33 @mori {"event":"key","message":"down"}
2026-09-10 19:15:33 @mori {"event":"ui","process_calls":8178,"render_calls":1806,"music_polls":1401,"model_bytes":15312,"directory_scans":4,"cache_hits":0,"page":6,"selected":2,"count":42,"preview_generation":6,"file_worker_stack_free":10944,"file_start_active":false,"preview_active":false,"preview_done":false,"preview_available":false,"screen_dimmed":false,"selection":"dumps","status":"TF根目录"}
2026-09-10 19:15:33 @mori {"event":"key","message":"down"}
2026-09-10 19:15:33 @mori {"event":"ui","process_calls":8188,"render_calls":1816,"music_polls":1402,"model_bytes":15312,"directory_scans":4,"cache_hits":0,"page":6,"selected":3,"count":42,"preview_generation":6,"file_worker_stack_free":10944,"file_start_active":false,"preview_active":false,"preview_done":false,"preview_available":false,"screen_dimmed":false,"selection":"GBA汉化","status":"TF根目录"}
2026-09-10 19:15:33 @mori {"event":"key","message":"down"}
2026-09-10 19:15:33 @mori {"event":"ui","process_calls":8197,"render_calls":1825,"music_polls":1404,"model_bytes":15312,"directory_scans":4,"cache_hits":0,"page":6,"selected":4,"count":42,"preview_generation":6,"file_worker_stack_free":10944,"file_start_active":false,"preview_active":false,"preview_done":false,"preview_available":false,"screen_dimmed":false,"selection":"music","status":"TF根目录"}
2026-09-10 19:15:33 @mori {"event":"key","message":"down"}
2026-09-10 19:15:33 @mori {"event":"ui","process_calls":8207,"render_calls":1835,"music_polls":1405,"model_bytes":15312,"directory_scans":4,"cache_hits":0,"page":6,"selected":5,"count":42,"preview_generation":6,"file_worker_stack_free":10944,"file_start_active":false,"preview_active":false,"preview_done":false,"preview_available":false,"screen_dimmed":false,"selection":"retro-go","status":"TF根目录"}
2026-09-10 19:15:33 @mori {"event":"key","message":"down"}
2026-09-10 19:15:33 @mori {"event":"ui","process_calls":8216,"render_calls":1844,"music_polls":1406,"model_bytes":15312,"directory_scans":4,"cache_hits":0,"page":6,"selected":6,"count":42,"preview_generation":6,"file_worker_stack_free":10944,"file_start_active":false,"preview_active":false,"preview_done":false,"preview_available":false,"screen_dimmed":false,"selection":"ROM_OUTPUT","status":"TF根目录"}
2026-09-10 19:15:33 @mori {"event":"key","message":"down"}
2026-09-10 19:15:33 @mori {"event":"ui","process_calls":8226,"render_calls":1854,"music_polls":1408,"model_bytes":15312,"directory_scans":4,"cache_hits":0,"page":6,"selected":7,"count":42,"preview_generation":6,"file_worker_stack_free":10944,"file_start_active":false,"preview_active":false,"preview_done":false,"preview_available":false,"screen_dimmed":false,"selection":"romart","status":"TF根目录"}
2026-09-10 19:15:33 @mori {"event":"key","message":"down"}
2026-09-10 19:15:34 @mori {"event":"ui","process_calls":8236,"render_calls":1864,"music_polls":1409,"model_bytes":15312,"directory_scans":4,"cache_hits":0,"page":6,"selected":8,"count":42,"preview_generation":6,"file_worker_stack_free":10944,"file_start_active":false,"preview_active":false,"preview_done":false,"preview_available":false,"screen_dimmed":false,"selection":"roms","status":"TF根目录"}
2026-09-10 19:15:34 @mori {"event":"key","message":"down"}
2026-09-10 19:15:34 @mori {"event":"ui","process_calls":8246,"render_calls":1874,"music_polls":1411,"model_bytes":15312,"directory_scans":4,"cache_hits":0,"page":6,"selected":9,"count":42,"preview_generation":6,"file_worker_stack_free":10944,"file_start_active":false,"preview_active":false,"preview_done":false,"preview_available":false,"screen_dimmed":false,"selection":"SAVEGAME","status":"TF根目录"}
2026-09-10 19:15:34 @mori {"event":"key","message":"down"}
2026-09-10 19:15:34 @mori {"event":"ui","process_calls":8255,"render_calls":1883,"music_polls":1412,"model_bytes":15312,"directory_scans":4,"cache_hits":0,"page":6,"selected":10,"count":42,"preview_generation":6,"file_worker_stack_free":10944,"file_start_active":false,"preview_active":false,"preview_done":false,"preview_available":false,"screen_dimmed":false,"selection":"SRAM","status":"TF根目录"}
2026-09-10 19:15:34 @mori {"event":"key","message":"down"}
2026-09-10 19:15:34 @mori {"event":"ui","process_calls":8265,"render_calls":1893,"music_polls":1413,"model_bytes":15312,"directory_scans":4,"cache_hits":0,"page":6,"selected":11,"count":42,"preview_generation":6,"file_worker_stack_free":10944,"file_start_active":false,"preview_active":false,"preview_done":false,"preview_available":false,"screen_dimmed":false,"selection":"宝可梦","status":"TF根目录"}
2026-09-10 19:15:34 @mori {"event":"key","message":"down"}
2026-09-10 19:15:34 @mori {"event":"ui","process_calls":8271,"render_calls":1899,"music_polls":1415,"model_bytes":15312,"directory_scans":4,"cache_hits":0,"page":6,"selected":12,"count":42,"preview_generation":6,"file_worker_stack_free":10944,"file_start_active":false,"preview_active":false,"preview_done":false,"preview_available":false,"screen_dimmed":false,"selection":"[1MSRAM][FTC]口袋妖怪 - 宝石_中文典藏版[漫游&TGB联合汉化] (1).gba","status":"TF根目录"}
2026-09-10 19:15:34 @mori {"event":"key","message":"down"}
2026-09-10 19:15:34 @mori {"event":"ui","process_calls":8281,"render_calls":1909,"music_polls":1416,"model_bytes":15312,"directory_scans":4,"cache_hits":0,"page":6,"selected":13,"count":42,"preview_generation":6,"file_worker_stack_free":10944,"file_start_active":false,"preview_active":false,"preview_done":false,"preview_available":false,"screen_dimmed":false,"selection":"Kirby & The Amazing Mirror (USA).gba","status":"TF根目录"}
2026-09-10 19:15:34 @mori {"event":"key","message":"down"}
2026-09-10 19:15:35 @mori {"event":"ui","process_calls":8291,"render_calls":1919,"music_polls":1418,"model_bytes":15312,"directory_scans":4,"cache_hits":0,"page":6,"selected":14,"count":42,"preview_generation":6,"file_worker_stack_free":10944,"file_start_active":false,"preview_active":false,"preview_done":false,"preview_available":false,"screen_dimmed":false,"selection":"LK_MULTIMENU_L556.gba","status":"TF根目录"}
2026-09-10 19:15:35 @mori {"event":"key","message":"a"}
2026-09-10 19:15:35 @mori {"event":"ui","process_calls":8296,"render_calls":1924,"music_polls":1418,"model_bytes":15312,"directory_scans":4,"cache_hits":0,"page":15,"selected":2,"count":9,"preview_generation":7,"file_worker_stack_free":10944,"file_start_active":false,"preview_active":true,"preview_done":false,"preview_available":false,"screen_dimmed":false,"selection":"ROM: 写入","status":"已选择ROM"}
2026-09-10 19:15:35 @mori {"event":"ui","process_calls":8297,"render_calls":1925,"music_polls":1419,"model_bytes":15312,"directory_scans":4,"cache_hits":0,"page":15,"selected":2,"count":9,"preview_generation":7,"file_worker_stack_free":10944,"file_start_active":false,"preview_active":true,"preview_done":false,"preview_available":false,"screen_dimmed":false,"selection":"ROM: 写入","status":"已选择ROM"}
2026-09-10 19:15:35 @mori {"event":"key","message":"down"}
2026-09-10 19:15:35 @mori {"event":"ui","process_calls":8300,"render_calls":1928,"music_polls":1420,"model_bytes":15312,"directory_scans":4,"cache_hits":0,"page":15,"selected":3,"count":9,"preview_generation":7,"file_worker_stack_free":10944,"file_start_active":false,"preview_active":true,"preview_done":false,"preview_available":false,"screen_dimmed":false,"selection":"ROM: 校验","status":"已选择ROM"}
2026-09-10 19:15:35 @mori {"event":"key","message":"down"}
2026-09-10 19:15:35 @mori {"event":"ui","process_calls":8303,"render_calls":1931,"music_polls":1422,"model_bytes":15312,"directory_scans":4,"cache_hits":0,"page":15,"selected":4,"count":9,"preview_generation":7,"file_worker_stack_free":10944,"file_start_active":false,"preview_active":true,"preview_done":false,"preview_available":false,"screen_dimmed":false,"selection":"ROM: 读取","status":"已选择ROM"}
2026-09-10 19:15:35 @mori {"event":"key","message":"down"}
2026-09-10 19:15:35 @mori {"event":"ui","process_calls":8307,"render_calls":1935,"music_polls":1424,"model_bytes":15312,"directory_scans":4,"cache_hits":0,"page":15,"selected":5,"count":9,"preview_generation":7,"file_worker_stack_free":10944,"file_start_active":false,"preview_active":true,"preview_done":false,"preview_available":false,"screen_dimmed":false,"selection":"ROM: 整片擦除","status":"已选择ROM"}
2026-09-10 19:15:35 @mori {"event":"key","message":"down"}
2026-09-10 19:15:35 @mori {"event":"ui","process_calls":8310,"render_calls":1938,"music_polls":1425,"model_bytes":15312,"directory_scans":4,"cache_hits":0,"page":15,"selected":6,"count":9,"preview_generation":7,"file_worker_stack_free":10944,"file_start_active":false,"preview_active":true,"preview_done":false,"preview_available":false,"screen_dimmed":false,"selection":"ROM: 解锁PPB","status":"已选择ROM"}
2026-09-10 19:15:36 @mori {"event":"key","message":"down"}
2026-09-10 19:15:36 @mori {"event":"ui","process_calls":8313,"render_calls":1941,"music_polls":1427,"model_bytes":15312,"directory_scans":4,"cache_hits":0,"page":15,"selected":7,"count":9,"preview_generation":7,"file_worker_stack_free":10944,"file_start_active":false,"preview_active":true,"preview_done":false,"preview_available":false,"screen_dimmed":false,"selection":"烧录方式","status":"已选择ROM"}
2026-09-10 19:15:36 @mori {"event":"key","message":"down"}
2026-09-10 19:15:36 @mori {"event":"ui","process_calls":8316,"render_calls":1944,"music_polls":1428,"model_bytes":15312,"directory_scans":4,"cache_hits":0,"page":15,"selected":8,"count":9,"preview_generation":7,"file_worker_stack_free":10944,"file_start_active":false,"preview_active":true,"preview_done":false,"preview_available":false,"screen_dimmed":false,"selection":"设置","status":"已选择ROM"}
2026-09-10 19:15:36 @mori {"event":"key","message":"down"}
2026-09-10 19:15:36 @mori {"event":"ui","process_calls":8319,"render_calls":1947,"music_polls":1429,"model_bytes":15312,"directory_scans":4,"cache_hits":0,"page":15,"selected":0,"count":9,"preview_generation":7,"file_worker_stack_free":10944,"file_start_active":false,"preview_active":true,"preview_done":false,"preview_available":false,"screen_dimmed":false,"selection":"重新分析","status":"已选择ROM"}
2026-09-10 19:15:36 @mori {"event":"key","message":"down"}
2026-09-10 19:15:36 @mori {"event":"ui","process_calls":8322,"render_calls":1950,"music_polls":1431,"model_bytes":15312,"directory_scans":4,"cache_hits":0,"page":15,"selected":1,"count":9,"preview_generation":7,"file_worker_stack_free":10944,"file_start_active":false,"preview_active":true,"preview_done":false,"preview_available":false,"screen_dimmed":false,"selection":"ROM: LK_MULTIMENU_L556.gba","status":"已选择ROM"}
2026-09-10 19:15:36 @mori {"event":"key","message":"a"}
2026-09-10 19:15:36 @mori {"event":"ui","process_calls":8324,"render_calls":1952,"music_polls":1432,"model_bytes":15312,"directory_scans":5,"cache_hits":0,"page":6,"selected":0,"count":42,"preview_generation":7,"file_worker_stack_free":10944,"file_start_active":false,"preview_active":true,"preview_done":false,"preview_available":false,"screen_dimmed":false,"selection":"_gba","status":"TF根目录"}
2026-09-10 19:15:36 @mori {"event":"ui","process_calls":8327,"render_calls":1955,"music_polls":1433,"model_bytes":15312,"directory_scans":5,"cache_hits":0,"page":6,"selected":0,"count":42,"preview_generation":7,"file_worker_stack_free":10944,"file_start_active":false,"preview_active":true,"preview_done":false,"preview_available":false,"screen_dimmed":false,"selection":"_gba","status":"TF根目录"}
2026-09-10 19:15:36 @mori {"event":"key","message":"down"}
2026-09-10 19:15:37 @mori {"event":"ui","process_calls":8337,"render_calls":1965,"music_polls":1434,"model_bytes":15312,"directory_scans":5,"cache_hits":0,"page":6,"selected":1,"count":42,"preview_generation":7,"file_worker_stack_free":10944,"file_start_active":false,"preview_active":true,"preview_done":false,"preview_available":false,"screen_dimmed":false,"selection":"_nds","status":"TF根目录"}
2026-09-10 19:15:37 @mori {"event":"key","message":"down"}
2026-09-10 19:15:37 @mori {"event":"ui","process_calls":8348,"render_calls":1976,"music_polls":1436,"model_bytes":15312,"directory_scans":5,"cache_hits":0,"page":6,"selected":2,"count":42,"preview_generation":7,"file_worker_stack_free":10944,"file_start_active":false,"preview_active":true,"preview_done":false,"preview_available":false,"screen_dimmed":false,"selection":"dumps","status":"TF根目录"}
2026-09-10 19:15:37 @mori {"event":"key","message":"down"}
2026-09-10 19:15:37 @mori {"event":"ui","process_calls":8357,"render_calls":1985,"music_polls":1437,"model_bytes":15312,"directory_scans":5,"cache_hits":0,"page":6,"selected":3,"count":42,"preview_generation":7,"file_worker_stack_free":10944,"file_start_active":false,"preview_active":true,"preview_done":false,"preview_available":false,"screen_dimmed":false,"selection":"GBA汉化","status":"TF根目录"}
2026-09-10 19:15:37 @mori {"event":"key","message":"down"}
2026-09-10 19:15:37 @mori {"event":"ui","process_calls":8365,"render_calls":1993,"music_polls":1438,"model_bytes":15312,"directory_scans":5,"cache_hits":0,"page":6,"selected":4,"count":42,"preview_generation":7,"file_worker_stack_free":10944,"file_start_active":false,"preview_active":true,"preview_done":false,"preview_available":false,"screen_dimmed":false,"selection":"music","status":"TF根目录"}
2026-09-10 19:15:37 @mori {"event":"key","message":"down"}
2026-09-10 19:15:37 @mori {"event":"ui","process_calls":8375,"render_calls":2003,"music_polls":1440,"model_bytes":15312,"directory_scans":5,"cache_hits":0,"page":6,"selected":5,"count":42,"preview_generation":7,"file_worker_stack_free":10944,"file_start_active":false,"preview_active":true,"preview_done":false,"preview_available":false,"screen_dimmed":false,"selection":"retro-go","status":"TF根目录"}
2026-09-10 19:15:37 @mori {"event":"key","message":"down"}
2026-09-10 19:15:37 @mori {"event":"ui","process_calls":8386,"render_calls":2014,"music_polls":1441,"model_bytes":15312,"directory_scans":5,"cache_hits":0,"page":6,"selected":6,"count":42,"preview_generation":7,"file_worker_stack_free":10944,"file_start_active":false,"preview_active":true,"preview_done":false,"preview_available":false,"screen_dimmed":false,"selection":"ROM_OUTPUT","status":"TF根目录"}
2026-09-10 19:15:37 @mori {"event":"key","message":"down"}
2026-09-10 19:15:38 @mori {"event":"ui","process_calls":8396,"render_calls":2024,"music_polls":1443,"model_bytes":15312,"directory_scans":5,"cache_hits":0,"page":6,"selected":7,"count":42,"preview_generation":7,"file_worker_stack_free":10944,"file_start_active":false,"preview_active":true,"preview_done":false,"preview_available":false,"screen_dimmed":false,"selection":"romart","status":"TF根目录"}
2026-09-10 19:15:38 @mori {"event":"key","message":"down"}
2026-09-10 19:15:38 @mori {"event":"ui","process_calls":8407,"render_calls":2035,"music_polls":1444,"model_bytes":15312,"directory_scans":5,"cache_hits":0,"page":6,"selected":8,"count":42,"preview_generation":7,"file_worker_stack_free":10944,"file_start_active":false,"preview_active":true,"preview_done":false,"preview_available":false,"screen_dimmed":false,"selection":"roms","status":"TF根目录"}
2026-09-10 19:15:38 @mori {"event":"key","message":"down"}
2026-09-10 19:15:38 @mori {"event":"ui","process_calls":8417,"render_calls":2045,"music_polls":1446,"model_bytes":15312,"directory_scans":5,"cache_hits":0,"page":6,"selected":9,"count":42,"preview_generation":7,"file_worker_stack_free":10944,"file_start_active":false,"preview_active":true,"preview_done":false,"preview_available":false,"screen_dimmed":false,"selection":"SAVEGAME","status":"TF根目录"}
2026-09-10 19:15:38 @mori {"event":"key","message":"down"}
2026-09-10 19:15:38 @mori {"event":"ui","process_calls":8426,"render_calls":2054,"music_polls":1447,"model_bytes":15312,"directory_scans":5,"cache_hits":0,"page":6,"selected":10,"count":42,"preview_generation":7,"file_worker_stack_free":10944,"file_start_active":false,"preview_active":true,"preview_done":false,"preview_available":false,"screen_dimmed":false,"selection":"SRAM","status":"TF根目录"}
2026-09-10 19:15:38 @mori {"event":"key","message":"down"}
2026-09-10 19:15:38 @mori {"event":"ui","process_calls":8436,"render_calls":2064,"music_polls":1449,"model_bytes":15312,"directory_scans":5,"cache_hits":0,"page":6,"selected":11,"count":42,"preview_generation":7,"file_worker_stack_free":10944,"file_start_active":false,"preview_active":true,"preview_done":false,"preview_available":false,"screen_dimmed":false,"selection":"宝可梦","status":"TF根目录"}
2026-09-10 19:15:38 @mori {"event":"key","message":"down"}
2026-09-10 19:15:38 @mori {"event":"ui","process_calls":8441,"render_calls":2069,"music_polls":1450,"model_bytes":15312,"directory_scans":5,"cache_hits":0,"page":6,"selected":12,"count":42,"preview_generation":7,"file_worker_stack_free":10944,"file_start_active":false,"preview_active":true,"preview_done":false,"preview_available":false,"screen_dimmed":false,"selection":"[1MSRAM][FTC]口袋妖怪 - 宝石_中文典藏版[漫游&TGB联合汉化] (1).gba","status":"TF根目录"}
2026-09-10 19:15:38 @mori {"event":"key","message":"down"}
2026-09-10 19:15:39 @mori {"event":"ui","process_calls":8450,"render_calls":2078,"music_polls":1451,"model_bytes":15312,"directory_scans":5,"cache_hits":0,"page":6,"selected":13,"count":42,"preview_generation":7,"file_worker_stack_free":10944,"file_start_active":false,"preview_active":true,"preview_done":false,"preview_available":false,"screen_dimmed":false,"selection":"Kirby & The Amazing Mirror (USA).gba","status":"TF根目录"}
2026-09-10 19:15:39 @mori {"event":"key","message":"down"}
2026-09-10 19:15:39 @mori {"event":"ui","process_calls":8459,"render_calls":2087,"music_polls":1453,"model_bytes":15312,"directory_scans":5,"cache_hits":0,"page":6,"selected":14,"count":42,"preview_generation":7,"file_worker_stack_free":10944,"file_start_active":false,"preview_active":true,"preview_done":false,"preview_available":false,"screen_dimmed":false,"selection":"LK_MULTIMENU_L556.gba","status":"TF根目录"}
2026-09-10 19:15:39 I (173187) ui: ROM preview generation=7 result=ESP_ERR_INVALID_STATE available=0 stack_free=10944
2026-09-10 19:15:39 @mori {"event":"key","message":"a"}
2026-09-10 19:15:39 @mori {"event":"ui","process_calls":8463,"render_calls":2091,"music_polls":1453,"model_bytes":15312,"directory_scans":5,"cache_hits":0,"page":15,"selected":2,"count":9,"preview_generation":8,"file_worker_stack_free":10944,"file_start_active":false,"preview_active":true,"preview_done":false,"preview_available":false,"screen_dimmed":false,"selection":"ROM: 写入","status":"已选择ROM"}
2026-09-10 19:15:39 @mori {"event":"ui","process_calls":8464,"render_calls":2092,"music_polls":1454,"model_bytes":15312,"directory_scans":5,"cache_hits":0,"page":15,"selected":2,"count":9,"preview_generation":8,"file_worker_stack_free":10944,"file_start_active":false,"preview_active":true,"preview_done":false,"preview_available":false,"screen_dimmed":false,"selection":"ROM: 写入","status":"已选择ROM"}
2026-09-10 19:15:39 @mori {"event":"key","message":"down"}
2026-09-10 19:15:39 @mori {"event":"ui","process_calls":8469,"render_calls":2097,"music_polls":1455,"model_bytes":15312,"directory_scans":5,"cache_hits":0,"page":15,"selected":3,"count":9,"preview_generation":8,"file_worker_stack_free":10944,"file_start_active":false,"preview_active":true,"preview_done":false,"preview_available":false,"screen_dimmed":false,"selection":"ROM: 校验","status":"已选择ROM"}
2026-09-10 19:15:39 @mori {"event":"key","message":"down"}
2026-09-10 19:15:39 @mori {"event":"ui","process_calls":8472,"render_calls":2100,"music_polls":1457,"model_bytes":15312,"directory_scans":5,"cache_hits":0,"page":15,"selected":4,"count":9,"preview_generation":8,"file_worker_stack_free":10944,"file_start_active":false,"preview_active":true,"preview_done":false,"preview_available":false,"screen_dimmed":false,"selection":"ROM: 读取","status":"已选择ROM"}
2026-09-10 19:15:39 @mori {"event":"key","message":"down"}
2026-09-10 19:15:39 @mori {"event":"ui","process_calls":8476,"render_calls":2104,"music_polls":1459,"model_bytes":15312,"directory_scans":5,"cache_hits":0,"page":15,"selected":5,"count":9,"preview_generation":8,"file_worker_stack_free":10944,"file_start_active":false,"preview_active":true,"preview_done":false,"preview_available":false,"screen_dimmed":false,"selection":"ROM: 整片擦除","status":"已选择ROM"}
2026-09-10 19:15:40 @mori {"event":"key","message":"down"}
2026-09-10 19:15:40 @mori {"event":"ui","process_calls":8479,"render_calls":2107,"music_polls":1460,"model_bytes":15312,"directory_scans":5,"cache_hits":0,"page":15,"selected":6,"count":9,"preview_generation":8,"file_worker_stack_free":10944,"file_start_active":false,"preview_active":true,"preview_done":false,"preview_available":false,"screen_dimmed":false,"selection":"ROM: 解锁PPB","status":"已选择ROM"}
2026-09-10 19:15:40 @mori {"event":"key","message":"down"}
2026-09-10 19:15:40 @mori {"event":"ui","process_calls":8483,"render_calls":2111,"music_polls":1462,"model_bytes":15312,"directory_scans":5,"cache_hits":0,"page":15,"selected":7,"count":9,"preview_generation":8,"file_worker_stack_free":10944,"file_start_active":false,"preview_active":true,"preview_done":false,"preview_available":false,"screen_dimmed":false,"selection":"烧录方式","status":"已选择ROM"}
2026-09-10 19:15:40 @mori {"event":"key","message":"down"}
2026-09-10 19:15:40 @mori {"event":"ui","process_calls":8487,"render_calls":2115,"music_polls":1464,"model_bytes":15312,"directory_scans":5,"cache_hits":0,"page":15,"selected":8,"count":9,"preview_generation":8,"file_worker_stack_free":10944,"file_start_active":false,"preview_active":true,"preview_done":false,"preview_available":false,"screen_dimmed":false,"selection":"设置","status":"已选择ROM"}
2026-09-10 19:15:40 @mori {"event":"key","message":"down"}
2026-09-10 19:15:40 @mori {"event":"ui","process_calls":8491,"render_calls":2119,"music_polls":1465,"model_bytes":15312,"directory_scans":5,"cache_hits":0,"page":15,"selected":0,"count":9,"preview_generation":8,"file_worker_stack_free":10944,"file_start_active":false,"preview_active":true,"preview_done":false,"preview_available":false,"screen_dimmed":false,"selection":"重新分析","status":"已选择ROM"}
2026-09-10 19:15:40 @mori {"event":"key","message":"down"}
2026-09-10 19:15:40 @mori {"event":"ui","process_calls":8494,"render_calls":2122,"music_polls":1467,"model_bytes":15312,"directory_scans":5,"cache_hits":0,"page":15,"selected":1,"count":9,"preview_generation":8,"file_worker_stack_free":10944,"file_start_active":false,"preview_active":true,"preview_done":false,"preview_available":false,"screen_dimmed":false,"selection":"ROM: LK_MULTIMENU_L556.gba","status":"已选择ROM"}
2026-09-10 19:15:40 @mori {"event":"key","message":"a"}
2026-09-10 19:15:41 @mori {"event":"ui","process_calls":8496,"render_calls":2124,"music_polls":1468,"model_bytes":15312,"directory_scans":6,"cache_hits":0,"page":6,"selected":0,"count":42,"preview_generation":8,"file_worker_stack_free":10944,"file_start_active":false,"preview_active":true,"preview_done":false,"preview_available":false,"screen_dimmed":false,"selection":"_gba","status":"TF根目录"}
2026-09-10 19:15:41 @mori {"event":"ui","process_calls":8499,"render_calls":2127,"music_polls":1469,"model_bytes":15312,"directory_scans":6,"cache_hits":0,"page":6,"selected":0,"count":42,"preview_generation":8,"file_worker_stack_free":10944,"file_start_active":false,"preview_active":true,"preview_done":false,"preview_available":false,"screen_dimmed":false,"selection":"_gba","status":"TF根目录"}
2026-09-10 19:15:41 @mori {"event":"key","message":"down"}
2026-09-10 19:15:41 @mori {"event":"ui","process_calls":8510,"render_calls":2138,"music_polls":1470,"model_bytes":15312,"directory_scans":6,"cache_hits":0,"page":6,"selected":1,"count":42,"preview_generation":8,"file_worker_stack_free":10944,"file_start_active":false,"preview_active":true,"preview_done":false,"preview_available":false,"screen_dimmed":false,"selection":"_nds","status":"TF根目录"}
2026-09-10 19:15:41 @mori {"event":"key","message":"down"}
2026-09-10 19:15:41 @mori {"event":"ui","process_calls":8520,"render_calls":2148,"music_polls":1472,"model_bytes":15312,"directory_scans":6,"cache_hits":0,"page":6,"selected":2,"count":42,"preview_generation":8,"file_worker_stack_free":10944,"file_start_active":false,"preview_active":true,"preview_done":false,"preview_available":false,"screen_dimmed":false,"selection":"dumps","status":"TF根目录"}
2026-09-10 19:15:41 @mori {"event":"key","message":"down"}
2026-09-10 19:15:41 @mori {"event":"ui","process_calls":8529,"render_calls":2157,"music_polls":1474,"model_bytes":15312,"directory_scans":6,"cache_hits":0,"page":6,"selected":3,"count":42,"preview_generation":8,"file_worker_stack_free":10944,"file_start_active":false,"preview_active":true,"preview_done":false,"preview_available":false,"screen_dimmed":false,"selection":"GBA汉化","status":"TF根目录"}
2026-09-10 19:15:41 @mori {"event":"key","message":"down"}
2026-09-10 19:15:41 @mori {"event":"ui","process_calls":8539,"render_calls":2167,"music_polls":1475,"model_bytes":15312,"directory_scans":6,"cache_hits":0,"page":6,"selected":4,"count":42,"preview_generation":8,"file_worker_stack_free":10944,"file_start_active":false,"preview_active":true,"preview_done":false,"preview_available":false,"screen_dimmed":false,"selection":"music","status":"TF根目录"}
2026-09-10 19:15:41 @mori {"event":"key","message":"down"}
2026-09-10 19:15:41 @mori {"event":"ui","process_calls":8549,"render_calls":2177,"music_polls":1476,"model_bytes":15312,"directory_scans":6,"cache_hits":0,"page":6,"selected":5,"count":42,"preview_generation":8,"file_worker_stack_free":10944,"file_start_active":false,"preview_active":true,"preview_done":false,"preview_available":false,"screen_dimmed":false,"selection":"retro-go","status":"TF根目录"}
2026-09-10 19:15:41 @mori {"event":"key","message":"down"}
2026-09-10 19:15:42 @mori {"event":"ui","process_calls":8560,"render_calls":2188,"music_polls":1478,"model_bytes":15312,"directory_scans":6,"cache_hits":0,"page":6,"selected":6,"count":42,"preview_generation":8,"file_worker_stack_free":10944,"file_start_active":false,"preview_active":true,"preview_done":false,"preview_available":false,"screen_dimmed":false,"selection":"ROM_OUTPUT","status":"TF根目录"}
2026-09-10 19:15:42 @mori {"event":"key","message":"down"}
2026-09-10 19:15:42 @mori {"event":"ui","process_calls":8570,"render_calls":2198,"music_polls":1479,"model_bytes":15312,"directory_scans":6,"cache_hits":0,"page":6,"selected":7,"count":42,"preview_generation":8,"file_worker_stack_free":10944,"file_start_active":false,"preview_active":true,"preview_done":false,"preview_available":false,"screen_dimmed":false,"selection":"romart","status":"TF根目录"}
2026-09-10 19:15:42 @mori {"event":"key","message":"down"}
2026-09-10 19:15:42 @mori {"event":"ui","process_calls":8581,"render_calls":2209,"music_polls":1481,"model_bytes":15312,"directory_scans":6,"cache_hits":0,"page":6,"selected":8,"count":42,"preview_generation":8,"file_worker_stack_free":10944,"file_start_active":false,"preview_active":true,"preview_done":false,"preview_available":false,"screen_dimmed":false,"selection":"roms","status":"TF根目录"}
2026-09-10 19:15:42 @mori {"event":"key","message":"down"}
2026-09-10 19:15:42 @mori {"event":"ui","process_calls":8589,"render_calls":2217,"music_polls":1482,"model_bytes":15312,"directory_scans":6,"cache_hits":0,"page":6,"selected":9,"count":42,"preview_generation":8,"file_worker_stack_free":10944,"file_start_active":false,"preview_active":true,"preview_done":false,"preview_available":false,"screen_dimmed":false,"selection":"SAVEGAME","status":"TF根目录"}
2026-09-10 19:15:42 @mori {"event":"key","message":"down"}
2026-09-10 19:15:42 @mori {"event":"ui","process_calls":8600,"render_calls":2228,"music_polls":1484,"model_bytes":15312,"directory_scans":6,"cache_hits":0,"page":6,"selected":10,"count":42,"preview_generation":8,"file_worker_stack_free":10944,"file_start_active":false,"preview_active":true,"preview_done":false,"preview_available":false,"screen_dimmed":false,"selection":"SRAM","status":"TF根目录"}
2026-09-10 19:15:42 @mori {"event":"key","message":"down"}
2026-09-10 19:15:42 @mori {"event":"ui","process_calls":8610,"render_calls":2238,"music_polls":1485,"model_bytes":15312,"directory_scans":6,"cache_hits":0,"page":6,"selected":11,"count":42,"preview_generation":8,"file_worker_stack_free":10944,"file_start_active":false,"preview_active":true,"preview_done":false,"preview_available":false,"screen_dimmed":false,"selection":"宝可梦","status":"TF根目录"}
2026-09-10 19:15:42 @mori {"event":"key","message":"down"}
2026-09-10 19:15:43 @mori {"event":"ui","process_calls":8615,"render_calls":2243,"music_polls":1486,"model_bytes":15312,"directory_scans":6,"cache_hits":0,"page":6,"selected":12,"count":42,"preview_generation":8,"file_worker_stack_free":10944,"file_start_active":false,"preview_active":true,"preview_done":false,"preview_available":false,"screen_dimmed":false,"selection":"[1MSRAM][FTC]口袋妖怪 - 宝石_中文典藏版[漫游&TGB联合汉化] (1).gba","status":"TF根目录"}
2026-09-10 19:15:43 @mori {"event":"key","message":"down"}
2026-09-10 19:15:43 @mori {"event":"ui","process_calls":8624,"render_calls":2252,"music_polls":1488,"model_bytes":15312,"directory_scans":6,"cache_hits":0,"page":6,"selected":13,"count":42,"preview_generation":8,"file_worker_stack_free":10944,"file_start_active":false,"preview_active":true,"preview_done":false,"preview_available":false,"screen_dimmed":false,"selection":"Kirby & The Amazing Mirror (USA).gba","status":"TF根目录"}
2026-09-10 19:15:43 @mori {"event":"key","message":"down"}
2026-09-10 19:15:43 @mori {"event":"ui","process_calls":8633,"render_calls":2261,"music_polls":1490,"model_bytes":15312,"directory_scans":6,"cache_hits":0,"page":6,"selected":14,"count":42,"preview_generation":8,"file_worker_stack_free":10944,"file_start_active":false,"preview_active":true,"preview_done":false,"preview_available":false,"screen_dimmed":false,"selection":"LK_MULTIMENU_L556.gba","status":"TF根目录"}
2026-09-10 19:15:43 I (177422) ui: ROM preview generation=8 result=ESP_ERR_INVALID_STATE available=0 stack_free=10944
2026-09-10 19:15:43 @mori {"event":"key","message":"a"}
2026-09-10 19:15:43 @mori {"event":"ui","process_calls":8635,"render_calls":2263,"music_polls":1490,"model_bytes":15312,"directory_scans":6,"cache_hits":0,"page":15,"selected":2,"count":9,"preview_generation":9,"file_worker_stack_free":10944,"file_start_active":false,"preview_active":true,"preview_done":false,"preview_available":false,"screen_dimmed":false,"selection":"ROM: 写入","status":"已选择ROM"}
2026-09-10 19:15:43 @mori {"event":"ui","process_calls":8636,"render_calls":2264,"music_polls":1491,"model_bytes":15312,"directory_scans":6,"cache_hits":0,"page":15,"selected":2,"count":9,"preview_generation":9,"file_worker_stack_free":10944,"file_start_active":false,"preview_active":true,"preview_done":false,"preview_available":false,"screen_dimmed":false,"selection":"ROM: 写入","status":"已选择ROM"}
2026-09-10 19:15:43 @mori {"event":"key","message":"down"}
2026-09-10 19:15:43 @mori {"event":"ui","process_calls":8640,"render_calls":2268,"music_polls":1493,"model_bytes":15312,"directory_scans":6,"cache_hits":0,"page":15,"selected":3,"count":9,"preview_generation":9,"file_worker_stack_free":10944,"file_start_active":false,"preview_active":true,"preview_done":false,"preview_available":false,"screen_dimmed":false,"selection":"ROM: 校验","status":"已选择ROM"}
2026-09-10 19:15:43 @mori {"event":"key","message":"down"}
2026-09-10 19:15:44 @mori {"event":"ui","process_calls":8643,"render_calls":2271,"music_polls":1494,"model_bytes":15312,"directory_scans":6,"cache_hits":0,"page":15,"selected":4,"count":9,"preview_generation":9,"file_worker_stack_free":10944,"file_start_active":false,"preview_active":true,"preview_done":false,"preview_available":false,"screen_dimmed":false,"selection":"ROM: 读取","status":"已选择ROM"}
2026-09-10 19:15:44 @mori {"event":"key","message":"down"}
2026-09-10 19:15:44 @mori {"event":"ui","process_calls":8647,"render_calls":2275,"music_polls":1496,"model_bytes":15312,"directory_scans":6,"cache_hits":0,"page":15,"selected":5,"count":9,"preview_generation":9,"file_worker_stack_free":10944,"file_start_active":false,"preview_active":true,"preview_done":false,"preview_available":false,"screen_dimmed":false,"selection":"ROM: 整片擦除","status":"已选择ROM"}
2026-09-10 19:15:44 @mori {"event":"key","message":"down"}
2026-09-10 19:15:44 @mori {"event":"ui","process_calls":8650,"render_calls":2278,"music_polls":1498,"model_bytes":15312,"directory_scans":6,"cache_hits":0,"page":15,"selected":6,"count":9,"preview_generation":9,"file_worker_stack_free":10944,"file_start_active":false,"preview_active":true,"preview_done":false,"preview_available":false,"screen_dimmed":false,"selection":"ROM: 解锁PPB","status":"已选择ROM"}
2026-09-10 19:15:44 @mori {"event":"key","message":"down"}
2026-09-10 19:15:44 @mori {"event":"ui","process_calls":8655,"render_calls":2283,"music_polls":1499,"model_bytes":15312,"directory_scans":6,"cache_hits":0,"page":15,"selected":7,"count":9,"preview_generation":9,"file_worker_stack_free":10944,"file_start_active":false,"preview_active":true,"preview_done":false,"preview_available":false,"screen_dimmed":false,"selection":"烧录方式","status":"已选择ROM"}
2026-09-10 19:15:44 @mori {"event":"key","message":"down"}
2026-09-10 19:15:44 @mori {"event":"ui","process_calls":8658,"render_calls":2286,"music_polls":1500,"model_bytes":15312,"directory_scans":6,"cache_hits":0,"page":15,"selected":8,"count":9,"preview_generation":9,"file_worker_stack_free":10944,"file_start_active":false,"preview_active":true,"preview_done":false,"preview_available":false,"screen_dimmed":false,"selection":"设置","status":"已选择ROM"}
2026-09-10 19:15:44 @mori {"event":"key","message":"down"}
2026-09-10 19:15:44 @mori {"event":"ui","process_calls":8661,"render_calls":2289,"music_polls":1502,"model_bytes":15312,"directory_scans":6,"cache_hits":0,"page":15,"selected":0,"count":9,"preview_generation":9,"file_worker_stack_free":10944,"file_start_active":false,"preview_active":true,"preview_done":false,"preview_available":false,"screen_dimmed":false,"selection":"重新分析","status":"已选择ROM"}
2026-09-10 19:15:44 @mori {"event":"key","message":"down"}
2026-09-10 19:15:45 @mori {"event":"ui","process_calls":8664,"render_calls":2292,"music_polls":1503,"model_bytes":15312,"directory_scans":6,"cache_hits":0,"page":15,"selected":1,"count":9,"preview_generation":9,"file_worker_stack_free":10944,"file_start_active":false,"preview_active":true,"preview_done":false,"preview_available":false,"screen_dimmed":false,"selection":"ROM: LK_MULTIMENU_L556.gba","status":"已选择ROM"}
2026-09-10 19:15:45 @mori {"event":"key","message":"a"}
2026-09-10 19:15:45 @mori {"event":"ui","process_calls":8666,"render_calls":2294,"music_polls":1504,"model_bytes":15312,"directory_scans":7,"cache_hits":0,"page":6,"selected":0,"count":42,"preview_generation":9,"file_worker_stack_free":10944,"file_start_active":false,"preview_active":true,"preview_done":false,"preview_available":false,"screen_dimmed":false,"selection":"_gba","status":"TF根目录"}
2026-09-10 19:15:45 @mori {"event":"ui","process_calls":8669,"render_calls":2297,"music_polls":1505,"model_bytes":15312,"directory_scans":7,"cache_hits":0,"page":6,"selected":0,"count":42,"preview_generation":9,"file_worker_stack_free":10944,"file_start_active":false,"preview_active":true,"preview_done":false,"preview_available":false,"screen_dimmed":false,"selection":"_gba","status":"TF根目录"}
2026-09-10 19:15:45 @mori {"event":"key","message":"down"}
2026-09-10 19:15:45 @mori {"event":"ui","process_calls":8679,"render_calls":2307,"music_polls":1506,"model_bytes":15312,"directory_scans":7,"cache_hits":0,"page":6,"selected":1,"count":42,"preview_generation":9,"file_worker_stack_free":10944,"file_start_active":false,"preview_active":true,"preview_done":false,"preview_available":false,"screen_dimmed":false,"selection":"_nds","status":"TF根目录"}
2026-09-10 19:15:45 @mori {"event":"key","message":"down"}
2026-09-10 19:15:45 @mori {"event":"ui","process_calls":8690,"render_calls":2318,"music_polls":1508,"model_bytes":15312,"directory_scans":7,"cache_hits":0,"page":6,"selected":2,"count":42,"preview_generation":9,"file_worker_stack_free":10944,"file_start_active":false,"preview_active":true,"preview_done":false,"preview_available":false,"screen_dimmed":false,"selection":"dumps","status":"TF根目录"}
2026-09-10 19:15:45 @mori {"event":"key","message":"down"}
2026-09-10 19:15:45 @mori {"event":"ui","process_calls":8699,"render_calls":2327,"music_polls":1509,"model_bytes":15312,"directory_scans":7,"cache_hits":0,"page":6,"selected":3,"count":42,"preview_generation":9,"file_worker_stack_free":10944,"file_start_active":false,"preview_active":true,"preview_done":false,"preview_available":false,"screen_dimmed":false,"selection":"GBA汉化","status":"TF根目录"}
2026-09-10 19:15:45 @mori {"event":"key","message":"down"}
2026-09-10 19:15:45 @mori {"event":"ui","process_calls":8710,"render_calls":2338,"music_polls":1511,"model_bytes":15312,"directory_scans":7,"cache_hits":0,"page":6,"selected":4,"count":42,"preview_generation":9,"file_worker_stack_free":10944,"file_start_active":false,"preview_active":true,"preview_done":false,"preview_available":false,"screen_dimmed":false,"selection":"music","status":"TF根目录"}
2026-09-10 19:15:45 @mori {"event":"key","message":"down"}
2026-09-10 19:15:46 @mori {"event":"ui","process_calls":8720,"render_calls":2348,"music_polls":1512,"model_bytes":15312,"directory_scans":7,"cache_hits":0,"page":6,"selected":5,"count":42,"preview_generation":9,"file_worker_stack_free":10944,"file_start_active":false,"preview_active":true,"preview_done":false,"preview_available":false,"screen_dimmed":false,"selection":"retro-go","status":"TF根目录"}
2026-09-10 19:15:46 @mori {"event":"key","message":"down"}
2026-09-10 19:15:46 @mori {"event":"ui","process_calls":8731,"render_calls":2359,"music_polls":1514,"model_bytes":15312,"directory_scans":7,"cache_hits":0,"page":6,"selected":6,"count":42,"preview_generation":9,"file_worker_stack_free":10944,"file_start_active":false,"preview_active":true,"preview_done":false,"preview_available":false,"screen_dimmed":false,"selection":"ROM_OUTPUT","status":"TF根目录"}
2026-09-10 19:15:46 @mori {"event":"key","message":"down"}
2026-09-10 19:15:46 @mori {"event":"ui","process_calls":8741,"render_calls":2369,"music_polls":1515,"model_bytes":15312,"directory_scans":7,"cache_hits":0,"page":6,"selected":7,"count":42,"preview_generation":9,"file_worker_stack_free":10944,"file_start_active":false,"preview_active":true,"preview_done":false,"preview_available":false,"screen_dimmed":false,"selection":"romart","status":"TF根目录"}
2026-09-10 19:15:46 @mori {"event":"key","message":"down"}
2026-09-10 19:15:46 @mori {"event":"ui","process_calls":8752,"render_calls":2380,"music_polls":1517,"model_bytes":15312,"directory_scans":7,"cache_hits":0,"page":6,"selected":8,"count":42,"preview_generation":9,"file_worker_stack_free":10944,"file_start_active":false,"preview_active":true,"preview_done":false,"preview_available":false,"screen_dimmed":false,"selection":"roms","status":"TF根目录"}
2026-09-10 19:15:46 @mori {"event":"key","message":"down"}
2026-09-10 19:15:46 @mori {"event":"ui","process_calls":8763,"render_calls":2391,"music_polls":1519,"model_bytes":15312,"directory_scans":7,"cache_hits":0,"page":6,"selected":9,"count":42,"preview_generation":9,"file_worker_stack_free":10944,"file_start_active":false,"preview_active":true,"preview_done":false,"preview_available":false,"screen_dimmed":false,"selection":"SAVEGAME","status":"TF根目录"}
2026-09-10 19:15:46 @mori {"event":"key","message":"down"}
2026-09-10 19:15:46 @mori {"event":"ui","process_calls":8773,"render_calls":2401,"music_polls":1520,"model_bytes":15312,"directory_scans":7,"cache_hits":0,"page":6,"selected":10,"count":42,"preview_generation":9,"file_worker_stack_free":10944,"file_start_active":false,"preview_active":true,"preview_done":false,"preview_available":false,"screen_dimmed":false,"selection":"SRAM","status":"TF根目录"}
2026-09-10 19:15:47 @mori {"event":"key","message":"down"}
2026-09-10 19:15:47 @mori {"event":"ui","process_calls":8784,"render_calls":2412,"music_polls":1522,"model_bytes":15312,"directory_scans":7,"cache_hits":0,"page":6,"selected":11,"count":42,"preview_generation":9,"file_worker_stack_free":10944,"file_start_active":false,"preview_active":true,"preview_done":false,"preview_available":false,"screen_dimmed":false,"selection":"宝可梦","status":"TF根目录"}
2026-09-10 19:15:47 @mori {"event":"key","message":"down"}
2026-09-10 19:15:47 @mori {"event":"ui","process_calls":8790,"render_calls":2418,"music_polls":1523,"model_bytes":15312,"directory_scans":7,"cache_hits":0,"page":6,"selected":12,"count":42,"preview_generation":9,"file_worker_stack_free":10944,"file_start_active":false,"preview_active":true,"preview_done":false,"preview_available":false,"screen_dimmed":false,"selection":"[1MSRAM][FTC]口袋妖怪 - 宝石_中文典藏版[漫游&TGB联合汉化] (1).gba","status":"TF根目录"}
2026-09-10 19:15:47 @mori {"event":"key","message":"down"}
2026-09-10 19:15:47 @mori {"event":"ui","process_calls":8799,"render_calls":2427,"music_polls":1525,"model_bytes":15312,"directory_scans":7,"cache_hits":0,"page":6,"selected":13,"count":42,"preview_generation":9,"file_worker_stack_free":10944,"file_start_active":false,"preview_active":true,"preview_done":false,"preview_available":false,"screen_dimmed":false,"selection":"Kirby & The Amazing Mirror (USA).gba","status":"TF根目录"}
2026-09-10 19:15:47 I (181480) ui: ROM preview generation=9 result=ESP_ERR_INVALID_STATE available=0 stack_free=10944
2026-09-10 19:15:47 @mori {"event":"key","message":"a"}
2026-09-10 19:15:47 @mori {"event":"ui","process_calls":8801,"render_calls":2429,"music_polls":1526,"model_bytes":15312,"directory_scans":7,"cache_hits":0,"page":15,"selected":2,"count":9,"preview_generation":10,"file_worker_stack_free":10944,"file_start_active":false,"preview_active":true,"preview_done":false,"preview_available":false,"screen_dimmed":false,"selection":"ROM: 写入","status":"已选择ROM"}
2026-09-10 19:15:47 @mori {"event":"ui","process_calls":8806,"render_calls":2434,"music_polls":1528,"model_bytes":15312,"directory_scans":7,"cache_hits":0,"page":15,"selected":2,"count":9,"preview_generation":10,"file_worker_stack_free":10944,"file_start_active":false,"preview_active":true,"preview_done":false,"preview_available":false,"screen_dimmed":false,"selection":"ROM: 写入","status":"已选择ROM"}
2026-09-10 19:15:48 @mori {"event":"ui","process_calls":8811,"render_calls":2439,"music_polls":1530,"model_bytes":15312,"directory_scans":7,"cache_hits":0,"page":15,"selected":2,"count":9,"preview_generation":10,"file_worker_stack_free":10944,"file_start_active":false,"preview_active":true,"preview_done":false,"preview_available":false,"screen_dimmed":false,"selection":"ROM: 写入","status":"已选择ROM"}
2026-09-10 19:15:48 @mori {"event":"ui","process_calls":8816,"render_calls":2444,"music_polls":1533,"model_bytes":15312,"directory_scans":7,"cache_hits":0,"page":15,"selected":2,"count":9,"preview_generation":10,"file_worker_stack_free":10944,"file_start_active":false,"preview_active":true,"preview_done":false,"preview_available":false,"screen_dimmed":false,"selection":"ROM: 写入","status":"已选择ROM"}
2026-09-10 19:15:48 @mori {"event":"ui","process_calls":8822,"render_calls":2450,"music_polls":1535,"model_bytes":15312,"directory_scans":7,"cache_hits":0,"page":15,"selected":2,"count":9,"preview_generation":10,"file_worker_stack_free":10944,"file_start_active":false,"preview_active":true,"preview_done":false,"preview_available":false,"screen_dimmed":false,"selection":"ROM: 写入","status":"已选择ROM"}
2026-09-10 19:15:48 @mori {"event":"ui","process_calls":8827,"render_calls":2455,"music_polls":1537,"model_bytes":15312,"directory_scans":7,"cache_hits":0,"page":15,"selected":2,"count":9,"preview_generation":10,"file_worker_stack_free":10944,"file_start_active":false,"preview_active":true,"preview_done":false,"preview_available":false,"screen_dimmed":false,"selection":"ROM: 写入","status":"已选择ROM"}
2026-09-10 19:15:49 @mori {"event":"ui","process_calls":8832,"render_calls":2460,"music_polls":1540,"model_bytes":15312,"directory_scans":7,"cache_hits":0,"page":15,"selected":2,"count":9,"preview_generation":10,"file_worker_stack_free":10944,"file_start_active":false,"preview_active":true,"preview_done":false,"preview_available":false,"screen_dimmed":false,"selection":"ROM: 写入","status":"已选择ROM"}
2026-09-10 19:15:49 @mori {"event":"ui","process_calls":8836,"render_calls":2464,"music_polls":1542,"model_bytes":15312,"directory_scans":7,"cache_hits":0,"page":15,"selected":2,"count":9,"preview_generation":10,"file_worker_stack_free":10944,"file_start_active":false,"preview_active":true,"preview_done":false,"preview_available":false,"screen_dimmed":false,"selection":"ROM: 写入","status":"已选择ROM"}
2026-09-10 19:15:49 @mori {"event":"ui","process_calls":8842,"render_calls":2470,"music_polls":1544,"model_bytes":15312,"directory_scans":7,"cache_hits":0,"page":15,"selected":2,"count":9,"preview_generation":10,"file_worker_stack_free":10944,"file_start_active":false,"preview_active":true,"preview_done":false,"preview_available":false,"screen_dimmed":false,"selection":"ROM: 写入","status":"已选择ROM"}
2026-09-10 19:15:49 @mori {"event":"ui","process_calls":8847,"render_calls":2475,"music_polls":1546,"model_bytes":15312,"directory_scans":7,"cache_hits":0,"page":15,"selected":2,"count":9,"preview_generation":10,"file_worker_stack_free":10944,"file_start_active":false,"preview_active":true,"preview_done":false,"preview_available":false,"screen_dimmed":false,"selection":"ROM: 写入","status":"已选择ROM"}
2026-09-10 19:15:50 @mori {"event":"ui","process_calls":8852,"render_calls":2480,"music_polls":1549,"model_bytes":15312,"directory_scans":7,"cache_hits":0,"page":15,"selected":2,"count":9,"preview_generation":10,"file_worker_stack_free":10944,"file_start_active":false,"preview_active":true,"preview_done":false,"preview_available":false,"screen_dimmed":false,"selection":"ROM: 写入","status":"已选择ROM"}
2026-09-10 19:15:50 @mori {"event":"ui","process_calls":8857,"render_calls":2485,"music_polls":1551,"model_bytes":15312,"directory_scans":7,"cache_hits":0,"page":15,"selected":2,"count":9,"preview_generation":10,"file_worker_stack_free":10944,"file_start_active":false,"preview_active":true,"preview_done":false,"preview_available":false,"screen_dimmed":false,"selection":"ROM: 写入","status":"已选择ROM"}
2026-09-10 19:15:50 @mori {"event":"ui","process_calls":8861,"render_calls":2489,"music_polls":1553,"model_bytes":15312,"directory_scans":7,"cache_hits":0,"page":15,"selected":2,"count":9,"preview_generation":10,"file_worker_stack_free":10944,"file_start_active":false,"preview_active":true,"preview_done":false,"preview_available":false,"screen_dimmed":false,"selection":"ROM: 写入","status":"已选择ROM"}
2026-09-10 19:15:50 @mori {"event":"ui","process_calls":8866,"render_calls":2494,"music_polls":1556,"model_bytes":15312,"directory_scans":7,"cache_hits":0,"page":15,"selected":2,"count":9,"preview_generation":10,"file_worker_stack_free":10944,"file_start_active":false,"preview_active":true,"preview_done":false,"preview_available":false,"screen_dimmed":false,"selection":"ROM: 写入","status":"已选择ROM"}
2026-09-10 19:15:51 @mori {"event":"ui","process_calls":8871,"render_calls":2499,"music_polls":1558,"model_bytes":15312,"directory_scans":7,"cache_hits":0,"page":15,"selected":2,"count":9,"preview_generation":10,"file_worker_stack_free":10944,"file_start_active":false,"preview_active":true,"preview_done":false,"preview_available":false,"screen_dimmed":false,"selection":"ROM: 写入","status":"已选择ROM"}
2026-09-10 19:15:51 @mori {"event":"ui","process_calls":8876,"render_calls":2504,"music_polls":1561,"model_bytes":15312,"directory_scans":7,"cache_hits":0,"page":15,"selected":2,"count":9,"preview_generation":10,"file_worker_stack_free":10944,"file_start_active":false,"preview_active":true,"preview_done":false,"preview_available":false,"screen_dimmed":false,"selection":"ROM: 写入","status":"已选择ROM"}
2026-09-10 19:15:51 @mori {"event":"ui","process_calls":8882,"render_calls":2510,"music_polls":1563,"model_bytes":15312,"directory_scans":7,"cache_hits":0,"page":15,"selected":2,"count":9,"preview_generation":10,"file_worker_stack_free":10944,"file_start_active":false,"preview_active":true,"preview_done":false,"preview_available":false,"screen_dimmed":false,"selection":"ROM: 写入","status":"已选择ROM"}
2026-09-10 19:15:51 @mori {"event":"ui","process_calls":8887,"render_calls":2515,"music_polls":1565,"model_bytes":15312,"directory_scans":7,"cache_hits":0,"page":15,"selected":2,"count":9,"preview_generation":10,"file_worker_stack_free":10944,"file_start_active":false,"preview_active":true,"preview_done":false,"preview_available":false,"screen_dimmed":false,"selection":"ROM: 写入","status":"已选择ROM"}
2026-09-10 19:15:52 @mori {"event":"ui","process_calls":8892,"render_calls":2520,"music_polls":1568,"model_bytes":15312,"directory_scans":7,"cache_hits":0,"page":15,"selected":2,"count":9,"preview_generation":10,"file_worker_stack_free":10944,"file_start_active":false,"preview_active":true,"preview_done":false,"preview_available":false,"screen_dimmed":false,"selection":"ROM: 写入","status":"已选择ROM"}
2026-09-10 19:15:52 I (186309) ui: ROM preview generation=10 result=ESP_OK available=0 stack_free=10944
2026-09-10 19:15:52 @mori {"event":"ui","process_calls":8897,"render_calls":2525,"music_polls":1570,"model_bytes":15312,"directory_scans":7,"cache_hits":0,"page":15,"selected":2,"count":9,"preview_generation":10,"file_worker_stack_free":10944,"file_start_active":false,"preview_active":false,"preview_done":true,"preview_available":false,"screen_dimmed":false,"selection":"ROM: 写入","status":"已选择ROM"}
2026-09-10 19:16:18 @mori {"event":"status","version":"v2.32-106-g981613b-dirty","uptime_ms":211439,"internal_free":82507,"internal_largest":31744,"psram_free":7556280,"burn_running":false,"patch_running":false,"cancel_requested":false,"phase":"","detail":"","offset":0,"total":0,"passes":0,"read_bytes":0,"read_ms":0,"elapsed_ms":0,"result":0,"ag32_link":"auto","ag32_link_active":"legacy","ag32_capabilities":0,"ag32_capabilities_known":false}
2026-09-10 19:16:18 @mori {"event":"ui","process_calls":9541,"render_calls":3169,"music_polls":1779,"model_bytes":15312,"directory_scans":7,"cache_hits":0,"page":15,"selected":2,"count":9,"preview_generation":10,"file_worker_stack_free":10944,"file_start_active":false,"preview_active":false,"preview_done":true,"preview_available":false,"screen_dimmed":false,"selection":"ROM: 写入","status":"已选择ROM"}
2026-09-10 19:16:18 @mori {"event":"ui","process_calls":9542,"render_calls":3170,"music_polls":1779,"model_bytes":15312,"directory_scans":7,"cache_hits":0,"page":15,"selected":2,"count":9,"preview_generation":10,"file_worker_stack_free":10944,"file_start_active":false,"preview_active":false,"preview_done":true,"preview_available":false,"screen_dimmed":false,"selection":"ROM: 写入","status":"已选择ROM"}
2026-09-10 19:16:18 @mori {"event":"ui","process_calls":9543,"render_calls":3171,"music_polls":1780,"model_bytes":15312,"directory_scans":7,"cache_hits":0,"page":15,"selected":2,"count":9,"preview_generation":10,"file_worker_stack_free":10944,"file_start_active":false,"preview_active":false,"preview_done":true,"preview_available":false,"screen_dimmed":false,"selection":"ROM: 写入","status":"已选择ROM"}
2026-09-10 19:16:18 @mori {"event":"key","message":"down"}
2026-09-10 19:16:19 @mori {"event":"ui","process_calls":9547,"render_calls":3175,"music_polls":1781,"model_bytes":15312,"directory_scans":7,"cache_hits":0,"page":15,"selected":3,"count":9,"preview_generation":10,"file_worker_stack_free":10944,"file_start_active":false,"preview_active":false,"preview_done":true,"preview_available":false,"screen_dimmed":false,"selection":"ROM: 校验","status":"已选择ROM"}
2026-09-10 19:16:19 @mori {"event":"key","message":"down"}
2026-09-10 19:16:19 @mori {"event":"ui","process_calls":9550,"render_calls":3178,"music_polls":1782,"model_bytes":15312,"directory_scans":7,"cache_hits":0,"page":15,"selected":4,"count":9,"preview_generation":10,"file_worker_stack_free":10944,"file_start_active":false,"preview_active":false,"preview_done":true,"preview_available":false,"screen_dimmed":false,"selection":"ROM: 读取","status":"已选择ROM"}
2026-09-10 19:16:19 @mori {"event":"key","message":"down"}
2026-09-10 19:16:19 @mori {"event":"ui","process_calls":9554,"render_calls":3182,"music_polls":1783,"model_bytes":15312,"directory_scans":7,"cache_hits":0,"page":15,"selected":5,"count":9,"preview_generation":10,"file_worker_stack_free":10944,"file_start_active":false,"preview_active":false,"preview_done":true,"preview_available":false,"screen_dimmed":false,"selection":"ROM: 整片擦除","status":"已选择ROM"}
2026-09-10 19:16:19 @mori {"event":"key","message":"down"}
2026-09-10 19:16:19 @mori {"event":"ui","process_calls":9558,"render_calls":3186,"music_polls":1785,"model_bytes":15312,"directory_scans":7,"cache_hits":0,"page":15,"selected":6,"count":9,"preview_generation":10,"file_worker_stack_free":10944,"file_start_active":false,"preview_active":false,"preview_done":true,"preview_available":false,"screen_dimmed":false,"selection":"ROM: 解锁PPB","status":"已选择ROM"}
2026-09-10 19:16:19 @mori {"event":"key","message":"down"}
2026-09-10 19:16:19 @mori {"event":"ui","process_calls":9561,"render_calls":3189,"music_polls":1786,"model_bytes":15312,"directory_scans":7,"cache_hits":0,"page":15,"selected":7,"count":9,"preview_generation":10,"file_worker_stack_free":10944,"file_start_active":false,"preview_active":false,"preview_done":true,"preview_available":false,"screen_dimmed":false,"selection":"烧录方式","status":"已选择ROM"}
2026-09-10 19:16:19 @mori {"event":"key","message":"down"}
2026-09-10 19:16:19 @mori {"event":"ui","process_calls":9565,"render_calls":3193,"music_polls":1787,"model_bytes":15312,"directory_scans":7,"cache_hits":0,"page":15,"selected":8,"count":9,"preview_generation":10,"file_worker_stack_free":10944,"file_start_active":false,"preview_active":false,"preview_done":true,"preview_available":false,"screen_dimmed":false,"selection":"设置","status":"已选择ROM"}
2026-09-10 19:16:19 @mori {"event":"key","message":"down"}
2026-09-10 19:16:19 @mori {"event":"ui","process_calls":9570,"render_calls":3198,"music_polls":1788,"model_bytes":15312,"directory_scans":7,"cache_hits":0,"page":15,"selected":0,"count":9,"preview_generation":10,"file_worker_stack_free":10944,"file_start_active":false,"preview_active":false,"preview_done":true,"preview_available":false,"screen_dimmed":false,"selection":"重新分析","status":"已选择ROM"}
2026-09-10 19:16:20 @mori {"event":"key","message":"down"}
2026-09-10 19:16:20 @mori {"event":"ui","process_calls":9574,"render_calls":3202,"music_polls":1790,"model_bytes":15312,"directory_scans":7,"cache_hits":0,"page":15,"selected":1,"count":9,"preview_generation":10,"file_worker_stack_free":10944,"file_start_active":false,"preview_active":false,"preview_done":true,"preview_available":false,"screen_dimmed":false,"selection":"ROM: Kirby & The Amazing Mirror (USA).gba","status":"已选择ROM"}
2026-09-10 19:16:20 @mori {"event":"key","message":"a"}
2026-09-10 19:16:20 @mori {"event":"ui","process_calls":9576,"render_calls":3204,"music_polls":1791,"model_bytes":15312,"directory_scans":8,"cache_hits":0,"page":6,"selected":0,"count":42,"preview_generation":10,"file_worker_stack_free":10944,"file_start_active":false,"preview_active":false,"preview_done":true,"preview_available":false,"screen_dimmed":false,"selection":"_gba","status":"TF根目录"}
2026-09-10 19:16:20 @mori {"event":"ui","process_calls":9580,"render_calls":3208,"music_polls":1792,"model_bytes":15312,"directory_scans":8,"cache_hits":0,"page":6,"selected":0,"count":42,"preview_generation":10,"file_worker_stack_free":10944,"file_start_active":false,"preview_active":false,"preview_done":true,"preview_available":false,"screen_dimmed":false,"selection":"_gba","status":"TF根目录"}
2026-09-10 19:16:20 @mori {"event":"key","message":"down"}
2026-09-10 19:16:20 @mori {"event":"ui","process_calls":9590,"render_calls":3218,"music_polls":1793,"model_bytes":15312,"directory_scans":8,"cache_hits":0,"page":6,"selected":1,"count":42,"preview_generation":10,"file_worker_stack_free":10944,"file_start_active":false,"preview_active":false,"preview_done":true,"preview_available":false,"screen_dimmed":false,"selection":"_nds","status":"TF根目录"}
2026-09-10 19:16:20 @mori {"event":"key","message":"down"}
2026-09-10 19:16:20 @mori {"event":"ui","process_calls":9599,"render_calls":3227,"music_polls":1795,"model_bytes":15312,"directory_scans":8,"cache_hits":0,"page":6,"selected":2,"count":42,"preview_generation":10,"file_worker_stack_free":10944,"file_start_active":false,"preview_active":false,"preview_done":true,"preview_available":false,"screen_dimmed":false,"selection":"dumps","status":"TF根目录"}
2026-09-10 19:16:20 @mori {"event":"key","message":"down"}
2026-09-10 19:16:20 @mori {"event":"ui","process_calls":9609,"render_calls":3237,"music_polls":1796,"model_bytes":15312,"directory_scans":8,"cache_hits":0,"page":6,"selected":3,"count":42,"preview_generation":10,"file_worker_stack_free":10944,"file_start_active":false,"preview_active":false,"preview_done":true,"preview_available":false,"screen_dimmed":false,"selection":"GBA汉化","status":"TF根目录"}
2026-09-10 19:16:20 @mori {"event":"key","message":"down"}
2026-09-10 19:16:20 @mori {"event":"ui","process_calls":9618,"render_calls":3246,"music_polls":1797,"model_bytes":15312,"directory_scans":8,"cache_hits":0,"page":6,"selected":4,"count":42,"preview_generation":10,"file_worker_stack_free":10944,"file_start_active":false,"preview_active":false,"preview_done":true,"preview_available":false,"screen_dimmed":false,"selection":"music","status":"TF根目录"}
2026-09-10 19:16:21 @mori {"event":"key","message":"down"}
2026-09-10 19:16:21 @mori {"event":"ui","process_calls":9628,"render_calls":3256,"music_polls":1799,"model_bytes":15312,"directory_scans":8,"cache_hits":0,"page":6,"selected":5,"count":42,"preview_generation":10,"file_worker_stack_free":10944,"file_start_active":false,"preview_active":false,"preview_done":true,"preview_available":false,"screen_dimmed":false,"selection":"retro-go","status":"TF根目录"}
2026-09-10 19:16:21 @mori {"event":"key","message":"down"}
2026-09-10 19:16:21 @mori {"event":"ui","process_calls":9638,"render_calls":3266,"music_polls":1800,"model_bytes":15312,"directory_scans":8,"cache_hits":0,"page":6,"selected":6,"count":42,"preview_generation":10,"file_worker_stack_free":10944,"file_start_active":false,"preview_active":false,"preview_done":true,"preview_available":false,"screen_dimmed":false,"selection":"ROM_OUTPUT","status":"TF根目录"}
2026-09-10 19:16:21 @mori {"event":"key","message":"down"}
2026-09-10 19:16:21 @mori {"event":"ui","process_calls":9648,"render_calls":3276,"music_polls":1802,"model_bytes":15312,"directory_scans":8,"cache_hits":0,"page":6,"selected":7,"count":42,"preview_generation":10,"file_worker_stack_free":10944,"file_start_active":false,"preview_active":false,"preview_done":true,"preview_available":false,"screen_dimmed":false,"selection":"romart","status":"TF根目录"}
2026-09-10 19:16:21 @mori {"event":"key","message":"down"}
2026-09-10 19:16:21 @mori {"event":"ui","process_calls":9658,"render_calls":3286,"music_polls":1803,"model_bytes":15312,"directory_scans":8,"cache_hits":0,"page":6,"selected":8,"count":42,"preview_generation":10,"file_worker_stack_free":10944,"file_start_active":false,"preview_active":false,"preview_done":true,"preview_available":false,"screen_dimmed":false,"selection":"roms","status":"TF根目录"}
2026-09-10 19:16:21 @mori {"event":"key","message":"down"}
2026-09-10 19:16:21 @mori {"event":"ui","process_calls":9667,"render_calls":3295,"music_polls":1804,"model_bytes":15312,"directory_scans":8,"cache_hits":0,"page":6,"selected":9,"count":42,"preview_generation":10,"file_worker_stack_free":10944,"file_start_active":false,"preview_active":false,"preview_done":true,"preview_available":false,"screen_dimmed":false,"selection":"SAVEGAME","status":"TF根目录"}
2026-09-10 19:16:21 @mori {"event":"key","message":"down"}
2026-09-10 19:16:21 @mori {"event":"ui","process_calls":9677,"render_calls":3305,"music_polls":1806,"model_bytes":15312,"directory_scans":8,"cache_hits":0,"page":6,"selected":10,"count":42,"preview_generation":10,"file_worker_stack_free":10944,"file_start_active":false,"preview_active":false,"preview_done":true,"preview_available":false,"screen_dimmed":false,"selection":"SRAM","status":"TF根目录"}
2026-09-10 19:16:21 @mori {"event":"key","message":"down"}
2026-09-10 19:16:22 @mori {"event":"ui","process_calls":9686,"render_calls":3314,"music_polls":1807,"model_bytes":15312,"directory_scans":8,"cache_hits":0,"page":6,"selected":11,"count":42,"preview_generation":10,"file_worker_stack_free":10944,"file_start_active":false,"preview_active":false,"preview_done":true,"preview_available":false,"screen_dimmed":false,"selection":"宝可梦","status":"TF根目录"}
2026-09-10 19:16:22 @mori {"event":"key","message":"down"}
2026-09-10 19:16:22 @mori {"event":"ui","process_calls":9691,"render_calls":3319,"music_polls":1809,"model_bytes":15312,"directory_scans":8,"cache_hits":0,"page":6,"selected":12,"count":42,"preview_generation":10,"file_worker_stack_free":10944,"file_start_active":false,"preview_active":false,"preview_done":true,"preview_available":false,"screen_dimmed":false,"selection":"[1MSRAM][FTC]口袋妖怪 - 宝石_中文典藏版[漫游&TGB联合汉化] (1).gba","status":"TF根目录"}
2026-09-10 19:16:22 @mori {"event":"key","message":"down"}
2026-09-10 19:16:22 @mori {"event":"ui","process_calls":9700,"render_calls":3328,"music_polls":1810,"model_bytes":15312,"directory_scans":8,"cache_hits":0,"page":6,"selected":13,"count":42,"preview_generation":10,"file_worker_stack_free":10944,"file_start_active":false,"preview_active":false,"preview_done":true,"preview_available":false,"screen_dimmed":false,"selection":"Kirby & The Amazing Mirror (USA).gba","status":"TF根目录"}
2026-09-10 19:16:22 @mori {"event":"key","message":"down"}
2026-09-10 19:16:22 @mori {"event":"ui","process_calls":9710,"render_calls":3338,"music_polls":1811,"model_bytes":15312,"directory_scans":8,"cache_hits":0,"page":6,"selected":14,"count":42,"preview_generation":10,"file_worker_stack_free":10944,"file_start_active":false,"preview_active":false,"preview_done":true,"preview_available":false,"screen_dimmed":false,"selection":"LK_MULTIMENU_L556.gba","status":"TF根目录"}
2026-09-10 19:16:22 @mori {"event":"key","message":"a"}
2026-09-10 19:16:22 @mori {"event":"ui","process_calls":9715,"render_calls":3343,"music_polls":1812,"model_bytes":15312,"directory_scans":8,"cache_hits":0,"page":15,"selected":2,"count":9,"preview_generation":11,"file_worker_stack_free":10944,"file_start_active":false,"preview_active":true,"preview_done":false,"preview_available":false,"screen_dimmed":false,"selection":"ROM: 写入","status":"已选择ROM"}
2026-09-10 19:16:22 @mori {"event":"ui","process_calls":9716,"render_calls":3344,"music_polls":1813,"model_bytes":15312,"directory_scans":8,"cache_hits":0,"page":15,"selected":2,"count":9,"preview_generation":11,"file_worker_stack_free":10944,"file_start_active":false,"preview_active":true,"preview_done":false,"preview_available":false,"screen_dimmed":false,"selection":"ROM: 写入","status":"已选择ROM"}
2026-09-10 19:16:22 @mori {"event":"key","message":"down"}
2026-09-10 19:16:22 @mori {"event":"ui","process_calls":9720,"render_calls":3348,"music_polls":1815,"model_bytes":15312,"directory_scans":8,"cache_hits":0,"page":15,"selected":3,"count":9,"preview_generation":11,"file_worker_stack_free":10944,"file_start_active":false,"preview_active":true,"preview_done":false,"preview_available":false,"screen_dimmed":false,"selection":"ROM: 校验","status":"已选择ROM"}
2026-09-10 19:16:23 @mori {"event":"key","message":"down"}
2026-09-10 19:16:23 @mori {"event":"ui","process_calls":9724,"render_calls":3352,"music_polls":1816,"model_bytes":15312,"directory_scans":8,"cache_hits":0,"page":15,"selected":4,"count":9,"preview_generation":11,"file_worker_stack_free":10944,"file_start_active":false,"preview_active":true,"preview_done":false,"preview_available":false,"screen_dimmed":false,"selection":"ROM: 读取","status":"已选择ROM"}
2026-09-10 19:16:23 @mori {"event":"key","message":"down"}
2026-09-10 19:16:23 @mori {"event":"ui","process_calls":9727,"render_calls":3355,"music_polls":1817,"model_bytes":15312,"directory_scans":8,"cache_hits":0,"page":15,"selected":5,"count":9,"preview_generation":11,"file_worker_stack_free":10944,"file_start_active":false,"preview_active":true,"preview_done":false,"preview_available":false,"screen_dimmed":false,"selection":"ROM: 整片擦除","status":"已选择ROM"}
2026-09-10 19:16:23 @mori {"event":"key","message":"down"}
2026-09-10 19:16:23 @mori {"event":"ui","process_calls":9731,"render_calls":3359,"music_polls":1819,"model_bytes":15312,"directory_scans":8,"cache_hits":0,"page":15,"selected":6,"count":9,"preview_generation":11,"file_worker_stack_free":10944,"file_start_active":false,"preview_active":true,"preview_done":false,"preview_available":false,"screen_dimmed":false,"selection":"ROM: 解锁PPB","status":"已选择ROM"}
2026-09-10 19:16:23 @mori {"event":"key","message":"down"}
2026-09-10 19:16:23 @mori {"event":"ui","process_calls":9734,"render_calls":3362,"music_polls":1821,"model_bytes":15312,"directory_scans":8,"cache_hits":0,"page":15,"selected":7,"count":9,"preview_generation":11,"file_worker_stack_free":10944,"file_start_active":false,"preview_active":true,"preview_done":false,"preview_available":false,"screen_dimmed":false,"selection":"烧录方式","status":"已选择ROM"}
2026-09-10 19:16:23 @mori {"event":"key","message":"down"}
2026-09-10 19:16:23 @mori {"event":"ui","process_calls":9737,"render_calls":3365,"music_polls":1822,"model_bytes":15312,"directory_scans":8,"cache_hits":0,"page":15,"selected":8,"count":9,"preview_generation":11,"file_worker_stack_free":10944,"file_start_active":false,"preview_active":true,"preview_done":false,"preview_available":false,"screen_dimmed":false,"selection":"设置","status":"已选择ROM"}
2026-09-10 19:16:23 @mori {"event":"key","message":"down"}
2026-09-10 19:16:23 @mori {"event":"ui","process_calls":9741,"render_calls":3369,"music_polls":1824,"model_bytes":15312,"directory_scans":8,"cache_hits":0,"page":15,"selected":0,"count":9,"preview_generation":11,"file_worker_stack_free":10944,"file_start_active":false,"preview_active":true,"preview_done":false,"preview_available":false,"screen_dimmed":false,"selection":"重新分析","status":"已选择ROM"}
2026-09-10 19:16:24 @mori {"event":"key","message":"down"}
2026-09-10 19:16:24 @mori {"event":"ui","process_calls":9745,"render_calls":3373,"music_polls":1825,"model_bytes":15312,"directory_scans":8,"cache_hits":0,"page":15,"selected":1,"count":9,"preview_generation":11,"file_worker_stack_free":10944,"file_start_active":false,"preview_active":true,"preview_done":false,"preview_available":false,"screen_dimmed":false,"selection":"ROM: LK_MULTIMENU_L556.gba","status":"已选择ROM"}
2026-09-10 19:16:24 @mori {"event":"key","message":"a"}
2026-09-10 19:16:24 @mori {"event":"ui","process_calls":9747,"render_calls":3375,"music_polls":1826,"model_bytes":15312,"directory_scans":9,"cache_hits":0,"page":6,"selected":0,"count":42,"preview_generation":11,"file_worker_stack_free":10944,"file_start_active":false,"preview_active":true,"preview_done":false,"preview_available":false,"screen_dimmed":false,"selection":"_gba","status":"TF根目录"}
2026-09-10 19:16:24 @mori {"event":"ui","process_calls":9750,"render_calls":3378,"music_polls":1827,"model_bytes":15312,"directory_scans":9,"cache_hits":0,"page":6,"selected":0,"count":42,"preview_generation":11,"file_worker_stack_free":10944,"file_start_active":false,"preview_active":true,"preview_done":false,"preview_available":false,"screen_dimmed":false,"selection":"_gba","status":"TF根目录"}
2026-09-10 19:16:24 @mori {"event":"key","message":"down"}
2026-09-10 19:16:24 @mori {"event":"ui","process_calls":9759,"render_calls":3387,"music_polls":1828,"model_bytes":15312,"directory_scans":9,"cache_hits":0,"page":6,"selected":1,"count":42,"preview_generation":11,"file_worker_stack_free":10944,"file_start_active":false,"preview_active":true,"preview_done":false,"preview_available":false,"screen_dimmed":false,"selection":"_nds","status":"TF根目录"}
2026-09-10 19:16:24 @mori {"event":"key","message":"down"}
2026-09-10 19:16:24 @mori {"event":"ui","process_calls":9771,"render_calls":3399,"music_polls":1830,"model_bytes":15312,"directory_scans":9,"cache_hits":0,"page":6,"selected":2,"count":42,"preview_generation":11,"file_worker_stack_free":10944,"file_start_active":false,"preview_active":true,"preview_done":false,"preview_available":false,"screen_dimmed":false,"selection":"dumps","status":"TF根目录"}
2026-09-10 19:16:24 @mori {"event":"key","message":"down"}
2026-09-10 19:16:24 @mori {"event":"ui","process_calls":9781,"render_calls":3409,"music_polls":1831,"model_bytes":15312,"directory_scans":9,"cache_hits":0,"page":6,"selected":3,"count":42,"preview_generation":11,"file_worker_stack_free":10944,"file_start_active":false,"preview_active":true,"preview_done":false,"preview_available":false,"screen_dimmed":false,"selection":"GBA汉化","status":"TF根目录"}
2026-09-10 19:16:24 @mori {"event":"key","message":"down"}
2026-09-10 19:16:25 @mori {"event":"ui","process_calls":9790,"render_calls":3418,"music_polls":1833,"model_bytes":15312,"directory_scans":9,"cache_hits":0,"page":6,"selected":4,"count":42,"preview_generation":11,"file_worker_stack_free":10944,"file_start_active":false,"preview_active":true,"preview_done":false,"preview_available":false,"screen_dimmed":false,"selection":"music","status":"TF根目录"}
2026-09-10 19:16:25 @mori {"event":"key","message":"down"}
2026-09-10 19:16:25 @mori {"event":"ui","process_calls":9800,"render_calls":3428,"music_polls":1834,"model_bytes":15312,"directory_scans":9,"cache_hits":0,"page":6,"selected":5,"count":42,"preview_generation":11,"file_worker_stack_free":10944,"file_start_active":false,"preview_active":true,"preview_done":false,"preview_available":false,"screen_dimmed":false,"selection":"retro-go","status":"TF根目录"}
2026-09-10 19:16:25 @mori {"event":"key","message":"down"}
2026-09-10 19:16:25 @mori {"event":"ui","process_calls":9809,"render_calls":3437,"music_polls":1836,"model_bytes":15312,"directory_scans":9,"cache_hits":0,"page":6,"selected":6,"count":42,"preview_generation":11,"file_worker_stack_free":10944,"file_start_active":false,"preview_active":true,"preview_done":false,"preview_available":false,"screen_dimmed":false,"selection":"ROM_OUTPUT","status":"TF根目录"}
2026-09-10 19:16:25 @mori {"event":"key","message":"down"}
2026-09-10 19:16:25 @mori {"event":"ui","process_calls":9819,"render_calls":3447,"music_polls":1837,"model_bytes":15312,"directory_scans":9,"cache_hits":0,"page":6,"selected":7,"count":42,"preview_generation":11,"file_worker_stack_free":10944,"file_start_active":false,"preview_active":true,"preview_done":false,"preview_available":false,"screen_dimmed":false,"selection":"romart","status":"TF根目录"}
2026-09-10 19:16:25 @mori {"event":"key","message":"down"}
2026-09-10 19:16:25 @mori {"event":"ui","process_calls":9830,"render_calls":3458,"music_polls":1839,"model_bytes":15312,"directory_scans":9,"cache_hits":0,"page":6,"selected":8,"count":42,"preview_generation":11,"file_worker_stack_free":10944,"file_start_active":false,"preview_active":true,"preview_done":false,"preview_available":false,"screen_dimmed":false,"selection":"roms","status":"TF根目录"}
2026-09-10 19:16:25 @mori {"event":"key","message":"down"}
2026-09-10 19:16:25 @mori {"event":"ui","process_calls":9840,"render_calls":3468,"music_polls":1840,"model_bytes":15312,"directory_scans":9,"cache_hits":0,"page":6,"selected":9,"count":42,"preview_generation":11,"file_worker_stack_free":10944,"file_start_active":false,"preview_active":true,"preview_done":false,"preview_available":false,"screen_dimmed":false,"selection":"SAVEGAME","status":"TF根目录"}
2026-09-10 19:16:25 @mori {"event":"key","message":"down"}
2026-09-10 19:16:26 @mori {"event":"ui","process_calls":9850,"render_calls":3478,"music_polls":1842,"model_bytes":15312,"directory_scans":9,"cache_hits":0,"page":6,"selected":10,"count":42,"preview_generation":11,"file_worker_stack_free":10944,"file_start_active":false,"preview_active":true,"preview_done":false,"preview_available":false,"screen_dimmed":false,"selection":"SRAM","status":"TF根目录"}
2026-09-10 19:16:26 @mori {"event":"key","message":"down"}
2026-09-10 19:16:26 @mori {"event":"ui","process_calls":9861,"render_calls":3489,"music_polls":1843,"model_bytes":15312,"directory_scans":9,"cache_hits":0,"page":6,"selected":11,"count":42,"preview_generation":11,"file_worker_stack_free":10944,"file_start_active":false,"preview_active":true,"preview_done":false,"preview_available":false,"screen_dimmed":false,"selection":"宝可梦","status":"TF根目录"}
2026-09-10 19:16:26 @mori {"event":"key","message":"down"}
2026-09-10 19:16:26 @mori {"event":"ui","process_calls":9867,"render_calls":3495,"music_polls":1845,"model_bytes":15312,"directory_scans":9,"cache_hits":0,"page":6,"selected":12,"count":42,"preview_generation":11,"file_worker_stack_free":10944,"file_start_active":false,"preview_active":true,"preview_done":false,"preview_available":false,"screen_dimmed":false,"selection":"[1MSRAM][FTC]口袋妖怪 - 宝石_中文典藏版[漫游&TGB联合汉化] (1).gba","status":"TF根目录"}
2026-09-10 19:16:26 I (220377) burner_web: bacon idle timeout reached, cartridge power rails off
2026-09-10 19:16:26 @mori {"event":"key","message":"down"}
2026-09-10 19:16:26 @mori {"event":"ui","process_calls":9876,"render_calls":3504,"music_polls":1846,"model_bytes":15312,"directory_scans":9,"cache_hits":0,"page":6,"selected":13,"count":42,"preview_generation":11,"file_worker_stack_free":10944,"file_start_active":false,"preview_active":true,"preview_done":false,"preview_available":false,"screen_dimmed":false,"selection":"Kirby & The Amazing Mirror (USA).gba","status":"TF根目录"}
2026-09-10 19:16:26 @mori {"event":"key","message":"down"}
2026-09-10 19:16:26 @mori {"event":"ui","process_calls":9885,"render_calls":3513,"music_polls":1848,"model_bytes":15312,"directory_scans":9,"cache_hits":0,"page":6,"selected":14,"count":42,"preview_generation":11,"file_worker_stack_free":10944,"file_start_active":false,"preview_active":true,"preview_done":false,"preview_available":false,"screen_dimmed":false,"selection":"LK_MULTIMENU_L556.gba","status":"TF根目录"}
2026-09-10 19:16:26 I (220788) ui: ROM preview generation=11 result=ESP_ERR_INVALID_STATE available=0 stack_free=10944
2026-09-10 19:16:26 @mori {"event":"key","message":"a"}
2026-09-10 19:16:26 @mori {"event":"ui","process_calls":9889,"render_calls":3517,"music_polls":1848,"model_bytes":15312,"directory_scans":9,"cache_hits":0,"page":15,"selected":2,"count":9,"preview_generation":12,"file_worker_stack_free":10944,"file_start_active":false,"preview_active":true,"preview_done":false,"preview_available":false,"screen_dimmed":false,"selection":"ROM: 写入","status":"已选择ROM"}
2026-09-10 19:16:27 @mori {"event":"ui","process_calls":9890,"render_calls":3518,"music_polls":1849,"model_bytes":15312,"directory_scans":9,"cache_hits":0,"page":15,"selected":2,"count":9,"preview_generation":12,"file_worker_stack_free":10944,"file_start_active":false,"preview_active":true,"preview_done":false,"preview_available":false,"screen_dimmed":false,"selection":"ROM: 写入","status":"已选择ROM"}
2026-09-10 19:16:27 @mori {"event":"key","message":"down"}
2026-09-10 19:16:27 @mori {"event":"ui","process_calls":9895,"render_calls":3523,"music_polls":1850,"model_bytes":15312,"directory_scans":9,"cache_hits":0,"page":15,"selected":3,"count":9,"preview_generation":12,"file_worker_stack_free":10944,"file_start_active":false,"preview_active":true,"preview_done":false,"preview_available":false,"screen_dimmed":false,"selection":"ROM: 校验","status":"已选择ROM"}
2026-09-10 19:16:27 @mori {"event":"key","message":"down"}
2026-09-10 19:16:27 @mori {"event":"ui","process_calls":9898,"render_calls":3526,"music_polls":1852,"model_bytes":15312,"directory_scans":9,"cache_hits":0,"page":15,"selected":4,"count":9,"preview_generation":12,"file_worker_stack_free":10944,"file_start_active":false,"preview_active":true,"preview_done":false,"preview_available":false,"screen_dimmed":false,"selection":"ROM: 读取","status":"已选择ROM"}
2026-09-10 19:16:27 @mori {"event":"key","message":"down"}
2026-09-10 19:16:27 @mori {"event":"ui","process_calls":9901,"render_calls":3529,"music_polls":1853,"model_bytes":15312,"directory_scans":9,"cache_hits":0,"page":15,"selected":5,"count":9,"preview_generation":12,"file_worker_stack_free":10944,"file_start_active":false,"preview_active":true,"preview_done":false,"preview_available":false,"screen_dimmed":false,"selection":"ROM: 整片擦除","status":"已选择ROM"}
2026-09-10 19:16:27 @mori {"event":"key","message":"down"}
2026-09-10 19:16:27 @mori {"event":"ui","process_calls":9904,"render_calls":3532,"music_polls":1855,"model_bytes":15312,"directory_scans":9,"cache_hits":0,"page":15,"selected":6,"count":9,"preview_generation":12,"file_worker_stack_free":10944,"file_start_active":false,"preview_active":true,"preview_done":false,"preview_available":false,"screen_dimmed":false,"selection":"ROM: 解锁PPB","status":"已选择ROM"}
2026-09-10 19:16:27 @mori {"event":"key","message":"down"}
2026-09-10 19:16:27 @mori {"event":"ui","process_calls":9907,"render_calls":3535,"music_polls":1856,"model_bytes":15312,"directory_scans":9,"cache_hits":0,"page":15,"selected":7,"count":9,"preview_generation":12,"file_worker_stack_free":10944,"file_start_active":false,"preview_active":true,"preview_done":false,"preview_available":false,"screen_dimmed":false,"selection":"烧录方式","status":"已选择ROM"}
2026-09-10 19:16:27 @mori {"event":"key","message":"down"}
2026-09-10 19:16:28 @mori {"event":"ui","process_calls":9911,"render_calls":3539,"music_polls":1858,"model_bytes":15312,"directory_scans":9,"cache_hits":0,"page":15,"selected":8,"count":9,"preview_generation":12,"file_worker_stack_free":10944,"file_start_active":false,"preview_active":true,"preview_done":false,"preview_available":false,"screen_dimmed":false,"selection":"设置","status":"已选择ROM"}
2026-09-10 19:16:28 @mori {"event":"key","message":"down"}
2026-09-10 19:16:28 @mori {"event":"ui","process_calls":9915,"render_calls":3543,"music_polls":1859,"model_bytes":15312,"directory_scans":9,"cache_hits":0,"page":15,"selected":0,"count":9,"preview_generation":12,"file_worker_stack_free":10944,"file_start_active":false,"preview_active":true,"preview_done":false,"preview_available":false,"screen_dimmed":false,"selection":"重新分析","status":"已选择ROM"}
2026-09-10 19:16:28 @mori {"event":"key","message":"down"}
2026-09-10 19:16:28 @mori {"event":"ui","process_calls":9918,"render_calls":3546,"music_polls":1861,"model_bytes":15312,"directory_scans":9,"cache_hits":0,"page":15,"selected":1,"count":9,"preview_generation":12,"file_worker_stack_free":10944,"file_start_active":false,"preview_active":true,"preview_done":false,"preview_available":false,"screen_dimmed":false,"selection":"ROM: LK_MULTIMENU_L556.gba","status":"已选择ROM"}
2026-09-10 19:16:28 @mori {"event":"key","message":"a"}
2026-09-10 19:16:28 @mori {"event":"ui","process_calls":9920,"render_calls":3548,"music_polls":1862,"model_bytes":15312,"directory_scans":10,"cache_hits":0,"page":6,"selected":0,"count":42,"preview_generation":12,"file_worker_stack_free":10944,"file_start_active":false,"preview_active":true,"preview_done":false,"preview_available":false,"screen_dimmed":false,"selection":"_gba","status":"TF根目录"}
2026-09-10 19:16:28 @mori {"event":"ui","process_calls":9923,"render_calls":3551,"music_polls":1863,"model_bytes":15312,"directory_scans":10,"cache_hits":0,"page":6,"selected":0,"count":42,"preview_generation":12,"file_worker_stack_free":10944,"file_start_active":false,"preview_active":true,"preview_done":false,"preview_available":false,"screen_dimmed":false,"selection":"_gba","status":"TF根目录"}
2026-09-10 19:16:28 @mori {"event":"key","message":"down"}
2026-09-10 19:16:28 @mori {"event":"ui","process_calls":9934,"render_calls":3562,"music_polls":1864,"model_bytes":15312,"directory_scans":10,"cache_hits":0,"page":6,"selected":1,"count":42,"preview_generation":12,"file_worker_stack_free":10944,"file_start_active":false,"preview_active":true,"preview_done":false,"preview_available":false,"screen_dimmed":false,"selection":"_nds","status":"TF根目录"}
2026-09-10 19:16:28 @mori {"event":"key","message":"down"}
2026-09-10 19:16:28 @mori {"event":"ui","process_calls":9943,"render_calls":3571,"music_polls":1866,"model_bytes":15312,"directory_scans":10,"cache_hits":0,"page":6,"selected":2,"count":42,"preview_generation":12,"file_worker_stack_free":10944,"file_start_active":false,"preview_active":true,"preview_done":false,"preview_available":false,"screen_dimmed":false,"selection":"dumps","status":"TF根目录"}
2026-09-10 19:16:28 @mori {"event":"key","message":"down"}
2026-09-10 19:16:29 @mori {"event":"ui","process_calls":9952,"render_calls":3580,"music_polls":1867,"model_bytes":15312,"directory_scans":10,"cache_hits":0,"page":6,"selected":3,"count":42,"preview_generation":12,"file_worker_stack_free":10944,"file_start_active":false,"preview_active":true,"preview_done":false,"preview_available":false,"screen_dimmed":false,"selection":"GBA汉化","status":"TF根目录"}
2026-09-10 19:16:29 @mori {"event":"key","message":"down"}
2026-09-10 19:16:29 @mori {"event":"ui","process_calls":9962,"render_calls":3590,"music_polls":1869,"model_bytes":15312,"directory_scans":10,"cache_hits":0,"page":6,"selected":4,"count":42,"preview_generation":12,"file_worker_stack_free":10944,"file_start_active":false,"preview_active":true,"preview_done":false,"preview_available":false,"screen_dimmed":false,"selection":"music","status":"TF根目录"}
2026-09-10 19:16:29 @mori {"event":"key","message":"down"}
2026-09-10 19:16:29 @mori {"event":"ui","process_calls":9972,"render_calls":3600,"music_polls":1870,"model_bytes":15312,"directory_scans":10,"cache_hits":0,"page":6,"selected":5,"count":42,"preview_generation":12,"file_worker_stack_free":10944,"file_start_active":false,"preview_active":true,"preview_done":false,"preview_available":false,"screen_dimmed":false,"selection":"retro-go","status":"TF根目录"}
2026-09-10 19:16:29 @mori {"event":"key","message":"down"}
2026-09-10 19:16:29 @mori {"event":"ui","process_calls":9982,"render_calls":3610,"music_polls":1872,"model_bytes":15312,"directory_scans":10,"cache_hits":0,"page":6,"selected":6,"count":42,"preview_generation":12,"file_worker_stack_free":10944,"file_start_active":false,"preview_active":true,"preview_done":false,"preview_available":false,"screen_dimmed":false,"selection":"ROM_OUTPUT","status":"TF根目录"}
2026-09-10 19:16:29 @mori {"event":"key","message":"down"}
2026-09-10 19:16:29 @mori {"event":"ui","process_calls":9991,"render_calls":3619,"music_polls":1873,"model_bytes":15312,"directory_scans":10,"cache_hits":0,"page":6,"selected":7,"count":42,"preview_generation":12,"file_worker_stack_free":10944,"file_start_active":false,"preview_active":true,"preview_done":false,"preview_available":false,"screen_dimmed":false,"selection":"romart","status":"TF根目录"}
2026-09-10 19:16:29 @mori {"event":"key","message":"down"}
2026-09-10 19:16:29 @mori {"event":"ui","process_calls":10002,"render_calls":3630,"music_polls":1875,"model_bytes":15312,"directory_scans":10,"cache_hits":0,"page":6,"selected":8,"count":42,"preview_generation":12,"file_worker_stack_free":10944,"file_start_active":false,"preview_active":true,"preview_done":false,"preview_available":false,"screen_dimmed":false,"selection":"roms","status":"TF根目录"}
2026-09-10 19:16:29 @mori {"event":"key","message":"down"}
2026-09-10 19:16:30 @mori {"event":"ui","process_calls":10012,"render_calls":3640,"music_polls":1876,"model_bytes":15312,"directory_scans":10,"cache_hits":0,"page":6,"selected":9,"count":42,"preview_generation":12,"file_worker_stack_free":10944,"file_start_active":false,"preview_active":true,"preview_done":false,"preview_available":false,"screen_dimmed":false,"selection":"SAVEGAME","status":"TF根目录"}
2026-09-10 19:16:30 @mori {"event":"key","message":"down"}
2026-09-10 19:16:30 @mori {"event":"ui","process_calls":10022,"render_calls":3650,"music_polls":1877,"model_bytes":15312,"directory_scans":10,"cache_hits":0,"page":6,"selected":10,"count":42,"preview_generation":12,"file_worker_stack_free":10944,"file_start_active":false,"preview_active":true,"preview_done":false,"preview_available":false,"screen_dimmed":false,"selection":"SRAM","status":"TF根目录"}
2026-09-10 19:16:30 @mori {"event":"key","message":"down"}
2026-09-10 19:16:30 @mori {"event":"ui","process_calls":10033,"render_calls":3661,"music_polls":1879,"model_bytes":15312,"directory_scans":10,"cache_hits":0,"page":6,"selected":11,"count":42,"preview_generation":12,"file_worker_stack_free":10944,"file_start_active":false,"preview_active":true,"preview_done":false,"preview_available":false,"screen_dimmed":false,"selection":"宝可梦","status":"TF根目录"}
2026-09-10 19:16:30 @mori {"event":"key","message":"down"}
2026-09-10 19:16:30 @mori {"event":"ui","process_calls":10037,"render_calls":3665,"music_polls":1880,"model_bytes":15312,"directory_scans":10,"cache_hits":0,"page":6,"selected":12,"count":42,"preview_generation":12,"file_worker_stack_free":10944,"file_start_active":false,"preview_active":true,"preview_done":false,"preview_available":false,"screen_dimmed":false,"selection":"[1MSRAM][FTC]口袋妖怪 - 宝石_中文典藏版[漫游&TGB联合汉化] (1).gba","status":"TF根目录"}
2026-09-10 19:16:30 @mori {"event":"key","message":"down"}
2026-09-10 19:16:30 @mori {"event":"ui","process_calls":10046,"render_calls":3674,"music_polls":1882,"model_bytes":15312,"directory_scans":10,"cache_hits":0,"page":6,"selected":13,"count":42,"preview_generation":12,"file_worker_stack_free":10944,"file_start_active":false,"preview_active":true,"preview_done":false,"preview_available":false,"screen_dimmed":false,"selection":"Kirby & The Amazing Mirror (USA).gba","status":"TF根目录"}
2026-09-10 19:16:30 @mori {"event":"key","message":"down"}
2026-09-10 19:16:30 @mori {"event":"ui","process_calls":10055,"render_calls":3683,"music_polls":1884,"model_bytes":15312,"directory_scans":10,"cache_hits":0,"page":6,"selected":14,"count":42,"preview_generation":12,"file_worker_stack_free":10944,"file_start_active":false,"preview_active":true,"preview_done":false,"preview_available":false,"screen_dimmed":false,"selection":"LK_MULTIMENU_L556.gba","status":"TF根目录"}
2026-09-10 19:16:30 I (224926) ui: ROM preview generation=12 result=ESP_ERR_INVALID_STATE available=0 stack_free=10944
2026-09-10 19:16:30 @mori {"event":"key","message":"a"}
2026-09-10 19:16:31 @mori {"event":"ui","process_calls":10060,"render_calls":3688,"music_polls":1884,"model_bytes":15312,"directory_scans":10,"cache_hits":0,"page":15,"selected":2,"count":9,"preview_generation":13,"file_worker_stack_free":10944,"file_start_active":false,"preview_active":true,"preview_done":false,"preview_available":false,"screen_dimmed":false,"selection":"ROM: 写入","status":"已选择ROM"}
2026-09-10 19:16:31 @mori {"event":"ui","process_calls":10062,"render_calls":3690,"music_polls":1885,"model_bytes":15312,"directory_scans":10,"cache_hits":0,"page":15,"selected":2,"count":9,"preview_generation":13,"file_worker_stack_free":10944,"file_start_active":false,"preview_active":true,"preview_done":false,"preview_available":false,"screen_dimmed":false,"selection":"ROM: 写入","status":"已选择ROM"}
2026-09-10 19:16:31 @mori {"event":"key","message":"down"}
2026-09-10 19:16:31 @mori {"event":"ui","process_calls":10066,"render_calls":3694,"music_polls":1886,"model_bytes":15312,"directory_scans":10,"cache_hits":0,"page":15,"selected":3,"count":9,"preview_generation":13,"file_worker_stack_free":10944,"file_start_active":false,"preview_active":true,"preview_done":false,"preview_available":false,"screen_dimmed":false,"selection":"ROM: 校验","status":"已选择ROM"}
2026-09-10 19:16:31 @mori {"event":"key","message":"down"}
2026-09-10 19:16:31 @mori {"event":"ui","process_calls":10069,"render_calls":3697,"music_polls":1888,"model_bytes":15312,"directory_scans":10,"cache_hits":0,"page":15,"selected":4,"count":9,"preview_generation":13,"file_worker_stack_free":10944,"file_start_active":false,"preview_active":true,"preview_done":false,"preview_available":false,"screen_dimmed":false,"selection":"ROM: 读取","status":"已选择ROM"}
2026-09-10 19:16:31 @mori {"event":"key","message":"down"}
2026-09-10 19:16:31 @mori {"event":"ui","process_calls":10073,"render_calls":3701,"music_polls":1890,"model_bytes":15312,"directory_scans":10,"cache_hits":0,"page":15,"selected":5,"count":9,"preview_generation":13,"file_worker_stack_free":10944,"file_start_active":false,"preview_active":true,"preview_done":false,"preview_available":false,"screen_dimmed":false,"selection":"ROM: 整片擦除","status":"已选择ROM"}
2026-09-10 19:16:31 @mori {"event":"key","message":"down"}
2026-09-10 19:16:31 @mori {"event":"ui","process_calls":10076,"render_calls":3704,"music_polls":1891,"model_bytes":15312,"directory_scans":10,"cache_hits":0,"page":15,"selected":6,"count":9,"preview_generation":13,"file_worker_stack_free":10944,"file_start_active":false,"preview_active":true,"preview_done":false,"preview_available":false,"screen_dimmed":false,"selection":"ROM: 解锁PPB","status":"已选择ROM"}
2026-09-10 19:16:31 @mori {"event":"key","message":"down"}
2026-09-10 19:16:32 @mori {"event":"ui","process_calls":10080,"render_calls":3708,"music_polls":1893,"model_bytes":15312,"directory_scans":10,"cache_hits":0,"page":15,"selected":7,"count":9,"preview_generation":13,"file_worker_stack_free":10944,"file_start_active":false,"preview_active":true,"preview_done":false,"preview_available":false,"screen_dimmed":false,"selection":"烧录方式","status":"已选择ROM"}
2026-09-10 19:16:32 @mori {"event":"key","message":"down"}
2026-09-10 19:16:32 @mori {"event":"ui","process_calls":10083,"render_calls":3711,"music_polls":1894,"model_bytes":15312,"directory_scans":10,"cache_hits":0,"page":15,"selected":8,"count":9,"preview_generation":13,"file_worker_stack_free":10944,"file_start_active":false,"preview_active":true,"preview_done":false,"preview_available":false,"screen_dimmed":false,"selection":"设置","status":"已选择ROM"}
2026-09-10 19:16:32 @mori {"event":"key","message":"down"}
2026-09-10 19:16:32 @mori {"event":"ui","process_calls":10086,"render_calls":3714,"music_polls":1896,"model_bytes":15312,"directory_scans":10,"cache_hits":0,"page":15,"selected":0,"count":9,"preview_generation":13,"file_worker_stack_free":10944,"file_start_active":false,"preview_active":true,"preview_done":false,"preview_available":false,"screen_dimmed":false,"selection":"重新分析","status":"已选择ROM"}
2026-09-10 19:16:32 @mori {"event":"key","message":"down"}
2026-09-10 19:16:32 @mori {"event":"ui","process_calls":10089,"render_calls":3717,"music_polls":1897,"model_bytes":15312,"directory_scans":10,"cache_hits":0,"page":15,"selected":1,"count":9,"preview_generation":13,"file_worker_stack_free":10944,"file_start_active":false,"preview_active":true,"preview_done":false,"preview_available":false,"screen_dimmed":false,"selection":"ROM: LK_MULTIMENU_L556.gba","status":"已选择ROM"}
2026-09-10 19:16:32 @mori {"event":"key","message":"a"}
2026-09-10 19:16:32 @mori {"event":"ui","process_calls":10092,"render_calls":3720,"music_polls":1899,"model_bytes":15312,"directory_scans":11,"cache_hits":0,"page":6,"selected":0,"count":42,"preview_generation":13,"file_worker_stack_free":10944,"file_start_active":false,"preview_active":true,"preview_done":false,"preview_available":false,"screen_dimmed":false,"selection":"_gba","status":"TF根目录"}
2026-09-10 19:16:32 @mori {"event":"ui","process_calls":10092,"render_calls":3720,"music_polls":1899,"model_bytes":15312,"directory_scans":11,"cache_hits":0,"page":6,"selected":0,"count":42,"preview_generation":13,"file_worker_stack_free":10944,"file_start_active":false,"preview_active":true,"preview_done":false,"preview_available":false,"screen_dimmed":false,"selection":"_gba","status":"TF根目录"}
2026-09-10 19:16:32 @mori {"event":"key","message":"down"}
2026-09-10 19:16:32 @mori {"event":"ui","process_calls":10102,"render_calls":3730,"music_polls":1901,"model_bytes":15312,"directory_scans":11,"cache_hits":0,"page":6,"selected":1,"count":42,"preview_generation":13,"file_worker_stack_free":10944,"file_start_active":false,"preview_active":true,"preview_done":false,"preview_available":false,"screen_dimmed":false,"selection":"_nds","status":"TF根目录"}
2026-09-10 19:16:33 @mori {"event":"key","message":"down"}
2026-09-10 19:16:33 @mori {"event":"ui","process_calls":10113,"render_calls":3741,"music_polls":1902,"model_bytes":15312,"directory_scans":11,"cache_hits":0,"page":6,"selected":2,"count":42,"preview_generation":13,"file_worker_stack_free":10944,"file_start_active":false,"preview_active":true,"preview_done":false,"preview_available":false,"screen_dimmed":false,"selection":"dumps","status":"TF根目录"}
2026-09-10 19:16:33 @mori {"event":"key","message":"down"}
2026-09-10 19:16:33 @mori {"event":"ui","process_calls":10122,"render_calls":3750,"music_polls":1904,"model_bytes":15312,"directory_scans":11,"cache_hits":0,"page":6,"selected":3,"count":42,"preview_generation":13,"file_worker_stack_free":10944,"file_start_active":false,"preview_active":true,"preview_done":false,"preview_available":false,"screen_dimmed":false,"selection":"GBA汉化","status":"TF根目录"}
2026-09-10 19:16:33 @mori {"event":"key","message":"down"}
2026-09-10 19:16:33 @mori {"event":"ui","process_calls":10133,"render_calls":3761,"music_polls":1906,"model_bytes":15312,"directory_scans":11,"cache_hits":0,"page":6,"selected":4,"count":42,"preview_generation":13,"file_worker_stack_free":10944,"file_start_active":false,"preview_active":true,"preview_done":false,"preview_available":false,"screen_dimmed":false,"selection":"music","status":"TF根目录"}
2026-09-10 19:16:33 @mori {"event":"key","message":"down"}
2026-09-10 19:16:33 @mori {"event":"ui","process_calls":10144,"render_calls":3772,"music_polls":1907,"model_bytes":15312,"directory_scans":11,"cache_hits":0,"page":6,"selected":5,"count":42,"preview_generation":13,"file_worker_stack_free":10944,"file_start_active":false,"preview_active":true,"preview_done":false,"preview_available":false,"screen_dimmed":false,"selection":"retro-go","status":"TF根目录"}
2026-09-10 19:16:33 @mori {"event":"key","message":"down"}
2026-09-10 19:16:33 @mori {"event":"ui","process_calls":10154,"render_calls":3782,"music_polls":1909,"model_bytes":15312,"directory_scans":11,"cache_hits":0,"page":6,"selected":6,"count":42,"preview_generation":13,"file_worker_stack_free":10944,"file_start_active":false,"preview_active":true,"preview_done":false,"preview_available":false,"screen_dimmed":false,"selection":"ROM_OUTPUT","status":"TF根目录"}
2026-09-10 19:16:33 @mori {"event":"key","message":"down"}
2026-09-10 19:16:34 @mori {"event":"ui","process_calls":10165,"render_calls":3793,"music_polls":1910,"model_bytes":15312,"directory_scans":11,"cache_hits":0,"page":6,"selected":7,"count":42,"preview_generation":13,"file_worker_stack_free":10944,"file_start_active":false,"preview_active":true,"preview_done":false,"preview_available":false,"screen_dimmed":false,"selection":"romart","status":"TF根目录"}
2026-09-10 19:16:34 @mori {"event":"key","message":"down"}
2026-09-10 19:16:34 @mori {"event":"ui","process_calls":10175,"render_calls":3803,"music_polls":1912,"model_bytes":15312,"directory_scans":11,"cache_hits":0,"page":6,"selected":8,"count":42,"preview_generation":13,"file_worker_stack_free":10944,"file_start_active":false,"preview_active":true,"preview_done":false,"preview_available":false,"screen_dimmed":false,"selection":"roms","status":"TF根目录"}
2026-09-10 19:16:34 @mori {"event":"key","message":"down"}
2026-09-10 19:16:34 @mori {"event":"ui","process_calls":10185,"render_calls":3813,"music_polls":1913,"model_bytes":15312,"directory_scans":11,"cache_hits":0,"page":6,"selected":9,"count":42,"preview_generation":13,"file_worker_stack_free":10944,"file_start_active":false,"preview_active":true,"preview_done":false,"preview_available":false,"screen_dimmed":false,"selection":"SAVEGAME","status":"TF根目录"}
2026-09-10 19:16:34 @mori {"event":"key","message":"down"}
2026-09-10 19:16:34 @mori {"event":"ui","process_calls":10196,"render_calls":3824,"music_polls":1915,"model_bytes":15312,"directory_scans":11,"cache_hits":0,"page":6,"selected":10,"count":42,"preview_generation":13,"file_worker_stack_free":10944,"file_start_active":false,"preview_active":true,"preview_done":false,"preview_available":false,"screen_dimmed":false,"selection":"SRAM","status":"TF根目录"}
2026-09-10 19:16:34 @mori {"event":"key","message":"down"}
2026-09-10 19:16:34 @mori {"event":"ui","process_calls":10206,"render_calls":3834,"music_polls":1916,"model_bytes":15312,"directory_scans":11,"cache_hits":0,"page":6,"selected":11,"count":42,"preview_generation":13,"file_worker_stack_free":10944,"file_start_active":false,"preview_active":true,"preview_done":false,"preview_available":false,"screen_dimmed":false,"selection":"宝可梦","status":"TF根目录"}
2026-09-10 19:16:34 @mori {"event":"key","message":"down"}
2026-09-10 19:16:34 @mori {"event":"ui","process_calls":10210,"render_calls":3838,"music_polls":1917,"model_bytes":15312,"directory_scans":11,"cache_hits":0,"page":6,"selected":12,"count":42,"preview_generation":13,"file_worker_stack_free":10944,"file_start_active":false,"preview_active":true,"preview_done":false,"preview_available":false,"screen_dimmed":false,"selection":"[1MSRAM][FTC]口袋妖怪 - 宝石_中文典藏版[漫游&TGB联合汉化] (1).gba","status":"TF根目录"}
2026-09-10 19:16:34 @mori {"event":"key","message":"down"}
2026-09-10 19:16:35 @mori {"event":"ui","process_calls":10219,"render_calls":3847,"music_polls":1919,"model_bytes":15312,"directory_scans":11,"cache_hits":0,"page":6,"selected":13,"count":42,"preview_generation":13,"file_worker_stack_free":10944,"file_start_active":false,"preview_active":true,"preview_done":false,"preview_available":false,"screen_dimmed":false,"selection":"Kirby & The Amazing Mirror (USA).gba","status":"TF根目录"}
2026-09-10 19:16:35 @mori {"event":"key","message":"down"}
2026-09-10 19:16:35 @mori {"event":"ui","process_calls":10227,"render_calls":3855,"music_polls":1920,"model_bytes":15312,"directory_scans":11,"cache_hits":0,"page":6,"selected":14,"count":42,"preview_generation":13,"file_worker_stack_free":10944,"file_start_active":false,"preview_active":true,"preview_done":false,"preview_available":false,"screen_dimmed":false,"selection":"LK_MULTIMENU_L556.gba","status":"TF根目录"}
2026-09-10 19:16:35 @mori {"event":"key","message":"down"}
2026-09-10 19:16:35 I (229244) ui: ROM preview generation=13 result=ESP_OK available=1 stack_free=10944
2026-09-10 19:16:35 @mori {"event":"ui","process_calls":10234,"render_calls":3862,"music_polls":1922,"model_bytes":15312,"directory_scans":11,"cache_hits":0,"page":6,"selected":15,"count":42,"preview_generation":13,"file_worker_stack_free":10944,"file_start_active":false,"preview_active":false,"preview_done":true,"preview_available":true,"screen_dimmed":false,"selection":"superfw-debug.gba","status":"TF根目录"}
2026-09-10 19:16:35 @mori {"event":"key","message":"down"}
2026-09-10 19:16:35 @mori {"event":"ui","process_calls":10243,"render_calls":3871,"music_polls":1924,"model_bytes":15312,"directory_scans":11,"cache_hits":0,"page":6,"selected":16,"count":42,"preview_generation":13,"file_worker_stack_free":10944,"file_start_active":false,"preview_active":false,"preview_done":true,"preview_available":true,"screen_dimmed":false,"selection":"X 星之卡比-镜之大迷宫[简].gba","status":"TF根目录"}
2026-09-10 19:16:35 @mori {"event":"key","message":"down"}
2026-09-10 19:16:35 @mori {"event":"ui","process_calls":10253,"render_calls":3881,"music_polls":1925,"model_bytes":15312,"directory_scans":11,"cache_hits":0,"page":6,"selected":17,"count":42,"preview_generation":13,"file_worker_stack_free":10944,"file_start_active":false,"preview_active":false,"preview_done":true,"preview_available":true,"screen_dimmed":false,"selection":"地球冒险3.gba","status":"TF根目录"}
2026-09-10 19:16:35 @mori {"event":"key","message":"down"}
2026-09-10 19:16:35 @mori {"event":"ui","process_calls":10262,"render_calls":3890,"music_polls":1926,"model_bytes":15312,"directory_scans":11,"cache_hits":0,"page":6,"selected":18,"count":42,"preview_generation":13,"file_worker_stack_free":10944,"file_start_active":false,"preview_active":false,"preview_done":true,"preview_available":true,"screen_dimmed":false,"selection":"地球冒险3.patched-1.gba","status":"TF根目录"}
2026-09-10 19:16:35 @mori {"event":"key","message":"down"}
2026-09-10 19:16:36 @mori {"event":"ui","process_calls":10273,"render_calls":3901,"music_polls":1928,"model_bytes":15312,"directory_scans":11,"cache_hits":0,"page":6,"selected":19,"count":42,"preview_generation":13,"file_worker_stack_free":10944,"file_start_active":false,"preview_active":false,"preview_done":true,"preview_available":true,"screen_dimmed":false,"selection":"地球冒险3.patched-2.gba","status":"TF根目录"}
2026-09-10 19:16:36 @mori {"event":"key","message":"down"}
2026-09-10 19:16:36 @mori {"event":"ui","process_calls":10283,"render_calls":3911,"music_polls":1929,"model_bytes":15312,"directory_scans":11,"cache_hits":0,"page":6,"selected":20,"count":42,"preview_generation":13,"file_worker_stack_free":10944,"file_start_active":false,"preview_active":false,"preview_done":true,"preview_available":true,"screen_dimmed":false,"selection":"地球冒险3.patched.gba","status":"TF根目录"}
2026-09-10 19:16:36 @mori {"event":"key","message":"down"}
2026-09-10 19:16:36 @mori {"event":"ui","process_calls":10292,"render_calls":3920,"music_polls":1931,"model_bytes":15312,"directory_scans":11,"cache_hits":0,"page":6,"selected":21,"count":42,"preview_generation":13,"file_worker_stack_free":10944,"file_start_active":false,"preview_active":false,"preview_done":true,"preview_available":true,"screen_dimmed":false,"selection":"好狗狗星系.gba","status":"TF根目录"}
2026-09-10 19:16:36 @mori {"event":"key","message":"down"}
2026-09-10 19:16:36 @mori {"event":"ui","process_calls":10302,"render_calls":3930,"music_polls":1932,"model_bytes":15312,"directory_scans":11,"cache_hits":0,"page":6,"selected":22,"count":42,"preview_generation":13,"file_worker_stack_free":10944,"file_start_active":false,"preview_active":false,"preview_done":true,"preview_available":true,"screen_dimmed":false,"selection":"逆转裁判2.gba","status":"TF根目录"}
2026-09-10 19:16:36 @mori {"event":"key","message":"down"}
2026-09-10 19:16:36 @mori {"event":"ui","process_calls":10313,"render_calls":3941,"music_polls":1934,"model_bytes":15312,"directory_scans":11,"cache_hits":0,"page":6,"selected":23,"count":42,"preview_generation":13,"file_worker_stack_free":10944,"file_start_active":false,"preview_active":false,"preview_done":true,"preview_available":true,"screen_dimmed":false,"selection":"逆转裁判2[CGP](简)(JP)(77.39Mb).gba","status":"TF根目录"}
2026-09-10 19:16:36 @mori {"event":"key","message":"down"}
2026-09-10 19:16:36 @mori {"event":"ui","process_calls":10318,"render_calls":3946,"music_polls":1935,"model_bytes":15312,"directory_scans":11,"cache_hits":0,"page":6,"selected":24,"count":42,"preview_generation":13,"file_worker_stack_free":10944,"file_start_active":false,"preview_active":false,"preview_done":true,"preview_available":true,"screen_dimmed":false,"selection":"逆转裁判2[Eastred][Chapter 1](简)(JP)(96Mb).gba","status":"TF根目录"}
2026-09-10 19:16:36 @mori {"event":"key","message":"down"}
2026-09-10 19:16:36 @mori {"event":"ui","process_calls":10326,"render_calls":3954,"music_polls":1936,"model_bytes":15312,"directory_scans":11,"cache_hits":0,"page":6,"selected":25,"count":42,"preview_generation":13,"file_worker_stack_free":10944,"file_start_active":false,"preview_active":false,"preview_done":true,"preview_available":true,"screen_dimmed":false,"selection":"逆转裁判2移除片头.gba","status":"TF根目录"}
2026-09-10 19:16:37 @mori {"event":"key","message":"down"}
2026-09-10 19:16:37 @mori {"event":"ui","process_calls":10337,"render_calls":3965,"music_polls":1938,"model_bytes":15312,"directory_scans":11,"cache_hits":0,"page":6,"selected":26,"count":42,"preview_generation":13,"file_worker_stack_free":10944,"file_start_active":false,"preview_active":false,"preview_done":true,"preview_available":true,"screen_dimmed":false,"selection":"逆转裁判2移除片头2.gba","status":"TF根目录"}
2026-09-10 19:16:37 @mori {"event":"key","message":"down"}
2026-09-10 19:16:37 @mori {"event":"ui","process_calls":10345,"render_calls":3973,"music_polls":1939,"model_bytes":15312,"directory_scans":11,"cache_hits":0,"page":6,"selected":27,"count":42,"preview_generation":13,"file_worker_stack_free":10944,"file_start_active":false,"preview_active":false,"preview_done":true,"preview_available":true,"screen_dimmed":false,"selection":"逆转裁判2移除片头3.gba","status":"TF根目录"}
2026-09-10 19:16:37 @mori {"event":"key","message":"down"}
2026-09-10 19:16:37 @mori {"event":"ui","process_calls":10356,"render_calls":3984,"music_polls":1941,"model_bytes":15312,"directory_scans":11,"cache_hits":0,"page":6,"selected":28,"count":42,"preview_generation":13,"file_worker_stack_free":10944,"file_start_active":false,"preview_active":false,"preview_done":true,"preview_available":true,"screen_dimmed":false,"selection":"逆转裁判2移除片头4.gba","status":"TF根目录"}
2026-09-10 19:16:37 @mori {"event":"key","message":"down"}
2026-09-10 19:16:37 @mori {"event":"ui","process_calls":10366,"render_calls":3994,"music_polls":1942,"model_bytes":15312,"directory_scans":11,"cache_hits":0,"page":6,"selected":29,"count":42,"preview_generation":13,"file_worker_stack_free":10944,"file_start_active":false,"preview_active":false,"preview_done":true,"preview_available":true,"screen_dimmed":false,"selection":"银河战士 融合.gba","status":"TF根目录"}
2026-09-10 19:16:37 @mori {"event":"key","message":"down"}
2026-09-10 19:16:37 @mori {"event":"ui","process_calls":10376,"render_calls":4004,"music_polls":1943,"model_bytes":15312,"directory_scans":11,"cache_hits":0,"page":6,"selected":30,"count":42,"preview_generation":13,"file_worker_stack_free":10944,"file_start_active":false,"preview_active":false,"preview_done":true,"preview_available":true,"screen_dimmed":false,"selection":"银河战士 零号任务.gba","status":"TF根目录"}
2026-09-10 19:16:37 @mori {"event":"key","message":"down"}
2026-09-10 19:16:37 @mori {"event":"ui","process_calls":10387,"render_calls":4015,"music_polls":1945,"model_bytes":15312,"directory_scans":11,"cache_hits":0,"page":6,"selected":31,"count":42,"preview_generation":13,"file_worker_stack_free":10944,"file_start_active":false,"preview_active":false,"preview_done":true,"preview_available":true,"screen_dimmed":false,"selection":"马里奥赛车 超级巡回赛.gba","status":"TF根目录"}
2026-09-10 19:16:38 @mori {"event":"key","message":"down"}
2026-09-10 19:16:38 @mori {"event":"ui","process_calls":10397,"render_calls":4025,"music_polls":1947,"model_bytes":15312,"directory_scans":11,"cache_hits":0,"page":6,"selected":32,"count":42,"preview_generation":13,"file_worker_stack_free":10944,"file_start_active":false,"preview_active":false,"preview_done":true,"preview_available":true,"screen_dimmed":false,"selection":"魂斗罗Advance - 异型战争EX[Hulihutu](简)(US)(32Mb).gba","status":"TF根目录"}
2026-09-10 19:16:38 @mori {"event":"key","message":"down"}
2026-09-10 19:16:38 @mori {"event":"ui","process_calls":10406,"render_calls":4034,"music_polls":1948,"model_bytes":15312,"directory_scans":11,"cache_hits":0,"page":6,"selected":33,"count":42,"preview_generation":13,"file_worker_stack_free":10944,"file_start_active":false,"preview_active":false,"preview_done":true,"preview_available":true,"screen_dimmed":false,"selection":"魔法元素![TGB](简)(JP)(32Mb) - 副本.gba","status":"TF根目录"}
2026-09-10 19:16:38 @mori {"event":"key","message":"down"}
2026-09-10 19:16:38 @mori {"event":"ui","process_calls":10415,"render_calls":4043,"music_polls":1949,"model_bytes":15312,"directory_scans":11,"cache_hits":0,"page":6,"selected":34,"count":42,"preview_generation":13,"file_worker_stack_free":10944,"file_start_active":false,"preview_active":false,"preview_done":true,"preview_available":true,"screen_dimmed":false,"selection":"魔法元素![TGB](简)(JP)(32Mb) 去片头.gba","status":"TF根目录"}
2026-09-10 19:16:38 @mori {"event":"key","message":"down"}
2026-09-10 19:16:38 @mori {"event":"ui","process_calls":10425,"render_calls":4053,"music_polls":1951,"model_bytes":15312,"directory_scans":11,"cache_hits":0,"page":6,"selected":35,"count":42,"preview_generation":13,"file_worker_stack_free":10944,"file_start_active":false,"preview_active":false,"preview_done":true,"preview_available":true,"screen_dimmed":false,"selection":"黄金太阳1 开启的封印.gba","status":"TF根目录"}
2026-09-10 19:16:38 @mori {"event":"key","message":"a"}
2026-09-10 19:16:38 I (232685) ui: ROM preview generation=14 result=ESP_OK available=1 stack_free=10944
2026-09-10 19:16:38 @mori {"event":"ui","process_calls":10430,"render_calls":4058,"music_polls":1952,"model_bytes":15312,"directory_scans":11,"cache_hits":0,"page":15,"selected":2,"count":9,"preview_generation":14,"file_worker_stack_free":10944,"file_start_active":false,"preview_active":false,"preview_done":true,"preview_available":true,"screen_dimmed":false,"selection":"ROM: 写入","status":"已选择ROM"}
2026-09-10 19:16:38 @mori {"event":"status","version":"v2.32-106-g981613b-dirty","uptime_ms":231560,"internal_free":82507,"internal_largest":31744,"psram_free":7556280,"burn_running":false,"patch_running":false,"cancel_requested":false,"phase":"","detail":"","offset":0,"total":0,"passes":0,"read_bytes":0,"read_ms":0,"elapsed_ms":0,"result":0,"ag32_link":"auto","ag32_link_active":"legacy","ag32_capabilities":0,"ag32_capabilities_known":false}
2026-09-10 19:17:10 (248711) main: TCA9555 IRQ BTN_UP pin=0x0004 level=0
2026-09-10 19:17:10 I (249061) main: TCA9555 IRQ BTN_UP pin=0x0004 level=0
2026-09-10 19:17:10 I (249420) main: TCA9555 IRQ BTN_A pin=0x0080 level=0
2026-09-10 19:17:10 I (249650) burner_web: GBA D0/D1 swap detection starting...
2026-09-10 19:17:10 I (249652) burner_web: D0/D1 swap detection: entering CFI mode (word addr 0x055)
2026-09-10 19:17:10 I (249653) burner_web: D0/D1 swap detection: CFI 'QRY' detected (normal, low-byte lane) [010]=0051 [011]=0052 [012]=0059
2026-09-10 19:17:10 I (249664) burner_web: GBA D0/D1 swap detection: NORMAL (no swap), lane=low
2026-09-10 19:17:10 I (249670) burner_web: GBA ReadID trace begin t=248455413us
2026-09-10 19:17:10 I (249676) burner_web: GBA ReadID trace write addr=0x555 data=0x00AA dt=5345us (0.005345s)
2026-09-10 19:17:10 I (249684) burner_web: GBA ReadID trace write addr=0x2AA data=0x0055 dt=8200us (0.008200s)
2026-09-10 19:17:10 I (249692) burner_web: GBA ReadID trace write addr=0x555 data=0x0090 dt=8201us (0.008201s)
2026-09-10 19:17:10 I (249700) burner_web: GBA ReadID trace read addr=0x000 data=0x0089 dt=7853us (0.007853s)
2026-09-10 19:17:10 I (249708) burner_web: GBA ReadID trace read addr=0x001 data=0x227E dt=7912us (0.007912s)
2026-09-10 19:17:10 I (249716) burner_web: GBA ReadID trace read addr=0x00E data=0x2228 dt=7941us (0.007941s)
2026-09-10 19:17:10 I (249724) burner_web: GBA ReadID trace read addr=0x00F data=0x2201 dt=7891us (0.007891s)
2026-09-10 19:17:10 I (249731) burner_web: GBA ReadID trace write addr=0x000 data=0x00F0 dt=7920us (0.007920s)
2026-09-10 19:17:10 I (249739) burner_web: GBA ReadID trace end status=ESP_OK total=68980us (0.068980s)
2026-09-10 19:17:10 I (249747) burner_web: GBA word-address probe @40000000Hz try=1 id=89 00 7E 22 28 22 01 22 (candidate-id)
2026-09-10 19:17:10 I (249756) burner_web: GBA Intel ReadID trace begin t=248541228us
2026-09-10 19:17:10 I (249762) burner_web: GBA Intel ReadID trace write addr=0x000 data=0x0050 dt=5520us (0.005520s)
2026-09-10 19:17:10 I (249770) burner_web: GBA Intel ReadID trace write addr=0x000 data=0x00FF dt=8918us (0.008918s)
2026-09-10 19:17:10 I (249779) burner_web: GBA Intel ReadID trace write addr=0x000 data=0x0090 dt=8641us (0.008641s)
2026-09-10 19:17:10 I (249788) burner_web: GBA Intel ReadID trace read addr=0x000 data=0x002E dt=8396us (0.008396s)
2026-09-10 19:17:10 I (249796) burner_web: GBA Intel ReadID trace read addr=0x001 data=0xEA00 dt=8579us (0.008579s)
2026-09-10 19:17:10 @mori {"event":"status","version":"v2.32-106-g981613b-dirty","uptime_ms":263197,"internal_free":82507,"internal_largest":31744,"psram_free":7556300,"burn_running":false,"patch_running":false,"cancel_requested":false,"phase":"","detail":"","offset":0,"total":0,"passes":0,"read_bytes":0,"read_ms":0,"elapsed_ms":0,"result":0,"ag32_link":"auto","ag32_link_active":"cpld","ag32_capabilities":0,"ag32_capabilities_known":false}
2026-09-10 19:17:10 @mori {"event":"ui","process_calls":11222,"render_calls":4850,"music_polls":2205,"model_bytes":15312,"directory_scans":12,"cache_hits":0,"page":15,"selected":0,"count":9,"preview_generation":14,"file_worker_stack_free":10944,"file_start_active":false,"preview_active":false,"preview_done":true,"preview_available":true,"screen_dimmed":false,"selection":"重新分析","status":"TF根目录"}
2026-09-10 19:17:10 @mori {"event":"ui","process_calls":11223,"render_calls":4851,"music_polls":2205,"model_bytes":15312,"directory_scans":12,"cache_hits":0,"page":15,"selected":0,"count":9,"preview_generation":14,"file_worker_stack_free":10944,"file_start_active":false,"preview_active":false,"preview_done":true,"preview_available":true,"screen_dimmed":false,"selection":"重新分析","status":"TF根目录"}
2026-09-10 19:17:10 @mori {"event":"ui","process_calls":11224,"render_calls":4852,"music_polls":2206,"model_bytes":15312,"directory_scans":12,"cache_hits":0,"page":15,"selected":0,"count":9,"preview_generation":14,"file_worker_stack_free":10944,"file_start_active":false,"preview_active":false,"preview_done":true,"preview_available":true,"screen_dimmed":false,"selection":"重新分析","status":"TF根目录"}
2026-09-10 19:17:11 @mori {"event":"ui","process_calls":11250,"render_calls":4878,"music_polls":2214,"model_bytes":15312,"directory_scans":12,"cache_hits":0,"page":15,"selected":0,"count":9,"preview_generation":14,"file_worker_stack_free":10944,"file_start_active":false,"preview_active":false,"preview_done":true,"preview_available":true,"screen_dimmed":false,"selection":"重新分析","status":"TF根目录"}
2026-09-10 19:17:12 @mori {"event":"ui","process_calls":11275,"render_calls":4903,"music_polls":2222,"model_bytes":15312,"directory_scans":12,"cache_hits":0,"page":15,"selected":0,"count":9,"preview_generation":14,"file_worker_stack_free":10944,"file_start_active":false,"preview_active":false,"preview_done":true,"preview_available":true,"screen_dimmed":false,"selection":"重新分析","status":"TF根目录"}
2026-09-10 19:17:13 @mori {"event":"ui","process_calls":11301,"render_calls":4929,"music_polls":2231,"model_bytes":15312,"directory_scans":12,"cache_hits":0,"page":15,"selected":0,"count":9,"preview_generation":14,"file_worker_stack_free":10944,"file_start_active":false,"preview_active":false,"preview_done":true,"preview_available":true,"screen_dimmed":false,"selection":"重新分析","status":"TF根目录"}
2026-09-10 19:17:14 @mori {"event":"ui","process_calls":11327,"render_calls":4955,"music_polls":2239,"model_bytes":15312,"directory_scans":12,"cache_hits":0,"page":15,"selected":0,"count":9,"preview_generation":14,"file_worker_stack_free":10944,"file_start_active":false,"preview_active":false,"preview_done":true,"preview_available":true,"screen_dimmed":false,"selection":"重新分析","status":"TF根目录"}
2026-09-10 19:17:15 @mori {"event":"ui","process_calls":11353,"render_calls":4981,"music_polls":2248,"model_bytes":15312,"directory_scans":12,"cache_hits":0,"page":15,"selected":0,"count":9,"preview_generation":14,"file_worker_stack_free":10944,"file_start_active":false,"preview_active":false,"preview_done":true,"preview_available":true,"screen_dimmed":false,"selection":"重新分析","status":"TF根目录"}
2026-09-10 19:17:16 @mori {"event":"ui","process_calls":11379,"render_calls":5007,"music_polls":2256,"model_bytes":15312,"directory_scans":12,"cache_hits":0,"page":15,"selected":0,"count":9,"preview_generation":14,"file_worker_stack_free":10944,"file_start_active":false,"preview_active":false,"preview_done":true,"preview_available":true,"screen_dimmed":false,"selection":"重新分析","status":"TF根目录"}
2026-09-10 19:17:17 @mori {"event":"ui","process_calls":11404,"render_calls":5032,"music_polls":2264,"model_bytes":15312,"directory_scans":12,"cache_hits":0,"page":15,"selected":0,"count":9,"preview_generation":14,"file_worker_stack_free":10944,"file_start_active":false,"preview_active":false,"preview_done":true,"preview_available":true,"screen_dimmed":false,"selection":"重新分析","status":"TF根目录"}
2026-09-10 19:17:18 @mori {"event":"ui","process_calls":11430,"render_calls":5058,"music_polls":2272,"model_bytes":15312,"directory_scans":12,"cache_hits":0,"page":15,"selected":0,"count":9,"preview_generation":14,"file_worker_stack_free":10944,"file_start_active":false,"preview_active":false,"preview_done":true,"preview_available":true,"screen_dimmed":false,"selection":"重新分析","status":"TF根目录"}
2026-09-10 19:17:19 @mori {"event":"ui","process_calls":11456,"render_calls":5084,"music_polls":2281,"model_bytes":15312,"directory_scans":12,"cache_hits":0,"page":15,"selected":0,"count":9,"preview_generation":14,"file_worker_stack_free":10944,"file_start_active":false,"preview_active":false,"preview_done":true,"preview_available":true,"screen_dimmed":false,"selection":"重新分析","status":"TF根目录"}
2026-09-10 19:17:21 @mori {"event":"ui","process_calls":11481,"render_calls":5109,"music_polls":2289,"model_bytes":15312,"directory_scans":12,"cache_hits":0,"page":15,"selected":0,"count":9,"preview_generation":14,"file_worker_stack_free":10944,"file_start_active":false,"preview_active":false,"preview_done":true,"preview_available":true,"screen_dimmed":false,"selection":"重新分析","status":"TF根目录"}
2026-09-10 19:17:22 @mori {"event":"ui","process_calls":11507,"render_calls":5135,"music_polls":2298,"model_bytes":15312,"directory_scans":12,"cache_hits":0,"page":15,"selected":0,"count":9,"preview_generation":14,"file_worker_stack_free":10944,"file_start_active":false,"preview_active":false,"preview_done":true,"preview_available":true,"screen_dimmed":false,"selection":"重新分析","status":"TF根目录"}
2026-09-10 19:17:23 @mori {"event":"ui","process_calls":11533,"render_calls":5161,"music_polls":2306,"model_bytes":15312,"directory_scans":12,"cache_hits":0,"page":15,"selected":0,"count":9,"preview_generation":14,"file_worker_stack_free":10944,"file_start_active":false,"preview_active":false,"preview_done":true,"preview_available":true,"screen_dimmed":false,"selection":"重新分析","status":"TF根目录"}
2026-09-10 19:17:24 @mori {"event":"ui","process_calls":11558,"render_calls":5186,"music_polls":2314,"model_bytes":15312,"directory_scans":12,"cache_hits":0,"page":15,"selected":0,"count":9,"preview_generation":14,"file_worker_stack_free":10944,"file_start_active":false,"preview_active":false,"preview_done":true,"preview_available":true,"screen_dimmed":false,"selection":"重新分析","status":"TF根目录"}
2026-09-10 19:17:25 @mori {"event":"ui","process_calls":11584,"render_calls":5212,"music_polls":2323,"model_bytes":15312,"directory_scans":12,"cache_hits":0,"page":15,"selected":0,"count":9,"preview_generation":14,"file_worker_stack_free":10944,"file_start_active":false,"preview_active":false,"preview_done":true,"preview_available":true,"screen_dimmed":false,"selection":"重新分析","status":"TF根目录"}
2026-09-10 19:17:26 @mori {"event":"ui","process_calls":11610,"render_calls":5238,"music_polls":2331,"model_bytes":15312,"directory_scans":12,"cache_hits":0,"page":15,"selected":0,"count":9,"preview_generation":14,"file_worker_stack_free":10944,"file_start_active":false,"preview_active":false,"preview_done":true,"preview_available":true,"screen_dimmed":false,"selection":"重新分析","status":"TF根目录"}
2026-09-10 19:17:27 @mori {"event":"ui","process_calls":11635,"render_calls":5263,"music_polls":2339,"model_bytes":15312,"directory_scans":12,"cache_hits":0,"page":15,"selected":0,"count":9,"preview_generation":14,"file_worker_stack_free":10944,"file_start_active":false,"preview_active":false,"preview_done":true,"preview_available":true,"screen_dimmed":false,"selection":"重新分析","status":"TF根目录"}
2026-09-10 19:17:28 @mori {"event":"ui","process_calls":11661,"render_calls":5289,"music_polls":2348,"model_bytes":15312,"directory_scans":12,"cache_hits":0,"page":15,"selected":0,"count":9,"preview_generation":14,"file_worker_stack_free":10944,"file_start_active":false,"preview_active":false,"preview_done":true,"preview_available":true,"screen_dimmed":false,"selection":"重新分析","status":"TF根目录"}
2026-09-10 19:17:29 @mori {"event":"ui","process_calls":11687,"render_calls":5315,"music_polls":2356,"model_bytes":15312,"directory_scans":12,"cache_hits":0,"page":15,"selected":0,"count":9,"preview_generation":14,"file_worker_stack_free":10944,"file_start_active":false,"preview_active":false,"preview_done":true,"preview_available":true,"screen_dimmed":false,"selection":"重新分析","status":"TF根目录"}
2026-09-10 19:17:30 @mori {"event":"ui","process_calls":11712,"render_calls":5340,"music_polls":2364,"model_bytes":15312,"directory_scans":12,"cache_hits":0,"page":15,"selected":0,"count":9,"preview_generation":14,"file_worker_stack_free":10944,"file_start_active":false,"preview_active":false,"preview_done":true,"preview_available":true,"screen_dimmed":false,"selection":"重新分析","status":"TF根目录"}
2026-09-10 19:17:31 @mori {"event":"ui","process_calls":11738,"render_calls":5366,"music_polls":2373,"model_bytes":15312,"directory_scans":12,"cache_hits":0,"page":15,"selected":0,"count":9,"preview_generation":14,"file_worker_stack_free":10944,"file_start_active":false,"preview_active":false,"preview_done":true,"preview_available":true,"screen_dimmed":false,"selection":"重新分析","status":"TF根目录"}
2026-09-10 19:17:32 @mori {"event":"ui","process_calls":11764,"render_calls":5392,"music_polls":2381,"model_bytes":15312,"directory_scans":12,"cache_hits":0,"page":15,"selected":0,"count":9,"preview_generation":14,"file_worker_stack_free":10944,"file_start_active":false,"preview_active":false,"preview_done":true,"preview_available":true,"screen_dimmed":false,"selection":"重新分析","status":"TF根目录"}
2026-09-10 19:17:33 @mori {"event":"ui","process_calls":11789,"render_calls":5417,"music_polls":2389,"model_bytes":15312,"directory_scans":12,"cache_hits":0,"page":15,"selected":0,"count":9,"preview_generation":14,"file_worker_stack_free":10944,"file_start_active":false,"preview_active":false,"preview_done":true,"preview_available":true,"screen_dimmed":false,"selection":"重新分析","status":"TF根目录"}
2026-09-10 19:17:34 @mori {"event":"ui","process_calls":11815,"render_calls":5443,"music_polls":2398,"model_bytes":15312,"directory_scans":12,"cache_hits":0,"page":15,"selected":0,"count":9,"preview_generation":14,"file_worker_stack_free":10944,"file_start_active":false,"preview_active":false,"preview_done":true,"preview_available":true,"screen_dimmed":false,"selection":"重新分析","status":"TF根目录"}
2026-09-10 19:17:35 @mori {"event":"ui","process_calls":11841,"render_calls":5469,"music_polls":2406,"model_bytes":15312,"directory_scans":12,"cache_hits":0,"page":15,"selected":0,"count":9,"preview_generation":14,"file_worker_stack_free":10944,"file_start_active":false,"preview_active":false,"preview_done":true,"preview_available":true,"screen_dimmed":false,"selection":"重新分析","status":"TF根目录"}
2026-09-10 19:17:36 @mori {"event":"ui","process_calls":11866,"render_calls":5494,"music_polls":2415,"model_bytes":15312,"directory_scans":12,"cache_hits":0,"page":15,"selected":0,"count":9,"preview_generation":14,"file_worker_stack_free":10944,"file_start_active":false,"preview_active":false,"preview_done":true,"preview_available":true,"screen_dimmed":false,"selection":"重新分析","status":"TF根目录"}
2026-09-10 19:17:37 @mori {"event":"ui","process_calls":11892,"render_calls":5520,"music_polls":2423,"model_bytes":15312,"directory_scans":12,"cache_hits":0,"page":15,"selected":0,"count":9,"preview_generation":14,"file_worker_stack_free":10944,"file_start_active":false,"preview_active":false,"preview_done":true,"preview_available":true,"screen_dimmed":false,"selection":"重新分析","status":"TF根目录"}
2026-09-10 19:17:38 @mori {"event":"ui","process_calls":11918,"render_calls":5546,"music_polls":2432,"model_bytes":15312,"directory_scans":12,"cache_hits":0,"page":15,"selected":0,"count":9,"preview_generation":14,"file_worker_stack_free":10944,"file_start_active":false,"preview_active":false,"preview_done":true,"preview_available":true,"screen_dimmed":false,"selection":"重新分析","status":"TF根目录"}
2026-09-10 19:17:39 @mori {"event":"ui","process_calls":11943,"render_calls":5571,"music_polls":2440,"model_bytes":15312,"directory_scans":12,"cache_hits":0,"page":15,"selected":0,"count":9,"preview_generation":14,"file_worker_stack_free":10944,"file_start_active":false,"preview_active":false,"preview_done":true,"preview_available":true,"screen_dimmed":false,"selection":"重新分析","status":"TF根目录"}
2026-09-10 19:17:40 @mori {"event":"ui","process_calls":11969,"render_calls":5597,"music_polls":2448,"model_bytes":15312,"directory_scans":12,"cache_hits":0,"page":15,"selected":0,"count":9,"preview_generation":14,"file_worker_stack_free":10944,"file_start_active":false,"preview_active":false,"preview_done":true,"preview_available":true,"screen_dimmed":false,"selection":"重新分析","status":"TF根目录"}
2026-09-10 19:17:41 @mori {"event":"ui","process_calls":11995,"render_calls":5623,"music_polls":2457,"model_bytes":15312,"directory_scans":12,"cache_hits":0,"page":15,"selected":0,"count":9,"preview_generation":14,"file_worker_stack_free":10944,"file_start_active":false,"preview_active":false,"preview_done":true,"preview_available":true,"screen_dimmed":false,"selection":"重新分析","status":"TF根目录"}
2026-09-10 19:17:42 @mori {"event":"ui","process_calls":12020,"render_calls":5648,"music_polls":2465,"model_bytes":15312,"directory_scans":12,"cache_hits":0,"page":15,"selected":0,"count":9,"preview_generation":14,"file_worker_stack_free":10944,"file_start_active":false,"preview_active":false,"preview_done":true,"preview_available":true,"screen_dimmed":false,"selection":"重新分析","status":"TF根目录"}
2026-09-10 19:17:43 @mori {"event":"ui","process_calls":12046,"render_calls":5674,"music_polls":2473,"model_bytes":15312,"directory_scans":12,"cache_hits":0,"page":15,"selected":0,"count":9,"preview_generation":14,"file_worker_stack_free":10944,"file_start_active":false,"preview_active":false,"preview_done":true,"preview_available":true,"screen_dimmed":false,"selection":"重新分析","status":"TF根目录"}
2026-09-10 19:17:44 @mori {"event":"ui","process_calls":12072,"render_calls":5700,"music_polls":2482,"model_bytes":15312,"directory_scans":12,"cache_hits":0,"page":15,"selected":0,"count":9,"preview_generation":14,"file_worker_stack_free":10944,"file_start_active":false,"preview_active":false,"preview_done":true,"preview_available":true,"screen_dimmed":false,"selection":"重新分析","status":"TF根目录"}
2026-09-10 19:17:46 @mori {"event":"ui","process_calls":12097,"render_calls":5725,"music_polls":2490,"model_bytes":15312,"directory_scans":12,"cache_hits":0,"page":15,"selected":0,"count":9,"preview_generation":14,"file_worker_stack_free":10944,"file_start_active":false,"preview_active":false,"preview_done":true,"preview_available":true,"screen_dimmed":false,"selection":"重新分析","status":"TF根目录"}
2026-09-10 19:17:47 @mori {"event":"ui","process_calls":12123,"render_calls":5751,"music_polls":2499,"model_bytes":15312,"directory_scans":12,"cache_hits":0,"page":15,"selected":0,"count":9,"preview_generation":14,"file_worker_stack_free":10944,"file_start_active":false,"preview_active":false,"preview_done":true,"preview_available":true,"screen_dimmed":false,"selection":"重新分析","status":"TF根目录"}
2026-09-10 19:17:48 @mori {"event":"ui","process_calls":12149,"render_calls":5777,"music_polls":2507,"model_bytes":15312,"directory_scans":12,"cache_hits":0,"page":15,"selected":0,"count":9,"preview_generation":14,"file_worker_stack_free":10944,"file_start_active":false,"preview_active":false,"preview_done":true,"preview_available":true,"screen_dimmed":false,"selection":"重新分析","status":"TF根目录"}
2026-09-10 19:17:49 @mori {"event":"ui","process_calls":12174,"render_calls":5802,"music_polls":2515,"model_bytes":15312,"directory_scans":12,"cache_hits":0,"page":15,"selected":0,"count":9,"preview_generation":14,"file_worker_stack_free":10944,"file_start_active":false,"preview_active":false,"preview_done":true,"preview_available":true,"screen_dimmed":false,"selection":"重新分析","status":"TF根目录"}
2026-09-10 19:17:50 @mori {"event":"ui","process_calls":12200,"render_calls":5828,"music_polls":2524,"model_bytes":15312,"directory_scans":12,"cache_hits":0,"page":15,"selected":0,"count":9,"preview_generation":14,"file_worker_stack_free":10944,"file_start_active":false,"preview_active":false,"preview_done":true,"preview_available":true,"screen_dimmed":false,"selection":"重新分析","status":"TF根目录"}
2026-09-10 19:17:51 @mori {"event":"ui","process_calls":12226,"render_calls":5854,"music_polls":2532,"model_bytes":15312,"directory_scans":12,"cache_hits":0,"page":15,"selected":0,"count":9,"preview_generation":14,"file_worker_stack_free":10944,"file_start_active":false,"preview_active":false,"preview_done":true,"preview_available":true,"screen_dimmed":false,"selection":"重新分析","status":"TF根目录"}
2026-09-10 19:17:52 @mori {"event":"ui","process_calls":12251,"render_calls":5879,"music_polls":2541,"model_bytes":15312,"directory_scans":12,"cache_hits":0,"page":15,"selected":0,"count":9,"preview_generation":14,"file_worker_stack_free":10944,"file_start_active":false,"preview_active":false,"preview_done":true,"preview_available":true,"screen_dimmed":false,"selection":"重新分析","status":"TF根目录"}
2026-09-10 19:17:53 @mori {"event":"ui","process_calls":12277,"render_calls":5905,"music_polls":2549,"model_bytes":15312,"directory_scans":12,"cache_hits":0,"page":15,"selected":0,"count":9,"preview_generation":14,"file_worker_stack_free":10944,"file_start_active":false,"preview_active":false,"preview_done":true,"preview_available":true,"screen_dimmed":false,"selection":"重新分析","status":"TF根目录"}
2026-09-10 19:17:54 @mori {"event":"ui","process_calls":12303,"render_calls":5931,"music_polls":2557,"model_bytes":15312,"directory_scans":12,"cache_hits":0,"page":15,"selected":0,"count":9,"preview_generation":14,"file_worker_stack_free":10944,"file_start_active":false,"preview_active":false,"preview_done":true,"preview_available":true,"screen_dimmed":false,"selection":"重新分析","status":"TF根目录"}
2026-09-10 19:17:55 @mori {"event":"ui","process_calls":12327,"render_calls":5955,"music_polls":2565,"model_bytes":15312,"directory_scans":12,"cache_hits":0,"page":15,"selected":0,"count":9,"preview_generation":14,"file_worker_stack_free":10944,"file_start_active":false,"preview_active":false,"preview_done":true,"preview_available":true,"screen_dimmed":false,"selection":"重新分析","status":"TF根目录"}
2026-09-10 19:17:56 @mori {"event":"ui","process_calls":12353,"render_calls":5981,"music_polls":2574,"model_bytes":15312,"directory_scans":12,"cache_hits":0,"page":15,"selected":0,"count":9,"preview_generation":14,"file_worker_stack_free":10944,"file_start_active":false,"preview_active":false,"preview_done":true,"preview_available":true,"screen_dimmed":false,"selection":"重新分析","status":"TF根目录"}
2026-09-10 19:17:57 @mori {"event":"ui","process_calls":12379,"render_calls":6007,"music_polls":2582,"model_bytes":15312,"directory_scans":12,"cache_hits":0,"page":15,"selected":0,"count":9,"preview_generation":14,"file_worker_stack_free":10944,"file_start_active":false,"preview_active":false,"preview_done":true,"preview_available":true,"screen_dimmed":false,"selection":"重新分析","status":"TF根目录"}
2026-09-10 19:17:58 @mori {"event":"ui","process_calls":12404,"render_calls":6032,"music_polls":2590,"model_bytes":15312,"directory_scans":12,"cache_hits":0,"page":15,"selected":0,"count":9,"preview_generation":14,"file_worker_stack_free":10944,"file_start_active":false,"preview_active":false,"preview_done":true,"preview_available":true,"screen_dimmed":false,"selection":"重新分析","status":"TF根目录"}
2026-09-10 19:17:59 @mori {"event":"ui","process_calls":12430,"render_calls":6058,"music_polls":2599,"model_bytes":15312,"directory_scans":12,"cache_hits":0,"page":15,"selected":0,"count":9,"preview_generation":14,"file_worker_stack_free":10944,"file_start_active":false,"preview_active":false,"preview_done":true,"preview_available":true,"screen_dimmed":false,"selection":"重新分析","status":"TF根目录"}
2026-09-10 19:18:00 @mori {"event":"ui","process_calls":12456,"render_calls":6084,"music_polls":2607,"model_bytes":15312,"directory_scans":12,"cache_hits":0,"page":15,"selected":0,"count":9,"preview_generation":14,"file_worker_stack_free":10944,"file_start_active":false,"preview_active":false,"preview_done":true,"preview_available":true,"screen_dimmed":false,"selection":"重新分析","status":"TF根目录"}
2026-09-10 19:18:01 @mori {"event":"ui","process_calls":12481,"render_calls":6109,"music_polls":2615,"model_bytes":15312,"directory_scans":12,"cache_hits":0,"page":15,"selected":0,"count":9,"preview_generation":14,"file_worker_stack_free":10944,"file_start_active":false,"preview_active":false,"preview_done":true,"preview_available":true,"screen_dimmed":false,"selection":"重新分析","status":"TF根目录"}
2026-09-10 19:18:02 I (316480) burner_web: bacon idle timeout reached, cartridge power rails off
2026-09-10 19:18:02 @mori {"event":"ui","process_calls":12507,"render_calls":6135,"music_polls":2624,"model_bytes":15312,"directory_scans":12,"cache_hits":0,"page":15,"selected":0,"count":9,"preview_generation":14,"file_worker_stack_free":10944,"file_start_active":false,"preview_active":false,"preview_done":true,"preview_available":true,"screen_dimmed":false,"selection":"重新分析","status":"TF根目录"}
2026-09-10 19:18:03 @mori {"event":"ui","process_calls":12533,"render_calls":6161,"music_polls":2632,"model_bytes":15312,"directory_scans":12,"cache_hits":0,"page":15,"selected":0,"count":9,"preview_generation":14,"file_worker_stack_free":10944,"file_start_active":false,"preview_active":false,"preview_done":true,"preview_available":true,"screen_dimmed":true,"selection":"重新分析","status":"TF根目录"}
2026-09-10 19:18:03 @mori {"event":"key","message":"b"}
2026-09-10 19:18:03 @mori {"event":"ui","process_calls":12537,"render_calls":6165,"music_polls":2634,"model_bytes":15312,"directory_scans":12,"cache_hits":0,"page":15,"selected":0,"count":9,"preview_generation":14,"file_worker_stack_free":10944,"file_start_active":false,"preview_active":false,"preview_done":true,"preview_available":true,"screen_dimmed":false,"selection":"重新分析","status":"TF根目录"}
2026-09-10 19:18:03 @mori {"event":"ui","process_calls":12538,"render_calls":6166,"music_polls":2634,"model_bytes":15312,"directory_scans":12,"cache_hits":0,"page":15,"selected":0,"count":9,"preview_generation":14,"file_worker_stack_free":10944,"file_start_active":false,"preview_active":false,"preview_done":true,"preview_available":true,"screen_dimmed":false,"selection":"重新分析","status":"TF根目录"}
2026-09-10 19:18:03 @mori {"event":"key","message":"down"}
2026-09-10 19:18:04 @mori {"event":"ui","process_calls":12542,"render_calls":6170,"music_polls":2635,"model_bytes":15312,"directory_scans":12,"cache_hits":0,"page":15,"selected":1,"count":9,"preview_generation":14,"file_worker_stack_free":10944,"file_start_active":false,"preview_active":false,"preview_done":true,"preview_available":true,"screen_dimmed":false,"selection":"ROM: 黄金太阳1 开启的封印.gba","status":"TF根目录"}
2026-09-10 19:18:04 @mori {"event":"key","message":"a"}
2026-09-10 19:18:04 @mori {"event":"ui","process_calls":12545,"render_calls":6173,"music_polls":2637,"model_bytes":15312,"directory_scans":13,"cache_hits":0,"page":6,"selected":0,"count":42,"preview_generation":14,"file_worker_stack_free":10944,"file_start_active":false,"preview_active":false,"preview_done":true,"preview_available":true,"screen_dimmed":false,"selection":"_gba","status":"TF根目录"}
2026-09-10 19:18:04 @mori {"event":"ui","process_calls":12548,"render_calls":6176,"music_polls":2637,"model_bytes":15312,"directory_scans":13,"cache_hits":0,"page":6,"selected":0,"count":42,"preview_generation":14,"file_worker_stack_free":10944,"file_start_active":false,"preview_active":false,"preview_done":true,"preview_available":true,"screen_dimmed":false,"selection":"_gba","status":"TF根目录"}
2026-09-10 19:18:04 @mori {"event":"key","message":"down"}
2026-09-10 19:18:04 @mori {"event":"ui","process_calls":12558,"render_calls":6186,"music_polls":2638,"model_bytes":15312,"directory_scans":13,"cache_hits":0,"page":6,"selected":1,"count":42,"preview_generation":14,"file_worker_stack_free":10944,"file_start_active":false,"preview_active":false,"preview_done":true,"preview_available":true,"screen_dimmed":false,"selection":"_nds","status":"TF根目录"}
2026-09-10 19:18:04 @mori {"event":"key","message":"down"}
2026-09-10 19:18:04 @mori {"event":"ui","process_calls":12567,"render_calls":6195,"music_polls":2640,"model_bytes":15312,"directory_scans":13,"cache_hits":0,"page":6,"selected":2,"count":42,"preview_generation":14,"file_worker_stack_free":10944,"file_start_active":false,"preview_active":false,"preview_done":true,"preview_available":true,"screen_dimmed":false,"selection":"dumps","status":"TF根目录"}
2026-09-10 19:18:04 @mori {"event":"key","message":"down"}
2026-09-10 19:18:04 @mori {"event":"ui","process_calls":12577,"render_calls":6205,"music_polls":2641,"model_bytes":15312,"directory_scans":13,"cache_hits":0,"page":6,"selected":3,"count":42,"preview_generation":14,"file_worker_stack_free":10944,"file_start_active":false,"preview_active":false,"preview_done":true,"preview_available":true,"screen_dimmed":false,"selection":"GBA汉化","status":"TF根目录"}
2026-09-10 19:18:04 @mori {"event":"key","message":"down"}
2026-09-10 19:18:04 @mori {"event":"ui","process_calls":12586,"render_calls":6214,"music_polls":2643,"model_bytes":15312,"directory_scans":13,"cache_hits":0,"page":6,"selected":4,"count":42,"preview_generation":14,"file_worker_stack_free":10944,"file_start_active":false,"preview_active":false,"preview_done":true,"preview_available":true,"screen_dimmed":false,"selection":"music","status":"TF根目录"}
2026-09-10 19:18:05 @mori {"event":"key","message":"down"}
2026-09-10 19:18:05 @mori {"event":"ui","process_calls":12596,"render_calls":6224,"music_polls":2644,"model_bytes":15312,"directory_scans":13,"cache_hits":0,"page":6,"selected":5,"count":42,"preview_generation":14,"file_worker_stack_free":10944,"file_start_active":false,"preview_active":false,"preview_done":true,"preview_available":true,"screen_dimmed":false,"selection":"retro-go","status":"TF根目录"}
2026-09-10 19:18:05 @mori {"event":"key","message":"down"}
2026-09-10 19:18:05 @mori {"event":"ui","process_calls":12605,"render_calls":6233,"music_polls":2645,"model_bytes":15312,"directory_scans":13,"cache_hits":0,"page":6,"selected":6,"count":42,"preview_generation":14,"file_worker_stack_free":10944,"file_start_active":false,"preview_active":false,"preview_done":true,"preview_available":true,"screen_dimmed":false,"selection":"ROM_OUTPUT","status":"TF根目录"}
2026-09-10 19:18:05 @mori {"event":"key","message":"down"}
2026-09-10 19:18:05 @mori {"event":"ui","process_calls":12615,"render_calls":6243,"music_polls":2647,"model_bytes":15312,"directory_scans":13,"cache_hits":0,"page":6,"selected":7,"count":42,"preview_generation":14,"file_worker_stack_free":10944,"file_start_active":false,"preview_active":false,"preview_done":true,"preview_available":true,"screen_dimmed":false,"selection":"romart","status":"TF根目录"}
2026-09-10 19:18:05 @mori {"event":"key","message":"down"}
2026-09-10 19:18:05 @mori {"event":"ui","process_calls":12624,"render_calls":6252,"music_polls":2648,"model_bytes":15312,"directory_scans":13,"cache_hits":0,"page":6,"selected":8,"count":42,"preview_generation":14,"file_worker_stack_free":10944,"file_start_active":false,"preview_active":false,"preview_done":true,"preview_available":true,"screen_dimmed":false,"selection":"roms","status":"TF根目录"}
2026-09-10 19:18:05 @mori {"event":"key","message":"down"}
2026-09-10 19:18:05 @mori {"event":"ui","process_calls":12634,"render_calls":6262,"music_polls":2649,"model_bytes":15312,"directory_scans":13,"cache_hits":0,"page":6,"selected":9,"count":42,"preview_generation":14,"file_worker_stack_free":10944,"file_start_active":false,"preview_active":false,"preview_done":true,"preview_available":true,"screen_dimmed":false,"selection":"SAVEGAME","status":"TF根目录"}
2026-09-10 19:18:05 @mori {"event":"key","message":"down"}
2026-09-10 19:18:05 @mori {"event":"ui","process_calls":12644,"render_calls":6272,"music_polls":2651,"model_bytes":15312,"directory_scans":13,"cache_hits":0,"page":6,"selected":10,"count":42,"preview_generation":14,"file_worker_stack_free":10944,"file_start_active":false,"preview_active":false,"preview_done":true,"preview_available":true,"screen_dimmed":false,"selection":"SRAM","status":"TF根目录"}
2026-09-10 19:18:05 @mori {"event":"key","message":"down"}
2026-09-10 19:18:06 @mori {"event":"ui","process_calls":12653,"render_calls":6281,"music_polls":2652,"model_bytes":15312,"directory_scans":13,"cache_hits":0,"page":6,"selected":11,"count":42,"preview_generation":14,"file_worker_stack_free":10944,"file_start_active":false,"preview_active":false,"preview_done":true,"preview_available":true,"screen_dimmed":false,"selection":"宝可梦","status":"TF根目录"}
2026-09-10 19:18:06 @mori {"event":"key","message":"down"}
2026-09-10 19:18:06 @mori {"event":"ui","process_calls":12658,"render_calls":6286,"music_polls":2654,"model_bytes":15312,"directory_scans":13,"cache_hits":0,"page":6,"selected":12,"count":42,"preview_generation":14,"file_worker_stack_free":10944,"file_start_active":false,"preview_active":false,"preview_done":true,"preview_available":true,"screen_dimmed":false,"selection":"[1MSRAM][FTC]口袋妖怪 - 宝石_中文典藏版[漫游&TGB联合汉化] (1).gba","status":"TF根目录"}
2026-09-10 19:18:06 @mori {"event":"key","message":"down"}
2026-09-10 19:18:06 @mori {"event":"ui","process_calls":12667,"render_calls":6295,"music_polls":2655,"model_bytes":15312,"directory_scans":13,"cache_hits":0,"page":6,"selected":13,"count":42,"preview_generation":14,"file_worker_stack_free":10944,"file_start_active":false,"preview_active":false,"preview_done":true,"preview_available":true,"screen_dimmed":false,"selection":"Kirby & The Amazing Mirror (USA).gba","status":"TF根目录"}
2026-09-10 19:18:06 @mori {"event":"key","message":"down"}
2026-09-10 19:18:06 @mori {"event":"ui","process_calls":12677,"render_calls":6305,"music_polls":2657,"model_bytes":15312,"directory_scans":13,"cache_hits":0,"page":6,"selected":14,"count":42,"preview_generation":14,"file_worker_stack_free":10944,"file_start_active":false,"preview_active":false,"preview_done":true,"preview_available":true,"screen_dimmed":false,"selection":"LK_MULTIMENU_L556.gba","status":"TF根目录"}
2026-09-10 19:18:06 @mori {"event":"key","message":"a"}
2026-09-10 19:18:06 @mori {"event":"ui","process_calls":12681,"render_calls":6309,"music_polls":2657,"model_bytes":15312,"directory_scans":13,"cache_hits":0,"page":15,"selected":2,"count":9,"preview_generation":15,"file_worker_stack_free":10944,"file_start_active":false,"preview_active":true,"preview_done":false,"preview_available":false,"screen_dimmed":false,"selection":"ROM: 写入","status":"已选择ROM"}
2026-09-10 19:18:06 @mori {"event":"key","message":"down"}
2026-09-10 19:18:06 @mori {"event":"ui","process_calls":12684,"render_calls":6312,"music_polls":2659,"model_bytes":15312,"directory_scans":13,"cache_hits":0,"page":15,"selected":3,"count":9,"preview_generation":15,"file_worker_stack_free":10944,"file_start_active":false,"preview_active":true,"preview_done":false,"preview_available":false,"screen_dimmed":false,"selection":"ROM: 校验","status":"已选择ROM"}
2026-09-10 19:18:06 I (320832) ui: ROM preview generation=15 result=ESP_ERR_INVALID_STATE available=0 stack_free=10944
2026-09-10 19:18:06 I (320834) power_manager: CPU perf lock acquired by ui_file_start
2026-09-10 19:18:06 I (320837) ui: LCD start file action: action=校验ROM path=LK_MULTIMENU_L556.gba mode=gba write_path=direct
2026-09-10 19:18:06 @mori {"event":"key","message":"a"}
2026-09-10 19:18:06 I (320858) ui: LCD file action task stack free min=10944 bytes
2026-09-10 19:18:07 @mori {"event":"ui","process_calls":12686,"render_calls":6314,"music_polls":2660,"model_bytes":15312,"directory_scans":13,"cache_hits":0,"page":18,"selected":3,"count":12,"preview_generation":16,"file_worker_stack_free":10944,"file_start_active":false,"preview_active":false,"preview_done":false,"preview_available":false,"screen_dimmed":false,"selection":"","status":"校验ROM已启动"}
2026-09-10 19:18:07 @mori {"event":"ui","process_calls":12687,"render_calls":6315,"music_polls":2661,"model_bytes":15312,"directory_scans":13,"cache_hits":0,"page":18,"selected":3,"count":12,"preview_generation":16,"file_worker_stack_free":10944,"file_start_active":false,"preview_active":false,"preview_done":false,"preview_available":false,"screen_dimmed":false,"selection":"","status":"校验ROM已启动"}
2026-09-10 19:18:07 @mori {"event":"status","version":"v2.32-106-g981613b-dirty","uptime_ms":319823,"internal_free":81475,"internal_largest":31744,"psram_free":7539912,"burn_running":true,"patch_running":false,"cancel_requested":false,"phase":"","detail":"","offset":0,"total":0,"passes":0,"read_bytes":0,"read_ms":0,"elapsed_ms":0,"result":0,"ag32_link":"auto","ag32_link_active":"cpld","ag32_capabilities":0,"ag32_capabilities_known":false}
2026-09-10 19:18:07 I (321058) burner_web: GBA D0/D1 swap detection starting...
2026-09-10 19:18:07 I (321071) burner_web: D0/D1 swap detection: entering CFI mode (word addr 0x055)
2026-09-10 19:18:07 I (321079) burner_web: D0/D1 swap detection: CFI 'QRY' detected (normal, low-byte lane) [010]=0051 [011]=0052 [012]=0059
2026-09-10 19:18:07 I (321090) burner_web: GBA D0/D1 swap detection: NORMAL (no swap), lane=low
2026-09-10 19:18:07 I (321096) burner_web: GBA ReadID trace begin t=319881000us
2026-09-10 19:18:07 I (321101) burner_web: GBA ReadID trace write addr=0x555 data=0x00AA dt=5243us (0.005243s)
2026-09-10 19:18:07 I (321109) burner_web: GBA ReadID trace write addr=0x2AA data=0x0055 dt=8119us (0.008119s)
2026-09-10 19:18:07 I (321118) burner_web: GBA ReadID trace write addr=0x555 data=0x0090 dt=8401us (0.008401s)
2026-09-10 19:18:07 I (321125) burner_web: GBA ReadID trace read addr=0x000 data=0x0089 dt=7758us (0.007758s)
2026-09-10 19:18:07 I (321133) burner_web: GBA ReadID trace read addr=0x001 data=0x227E dt=8000us (0.008000s)
2026-09-10 19:18:07 I (321141) burner_web: GBA ReadID trace read addr=0x00E data=0x2228 dt=7597us (0.007597s)
2026-09-10 19:18:07 I (321149) burner_web: GBA ReadID trace read addr=0x00F data=0x2201 dt=8236us (0.008236s)
2026-09-10 19:18:07 I (321157) burner_web: GBA ReadID trace write addr=0x000 data=0x00F0 dt=7629us (0.007629s)
2026-09-10 19:18:07 I (321165) burner_web: GBA ReadID trace end status=ESP_OK total=69074us (0.069074s)
2026-09-10 19:18:07 I (321173) burner_web: GBA word-address probe @40000000Hz try=1 id=89 00 7E 22 28 22 01 22 (candidate-id)
2026-09-10 19:18:07 I (321182) burner_web: GBA Intel ReadID trace begin t=319966886us
2026-09-10 19:18:07 I (321187) burner_web: GBA Intel ReadID trace write addr=0x000 data=0x0050 dt=5301us (0.005301s)
2026-09-10 19:18:07 I (321196) burner_web: GBA Intel ReadID trace write addr=0x000 data=0x00FF dt=8889us (0.008889s)
2026-09-10 19:18:07 I (321205) burner_web: GBA Intel ReadID trace write addr=0x000 data=0x0090 dt=8717us (0.008717s)
2026-09-10 19:18:07 I (321213) burner_web: GBA Intel ReadID trace read addr=0x000 data=0x002E dt=8462us (0.008462s)
2026-09-10 19:18:07 I (321221) burner_web: GBA Intel ReadID trace read addr=0x001 data=0xEA00 dt=8349us (0.008349s)
2026-09-10 19:18:07 I (321230) burner_web: GBA Intel ReadID trace read addr=0x00E data=0x52A3 dt=8623us (0.008623s)
2026-09-10 19:18:07 I (321238) burner_web: GBA Intel ReadID trace read addr=0x00F data=0x19BE dt=8390us (0.008390s)
2026-09-10 19:18:07 I (321247) burner_web: GBA Intel ReadID trace write addr=0x000 data=0x0050 dt=8336us (0.008336s)
2026-09-10 19:18:07 I (321255) burner_web: GBA Intel ReadID trace write addr=0x000 data=0x00FF dt=8277us (0.008277s)
2026-09-10 19:18:07 I (321264) burner_web: GBA Intel ReadID trace end status=ESP_OK total=81924us (0.081924s)
2026-09-10 19:18:07 I (321272) burner_web: GBA intel-id probe @40000000Hz try=1 id=2E 00 00 EA A3 52 BE 19 (candidate-id)
2026-09-10 19:18:07 @mori {"event":"ui","process_calls":12700,"render_calls":6328,"music_polls":2663,"model_bytes":15312,"directory_scans":13,"cache_hits":0,"page":18,"selected":3,"count":12,"preview_generation":16,"file_worker_stack_free":10944,"file_start_active":false,"preview_active":false,"preview_done":false,"preview_available":false,"screen_dimmed":false,"selection":"","status":"校验ROM已启动"}
2026-09-10 19:18:07 I (321292) burner_web: GBA raw ID method scan summary @40000000Hz try=1: candidates=0 best=none
2026-09-10 19:18:07 I (321325) burner_web: GBA auto probe @40000000Hz try=1 id=89 00 7E 22 28 22 01 22 (candidate-id)
2026-09-10 19:18:07 I (321332) burner_web: GBA CFI ok in word-address mode @40000000Hz try=1: chip=CFI AMD 128MB profile=AGB:amd:auto-cfi flash=134217728 sector=131072 geom=uniform largest=131072 regions=1 buf=1024 cmdset=amd lane=low primary=0x0002
2026-09-10 19:18:07 I (321352) burner_web: GBA AMD Bacon compatibility: keep flash size 134217728, use 32MB banked writes
2026-09-10 19:18:07 @mori {"event":"status","version":"v2.32-106-g981613b-dirty","uptime_ms":320122,"internal_free":81475,"internal_largest":31744,"psram_free":7539912,"burn_running":true,"patch_running":false,"cancel_requested":false,"phase":"","detail":"","offset":0,"total":0,"passes":0,"read_bytes":0,"read_ms":0,"elapsed_ms":0,"result":0,"ag32_link":"auto","ag32_link_active":"legacy","ag32_capabilities":0,"ag32_capabilities_known":false}
2026-09-10 19:18:07 I (321361) burner_web: GBA AMD runtime commands: standard AMD source=none
2026-09-10 19:18:07 I (321404) burner_web: GBA prepared: chip=CFI AMD 128MB profile=AGB:amd:auto-cfi flash=134217728 sector=131072 geom=uniform largest=131072 regions=1 buf=1024 prog_buf=1024 cfi=ok nor=amd cmd=word-address low-lane id=89 00 7E 22 28 22 01 22
2026-09-10 19:18:07 I (321425) burner_web: GBA mapping: Bacon AMD 32MB-bank bank=32MB force_multi=0 range=0x00000000-0x07FFFFFF
2026-09-10 19:18:07 @mori {"event":"ui","process_calls":12708,"render_calls":6334,"music_polls":2666,"model_bytes":15312,"directory_scans":13,"cache_hits":0,"page":18,"selected":3,"count":12,"preview_generation":16,"file_worker_stack_free":10944,"file_start_active":false,"preview_active":false,"preview_done":false,"preview_available":false,"screen_dimmed":false,"selection":"","status":"burner error: verify mismatch @0x000000A0 4C->4D"}
2026-09-10 19:18:07 W (321603) burner_web: burn_task result: err=ESP_FAIL state=error processed=0/134217728 msg=verify mismatch @0x000000A0 4C->4D
2026-09-10 19:18:07 I (321642) power_manager: CPU perf lock released by burn_task
2026-09-10 19:18:07 I (321647) burner_web: burn_task stack free min=11832 bytes
2026-09-10 19:18:07 @mori {"event":"status","version":"v2.32-106-g981613b-dirty","uptime_ms":320442,"internal_free":82507,"internal_largest":31744,"psram_free":7556300,"burn_running":false,"patch_running":false,"cancel_requested":false,"phase":"","detail":"","offset":0,"total":0,"passes":0,"read_bytes":0,"read_ms":0,"elapsed_ms":0,"result":0,"ag32_link":"auto","ag32_link_active":"cpld","ag32_capabilities":0,"ag32_capabilities_known":false}
2026-09-10 19:18:07 @mori {"event":"key","message":"b"}
2026-09-10 19:18:07 @mori {"event":"ui","process_calls":12713,"render_calls":6336,"music_polls":2668,"model_bytes":15312,"directory_scans":13,"cache_hits":0,"page":15,"selected":0,"count":9,"preview_generation":16,"file_worker_stack_free":10944,"file_start_active":false,"preview_active":false,"preview_done":false,"preview_available":false,"screen_dimmed":false,"selection":"重新分析","status":"就绪"}
2026-09-10 19:18:38 I (352329) power_manager: CPU perf lock acquired by bacon_check
2026-09-10 19:18:38 I (352552) mcu_debug: SWD DP IDCODE=0x2ba01477
2026-09-10 19:18:38 I (352553) mcu_debug: SWD DP status after ABORT=0xf0000041
2026-09-10 19:18:38 I (352561) mcu_debug: SWD DP CTRL/STAT=0xf0000041
2026-09-10 19:18:38 I (352566) mcu_debug: SWD AP IDR=0x1fff0011 CSW=0x23000042
2026-09-10 19:18:38 I (352572) mcu_debug: DMI DMSTATUS before halt=0x000f0ca2
2026-09-10 19:18:38 I (352586) burner_web: MCU SPI init: host=1 cs0=21 cs1=1 clk=47 miso=48 mosi=45 freq=40000000Hz
2026-09-10 19:18:38 I (352588) burner_web: MCU SPI CS idle readback: cs0=1 cs1=1
2026-09-10 19:18:38 I (352606) burner_web: MCU SPI ready: actual=40000000Hz dma_scratch_tx=16384 dma_scratch_rw=16384
2026-09-10 19:18:38 I (352646) mcu_debug: SWD DP IDCODE=0x2ba01477
2026-09-10 19:18:38 I (352647) mcu_debug: SWD DP status after ABORT=0xf0000041
2026-09-10 19:18:38 I (352648) mcu_debug: SWD DP CTRL/STAT=0xf0000041
2026-09-10 19:18:38 I (352654) mcu_debug: SWD AP IDR=0x1fff0011 CSW=0x23000042
2026-09-10 19:18:38 I (352664) burner_web: MCU SPI init: host=1 cs0=21 cs1=1 clk=47 miso=48 mosi=45 freq=40000000Hz
2026-09-10 19:18:38 I (352666) burner_web: MCU SPI CS idle readback: cs0=1 cs1=1
2026-09-10 19:18:38 I (352672) burner_web: MCU SPI ready: actual=40000000Hz dma_scratch_tx=16384 dma_scratch_rw=16384
2026-09-10 19:18:38 I (352689) power_manager: CPU perf lock released by bacon_check
2026-09-10 19:18:38
2026-09-10 19:18:38 @mori {"event":"bacon_check","ok":true,"error":"ESP_OK","preference":"auto","mcu_halted_during_reads":true,"mcu_resumed":true,"samples":256,"mean_us":74.62109375,"p50_us":36,"p95_us":46,"max_us":3205}
2026-09-10 19:18:39 I (352876) power_manager: CPU perf lock acquired by cpld_check
2026-09-10 19:18:39 I (353157) mcu_debug: SWD DP IDCODE=0x2ba01477
2026-09-10 19:18:39 I (353162) mcu_debug: SWD DP status after ABORT=0xf0000041
2026-09-10 19:18:39 I (353164) mcu_debug: SWD DP CTRL/STAT=0xf0000041
2026-09-10 19:18:39 I (353169) mcu_debug: SWD AP IDR=0x1fff0011 CSW=0x23000042
2026-09-10 19:18:39 I (353186) mcu_debug: DMI DMSTATUS before halt=0x000f0ca2
2026-09-10 19:18:39 I (353188) burner_web: MCU SPI init: host=1 cs0=21 cs1=1 clk=47 miso=48 mosi=45 freq=40000000Hz
2026-09-10 19:18:39 I (353194) burner_web: MCU SPI CS idle readback: cs0=1 cs1=1
2026-09-10 19:18:39 I (353200) burner_web: MCU SPI ready: actual=40000000Hz dma_scratch_tx=16384 dma_scratch_rw=16384
2026-09-10 19:18:39 I (353852) mcu_debug: SWD DP IDCODE=0x2ba01477
2026-09-10 19:18:39 I (353868) mcu_debug: SWD DP status after ABORT=0xf0000041
2026-09-10 19:18:39 I (353869) mcu_debug: SWD DP CTRL/STAT=0xf0000041
2026-09-10 19:18:39 I (353876) mcu_debug: SWD AP IDR=0x1fff0011 CSW=0x23000042
2026-09-10 19:18:40 I (353883) burner_web: MCU SPI init: host=1 cs0=21 cs1=1 clk=47 miso=48 mosi=45 freq=40000000Hz
2026-09-10 19:18:40 I (353889) burner_web: MCU SPI CS idle readback: cs0=1 cs1=1
2026-09-10 19:18:40 I (353895) burner_web: MCU SPI ready: actual=40000000Hz dma_scratch_tx=16384 dma_scratch_rw=16384
2026-09-10 19:18:40 I (353897) power_manager: CPU perf lock released by cpld_check
2026-09-10 19:18:40
2026-09-10 19:18:40 @mori {"event":"cpld_check","ok":true,"error":"ESP_OK","passes":8,"bytes":524288,"elapsed_us":588003,"last_first_ready_us":14246,"last_status_polls":69,"mcu_halted":true,"mcu_resumed":true}
2026-09-10 19:19:37
2026-09-10 19:19:37 @mori {"event":"ready","message":"Mori serial debug v1; type help"}
2026-09-10 19:19:37 I (1282) pm: Frequency switching config: CPU_MAX: 160, APB_MAX: 80, APB_MIN: 80, Light sleep: DISABLED
2026-09-10 19:19:37 I (1291) power_manager: CPU DFS enabled: idle=80MHz max=160MHz light_sleep=off
2026-09-10 19:19:37 I (1298) main: timezone configured: CST-8
2026-09-10 19:19:37 I (1302) main: boot step: mount assets
2026-09-10 19:19:37 I (1397) assets: mounted /assets: total=1438481 used=763291
2026-09-10 19:19:37 I (1398) main: boot step: mount sdcard
2026-09-10 19:19:37 I (1450) SDCARD: SD card mounted
2026-09-10 19:19:37 I (1451) SDCARD: Total: 59638MB
2026-09-10 19:19:37 W (1621) main: repaired legacy lang_zh_cn.ini
2026-09-10 19:19:37 I (3407) burner_web: burn config loaded: erase=smart write_path=psram recipe=chis psram_mb=auto mbc5_chunk=16 dump_chunk=64 voltage=3v3 settle=100ms cores=cpu1/cpu1/cpu1 ag32_link=auto
2026-09-10 19:19:37 I (3414) main: GBX cache auto rebuild disabled; update manually from system menu
2026-09-10 19:19:37 I (3425) main: UI language=1 (zh)
2026-09-10 19:19:37 I (3433) main: boot step: init i2c peripherals
2026-09-10 19:19:37 W (3434) i2c.master: Please check pull-up resistances whether be connected properly. Otherwise unexpected behavior would happen. For more detailed information, please read docs
2026-09-10 19:19:37 I (3444) mori_i2c: I2C bus ready. SDA=18, SCL=8, freq=100000
2026-09-10 19:19:37 I (3452) axp209: AXP209 ready at 0x34, charge current fixed to 500mA
2026-09-10 19:19:37 I (3455) power_manager: detected AXP209 at 0x34
2026-09-10 19:19:37 I (3459) main: AXP209 power manager ready at 0x34
2026-09-10 19:19:37 I (3464) tca9555: TCA9555 ready at 0x20
2026-09-10 19:19:37 I (3471) main: tca9555.ini apply=0, skip register apply
2026-09-10 19:19:37 I (3474) main: TCA9555@0x20 input=0xFFFF cfg=0xEFFF
2026-09-10 19:19:37 I (3477) tca9555: IRQ enabled on GPIO 17
2026-09-10 19:19:37 I (3480) main: boot step: init usb msc manager
2026-09-10 19:19:37 I (3484) usb_msc_tf: USB MSC manager ready (default: disabled)
2026-09-10 19:19:37 I (3490) main: USB MSC manager ready, pass-through default is disabled
2026-09-10 19:19:37 I (3496) main: boot step: init nvs
2026-09-10 19:19:37 I (3527) main: boot step: init mcu debug
2026-09-10 19:19:37 I (3528) main: boot step: init lvgl/display
2026-09-10 19:19:37 I (3772) lcd_display: LCD init done (ST7789, 320x240, rot=270), pins CLK=6 MOSI=4 CS=5 DC=13 BK=14, bk_pwm=1
2026-09-10 19:19:37 I (3773) lvgl_port: draw_buf1 allocated in internal DMA (12800 bytes)
2026-09-10 19:19:37 I (3777) lvgl_port: using single LVGL draw buffer (20
2026-09-10 19:19:37 @mori {"event":"status","version":"v2.32-106-g981613b-dirty","uptime_ms":45999,"internal_free":83899,"internal_largest":31744,"psram_free":7556264,"burn_running":false,"patch_running":false,"cancel_requested":false,"phase":"","detail":"","offset":0,"total":0,"passes":0,"read_bytes":0,"read_ms":0,"elapsed_ms":0,"result":0,"ag32_link":"auto","ag32_link_active":"unknown","ag32_capabilities":0,"ag32_capabilities_known":false}
2026-09-10 19:19:37
2026-09-10 19:19:37 @mori {"event":"ui","process_calls":2704,"render_calls":80,"music_polls":389,"model_bytes":15312,"directory_scans":0,"cache_hits":0,"page":0,"selected":0,"count":5,"preview_generation":0,"file_worker_stack_free":15056,"file_start_active":false,"preview_active":false,"preview_done":false,"preview_available":false,"screen_dimmed":false,"selection":"系统","status":"wifi connected 192.168.1.134"}
2026-09-10 19:23:46 @mori {"event":"status","version":"v2.32-106-g981613b-dirty","uptime_ms":294823,"internal_free":82415,"internal_largest":31744,"psram_free":7556312,"burn_running":false,"patch_running":false,"cancel_requested":false,"phase":"","detail":"","offset":0,"total":0,"passes":0,"read_bytes":0,"read_ms":0,"elapsed_ms":0,"result":0,"ag32_link":"auto","ag32_link_active":"unknown","ag32_capabilities":0,"ag32_capabilities_known":false}
2026-09-10 19:23:46 @mori {"event":"ui","process_calls":11897,"render_calls":1342,"music_polls":2480,"model_bytes":15312,"directory_scans":0,"cache_hits":0,"page":19,"selected":0,"count":18,"preview_generation":0,"file_worker_stack_free":15056,"file_start_active":false,"preview_active":false,"preview_done":false,"preview_available":false,"screen_dimmed":true,"selection":"","status":"burner done: verify finished"}
2026-09-10 19:23:46 @mori {"event":"key","message":"b"}
2026-09-10 19:23:46 @mori {"event":"ui","process_calls":11906,"render_calls":1342,"music_polls":2482,"model_bytes":15312,"directory_scans":0,"cache_hits":0,"page":19,"selected":0,"count":18,"preview_generation":0,"file_worker_stack_free":15056,"file_start_active":false,"preview_active":false,"preview_done":false,"preview_available":false,"screen_dimmed":false,"selection":"","status":"burner done: verify finished"}
2026-09-10 19:23:46 @mori {"event":"ui","process_calls":11908,"render_calls":1342,"music_polls":2482,"model_bytes":15312,"directory_scans":0,"cache_hits":0,"page":19,"selected":0,"count":18,"preview_generation":0,"file_worker_stack_free":15056,"file_start_active":false,"preview_active":false,"preview_done":false,"preview_available":false,"screen_dimmed":false,"selection":"","status":"burner done: verify finished"}
2026-09-10 19:23:46 @mori {"event":"key","message":"b"}
2026-09-10 19:23:46 @mori {"event":"ui","process_calls":11913,"render_calls":1345,"music_polls":2483,"model_bytes":15312,"directory_scans":0,"cache_hits":0,"page":14,"selected":0,"count":2,"preview_generation":0,"file_worker_stack_free":15056,"file_start_active":false,"preview_active":false,"preview_done":false,"preview_available":false,"screen_dimmed":false,"selection":"","status":"就绪"}
2026-09-10 19:23:46 @mori {"event":"key","message":"b"}
2026-09-10 19:23:46 @mori {"event":"ui","process_calls":11918,"render_calls":1350,"music_polls":2483,"model_bytes":15312,"directory_scans":0,"cache_hits":0,"page":0,"selected":0,"count":5,"preview_generation":0,"file_worker_stack_free":15056,"file_start_active":false,"preview_active":false,"preview_done":false,"preview_available":false,"screen_dimmed":false,"selection":"系统","status":"就绪"}
2026-09-10 19:23:46 @mori {"event":"ui","process_calls":11921,"render_calls":1353,"music_polls":2484,"model_bytes":15312,"directory_scans":0,"cache_hits":0,"page":0,"selected":0,"count":5,"preview_generation":0,"file_worker_stack_free":15056,"file_start_active":false,"preview_active":false,"preview_done":false,"preview_available":false,"screen_dimmed":false,"selection":"系统","status":"就绪"}
2026-09-10 19:23:46 @mori {"event":"key","message":"right"}
2026-09-10 19:23:46 @mori {"event":"ui","process_calls":11929,"render_calls":1361,"music_polls":2485,"model_bytes":15312,"directory_scans":0,"cache_hits":0,"page":0,"selected":1,"count":5,"preview_generation":0,"file_worker_stack_free":15056,"file_start_active":false,"preview_active":false,"preview_done":false,"preview_available":false,"screen_dimmed":false,"selection":"音乐","status":"就绪"}
2026-09-10 19:23:46 @mori {"event":"key","message":"right"}
2026-09-10 19:23:46 @mori {"event":"ui","process_calls":11937,"render_calls":1369,"music_polls":2486,"model_bytes":15312,"directory_scans":0,"cache_hits":0,"page":0,"selected":2,"count":5,"preview_generation":0,"file_worker_stack_free":15056,"file_start_active":false,"preview_active":false,"preview_done":false,"preview_available":false,"screen_dimmed":false,"selection":"阅读器","status":"就绪"}
2026-09-10 19:23:47 @mori {"event":"key","message":"right"}
2026-09-10 19:23:47 @mori {"event":"ui","process_calls":11945,"render_calls":1377,"music_polls":2488,"model_bytes":15312,"directory_scans":0,"cache_hits":0,"page":0,"selected":3,"count":5,"preview_generation":0,"file_worker_stack_free":15056,"file_start_active":false,"preview_active":false,"preview_done":false,"preview_available":false,"screen_dimmed":false,"selection":"烧录器","status":"就绪"}
2026-09-10 19:23:47 @mori {"event":"key","message":"a"}
2026-09-10 19:23:47 @mori {"event":"ui","process_calls":11950,"render_calls":1382,"music_polls":2489,"model_bytes":15312,"directory_scans":0,"cache_hits":0,"page":14,"selected":0,"count":2,"preview_generation":0,"file_worker_stack_free":15056,"file_start_active":false,"preview_active":false,"preview_done":false,"preview_available":false,"screen_dimmed":false,"selection":"","status":"就绪"}
2026-09-10 19:23:47 @mori {"event":"key","message":"a"}
2026-09-10 19:23:47 @mori {"event":"ui","process_calls":11955,"render_calls":1387,"music_polls":2489,"model_bytes":15312,"directory_scans":0,"cache_hits":0,"page":15,"selected":0,"count":4,"preview_generation":0,"file_worker_stack_free":15056,"file_start_active":false,"preview_active":false,"preview_done":false,"preview_available":false,"screen_dimmed":false,"selection":"分析卡带","status":"请先分析卡带"}
2026-09-10 19:23:47 @mori {"event":"key","message":"a"}
2026-09-10 19:23:47 @mori {"event":"ui","process_calls":11958,"render_calls":1390,"music_polls":2491,"model_bytes":15312,"directory_scans":0,"cache_hits":0,"page":15,"selected":0,"count":4,"preview_generation":0,"file_worker_stack_free":15056,"file_start_active":false,"preview_active":false,"preview_done":false,"preview_available":false,"screen_dimmed":false,"selection":"分析卡带","status":"analyzing cart"}
2026-09-10 19:23:47 @mori {"event":"ui","process_calls":11959,"render_calls":1391,"music_polls":2491,"model_bytes":15312,"directory_scans":0,"cache_hits":0,"page":15,"selected":0,"count":4,"preview_generation":0,"file_worker_stack_free":15056,"file_start_active":false,"preview_active":false,"preview_done":false,"preview_available":false,"screen_dimmed":false,"selection":"分析卡带","status":"analyzing cart"}
2026-09-10 19:23:47 I (297570) burner_web: GBA D0/D1 swap detection starting...
2026-09-10 19:23:47 I (297571) burner_web: D0/D1 swap detection: entering CFI mode (word addr 0x055)
2026-09-10 19:23:47 I (297573) burner_web: D0/D1 swap detection: CFI 'QRY' detected (normal, low-byte lane) [010]=0051 [011]=0052 [012]=0059
2026-09-10 19:23:47 I (297584) burner_web: GBA D0/D1 swap detection: NORMAL (no swap), lane=low
2026-09-10 19:23:47 I (297590) burner_web: GBA ReadID trace begin t=296370507us
2026-09-10 19:23:47 I (297595) burner_web: GBA ReadID trace write addr=0x555 data=0x00AA dt=5014us (0.005014s)
2026-09-10 19:23:47 I (297604) burner_web: GBA ReadID trace write addr=0x2AA data=0x0055 dt=8504us (0.008504s)
2026-09-10 19:23:47 I (297612) burner_web: GBA ReadID trace write addr=0x555 data=0x0090 dt=7752us (0.007752s)
2026-09-10 19:23:47 I (297620) burner_web: GBA ReadID trace read addr=0x000 data=0x0089 dt=8120us (0.008120s)
2026-09-10 19:23:47 I (297628) burner_web: GBA ReadID trace read addr=0x001 data=0x227E dt=7917us (0.007917s)
2026-09-10 19:23:47 I (297636) burner_web: GBA ReadID trace read addr=0x00E data=0x2228 dt=7956us (0.007956s)
2026-09-10 19:23:47 I (297643) burner_web: GBA ReadID trace read addr=0x00F data=0x2201 dt=7889us (0.007889s)
2026-09-10 19:23:47 I (297651) burner_web: GBA ReadID trace write addr=0x000 data=0x00F0 dt=7868us (0.007868s)
2026-09-10 19:23:47 I (297659) burner_web: GBA ReadID trace end status=ESP_OK total=68857us (0.068857s)
2026-09-10 19:23:47 I (297667) burner_web: GBA word-address probe @40000000Hz try=1 id=89 00 7E 22 28 22 01 22 (candidate-id)
2026-09-10 19:23:47 I (297676) burner_web: GBA Intel ReadID trace begin t=296456138us
2026-09-10 19:23:47 I (297681) burner_web: GBA Intel ReadID trace write addr=0x000 data=0x0050 dt=5485us (0.005485s)
2026-09-10 19:23:47 I (297690) burner_web: GBA Intel ReadID trace write addr=0x000 data=0x00FF dt=9045us (0.009045s)
2026-09-10 19:23:47 I (297699) burner_web: GBA Intel ReadID trace write addr=0x000 data=0x0090 dt=8434us (0.008434s)
2026-09-10 19:23:47 I (297708) burner_web: GBA Intel ReadID trace read addr=0x000 data=0x002E dt=8603us (0.008603s)
2026-09-10 19:23:47 I (297716) burner_web: GBA Intel ReadID trace read addr=0x001 data=0xEA00 dt=8324us (0.008324s)
2026-09-10 19:23:47 I (297724) burner_web: GBA Intel ReadID trace read addr=0x00E data=0x52A3 dt=8506us (0.008506s)
2026-09-10 19:23:47 I (297733) burner_web: GBA Intel ReadID trace read addr=0x00F data=0x19BE dt=8211us (0.008211s)
2026-09-10 19:23:47 I (297741) burner_web: GBA Intel ReadID trace write addr=0x000 data=0x0050 dt=8477us (0.008477s)
2026-09-10 19:23:47 I (297749) burner_web: GBA Intel ReadID trace write addr=0x000 data=0x00FF dt=8363us (0.008363s)
2026-09-10 19:23:47 I (297758) burner_web: GBA Intel ReadID trace end status=ESP_OK total=82022us (0.082022s)
2026-09-10 19:23:47 I (297766) burner_web: GBA intel-id probe @40000000Hz try=1 id=2E 00 00 EA A3 52 BE 19 (candidate-id)
2026-09-10 19:23:47 @mori {"event":"ui","process_calls":11966,"render_calls":1398,"music_polls":2493,"model_bytes":15312,"directory_scans":0,"cache_hits":0,"page":15,"selected":0,"count":4,"preview_generation":0,"file_worker_stack_free":15056,"file_start_active":false,"preview_active":false,"preview_done":false,"preview_available":false,"screen_dimmed":false,"selection":"分析卡带","status":"analyzing cart"}
2026-09-10 19:23:48 I (297786) burner_web: GBA raw ID method scan summary @40000000Hz try=1: candidates=0 best=none
2026-09-10 19:23:48 I (297820) burner_web: GBA auto probe @40000000Hz try=1 id=89 00 7E 22 28 22 01 22 (candidate-id)
2026-09-10 19:23:48 I (297827) burner_web: GBA CFI ok in word-address mode @40000000Hz try=1: chip=CFI AMD 128MB profile=AGB:amd:auto-cfi flash=134217728 sector=131072 geom=uniform largest=131072 regions=1 buf=1024 cmdset=amd lane=low primary=0x0002
2026-09-10 19:23:48 @mori {"event":"ui","process_calls":11972,"render_calls":1404,"music_polls":2495,"model_bytes":15312,"directory_scans":0,"cache_hits":0,"page":15,"selected":0,"count":4,"preview_generation":0,"file_worker_stack_free":15056,"file_start_active":false,"preview_active":false,"preview_done":false,"preview_available":false,"screen_dimmed":false,"selection":"分析卡带","status":"analyzing cart"}
2026-09-10 19:23:48 I (298231) ui: UI probe task stack free min=9408 bytes
2026-09-10 19:23:48 @mori {"event":"ui","process_calls":11978,"render_calls":1410,"music_polls":2497,"model_bytes":15312,"directory_scans":0,"cache_hits":0,"page":15,"selected":1,"count":9,"preview_generation":0,"file_worker_stack_free":15056,"file_start_active":false,"preview_active":false,"preview_done":false,"preview_available":false,"screen_dimmed":false,"selection":"ROM: 选择文件","status":"GBA ID 89 00 7E 22 CFI"}
2026-09-10 19:23:48 @mori {"event":"ui","process_calls":11979,"render_calls":1411,"music_polls":2497,"model_bytes":15312,"directory_scans":0,"cache_hits":0,"page":15,"selected":1,"count":9,"preview_generation":0,"file_worker_stack_free":15056,"file_start_active":false,"preview_active":false,"preview_done":false,"preview_available":false,"screen_dimmed":false,"selection":"ROM: 选择文件","status":"GBA ID 89 00 7E 22 CFI"}
2026-09-10 19:23:48 @mori {"event":"key","message":"a"}
2026-09-10 19:23:48 @mori {"event":"ui","process_calls":11980,"render_calls":1412,"music_polls":2498,"model_bytes":15312,"directory_scans":1,"cache_hits":0,"page":6,"selected":0,"count":42,"preview_generation":0,"file_worker_stack_free":15056,"file_start_active":false,"preview_active":false,"preview_done":false,"preview_available":false,"screen_dimmed":false,"selection":"_gba","status":"TF根目录"}
2026-09-10 19:23:48 @mori {"event":"ui","process_calls":11984,"render_calls":1416,"music_polls":2499,"model_bytes":15312,"directory_scans":1,"cache_hits":0,"page":6,"selected":0,"count":42,"preview_generation":0,"file_worker_stack_free":15056,"file_start_active":false,"preview_active":false,"preview_done":false,"preview_available":false,"screen_dimmed":false,"selection":"_gba","status":"TF根目录"}
2026-09-10 19:23:48 @mori {"event":"key","message":"down"}
2026-09-10 19:23:48 @mori {"event":"ui","process_calls":11994,"render_calls":1426,"music_polls":2500,"model_bytes":15312,"directory_scans":1,"cache_hits":0,"page":6,"selected":1,"count":42,"preview_generation":0,"file_worker_stack_free":15056,"file_start_active":false,"preview_active":false,"preview_done":false,"preview_available":false,"screen_dimmed":false,"selection":"_nds","status":"TF根目录"}
2026-09-10 19:23:48 @mori {"event":"key","message":"down"}
2026-09-10 19:23:48 @mori {"event":"ui","process_calls":12004,"render_calls":1436,"music_polls":2502,"model_bytes":15312,"directory_scans":1,"cache_hits":0,"page":6,"selected":2,"count":42,"preview_generation":0,"file_worker_stack_free":15056,"file_start_active":false,"preview_active":false,"preview_done":false,"preview_available":false,"screen_dimmed":false,"selection":"dumps","status":"TF根目录"}
2026-09-10 19:23:48 @mori {"event":"key","message":"down"}
2026-09-10 19:23:49 @mori {"event":"ui","process_calls":12014,"render_calls":1446,"music_polls":2503,"model_bytes":15312,"directory_scans":1,"cache_hits":0,"page":6,"selected":3,"count":42,"preview_generation":0,"file_worker_stack_free":15056,"file_start_active":false,"preview_active":false,"preview_done":false,"preview_available":false,"screen_dimmed":false,"selection":"GBA汉化","status":"TF根目录"}
2026-09-10 19:23:49 @mori {"event":"key","message":"down"}
2026-09-10 19:23:49 @mori {"event":"ui","process_calls":12024,"render_calls":1456,"music_polls":2505,"model_bytes":15312,"directory_scans":1,"cache_hits":0,"page":6,"selected":4,"count":42,"preview_generation":0,"file_worker_stack_free":15056,"file_start_active":false,"preview_active":false,"preview_done":false,"preview_available":false,"screen_dimmed":false,"selection":"music","status":"TF根目录"}
2026-09-10 19:23:49 @mori {"event":"key","message":"down"}
2026-09-10 19:23:49 @mori {"event":"ui","process_calls":12033,"render_calls":1465,"music_polls":2506,"model_bytes":15312,"directory_scans":1,"cache_hits":0,"page":6,"selected":5,"count":42,"preview_generation":0,"file_worker_stack_free":15056,"file_start_active":false,"preview_active":false,"preview_done":false,"preview_available":false,"screen_dimmed":false,"selection":"retro-go","status":"TF根目录"}
2026-09-10 19:23:49 @mori {"event":"key","message":"down"}
2026-09-10 19:23:49 @mori {"event":"ui","process_calls":12044,"render_calls":1476,"music_polls":2507,"model_bytes":15312,"directory_scans":1,"cache_hits":0,"page":6,"selected":6,"count":42,"preview_generation":0,"file_worker_stack_free":15056,"file_start_active":false,"preview_active":false,"preview_done":false,"preview_available":false,"screen_dimmed":false,"selection":"ROM_OUTPUT","status":"TF根目录"}
2026-09-10 19:23:49 @mori {"event":"key","message":"a"}
2026-09-10 19:23:49 @mori {"event":"ui","process_calls":12049,"render_calls":1481,"music_polls":2508,"model_bytes":15312,"directory_scans":2,"cache_hits":0,"page":6,"selected":0,"count":9,"preview_generation":0,"file_worker_stack_free":15056,"file_start_active":false,"preview_active":false,"preview_done":false,"preview_available":false,"screen_dimmed":false,"selection":"ag32_baseline32_0910.gba","status":"ROM_OUTPUT"}
2026-09-10 19:23:49 @mori {"event":"ui","process_calls":12052,"render_calls":1484,"music_polls":2509,"model_bytes":15312,"directory_scans":2,"cache_hits":0,"page":6,"selected":0,"count":9,"preview_generation":0,"file_worker_stack_free":15056,"file_start_active":false,"preview_active":false,"preview_done":false,"preview_available":false,"screen_dimmed":false,"selection":"ag32_baseline32_0910.gba","status":"ROM_OUTPUT"}
2026-09-10 19:23:49 @mori {"event":"key","message":"down"}
2026-09-10 19:23:49 @mori {"event":"ui","process_calls":12062,"render_calls":1494,"music_polls":2510,"model_bytes":15312,"directory_scans":2,"cache_hits":0,"page":6,"selected":1,"count":9,"preview_generation":0,"file_worker_stack_free":15056,"file_start_active":false,"preview_active":false,"preview_done":false,"preview_available":false,"screen_dimmed":false,"selection":"cart_20260515_224442.gba","status":"ROM_OUTPUT"}
2026-09-10 19:23:50 @mori {"event":"key","message":"down"}
2026-09-10 19:23:50 @mori {"event":"ui","process_calls":12072,"render_calls":1504,"music_polls":2512,"model_bytes":15312,"directory_scans":2,"cache_hits":0,"page":6,"selected":2,"count":9,"preview_generation":0,"file_worker_stack_free":15056,"file_start_active":false,"preview_active":false,"preview_done":false,"preview_available":false,"screen_dimmed":false,"selection":"cart_20260515_230853.gba","status":"ROM_OUTPUT"}
2026-09-10 19:23:50 @mori {"event":"key","message":"down"}
2026-09-10 19:23:50 @mori {"event":"ui","process_calls":12083,"render_calls":1515,"music_polls":2513,"model_bytes":15312,"directory_scans":2,"cache_hits":0,"page":6,"selected":3,"count":9,"preview_generation":0,"file_worker_stack_free":15056,"file_start_active":false,"preview_active":false,"preview_done":false,"preview_available":false,"screen_dimmed":false,"selection":"cart_20260515_235150.gba","status":"ROM_OUTPUT"}
2026-09-10 19:23:50 @mori {"event":"key","message":"down"}
2026-09-10 19:23:50 @mori {"event":"ui","process_calls":12093,"render_calls":1525,"music_polls":2515,"model_bytes":15312,"directory_scans":2,"cache_hits":0,"page":6,"selected":4,"count":9,"preview_generation":0,"file_worker_stack_free":15056,"file_start_active":false,"preview_active":false,"preview_done":false,"preview_available":false,"screen_dimmed":false,"selection":"cart_20260604_015634.gba","status":"ROM_OUTPUT"}
2026-09-10 19:23:50 @mori {"event":"key","message":"down"}
2026-09-10 19:23:50 @mori {"event":"ui","process_calls":12103,"render_calls":1535,"music_polls":2516,"model_bytes":15312,"directory_scans":2,"cache_hits":0,"page":6,"selected":5,"count":9,"preview_generation":0,"file_worker_stack_free":15056,"file_start_active":false,"preview_active":false,"preview_done":false,"preview_available":false,"screen_dimmed":false,"selection":"cart_32M_dump_20260407_004017.gba","status":"ROM_OUTPUT"}
2026-09-10 19:23:50 @mori {"event":"key","message":"down"}
2026-09-10 19:23:50 @mori {"event":"ui","process_calls":12112,"render_calls":1544,"music_polls":2518,"model_bytes":15312,"directory_scans":2,"cache_hits":0,"page":6,"selected":6,"count":9,"preview_generation":0,"file_worker_stack_free":15056,"file_start_active":false,"preview_active":false,"preview_done":false,"preview_available":false,"screen_dimmed":false,"selection":"cart_32M_dump_20260407_004236.gba","status":"ROM_OUTPUT"}
2026-09-10 19:23:50 @mori {"event":"key","message":"down"}
2026-09-10 19:23:50 @mori {"event":"ui","process_calls":12121,"render_calls":1553,"music_polls":2519,"model_bytes":15312,"directory_scans":2,"cache_hits":0,"page":6,"selected":7,"count":9,"preview_generation":0,"file_worker_stack_free":15056,"file_start_active":false,"preview_active":false,"preview_done":false,"preview_available":false,"screen_dimmed":false,"selection":"cpld_before_20260910.gba","status":"ROM_OUTPUT"}
2026-09-10 19:23:50 @mori {"event":"key","message":"down"}
2026-09-10 19:23:51 @mori {"event":"ui","process_calls":12131,"render_calls":1563,"music_polls":2521,"model_bytes":15312,"directory_scans":2,"cache_hits":0,"page":6,"selected":8,"count":9,"preview_generation":0,"file_worker_stack_free":15056,"file_start_active":false,"preview_active":false,"preview_done":false,"preview_available":false,"screen_dimmed":false,"selection":"ui_worker_before_20260910.gba","status":"ROM_OUTPUT"}
2026-09-10 19:23:51 @mori {"event":"key","message":"a"}
2026-09-10 19:23:51 @mori {"event":"ui","process_calls":12135,"render_calls":1567,"music_polls":2521,"model_bytes":15312,"directory_scans":2,"cache_hits":0,"page":15,"selected":2,"count":9,"preview_generation":1,"file_worker_stack_free":13920,"file_start_active":false,"preview_active":true,"preview_done":false,"preview_available":false,"screen_dimmed":false,"selection":"ROM: 写入","status":"已选择ROM"}
2026-09-10 19:23:51 @mori {"event":"key","message":"a"}
2026-09-10 19:23:51 @mori {"event":"ui","process_calls":12137,"render_calls":1569,"music_polls":2522,"model_bytes":15312,"directory_scans":2,"cache_hits":0,"page":15,"selected":0,"count":5,"preview_generation":1,"file_worker_stack_free":13920,"file_start_active":false,"preview_active":true,"preview_done":false,"preview_available":false,"screen_dimmed":false,"selection":"直接烧录","status":"选择补丁和烧录操作"}
2026-09-10 19:23:51 I (301364) ui: ROM preview generation=1 result=ESP_ERR_INVALID_STATE available=0 stack_free=13920
2026-09-10 19:23:51 I (301367) power_manager: CPU perf lock acquired by ui_file_start
2026-09-10 19:23:51 I (301370) ui: LCD start file action: action=PSRAM烧录 path=ROM_OUTPUT/ui_worker_before_20260910.gba mode=gba write_path=psram
2026-09-10 19:23:51 I (301382) burner_web: PSRAM auto window: free=7556312 largest=7471104 reserve=262144 -> 6MB
2026-09-10 19:23:51 @mori {"event":"key","message":"a"}
2026-09-10 19:23:51 @mori {"event":"ui","process_calls":12140,"render_calls":1572,"music_polls":2524,"model_bytes":15312,"directory_scans":2,"cache_hits":0,"page":18,"selected":0,"count":12,"preview_generation":2,"file_worker_stack_free":10464,"file_start_active":true,"preview_active":false,"preview_done":false,"preview_available":false,"screen_dimmed":false,"selection":"","status":"任务状态"}
2026-09-10 19:23:51 @mori {"event":"ui","process_calls":12140,"render_calls":1572,"music_polls":2524,"model_bytes":15312,"directory_scans":2,"cache_hits":0,"page":18,"selected":0,"count":12,"preview_generation":2,"file_worker_stack_free":10464,"file_start_active":true,"preview_active":false,"preview_done":false,"preview_available":false,"screen_dimmed":false,"selection":"","status":"任务状态"}
2026-09-10 19:23:51 I (301594) burner_web: GBA D0/D1 swap detection starting...
2026-09-10 19:23:51 I (301595) burner_web: D0/D1 swap detection: entering CFI mode (word addr 0x055)
2026-09-10 19:23:51 I (301597) burner_web: D0/D1 swap detection: CFI 'QRY' detected (normal, low-byte lane) [010]=0051 [011]=0052 [012]=0059
2026-09-10 19:23:51 I (301608) burner_web: GBA D0/D1 swap detection: NORMAL (no swap), lane=low
2026-09-10 19:23:51 I (301614) burner_web: GBA ReadID trace begin t=300394264us
2026-09-10 19:23:51 I (301619) burner_web: GBA ReadID trace write addr=0x555 data=0x00AA dt=5228us (0.005228s)
2026-09-10 19:23:51 I (301628) burner_web: GBA ReadID trace write addr=0x2AA data=0x0055 dt=8456us (0.008456s)
2026-09-10 19:23:51 I (301636) burner_web: GBA ReadID trace write addr=0x555 data=0x0090 dt=8027us (0.008027s)
2026-09-10 19:23:51 I (301644) burner_web: GBA ReadID trace read addr=0x000 data=0x0089 dt=7943us (0.007943s)
2026-09-10 19:23:51 I (301651) burner_web: GBA ReadID trace read addr=0x001 data=0x227E dt=7744us (0.007744s)
2026-09-10 19:23:51 I (301660) burner_web: GBA ReadID trace read addr=0x00E data=0x2228 dt=8067us (0.008067s)
2026-09-10 19:23:51 I (301667) burner_web: GBA ReadID trace read addr=0x00F data=0x2201 dt=7913us (0.007913s)
2026-09-10 19:23:52 I (301675) burner_web: GBA ReadID trace write addr=0x000 data=0x00F0 dt=7843us (0.007843s)
2026-09-10 19:23:52 I (301683) burner_web: GBA ReadID trace end status=ESP_OK total=68986us (0.068986s)
2026-09-10 19:23:52 I (301691) burner_web: GBA word-address probe @40000000Hz try=1 id=89 00 7E 22 28 22 01 22 (candidate-id)
2026-09-10 19:23:52 I (301700) burner_web: GBA Intel ReadID trace begin t=300480124us
2026-09-10 19:23:52 I (301706) burner_web: GBA Intel ReadID trace write addr=0x000 data=0x0050 dt=5586us (0.005586s)
2026-09-10 19:23:52 I (301714) burner_web: GBA Intel ReadID trace write addr=0x000 data=0x00FF dt=8853us (0.008853s)
2026-09-10 19:23:52 I (301723) burner_web: GBA Intel ReadID trace write addr=0x000 data=0x0090 dt=8478us (0.008478s)
2026-09-10 19:23:52 I (301731) burner_web: GBA Intel ReadID trace read addr=0x000 data=0x002E dt=8539us (0.008539s)
2026-09-10 19:23:52 I (301740) burner_web: GBA Intel ReadID trace read addr=0x001 data=0xEA00 dt=8350us (0.008350s)
2026-09-10 19:23:52 I (301748) burner_web: GBA Intel ReadID trace read addr=0x00E data=0x52A3 dt=8334us (0.008334s)
2026-09-10 19:23:52 I (301756) burner_web: GBA Intel ReadID trace read addr=0x00F data=0x19BE dt=8250us (0.008250s)
2026-09-10 19:23:52 I (301765) burner_web: GBA Intel ReadID trace write addr=0x000 data=0x0050 dt=8824us (0.008824s)
2026-09-10 19:23:52 I (301773) burner_web: GBA Intel ReadID trace write addr=0x000 data=0x00FF dt=8221us (0.008221s)
2026-09-10 19:23:52 I (301782) burner_web: GBA Intel ReadID trace end status=ESP_OK total=81875us (0.081875s)
2026-09-10 19:23:52 I (301790) burner_web: GBA intel-id probe @40000000Hz try=1 id=2E 00 00 EA A3 52 BE 19 (candidate-id)
2026-09-10 19:23:52 I (301810) burner_web: GBA raw ID method scan summary @40000000Hz try=1: candidates=0 best=none
2026-09-10 19:23:52 I (301813) burner_web: GBA auto probe @40000000Hz try=1 id=89 00 7E 22 28 22 01 22 (candidate-id)
2026-09-10 19:23:52 I (301818) burner_web: GBA CFI ok in word-address mode @40000000Hz try=1: chip=CFI AMD 128MB profile=AGB:amd:auto-cfi flash=134217728 sector=131072 geom=uniform largest=131072 regions=1 buf=1024 cmdset=amd lane=low primary=0x0002
2026-09-10 19:23:52 @mori {"event":"ui","process_calls":12155,"render_calls":1587,"music_polls":2527,"model_bytes":15312,"directory_scans":2,"cache_hits":0,"page":18,"selected":0,"count":12,"preview_generation":2,"file_worker_stack_free":10464,"file_start_active":true,"preview_active":false,"preview_done":false,"preview_available":false,"screen_dimmed":false,"selection":"","status":"任务状态"}
2026-09-10 19:23:52 I (301938) burner_web: GBA psram erase window policy: fixed window=4MB
2026-09-10 19:23:52 I (301938) ui: LCD file action task stack free min=10464 bytes
2026-09-10 19:23:52 I (302166) burner_web: GBA D0/D1 swap detection starting...
2026-09-10 19:23:52 I (302168) burner_web: D0/D1 swap detection: entering CFI mode (word addr 0x055)
2026-09-10 19:23:52 I (302169) burner_web: D0/D1 swap detection: CFI 'QRY' detected (normal, low-byte lane) [010]=0051 [011]=0052 [012]=0059
2026-09-10 19:23:52 I (302180) burner_web: GBA D0/D1 swap detection: NORMAL (no swap), lane=low
2026-09-10 19:23:52 I (302186) burner_web: GBA ReadID trace begin t=300966466us
2026-09-10 19:23:52 I (302192) burner_web: GBA ReadID trace write addr=0x555 data=0x00AA dt=5220us (0.005220s)
2026-09-10 19:23:52 I (302200) burner_web: GBA ReadID trace write addr=0x2AA data=0x0055 dt=8564us (0.008564s)
2026-09-10 19:23:52 I (302208) burner_web: GBA ReadID trace write addr=0x555 data=0x0090 dt=7983us (0.007983s)
2026-09-10 19:23:52 I (302216) burner_web: GBA ReadID trace read addr=0x000 data=0x0089 dt=7971us (0.007971s)
2026-09-10 19:23:52 I (302224) burner_web: GBA ReadID trace read addr=0x001 data=0x227E dt=7809us (0.007809s)
2026-09-10 19:23:52 I (302232) burner_web: GBA ReadID trace read addr=0x00E data=0x2228 dt=7845us (0.007845s)
2026-09-10 19:23:52 @mori {"event":"ui","process_calls":12159,"render_calls":1591,"music_polls":2529,"model_bytes":15312,"directory_scans":2,"cache_hits":0,"page":18,"selected":0,"count":12,"preview_generation":2,"file_worker_stack_free":10464,"file_start_active":false,"preview_active":false,"preview_done":false,"preview_available":false,"screen_dimmed":false,"selection":"","status":"PSRAM烧录已启动"}
2026-09-10 19:23:52 I (302240) burner_web: GBA ReadID trace read addr=0x00F data=0x2201 dt=7902us (0.007902s)
2026-09-10 19:23:52 I (302282) burner_web: GBA ReadID trace write addr=0x000 data=0x00F0 dt=42071us (0.042071s)
2026-09-10 19:23:52 I (302290) burner_web: GBA ReadID trace end status=ESP_OK total=103252us (0.103252s)
2026-09-10 19:23:52 I (302298) burner_web: GBA word-address probe @40000000Hz try=1 id=89 00 7E 22 28 22 01 22 (candidate-id)
2026-09-10 19:23:52 I (302306) burner_web: GBA Intel ReadID trace begin t=301086551us
2026-09-10 19:23:52 I (302312) burner_web: GBA Intel ReadID trace write addr=0x000 data=0x0050 dt=5589us (0.005589s)
2026-09-10 19:23:52 I (302321) burner_web: GBA Intel ReadID trace write addr=0x000 data=0x00FF dt=8909us (0.008909s)
2026-09-10 19:23:52 I (302329) burner_web: GBA Intel ReadID trace write addr=0x000 data=0x0090 dt=8554us (0.008554s)
2026-09-10 19:23:52 I (302338) burner_web: GBA Intel ReadID trace read addr=0x000 data=0x002E dt=8591us (0.008591s)
2026-09-10 19:23:52 I (302346) burner_web: GBA Intel ReadID trace read addr=0x001 data=0xEA00 dt=8284us (0.008284s)
2026-09-10 19:23:52 I (302355) burner_web: GBA Intel ReadID trace read addr=0x00E data=0x52A3 dt=8377us (0.008377s)
2026-09-10 19:23:52 I (302363) burner_web: GBA Intel ReadID trace read addr=0x00F data=0x19BE dt=8343us (0.008343s)
2026-09-10 19:23:52 I (302371) burner_web: GBA Intel ReadID trace write addr=0x000 data=0x0050 dt=8264us (0.008264s)
2026-09-10 19:23:52 I (302380) burner_web: GBA Intel ReadID trace write addr=0x000 data=0x00FF dt=8687us (0.008687s)
2026-09-10 19:23:52 I (302388) burner_web: GBA Intel ReadID trace end status=ESP_OK total=81929us (0.081929s)
2026-09-10 19:23:52 I (302396) burner_web: GBA intel-id probe @40000000Hz try=1 id=2E 00 00 EA A3 52 BE 19 (candidate-id)
2026-09-10 19:23:52 I (302416) burner_web: GBA raw ID method scan summary @40000000Hz try=1: candidates=0 best=none
2026-09-10 19:23:52 I (302419) burner_web: GBA auto probe @40000000Hz try=1 id=89 00 7E 22 28 22 01 22 (candidate-id)
2026-09-10 19:23:52 I (302424) burner_web: GBA CFI ok in word-address mode @40000000Hz try=1: chip=CFI AMD 128MB profile=AGB:amd:auto-cfi flash=134217728 sector=131072 geom=uniform largest=131072 regions=1 buf=1024 cmdset=amd lane=low primary=0x0002
2026-09-10 19:23:52 I (302444) burner_web: GBA AMD Bacon compatibility: keep flash size 134217728, use 32MB banked writes
2026-09-10 19:23:52 I (302453) burner_web: GBA AMD runtime commands: standard AMD source=none
2026-09-10 19:23:52 I (302459) burner_web: GBA prepared: chip=CFI AMD 128MB profile=AGB:amd:auto-cfi flash=134217728 sector=131072 geom=uniform largest=131072 regions=1 buf=1024 prog_buf=1024 cfi=ok nor=amd cmd=word-address low-lane id=89 00 7E 22 28 22 01 22
2026-09-10 19:23:52 I (302480) burner_web: GBA mapping: Bacon AMD 32MB-bank bank=32MB force_multi=0 range=0x00000000-0x01FFFFFF
2026-09-10 19:23:52 I (302491) burner_web: GBA paired polling: 4 read-only address checks passed
2026-09-10 19:23:52 I (302500) burner_web: GBA burn erase policy: force erase for all write paths
2026-09-10 19:23:52 I (302503) burner_web: GBA write stage: addr=0x00000000 bytes=4194304 processed=0/33554432 path=psram erase=yes
2026-09-10 19:23:52 I (302515) burner_web: GBA erase timeout budget: bytes=4194304 timeout=80000ms
2026-09-10 19:23:52 @mori {"event":"ui","process_calls":12171,"render_calls":1603,"music_polls":2532,"model_bytes":15312,"directory_scans":2,"cache_hits":0,"page":18,"selected":0,"count":12,"preview_generation":2,"file_worker_stack_free":10464,"file_start_active":false,"preview_active":false,"preview_done":false,"preview_available":false,"screen_dimmed":false,"selection":"","status":"burner burning: erasing gba flash sectors (4MB) + prefetch tf->psram"}
2026-09-10 19:23:52 @mori {"event":"ui","process_calls":12178,"render_calls":1610,"music_polls":2534,"model_bytes":15312,"directory_scans":2,"cache_hits":0,"page":18,"selected":0,"count":12,"preview_generation":2,"file_worker_stack_free":10464,"file_start_active":false,"preview_active":false,"preview_done":false,"preview_available":false,"screen_dimmed":false,"selection":"","status":"burner burning: erasing gba flash sectors (4MB) + prefetch tf->psram"}
2026-09-10 19:23:53 @mori {"event":"ui","process_calls":12190,"render_calls":1613,"music_polls":2536,"model_bytes":15312,"directory_scans":2,"cache_hits":0,"page":18,"selected":0,"count":12,"preview_generation":2,"file_worker_stack_free":10464,"file_start_active":false,"preview_active":false,"preview_done":false,"preview_available":false,"screen_dimmed":false,"selection":"","status":"burner burning: erasing gba flash sectors (4MB) + prefetch tf->psram"}
2026-09-10 19:23:53 @mori {"event":"ui","process_calls":12204,"render_calls":1615,"music_polls":2540,"model_bytes":15312,"directory_scans":2,"cache_hits":0,"page":18,"selected":0,"count":12,"preview_generation":2,"file_worker_stack_free":10464,"file_start_active":false,"preview_active":false,"preview_done":false,"preview_available":false,"screen_dimmed":false,"selection":"","status":"burner burning: erasing gba flash sectors (4MB) + prefetch tf->psram"}
2026-09-10 19:23:53 @mori {"event":"ui","process_calls":12217,"render_calls":1617,"music_polls":2542,"model_bytes":15312,"directory_scans":2,"cache_hits":0,"page":18,"selected":0,"count":12,"preview_generation":2,"file_worker_stack_free":10464,"file_start_active":false,"preview_active":false,"preview_done":false,"preview_available":false,"screen_dimmed":false,"selection":"","status":"burner burning: erasing gba flash sectors (4MB) + prefetch tf->psram"}
2026-09-10 19:23:54 @mori {"event":"ui","process_calls":12231,"render_calls":1619,"music_polls":2545,"model_bytes":15312,"directory_scans":2,"cache_hits":0,"page":18,"selected":0,"count":12,"preview_generation":2,"file_worker_stack_free":10464,"file_start_active":false,"preview_active":false,"preview_done":false,"preview_available":false,"screen_dimmed":false,"selection":"","status":"burner burning: erasing gba flash sectors (4MB) + prefetch tf->psram"}
2026-09-10 19:23:54 @mori {"event":"ui","process_calls":12241,"render_calls":1620,"music_polls":2547,"model_bytes":15312,"directory_scans":2,"cache_hits":0,"page":18,"selected":0,"count":12,"preview_generation":2,"file_worker_stack_free":10464,"file_start_active":false,"preview_active":false,"preview_done":false,"preview_available":false,"screen_dimmed":false,"selection":"","status":"burner burning: erasing gba flash sectors (4MB) + prefetch tf->psram"}
2026-09-10 19:23:54 @mori {"event":"ui","process_calls":12253,"render_calls":1622,"music_polls":2550,"model_bytes":15312,"directory_scans":2,"cache_hits":0,"page":18,"selected":0,"count":12,"preview_generation":2,"file_worker_stack_free":10464,"file_start_active":false,"preview_active":false,"preview_done":false,"preview_available":false,"screen_dimmed":false,"selection":"","status":"burner burning: erasing gba flash sectors (4MB) + prefetch tf->psram"}
2026-09-10 19:23:55 @mori {"event":"ui","process_calls":12267,"render_calls":1623,"music_polls":2552,"model_bytes":15312,"directory_scans":2,"cache_hits":0,"page":18,"selected":0,"count":12,"preview_generation":2,"file_worker_stack_free":10464,"file_start_active":false,"preview_active":false,"preview_done":false,"preview_available":false,"screen_dimmed":false,"selection":"","status":"burner burning: erasing gba flash sectors (4MB) + prefetch tf->psram"}
2026-09-10 19:23:55 @mori {"event":"ui","process_calls":12281,"render_calls":1624,"music_polls":2554,"model_bytes":15312,"directory_scans":2,"cache_hits":0,"page":18,"selected":0,"count":12,"preview_generation":2,"file_worker_stack_free":10464,"file_start_active":false,"preview_active":false,"preview_done":false,"preview_available":false,"screen_dimmed":false,"selection":"","status":"burner burning: erasing gba flash sectors (4MB) + prefetch tf->psram"}
2026-09-10 19:23:55 @mori {"event":"ui","process_calls":12295,"render_calls":1626,"music_polls":2557,"model_bytes":15312,"directory_scans":2,"cache_hits":0,"page":18,"selected":0,"count":12,"preview_generation":2,"file_worker_stack_free":10464,"file_start_active":false,"preview_active":false,"preview_done":false,"preview_available":false,"screen_dimmed":false,"selection":"","status":"burner burning: erasing gba flash sectors (4MB) + prefetch tf->psram"}
2026-09-10 19:23:56 @mori {"event":"ui","process_calls":12305,"render_calls":1627,"music_polls":2559,"model_bytes":15312,"directory_scans":2,"cache_hits":0,"page":18,"selected":0,"count":12,"preview_generation":2,"file_worker_stack_free":10464,"file_start_active":false,"preview_active":false,"preview_done":false,"preview_available":false,"screen_dimmed":false,"selection":"","status":"burner burning: erasing gba flash sectors (4MB) + prefetch tf->psram"}
2026-09-10 19:23:56 @mori {"event":"ui","process_calls":12317,"render_calls":1628,"music_polls":2562,"model_bytes":15312,"directory_scans":2,"cache_hits":0,"page":18,"selected":0,"count":12,"preview_generation":2,"file_worker_stack_free":10464,"file_start_active":false,"preview_active":false,"preview_done":false,"preview_available":false,"screen_dimmed":false,"selection":"","status":"burner burning: erasing gba flash sectors (4MB) + prefetch tf->psram"}
2026-09-10 19:23:56 @mori {"event":"ui","process_calls":12331,"render_calls":1629,"music_polls":2564,"model_bytes":15312,"directory_scans":2,"cache_hits":0,"page":18,"selected":0,"count":12,"preview_generation":2,"file_worker_stack_free":10464,"file_start_active":false,"preview_active":false,"preview_done":false,"preview_available":false,"screen_dimmed":false,"selection":"","status":"burner burning: erasing gba flash sectors (4MB) + prefetch tf->psram"}
2026-09-10 19:23:57 @mori {"event":"ui","process_calls":12345,"render_calls":1631,"music_polls":2567,"model_bytes":15312,"directory_scans":2,"cache_hits":0,"page":18,"selected":0,"count":12,"preview_generation":2,"file_worker_stack_free":10464,"file_start_active":false,"preview_active":false,"preview_done":false,"preview_available":false,"screen_dimmed":false,"selection":"","status":"burner burning: erasing gba flash sectors (4MB) + prefetch tf->psram"}
2026-09-10 19:23:57 @mori {"event":"ui","process_calls":12358,"render_calls":1633,"music_polls":2569,"model_bytes":15312,"directory_scans":2,"cache_hits":0,"page":18,"selected":0,"count":12,"preview_generation":2,"file_worker_stack_free":10464,"file_start_active":false,"preview_active":false,"preview_done":false,"preview_available":false,"screen_dimmed":false,"selection":"","status":"burner burning: erasing gba flash sectors (4MB) + prefetch tf->psram"}
2026-09-10 19:23:57 I (307387) burner_web: GBA program chunk: addr=0x00000000 bytes=65536 processed=0/33554432 path=psram
2026-09-10 19:23:57 @mori {"event":"ui","process_calls":12366,"render_calls":1635,"music_polls":2571,"model_bytes":15312,"directory_scans":2,"cache_hits":0,"page":18,"selected":0,"count":12,"preview_generation":2,"file_worker_stack_free":10464,"file_start_active":false,"preview_active":false,"preview_done":false,"preview_available":false,"screen_dimmed":false,"selection":"","status":"burner burning: psram->gba cart programmed"}
2026-09-10 19:23:57 @mori {"event":"ui","process_calls":12369,"render_calls":1638,"music_polls":2572,"model_bytes":15312,"directory_scans":2,"cache_hits":0,"page":18,"selected":0,"count":12,"preview_generation":2,"file_worker_stack_free":10464,"file_start_active":false,"preview_active":false,"preview_done":false,"preview_available":false,"screen_dimmed":false,"selection":"","status":"burner burning: psram->gba cart programmed"}
2026-09-10 19:23:58 @mori {"event":"ui","process_calls":12372,"render_calls":1641,"music_polls":2574,"model_bytes":15312,"directory_scans":2,"cache_hits":0,"page":18,"selected":0,"count":12,"preview_generation":2,"file_worker_stack_free":10464,"file_start_active":false,"preview_active":false,"preview_done":false,"preview_available":false,"screen_dimmed":false,"selection":"","status":"burner burning: psram->gba cart programmed"}
2026-09-10 19:23:58 @mori {"event":"ui","process_calls":12376,"render_calls":1644,"music_polls":2576,"model_bytes":15312,"directory_scans":2,"cache_hits":0,"page":18,"selected":0,"count":12,"preview_generation":2,"file_worker_stack_free":10464,"file_start_active":false,"preview_active":false,"preview_done":false,"preview_available":false,"screen_dimmed":false,"selection":"","status":"burner burning: psram->gba cart programmed"}
2026-09-10 19:23:58 @mori {"event":"ui","process_calls":12380,"render_calls":1646,"music_polls":2578,"model_bytes":15312,"directory_scans":2,"cache_hits":0,"page":18,"selected":0,"count":12,"preview_generation":2,"file_worker_stack_free":10464,"file_start_active":false,"preview_active":false,"preview_done":false,"preview_available":false,"screen_dimmed":false,"selection":"","status":"burner burning: psram->gba cart programmed"}
2026-09-10 19:23:59 @mori {"event":"ui","process_calls":12384,"render_calls":1649,"music_polls":2581,"model_bytes":15312,"directory_scans":2,"cache_hits":0,"page":18,"selected":0,"count":12,"preview_generation":2,"file_worker_stack_free":10464,"file_start_active":false,"preview_active":false,"preview_done":false,"preview_available":false,"screen_dimmed":false,"selection":"","status":"burner burning: psram->gba cart programmed"}
2026-09-10 19:23:59 @mori {"event":"ui","process_calls":12388,"render_calls":1652,"music_polls":2583,"model_bytes":15312,"directory_scans":2,"cache_hits":0,"page":18,"selected":0,"count":12,"preview_generation":2,"file_worker_stack_free":10464,"file_start_active":false,"preview_active":false,"preview_done":false,"preview_available":false,"screen_dimmed":false,"selection":"","status":"burner burning: psram->gba cart programmed"}
2026-09-10 19:23:59 @mori {"event":"ui","process_calls":12391,"render_calls":1655,"music_polls":2584,"model_bytes":15312,"directory_scans":2,"cache_hits":0,"page":18,"selected":0,"count":12,"preview_generation":2,"file_worker_stack_free":10464,"file_start_active":false,"preview_active":false,"preview_done":false,"preview_available":false,"screen_dimmed":false,"selection":"","status":"burner burning: psram->gba cart programmed"}
2026-09-10 19:24:00 I (309766) burner_web: GBA erase timeout budget: bytes=4194304 timeout=80000ms
2026-09-10 19:24:00 @mori {"event":"ui","process_calls":12395,"render_calls":1659,"music_polls":2587,"model_bytes":15312,"directory_scans":2,"cache_hits":0,"page":18,"selected":0,"count":12,"preview_generation":2,"file_worker_stack_free":10464,"file_start_active":false,"preview_active":false,"preview_done":false,"preview_available":false,"screen_dimmed":false,"selection":"","status":"burner burning: erasing gba flash sectors (4MB) + prefetch tf->psram"}
2026-09-10 19:24:00 @mori {"event":"ui","process_calls":12406,"render_calls":1660,"music_polls":2589,"model_bytes":15312,"directory_scans":2,"cache_hits":0,"page":18,"selected":0,"count":12,"preview_generation":2,"file_worker_stack_free":10464,"file_start_active":false,"preview_active":false,"preview_done":false,"preview_available":false,"screen_dimmed":false,"selection":"","status":"burner burning: erasing gba flash sectors (4MB) + prefetch tf->psram"}
2026-09-10 19:24:00 @mori {"event":"ui","process_calls":12417,"render_calls":1661,"music_polls":2592,"model_bytes":15312,"directory_scans":2,"cache_hits":0,"page":18,"selected":0,"count":12,"preview_generation":2,"file_worker_stack_free":10464,"file_start_active":false,"preview_active":false,"preview_done":false,"preview_available":false,"screen_dimmed":false,"selection":"","status":"burner burning: erasing gba flash sectors (4MB) + prefetch tf->psram"}
2026-09-10 19:24:01 @mori {"event":"ui","process_calls":12430,"render_calls":1662,"music_polls":2594,"model_bytes":15312,"directory_scans":2,"cache_hits":0,"page":18,"selected":0,"count":12,"preview_generation":2,"file_worker_stack_free":10464,"file_start_active":false,"preview_active":false,"preview_done":false,"preview_available":false,"screen_dimmed":false,"selection":"","status":"burner burning: erasing gba flash sectors (4MB) + prefetch tf->psram"}
2026-09-10 19:24:01 @mori {"event":"ui","process_calls":12443,"render_calls":1664,"music_polls":2596,"model_bytes":15312,"directory_scans":2,"cache_hits":0,"page":18,"selected":0,"count":12,"preview_generation":2,"file_worker_stack_free":10464,"file_start_active":false,"preview_active":false,"preview_done":false,"preview_available":false,"screen_dimmed":false,"selection":"","status":"burner burning: erasing gba flash sectors (4MB) + prefetch tf->psram"}
2026-09-10 19:24:01 @mori {"event":"ui","process_calls":12456,"render_calls":1666,"music_polls":2599,"model_bytes":15312,"directory_scans":2,"cache_hits":0,"page":18,"selected":0,"count":12,"preview_generation":2,"file_worker_stack_free":10464,"file_start_active":false,"preview_active":false,"preview_done":false,"preview_available":false,"screen_dimmed":false,"selection":"","status":"burner burning: erasing gba flash sectors (4MB) + prefetch tf->psram"}
2026-09-10 19:24:01 @mori {"event":"ui","process_calls":12467,"render_calls":1667,"music_polls":2601,"model_bytes":15312,"directory_scans":2,"cache_hits":0,"page":18,"selected":0,"count":12,"preview_generation":2,"file_worker_stack_free":10464,"file_start_active":false,"preview_active":false,"preview_done":false,"preview_available":false,"screen_dimmed":false,"selection":"","status":"burner burning: erasing gba flash sectors (4MB) + prefetch tf->psram"}
2026-09-10 19:24:02 @mori {"event":"ui","process_calls":12480,"render_calls":1668,"music_polls":2604,"model_bytes":15312,"directory_scans":2,"cache_hits":0,"page":18,"selected":0,"count":12,"preview_generation":2,"file_worker_stack_free":10464,"file_start_active":false,"preview_active":false,"preview_done":false,"preview_available":false,"screen_dimmed":false,"selection":"","status":"burner burning: erasing gba flash sectors (4MB) + prefetch tf->psram"}
2026-09-10 19:24:02 @mori {"event":"ui","process_calls":12494,"render_calls":1669,"music_polls":2606,"model_bytes":15312,"directory_scans":2,"cache_hits":0,"page":18,"selected":0,"count":12,"preview_generation":2,"file_worker_stack_free":10464,"file_start_active":false,"preview_active":false,"preview_done":false,"preview_available":false,"screen_dimmed":false,"selection":"","status":"burner burning: erasing gba flash sectors (4MB) + prefetch tf->psram"}
2026-09-10 19:24:02 @mori {"event":"ui","process_calls":12508,"render_calls":1670,"music_polls":2609,"model_bytes":15312,"directory_scans":2,"cache_hits":0,"page":18,"selected":0,"count":12,"preview_generation":2,"file_worker_stack_free":10464,"file_start_active":false,"preview_active":false,"preview_done":false,"preview_available":false,"screen_dimmed":false,"selection":"","status":"burner burning: erasing gba flash sectors (4MB) + prefetch tf->psram"}
2026-09-10 19:24:03 @mori {"event":"ui","process_calls":12519,"render_calls":1673,"music_polls":2611,"model_bytes":15312,"directory_scans":2,"cache_hits":0,"page":18,"selected":0,"count":12,"preview_generation":2,"file_worker_stack_free":10464,"file_start_active":false,"preview_active":false,"preview_done":false,"preview_available":false,"screen_dimmed":false,"selection":"","status":"burner burning: erasing gba flash sectors (4MB) + prefetch tf->psram"}
2026-09-10 19:24:03 @mori {"event":"ui","process_calls":12530,"render_calls":1674,"music_polls":2613,"model_bytes":15312,"directory_scans":2,"cache_hits":0,"page":18,"selected":0,"count":12,"preview_generation":2,"file_worker_stack_free":10464,"file_start_active":false,"preview_active":false,"preview_done":false,"preview_available":false,"screen_dimmed":false,"selection":"","status":"burner burning: erasing gba flash sectors (4MB) + prefetch tf->psram"}
2026-09-10 19:24:03 @mori {"event":"ui","process_calls":12544,"render_calls":1675,"music_polls":2616,"model_bytes":15312,"directory_scans":2,"cache_hits":0,"page":18,"selected":0,"count":12,"preview_generation":2,"file_worker_stack_free":10464,"file_start_active":false,"preview_active":false,"preview_done":false,"preview_available":false,"screen_dimmed":false,"selection":"","status":"burner burning: erasing gba flash sectors (4MB) + prefetch tf->psram"}
2026-09-10 19:24:04 @mori {"event":"ui","process_calls":12558,"render_calls":1677,"music_polls":2618,"model_bytes":15312,"directory_scans":2,"cache_hits":0,"page":18,"selected":0,"count":12,"preview_generation":2,"file_worker_stack_free":10464,"file_start_active":false,"preview_active":false,"preview_done":false,"preview_available":false,"screen_dimmed":false,"selection":"","status":"burner burning: erasing gba flash sectors (4MB) + prefetch tf->psram"}
2026-09-10 19:24:04 @mori {"event":"ui","process_calls":12570,"render_calls":1678,"music_polls":2620,"model_bytes":15312,"directory_scans":2,"cache_hits":0,"page":18,"selected":0,"count":12,"preview_generation":2,"file_worker_stack_free":10464,"file_start_active":false,"preview_active":false,"preview_done":false,"preview_available":false,"screen_dimmed":false,"selection":"","status":"burner burning: erasing gba flash sectors (4MB) + prefetch tf->psram"}
2026-09-10 19:24:04 @mori {"event":"ui","process_calls":12583,"render_calls":1680,"music_polls":2623,"model_bytes":15312,"directory_scans":2,"cache_hits":0,"page":18,"selected":0,"count":12,"preview_generation":2,"file_worker_stack_free":10464,"file_start_active":false,"preview_active":false,"preview_done":false,"preview_available":false,"screen_dimmed":false,"selection":"","status":"burner burning: erasing gba flash sectors (4MB) + prefetch tf->psram"}
2026-09-10 19:24:05 @mori {"event":"ui","process_calls":12586,"render_calls":1683,"music_polls":2625,"model_bytes":15312,"directory_scans":2,"cache_hits":0,"page":18,"selected":0,"count":12,"preview_generation":2,"file_worker_stack_free":10464,"file_start_active":false,"preview_active":false,"preview_done":false,"preview_available":false,"screen_dimmed":false,"selection":"","status":"burner burning: psram->gba cart programmed"}
2026-09-10 19:24:05 @mori {"event":"ui","process_calls":12589,"render_calls":1686,"music_polls":2627,"model_bytes":15312,"directory_scans":2,"cache_hits":0,"page":18,"selected":0,"count":12,"preview_generation":2,"file_worker_stack_free":10464,"file_start_active":false,"preview_active":false,"preview_done":false,"preview_available":false,"screen_dimmed":false,"selection":"","status":"burner burning: psram->gba cart programmed"}
2026-09-10 19:24:05 @mori {"event":"ui","process_calls":12592,"render_calls":1689,"music_polls":2629,"model_bytes":15312,"directory_scans":2,"cache_hits":0,"page":18,"selected":0,"count":12,"preview_generation":2,"file_worker_stack_free":10464,"file_start_active":false,"preview_active":false,"preview_done":false,"preview_available":false,"screen_dimmed":false,"selection":"","status":"burner burning: psram->gba cart programmed"}
2026-09-10 19:24:05 @mori {"event":"ui","process_calls":12595,"render_calls":1692,"music_polls":2631,"model_bytes":15312,"directory_scans":2,"cache_hits":0,"page":18,"selected":0,"count":12,"preview_generation":2,"file_worker_stack_free":10464,"file_start_active":false,"preview_active":false,"preview_done":false,"preview_available":false,"screen_dimmed":false,"selection":"","status":"burner burning: psram->gba cart programmed"}
2026-09-10 19:24:06 @mori {"event":"ui","process_calls":12598,"render_calls":1695,"music_polls":2633,"model_bytes":15312,"directory_scans":2,"cache_hits":0,"page":18,"selected":0,"count":12,"preview_generation":2,"file_worker_stack_free":10464,"file_start_active":false,"preview_active":false,"preview_done":false,"preview_available":false,"screen_dimmed":false,"selection":"","status":"burner burning: psram->gba cart programmed"}
2026-09-10 19:24:06 @mori {"event":"ui","process_calls":12601,"render_calls":1698,"music_polls":2635,"model_bytes":15312,"directory_scans":2,"cache_hits":0,"page":18,"selected":0,"count":12,"preview_generation":2,"file_worker_stack_free":10464,"file_start_active":false,"preview_active":false,"preview_done":false,"preview_available":false,"screen_dimmed":false,"selection":"","status":"burner burning: psram->gba cart programmed"}
2026-09-10 19:24:06 @mori {"event":"ui","process_calls":12604,"render_calls":1701,"music_polls":2637,"model_bytes":15312,"directory_scans":2,"cache_hits":0,"page":18,"selected":0,"count":12,"preview_generation":2,"file_worker_stack_free":10464,"file_start_active":false,"preview_active":false,"preview_done":false,"preview_available":false,"screen_dimmed":false,"selection":"","status":"burner burning: psram->gba cart programmed"}
2026-09-10 19:24:07 I (316917) burner_web: GBA erase timeout budget: bytes=4194304 timeout=80000ms
2026-09-10 19:24:07 @mori {"event":"ui","process_calls":12606,"render_calls":1703,"music_polls":2639,"model_bytes":15312,"directory_scans":2,"cache_hits":0,"page":18,"selected":0,"count":12,"preview_generation":2,"file_worker_stack_free":10464,"file_start_active":false,"preview_active":false,"preview_done":false,"preview_available":false,"screen_dimmed":false,"selection":"","status":"burner burning: erasing gba flash sectors (4MB) + prefetch tf->psram"}
2026-09-10 19:24:07 @mori {"event":"ui","process_calls":12620,"render_calls":1705,"music_polls":2643,"model_bytes":15312,"directory_scans":2,"cache_hits":0,"page":18,"selected":0,"count":12,"preview_generation":2,"file_worker_stack_free":10464,"file_start_active":false,"preview_active":false,"preview_done":false,"preview_available":false,"screen_dimmed":false,"selection":"","status":"burner burning: erasing gba flash sectors (4MB) + prefetch tf->psram"}
2026-09-10 19:24:07 @mori {"event":"ui","process_calls":12633,"render_calls":1706,"music_polls":2645,"model_bytes":15312,"directory_scans":2,"cache_hits":0,"page":18,"selected":0,"count":12,"preview_generation":2,"file_worker_stack_free":10464,"file_start_active":false,"preview_active":false,"preview_done":false,"preview_available":false,"screen_dimmed":false,"selection":"","status":"burner burning: erasing gba flash sectors (4MB) + prefetch tf->psram"}
2026-09-10 19:24:08 @mori {"event":"ui","process_calls":12645,"render_calls":1708,"music_polls":2648,"model_bytes":15312,"directory_scans":2,"cache_hits":0,"page":18,"selected":0,"count":12,"preview_generation":2,"file_worker_stack_free":10464,"file_start_active":false,"preview_active":false,"preview_done":false,"preview_available":false,"screen_dimmed":false,"selection":"","status":"burner burning: erasing gba flash sectors (4MB) + prefetch tf->psram"}
2026-09-10 19:24:08 @mori {"event":"ui","process_calls":12656,"render_calls":1709,"music_polls":2650,"model_bytes":15312,"directory_scans":2,"cache_hits":0,"page":18,"selected":0,"count":12,"preview_generation":2,"file_worker_stack_free":10464,"file_start_active":false,"preview_active":false,"preview_done":false,"preview_available":false,"screen_dimmed":false,"selection":"","status":"burner burning: erasing gba flash sectors (4MB) + prefetch tf->psram"}
2026-09-10 19:24:08 @mori {"event":"ui","process_calls":12668,"render_calls":1710,"music_polls":2653,"model_bytes":15312,"directory_scans":2,"cache_hits":0,"page":18,"selected":0,"count":12,"preview_generation":2,"file_worker_stack_free":10464,"file_start_active":false,"preview_active":false,"preview_done":false,"preview_available":false,"screen_dimmed":false,"selection":"","status":"burner burning: erasing gba flash sectors (4MB) + prefetch tf->psram"}
2026-09-10 19:24:09 @mori {"event":"ui","process_calls":12682,"render_calls":1711,"music_polls":2655,"model_bytes":15312,"directory_scans":2,"cache_hits":0,"page":18,"selected":0,"count":12,"preview_generation":2,"file_worker_stack_free":10464,"file_start_active":false,"preview_active":false,"preview_done":false,"preview_available":false,"screen_dimmed":false,"selection":"","status":"burner burning: erasing gba flash sectors (4MB) + prefetch tf->psram"}
2026-09-10 19:24:09 @mori {"event":"ui","process_calls":12696,"render_calls":1712,"music_polls":2657,"model_bytes":15312,"directory_scans":2,"cache_hits":0,"page":18,"selected":0,"count":12,"preview_generation":2,"file_worker_stack_free":10464,"file_start_active":false,"preview_active":false,"preview_done":false,"preview_available":false,"screen_dimmed":false,"selection":"","status":"burner burning: erasing gba flash sectors (4MB) + prefetch tf->psram"}
2026-09-10 19:24:09 @mori {"event":"ui","process_calls":12710,"render_calls":1714,"music_polls":2660,"model_bytes":15312,"directory_scans":2,"cache_hits":0,"page":18,"selected":0,"count":12,"preview_generation":2,"file_worker_stack_free":10464,"file_start_active":false,"preview_active":false,"preview_done":false,"preview_available":false,"screen_dimmed":false,"selection":"","status":"burner burning: erasing gba flash sectors (4MB) + prefetch tf->psram"}
2026-09-10 19:24:10 @mori {"event":"ui","process_calls":12721,"render_calls":1715,"music_polls":2662,"model_bytes":15312,"directory_scans":2,"cache_hits":0,"page":18,"selected":0,"count":12,"preview_generation":2,"file_worker_stack_free":10464,"file_start_active":false,"preview_active":false,"preview_done":false,"preview_available":false,"screen_dimmed":false,"selection":"","status":"burner burning: erasing gba flash sectors (4MB) + prefetch tf->psram"}
2026-09-10 19:24:10 @mori {"event":"ui","process_calls":12733,"render_calls":1716,"music_polls":2665,"model_bytes":15312,"directory_scans":2,"cache_hits":0,"page":18,"selected":0,"count":12,"preview_generation":2,"file_worker_stack_free":10464,"file_start_active":false,"preview_active":false,"preview_done":false,"preview_available":false,"screen_dimmed":false,"selection":"","status":"burner burning: erasing gba flash sectors (4MB) + prefetch tf->psram"}
2026-09-10 19:24:10 @mori {"event":"ui","process_calls":12747,"render_calls":1717,"music_polls":2667,"model_bytes":15312,"directory_scans":2,"cache_hits":0,"page":18,"selected":0,"count":12,"preview_generation":2,"file_worker_stack_free":10464,"file_start_active":false,"preview_active":false,"preview_done":false,"preview_available":false,"screen_dimmed":false,"selection":"","status":"burner burning: erasing gba flash sectors (4MB) + prefetch tf->psram"}
2026-09-10 19:24:10 @mori {"event":"ui","process_calls":12761,"render_calls":1718,"music_polls":2669,"model_bytes":15312,"directory_scans":2,"cache_hits":0,"page":18,"selected":0,"count":12,"preview_generation":2,"file_worker_stack_free":10464,"file_start_active":false,"preview_active":false,"preview_done":false,"preview_available":false,"screen_dimmed":false,"selection":"","status":"burner burning: erasing gba flash sectors (4MB) + prefetch tf->psram"}
2026-09-10 19:24:11 @mori {"event":"ui","process_calls":12774,"render_calls":1719,"music_polls":2672,"model_bytes":15312,"directory_scans":2,"cache_hits":0,"page":18,"selected":0,"count":12,"preview_generation":2,"file_worker_stack_free":10464,"file_start_active":false,"preview_active":false,"preview_done":false,"preview_available":false,"screen_dimmed":false,"selection":"","status":"burner burning: erasing gba flash sectors (4MB) + prefetch tf->psram"}
2026-09-10 19:24:11 @mori {"event":"ui","process_calls":12785,"render_calls":1721,"music_polls":2674,"model_bytes":15312,"directory_scans":2,"cache_hits":0,"page":18,"selected":0,"count":12,"preview_generation":2,"file_worker_stack_free":10464,"file_start_active":false,"preview_active":false,"preview_done":false,"preview_available":false,"screen_dimmed":false,"selection":"","status":"burner burning: erasing gba flash sectors (4MB) + prefetch tf->psram"}
2026-09-10 19:24:11 @mori {"event":"ui","process_calls":12796,"render_calls":1722,"music_polls":2676,"model_bytes":15312,"directory_scans":2,"cache_hits":0,"page":18,"selected":0,"count":12,"preview_generation":2,"file_worker_stack_free":10464,"file_start_active":false,"preview_active":false,"preview_done":false,"preview_available":false,"screen_dimmed":false,"selection":"","status":"burner burning: erasing gba flash sectors (4MB) + prefetch tf->psram"}
2026-09-10 19:24:12 @mori {"event":"ui","process_calls":12801,"render_calls":1725,"music_polls":2678,"model_bytes":15312,"directory_scans":2,"cache_hits":0,"page":18,"selected":0,"count":12,"preview_generation":2,"file_worker_stack_free":10464,"file_start_active":false,"preview_active":false,"preview_done":false,"preview_available":false,"screen_dimmed":false,"selection":"","status":"burner burning: psram->gba cart programmed"}
2026-09-10 19:24:12 @mori {"event":"ui","process_calls":12805,"render_calls":1728,"music_polls":2680,"model_bytes":15312,"directory_scans":2,"cache_hits":0,"page":18,"selected":0,"count":12,"preview_generation":2,"file_worker_stack_free":10464,"file_start_active":false,"preview_active":false,"preview_done":false,"preview_available":false,"screen_dimmed":false,"selection":"","status":"burner burning: psram->gba cart programmed"}
2026-09-10 19:24:12 @mori {"event":"ui","process_calls":12808,"render_calls":1731,"music_polls":2682,"model_bytes":15312,"directory_scans":2,"cache_hits":0,"page":18,"selected":0,"count":12,"preview_generation":2,"file_worker_stack_free":10464,"file_start_active":false,"preview_active":false,"preview_done":false,"preview_available":false,"screen_dimmed":false,"selection":"","status":"burner burning: psram->gba cart programmed"}
2026-09-10 19:24:13 @mori {"event":"ui","process_calls":12811,"render_calls":1734,"music_polls":2684,"model_bytes":15312,"directory_scans":2,"cache_hits":0,"page":18,"selected":0,"count":12,"preview_generation":2,"file_worker_stack_free":10464,"file_start_active":false,"preview_active":false,"preview_done":false,"preview_available":false,"screen_dimmed":false,"selection":"","status":"burner burning: psram->gba cart programmed"}
2026-09-10 19:24:13 @mori {"event":"ui","process_calls":12814,"render_calls":1737,"music_polls":2686,"model_bytes":15312,"directory_scans":2,"cache_hits":0,"page":18,"selected":0,"count":12,"preview_generation":2,"file_worker_stack_free":10464,"file_start_active":false,"preview_active":false,"preview_done":false,"preview_available":false,"screen_dimmed":false,"selection":"","status":"burner burning: psram->gba cart programmed"}
2026-09-10 19:24:13 @mori {"event":"ui","process_calls":12817,"render_calls":1740,"music_polls":2688,"model_bytes":15312,"directory_scans":2,"cache_hits":0,"page":18,"selected":0,"count":12,"preview_generation":2,"file_worker_stack_free":10464,"file_start_active":false,"preview_active":false,"preview_done":false,"preview_available":false,"screen_dimmed":false,"selection":"","status":"burner burning: psram->gba cart programmed"}
2026-09-10 19:24:14 @mori {"event":"ui","process_calls":12820,"render_calls":1743,"music_polls":2690,"model_bytes":15312,"directory_scans":2,"cache_hits":0,"page":18,"selected":0,"count":12,"preview_generation":2,"file_worker_stack_free":10464,"file_start_active":false,"preview_active":false,"preview_done":false,"preview_available":false,"screen_dimmed":false,"selection":"","status":"burner burning: psram->gba cart programmed"}
2026-09-10 19:24:14 I (324096) burner_web: GBA erase timeout budget: bytes=4194304 timeout=80000ms
2026-09-10 19:24:14 @mori {"event":"ui","process_calls":12823,"render_calls":1746,"music_polls":2693,"model_bytes":15312,"directory_scans":2,"cache_hits":0,"page":18,"selected":0,"count":12,"preview_generation":2,"file_worker_stack_free":10464,"file_start_active":false,"preview_active":false,"preview_done":false,"preview_available":false,"screen_dimmed":false,"selection":"","status":"burner burning: erasing gba flash sectors (4MB) + prefetch tf->psram"}
2026-09-10 19:24:14 @mori {"event":"ui","process_calls":12833,"render_calls":1747,"music_polls":2695,"model_bytes":15312,"directory_scans":2,"cache_hits":0,"page":18,"selected":0,"count":12,"preview_generation":2,"file_worker_stack_free":10464,"file_start_active":false,"preview_active":false,"preview_done":false,"preview_available":false,"screen_dimmed":false,"selection":"","status":"burner burning: erasing gba flash sectors (4MB) + prefetch tf->psram"}
2026-09-10 19:24:14 @mori {"event":"ui","process_calls":12847,"render_calls":1748,"music_polls":2698,"model_bytes":15312,"directory_scans":2,"cache_hits":0,"page":18,"selected":0,"count":12,"preview_generation":2,"file_worker_stack_free":10464,"file_start_active":false,"preview_active":false,"preview_done":false,"preview_available":false,"screen_dimmed":false,"selection":"","status":"burner burning: erasing gba flash sectors (4MB) + prefetch tf->psram"}
2026-09-10 19:24:15 @mori {"event":"ui","process_calls":12860,"render_calls":1749,"music_polls":2700,"model_bytes":15312,"directory_scans":2,"cache_hits":0,"page":18,"selected":0,"count":12,"preview_generation":2,"file_worker_stack_free":10464,"file_start_active":false,"preview_active":false,"preview_done":false,"preview_available":false,"screen_dimmed":false,"selection":"","status":"burner burning: erasing gba flash sectors (4MB) + prefetch tf->psram"}
2026-09-10 19:24:15 @mori {"event":"ui","process_calls":12873,"render_calls":1752,"music_polls":2703,"model_bytes":15312,"directory_scans":2,"cache_hits":0,"page":18,"selected":0,"count":12,"preview_generation":2,"file_worker_stack_free":10464,"file_start_active":false,"preview_active":false,"preview_done":false,"preview_available":false,"screen_dimmed":false,"selection":"","status":"burner burning: erasing gba flash sectors (4MB) + prefetch tf->psram"}
2026-09-10 19:24:15 @mori {"event":"ui","process_calls":12884,"render_calls":1753,"music_polls":2705,"model_bytes":15312,"directory_scans":2,"cache_hits":0,"page":18,"selected":0,"count":12,"preview_generation":2,"file_worker_stack_free":10464,"file_start_active":false,"preview_active":false,"preview_done":false,"preview_available":false,"screen_dimmed":false,"selection":"","status":"burner burning: erasing gba flash sectors (4MB) + prefetch tf->psram"}
2026-09-10 19:24:16 @mori {"event":"ui","process_calls":12896,"render_calls":1754,"music_polls":2708,"model_bytes":15312,"directory_scans":2,"cache_hits":0,"page":18,"selected":0,"count":12,"preview_generation":2,"file_worker_stack_free":10464,"file_start_active":false,"preview_active":false,"preview_done":false,"preview_available":false,"screen_dimmed":false,"selection":"","status":"burner burning: erasing gba flash sectors (4MB) + prefetch tf->psram"}
2026-09-10 19:24:16 @mori {"event":"ui","process_calls":12909,"render_calls":1756,"music_polls":2710,"model_bytes":15312,"directory_scans":2,"cache_hits":0,"page":18,"selected":0,"count":12,"preview_generation":2,"file_worker_stack_free":10464,"file_start_active":false,"preview_active":false,"preview_done":false,"preview_available":false,"screen_dimmed":false,"selection":"","status":"burner burning: erasing gba flash sectors (4MB) + prefetch tf->psram"}
2026-09-10 19:24:16 @mori {"event":"ui","process_calls":12924,"render_calls":1757,"music_polls":2712,"model_bytes":15312,"directory_scans":2,"cache_hits":0,"page":18,"selected":0,"count":12,"preview_generation":2,"file_worker_stack_free":10464,"file_start_active":false,"preview_active":false,"preview_done":false,"preview_available":false,"screen_dimmed":false,"selection":"","status":"burner burning: erasing gba flash sectors (4MB) + prefetch tf->psram"}
2026-09-10 19:24:17 @mori {"event":"ui","process_calls":12937,"render_calls":1758,"music_polls":2715,"model_bytes":15312,"directory_scans":2,"cache_hits":0,"page":18,"selected":0,"count":12,"preview_generation":2,"file_worker_stack_free":10464,"file_start_active":false,"preview_active":false,"preview_done":false,"preview_available":false,"screen_dimmed":false,"selection":"","status":"burner burning: erasing gba flash sectors (4MB) + prefetch tf->psram"}
2026-09-10 19:24:17 @mori {"event":"ui","process_calls":12948,"render_calls":1760,"music_polls":2717,"model_bytes":15312,"directory_scans":2,"cache_hits":0,"page":18,"selected":0,"count":12,"preview_generation":2,"file_worker_stack_free":10464,"file_start_active":false,"preview_active":false,"preview_done":false,"preview_available":false,"screen_dimmed":false,"selection":"","status":"burner burning: erasing gba flash sectors (4MB) + prefetch tf->psram"}
2026-09-10 19:24:17 @mori {"event":"ui","process_calls":12959,"render_calls":1761,"music_polls":2719,"model_bytes":15312,"directory_scans":2,"cache_hits":0,"page":18,"selected":0,"count":12,"preview_generation":2,"file_worker_stack_free":10464,"file_start_active":false,"preview_active":false,"preview_done":false,"preview_available":false,"screen_dimmed":false,"selection":"","status":"burner burning: erasing gba flash sectors (4MB) + prefetch tf->psram"}
2026-09-10 19:24:18 @mori {"event":"ui","process_calls":12974,"render_calls":1762,"music_polls":2722,"model_bytes":15312,"directory_scans":2,"cache_hits":0,"page":18,"selected":0,"count":12,"preview_generation":2,"file_worker_stack_free":10464,"file_start_active":false,"preview_active":false,"preview_done":false,"preview_available":false,"screen_dimmed":false,"selection":"","status":"burner burning: erasing gba flash sectors (4MB) + prefetch tf->psram"}
2026-09-10 19:24:18 @mori {"event":"ui","process_calls":12988,"render_calls":1764,"music_polls":2725,"model_bytes":15312,"directory_scans":2,"cache_hits":0,"page":18,"selected":0,"count":12,"preview_generation":2,"file_worker_stack_free":10464,"file_start_active":false,"preview_active":false,"preview_done":false,"preview_available":false,"screen_dimmed":false,"selection":"","status":"burner burning: erasing gba flash sectors (4MB) + prefetch tf->psram"}
2026-09-10 19:24:18 @mori {"event":"ui","process_calls":13001,"render_calls":1765,"music_polls":2727,"model_bytes":15312,"directory_scans":2,"cache_hits":0,"page":18,"selected":0,"count":12,"preview_generation":2,"file_worker_stack_free":10464,"file_start_active":false,"preview_active":false,"preview_done":false,"preview_available":false,"screen_dimmed":false,"selection":"","status":"burner burning: erasing gba flash sectors (4MB) + prefetch tf->psram"}
2026-09-10 19:24:18 @mori {"event":"ui","process_calls":13012,"render_calls":1767,"music_polls":2729,"model_bytes":15312,"directory_scans":2,"cache_hits":0,"page":18,"selected":0,"count":12,"preview_generation":2,"file_worker_stack_free":10464,"file_start_active":false,"preview_active":false,"preview_done":false,"preview_available":false,"screen_dimmed":false,"selection":"","status":"burner burning: erasing gba flash sectors (4MB) + prefetch tf->psram"}
2026-09-10 19:24:19 @mori {"event":"ui","process_calls":13018,"render_calls":1770,"music_polls":2731,"model_bytes":15312,"directory_scans":2,"cache_hits":0,"page":18,"selected":0,"count":12,"preview_generation":2,"file_worker_stack_free":10464,"file_start_active":false,"preview_active":false,"preview_done":false,"preview_available":false,"screen_dimmed":false,"selection":"","status":"burner burning: psram->gba cart programmed"}
2026-09-10 19:24:19 @mori {"event":"ui","process_calls":13021,"render_calls":1773,"music_polls":2733,"model_bytes":15312,"directory_scans":2,"cache_hits":0,"page":18,"selected":0,"count":12,"preview_generation":2,"file_worker_stack_free":10464,"file_start_active":false,"preview_active":false,"preview_done":false,"preview_available":false,"screen_dimmed":false,"selection":"","status":"burner burning: psram->gba cart programmed"}
2026-09-10 19:24:19 @mori {"event":"ui","process_calls":13024,"render_calls":1776,"music_polls":2735,"model_bytes":15312,"directory_scans":2,"cache_hits":0,"page":18,"selected":0,"count":12,"preview_generation":2,"file_worker_stack_free":10464,"file_start_active":false,"preview_active":false,"preview_done":false,"preview_available":false,"screen_dimmed":false,"selection":"","status":"burner burning: psram->gba cart programmed"}
2026-09-10 19:24:20 @mori {"event":"ui","process_calls":13027,"render_calls":1779,"music_polls":2737,"model_bytes":15312,"directory_scans":2,"cache_hits":0,"page":18,"selected":0,"count":12,"preview_generation":2,"file_worker_stack_free":10464,"file_start_active":false,"preview_active":false,"preview_done":false,"preview_available":false,"screen_dimmed":false,"selection":"","status":"burner burning: psram->gba cart programmed"}
2026-09-10 19:24:20 @mori {"event":"ui","process_calls":13030,"render_calls":1782,"music_polls":2739,"model_bytes":15312,"directory_scans":2,"cache_hits":0,"page":18,"selected":0,"count":12,"preview_generation":2,"file_worker_stack_free":10464,"file_start_active":false,"preview_active":false,"preview_done":false,"preview_available":false,"screen_dimmed":false,"selection":"","status":"burner burning: psram->gba cart programmed"}
2026-09-10 19:24:20 @mori {"event":"ui","process_calls":13033,"render_calls":1785,"music_polls":2741,"model_bytes":15312,"directory_scans":2,"cache_hits":0,"page":18,"selected":0,"count":12,"preview_generation":2,"file_worker_stack_free":10464,"file_start_active":false,"preview_active":false,"preview_done":false,"preview_available":false,"screen_dimmed":false,"selection":"","status":"burner burning: psram->gba cart programmed"}
2026-09-10 19:24:21 @mori {"event":"ui","process_calls":13036,"render_calls":1788,"music_polls":2743,"model_bytes":15312,"directory_scans":2,"cache_hits":0,"page":18,"selected":0,"count":12,"preview_generation":2,"file_worker_stack_free":10464,"file_start_active":false,"preview_active":false,"preview_done":false,"preview_available":false,"screen_dimmed":false,"selection":"","status":"burner burning: psram->gba cart programmed"}
2026-09-10 19:24:21 I (331305) burner_web: GBA erase timeout budget: bytes=4194304 timeout=80000ms
2026-09-10 19:24:21 @mori {"event":"ui","process_calls":13039,"render_calls":1791,"music_polls":2745,"model_bytes":15312,"directory_scans":2,"cache_hits":0,"page":18,"selected":0,"count":12,"preview_generation":2,"file_worker_stack_free":10464,"file_start_active":false,"preview_active":false,"preview_done":false,"preview_available":false,"screen_dimmed":false,"selection":"","status":"burner burning: erasing gba flash sectors (4MB) + prefetch tf->psram"}
2026-09-10 19:24:21 @mori {"event":"ui","process_calls":13042,"render_calls":1793,"music_polls":2747,"model_bytes":15312,"directory_scans":2,"cache_hits":0,"page":18,"selected":0,"count":12,"preview_generation":2,"file_worker_stack_free":10464,"file_start_active":false,"preview_active":false,"preview_done":false,"preview_available":false,"screen_dimmed":false,"selection":"","status":"burner burning: erasing gba flash sectors (4MB) + prefetch tf->psram"}
2026-09-10 19:24:22 @mori {"event":"ui","process_calls":13054,"render_calls":1794,"music_polls":2750,"model_bytes":15312,"directory_scans":2,"cache_hits":0,"page":18,"selected":0,"count":12,"preview_generation":2,"file_worker_stack_free":10464,"file_start_active":false,"preview_active":false,"preview_done":false,"preview_available":false,"screen_dimmed":false,"selection":"","status":"burner burning: erasing gba flash sectors (4MB) + prefetch tf->psram"}
2026-09-10 19:24:22 @mori {"event":"ui","process_calls":13067,"render_calls":1795,"music_polls":2752,"model_bytes":15312,"directory_scans":2,"cache_hits":0,"page":18,"selected":0,"count":12,"preview_generation":2,"file_worker_stack_free":10464,"file_start_active":false,"preview_active":false,"preview_done":false,"preview_available":false,"screen_dimmed":false,"selection":"","status":"burner burning: erasing gba flash sectors (4MB) + prefetch tf->psram"}
2026-09-10 19:24:22 @mori {"event":"ui","process_calls":13079,"render_calls":1796,"music_polls":2754,"model_bytes":15312,"directory_scans":2,"cache_hits":0,"page":18,"selected":0,"count":12,"preview_generation":2,"file_worker_stack_free":10464,"file_start_active":false,"preview_active":false,"preview_done":false,"preview_available":false,"screen_dimmed":false,"selection":"","status":"burner burning: erasing gba flash sectors (4MB) + prefetch tf->psram"}
2026-09-10 19:24:22 @mori {"event":"ui","process_calls":13090,"render_calls":1798,"music_polls":2757,"model_bytes":15312,"directory_scans":2,"cache_hits":0,"page":18,"selected":0,"count":12,"preview_generation":2,"file_worker_stack_free":10464,"file_start_active":false,"preview_active":false,"preview_done":false,"preview_available":false,"screen_dimmed":false,"selection":"","status":"burner burning: erasing gba flash sectors (4MB) + prefetch tf->psram"}
2026-09-10 19:24:23 @mori {"event":"ui","process_calls":13101,"render_calls":1799,"music_polls":2759,"model_bytes":15312,"directory_scans":2,"cache_hits":0,"page":18,"selected":0,"count":12,"preview_generation":2,"file_worker_stack_free":10464,"file_start_active":false,"preview_active":false,"preview_done":false,"preview_available":false,"screen_dimmed":false,"selection":"","status":"burner burning: erasing gba flash sectors (4MB) + prefetch tf->psram"}
2026-09-10 19:24:23 @mori {"event":"ui","process_calls":13116,"render_calls":1801,"music_polls":2762,"model_bytes":15312,"directory_scans":2,"cache_hits":0,"page":18,"selected":0,"count":12,"preview_generation":2,"file_worker_stack_free":10464,"file_start_active":false,"preview_active":false,"preview_done":false,"preview_available":false,"screen_dimmed":false,"selection":"","status":"burner burning: erasing gba flash sectors (4MB) + prefetch tf->psram"}
2026-09-10 19:24:23 @mori {"event":"ui","process_calls":13129,"render_calls":1802,"music_polls":2764,"model_bytes":15312,"directory_scans":2,"cache_hits":0,"page":18,"selected":0,"count":12,"preview_generation":2,"file_worker_stack_free":10464,"file_start_active":false,"preview_active":false,"preview_done":false,"preview_available":false,"screen_dimmed":false,"selection":"","status":"burner burning: erasing gba flash sectors (4MB) + prefetch tf->psram"}
2026-09-10 19:24:24 @mori {"event":"ui","process_calls":13142,"render_calls":1803,"music_polls":2766,"model_bytes":15312,"directory_scans":2,"cache_hits":0,"page":18,"selected":0,"count":12,"preview_generation":2,"file_worker_stack_free":10464,"file_start_active":false,"preview_active":false,"preview_done":false,"preview_available":false,"screen_dimmed":false,"selection":"","status":"burner burning: erasing gba flash sectors (4MB) + prefetch tf->psram"}
2026-09-10 19:24:24 @mori {"event":"ui","process_calls":13154,"render_calls":1806,"music_polls":2769,"model_bytes":15312,"directory_scans":2,"cache_hits":0,"page":18,"selected":0,"count":12,"preview_generation":2,"file_worker_stack_free":10464,"file_start_active":false,"preview_active":false,"preview_done":false,"preview_available":false,"screen_dimmed":false,"selection":"","status":"burner burning: erasing gba flash sectors (4MB) + prefetch tf->psram"}
2026-09-10 19:24:24 @mori {"event":"ui","process_calls":13165,"render_calls":1807,"music_polls":2771,"model_bytes":15312,"directory_scans":2,"cache_hits":0,"page":18,"selected":0,"count":12,"preview_generation":2,"file_worker_stack_free":10464,"file_start_active":false,"preview_active":false,"preview_done":false,"preview_available":false,"screen_dimmed":false,"selection":"","status":"burner burning: erasing gba flash sectors (4MB) + prefetch tf->psram"}
2026-09-10 19:24:25 @mori {"event":"ui","process_calls":13179,"render_calls":1808,"music_polls":2774,"model_bytes":15312,"directory_scans":2,"cache_hits":0,"page":18,"selected":0,"count":12,"preview_generation":2,"file_worker_stack_free":10464,"file_start_active":false,"preview_active":false,"preview_done":false,"preview_available":false,"screen_dimmed":false,"selection":"","status":"burner burning: erasing gba flash sectors (4MB) + prefetch tf->psram"}
2026-09-10 19:24:25 @mori {"event":"ui","process_calls":13193,"render_calls":1809,"music_polls":2776,"model_bytes":15312,"directory_scans":2,"cache_hits":0,"page":18,"selected":0,"count":12,"preview_generation":2,"file_worker_stack_free":10464,"file_start_active":false,"preview_active":false,"preview_done":false,"preview_available":false,"screen_dimmed":false,"selection":"","status":"burner burning: erasing gba flash sectors (4MB) + prefetch tf->psram"}
2026-09-10 19:24:25 @mori {"event":"ui","process_calls":13207,"render_calls":1811,"music_polls":2779,"model_bytes":15312,"directory_scans":2,"cache_hits":0,"page":18,"selected":0,"count":12,"preview_generation":2,"file_worker_stack_free":10464,"file_start_active":false,"preview_active":false,"preview_done":false,"preview_available":false,"screen_dimmed":false,"selection":"","status":"burner burning: erasing gba flash sectors (4MB) + prefetch tf->psram"}
2026-09-10 19:24:26 @mori {"event":"ui","process_calls":13222,"render_calls":1812,"music_polls":2782,"model_bytes":15312,"directory_scans":2,"cache_hits":0,"page":18,"selected":0,"count":12,"preview_generation":2,"file_worker_stack_free":10464,"file_start_active":false,"preview_active":false,"preview_done":false,"preview_available":false,"screen_dimmed":false,"selection":"","status":"burner burning: erasing gba flash sectors (4MB) + prefetch tf->psram"}
2026-09-10 19:24:26 @mori {"event":"ui","process_calls":13231,"render_calls":1815,"music_polls":2784,"model_bytes":15312,"directory_scans":2,"cache_hits":0,"page":18,"selected":0,"count":12,"preview_generation":2,"file_worker_stack_free":10464,"file_start_active":false,"preview_active":false,"preview_done":false,"preview_available":false,"screen_dimmed":false,"selection":"","status":"burner burning: psram->gba cart programmed"}
2026-09-10 19:24:26 @mori {"event":"ui","process_calls":13235,"render_calls":1818,"music_polls":2787,"model_bytes":15312,"directory_scans":2,"cache_hits":0,"page":18,"selected":0,"count":12,"preview_generation":2,"file_worker_stack_free":10464,"file_start_active":false,"preview_active":false,"preview_done":false,"preview_available":false,"screen_dimmed":false,"selection":"","status":"burner burning: psram->gba cart programmed"}
2026-09-10 19:24:27 @mori {"event":"ui","process_calls":13239,"render_calls":1820,"music_polls":2789,"model_bytes":15312,"directory_scans":2,"cache_hits":0,"page":18,"selected":0,"count":12,"preview_generation":2,"file_worker_stack_free":10464,"file_start_active":false,"preview_active":false,"preview_done":false,"preview_available":false,"screen_dimmed":false,"selection":"","status":"burner burning: psram->gba cart programmed"}
2026-09-10 19:24:27 @mori {"event":"ui","process_calls":13244,"render_calls":1823,"music_polls":2791,"model_bytes":15312,"directory_scans":2,"cache_hits":0,"page":18,"selected":0,"count":12,"preview_generation":2,"file_worker_stack_free":10464,"file_start_active":false,"preview_active":false,"preview_done":false,"preview_available":false,"screen_dimmed":false,"selection":"","status":"burner burning: psram->gba cart programmed"}
2026-09-10 19:24:27 @mori {"event":"ui","process_calls":13249,"render_calls":1826,"music_polls":2794,"model_bytes":15312,"directory_scans":2,"cache_hits":0,"page":18,"selected":0,"count":12,"preview_generation":2,"file_worker_stack_free":10464,"file_start_active":false,"preview_active":false,"preview_done":false,"preview_available":false,"screen_dimmed":false,"selection":"","status":"burner burning: psram->gba cart programmed"}
2026-09-10 19:24:27 @mori {"event":"ui","process_calls":13252,"render_calls":1829,"music_polls":2796,"model_bytes":15312,"directory_scans":2,"cache_hits":0,"page":18,"selected":0,"count":12,"preview_generation":2,"file_worker_stack_free":10464,"file_start_active":false,"preview_active":false,"preview_done":false,"preview_available":false,"screen_dimmed":false,"selection":"","status":"burner burning: psram->gba cart programmed"}
2026-09-10 19:24:28 @mori {"event":"ui","process_calls":13255,"render_calls":1832,"music_polls":2798,"model_bytes":15312,"directory_scans":2,"cache_hits":0,"page":18,"selected":0,"count":12,"preview_generation":2,"file_worker_stack_free":10464,"file_start_active":false,"preview_active":false,"preview_done":false,"preview_available":false,"screen_dimmed":false,"selection":"","status":"burner burning: psram->gba cart programmed"}
2026-09-10 19:24:28 @mori {"event":"ui","process_calls":13258,"render_calls":1835,"music_polls":2800,"model_bytes":15312,"directory_scans":2,"cache_hits":0,"page":18,"selected":0,"count":12,"preview_generation":2,"file_worker_stack_free":10464,"file_start_active":false,"preview_active":false,"preview_done":false,"preview_available":false,"screen_dimmed":false,"selection":"","status":"burner burning: psram->gba cart programmed"}
2026-09-10 19:24:28 @mori {"event":"ui","process_calls":13263,"render_calls":1838,"music_polls":2803,"model_bytes":15312,"directory_scans":2,"cache_hits":0,"page":18,"selected":0,"count":12,"preview_generation":2,"file_worker_stack_free":10464,"file_start_active":false,"preview_active":false,"preview_done":false,"preview_available":false,"screen_dimmed":false,"selection":"","status":"burner burning: psram->gba cart programmed"}
2026-09-10 19:24:29 I (338840) burner_web: GBA erase timeout budget: bytes=4194304 timeout=80000ms
2026-09-10 19:24:29 @mori {"event":"ui","process_calls":13267,"render_calls":1840,"music_polls":2806,"model_bytes":15312,"directory_scans":2,"cache_hits":0,"page":18,"selected":0,"count":12,"preview_generation":2,"file_worker_stack_free":10464,"file_start_active":false,"preview_active":false,"preview_done":false,"preview_available":false,"screen_dimmed":false,"selection":"","status":"burner burning: erasing gba flash sectors (4MB) + prefetch tf->psram"}
2026-09-10 19:24:29 @mori {"event":"ui","process_calls":13280,"render_calls":1841,"music_polls":2808,"model_bytes":15312,"directory_scans":2,"cache_hits":0,"page":18,"selected":0,"count":12,"preview_generation":2,"file_worker_stack_free":10464,"file_start_active":false,"preview_active":false,"preview_done":false,"preview_available":false,"screen_dimmed":false,"selection":"","status":"burner burning: erasing gba flash sectors (4MB) + prefetch tf->psram"}
2026-09-10 19:24:29 @mori {"event":"ui","process_calls":13292,"render_calls":1843,"music_polls":2810,"model_bytes":15312,"directory_scans":2,"cache_hits":0,"page":18,"selected":0,"count":12,"preview_generation":2,"file_worker_stack_free":10464,"file_start_active":false,"preview_active":false,"preview_done":false,"preview_available":false,"screen_dimmed":false,"selection":"","status":"burner burning: erasing gba flash sectors (4MB) + prefetch tf->psram"}
2026-09-10 19:24:30 @mori {"event":"ui","process_calls":13303,"render_calls":1844,"music_polls":2812,"model_bytes":15312,"directory_scans":2,"cache_hits":0,"page":18,"selected":0,"count":12,"preview_generation":2,"file_worker_stack_free":10464,"file_start_active":false,"preview_active":false,"preview_done":false,"preview_available":false,"screen_dimmed":false,"selection":"","status":"burner burning: erasing gba flash sectors (4MB) + prefetch tf->psram"}
2026-09-10 19:24:30 @mori {"event":"ui","process_calls":13314,"render_calls":1846,"music_polls":2815,"model_bytes":15312,"directory_scans":2,"cache_hits":0,"page":18,"selected":0,"count":12,"preview_generation":2,"file_worker_stack_free":10464,"file_start_active":false,"preview_active":false,"preview_done":false,"preview_available":false,"screen_dimmed":false,"selection":"","status":"burner burning: erasing gba flash sectors (4MB) + prefetch tf->psram"}
2026-09-10 19:24:30 @mori {"event":"ui","process_calls":13325,"render_calls":1848,"music_polls":2817,"model_bytes":15312,"directory_scans":2,"cache_hits":0,"page":18,"selected":0,"count":12,"preview_generation":2,"file_worker_stack_free":10464,"file_start_active":false,"preview_active":false,"preview_done":false,"preview_available":false,"screen_dimmed":false,"selection":"","status":"burner burning: erasing gba flash sectors (4MB) + prefetch tf->psram"}
2026-09-10 19:24:31 @mori {"event":"ui","process_calls":13339,"render_calls":1849,"music_polls":2820,"model_bytes":15312,"directory_scans":2,"cache_hits":0,"page":18,"selected":0,"count":12,"preview_generation":2,"file_worker_stack_free":10464,"file_start_active":false,"preview_active":false,"preview_done":false,"preview_available":false,"screen_dimmed":false,"selection":"","status":"burner burning: erasing gba flash sectors (4MB) + prefetch tf->psram"}
2026-09-10 19:24:31 @mori {"event":"ui","process_calls":13353,"render_calls":1850,"music_polls":2822,"model_bytes":15312,"directory_scans":2,"cache_hits":0,"page":18,"selected":0,"count":12,"preview_generation":2,"file_worker_stack_free":10464,"file_start_active":false,"preview_active":false,"preview_done":false,"preview_available":false,"screen_dimmed":false,"selection":"","status":"burner burning: erasing gba flash sectors (4MB) + prefetch tf->psram"}
2026-09-10 19:24:31 @mori {"event":"ui","process_calls":13367,"render_calls":1852,"music_polls":2825,"model_bytes":15312,"directory_scans":2,"cache_hits":0,"page":18,"selected":0,"count":12,"preview_generation":2,"file_worker_stack_free":10464,"file_start_active":false,"preview_active":false,"preview_done":false,"preview_available":false,"screen_dimmed":false,"selection":"","status":"burner burning: erasing gba flash sectors (4MB) + prefetch tf->psram"}
2026-09-10 19:24:32 @mori {"event":"ui","process_calls":13382,"render_calls":1853,"music_polls":2828,"model_bytes":15312,"directory_scans":2,"cache_hits":0,"page":18,"selected":0,"count":12,"preview_generation":2,"file_worker_stack_free":10464,"file_start_active":false,"preview_active":false,"preview_done":false,"preview_available":false,"screen_dimmed":false,"selection":"","status":"burner burning: erasing gba flash sectors (4MB) + prefetch tf->psram"}
2026-09-10 19:24:32 @mori {"event":"ui","process_calls":13396,"render_calls":1854,"music_polls":2830,"model_bytes":15312,"directory_scans":2,"cache_hits":0,"page":18,"selected":0,"count":12,"preview_generation":2,"file_worker_stack_free":10464,"file_start_active":false,"preview_active":false,"preview_done":false,"preview_available":false,"screen_dimmed":false,"selection":"","status":"burner burning: erasing gba flash sectors (4MB) + prefetch tf->psram"}
2026-09-10 19:24:32 @mori {"event":"ui","process_calls":13409,"render_calls":1856,"music_polls":2833,"model_bytes":15312,"directory_scans":2,"cache_hits":0,"page":18,"selected":0,"count":12,"preview_generation":2,"file_worker_stack_free":10464,"file_start_active":false,"preview_active":false,"preview_done":false,"preview_available":false,"screen_dimmed":false,"selection":"","status":"burner burning: erasing gba flash sectors (4MB) + prefetch tf->psram"}
2026-09-10 19:24:32 @mori {"event":"ui","process_calls":13420,"render_calls":1858,"music_polls":2835,"model_bytes":15312,"directory_scans":2,"cache_hits":0,"page":18,"selected":0,"count":12,"preview_generation":2,"file_worker_stack_free":10464,"file_start_active":false,"preview_active":false,"preview_done":false,"preview_available":false,"screen_dimmed":false,"selection":"","status":"burner burning: erasing gba flash sectors (4MB) + prefetch tf->psram"}
2026-09-10 19:24:33 @mori {"event":"ui","process_calls":13431,"render_calls":1859,"music_polls":2837,"model_bytes":15312,"directory_scans":2,"cache_hits":0,"page":18,"selected":0,"count":12,"preview_generation":2,"file_worker_stack_free":10464,"file_start_active":false,"preview_active":false,"preview_done":false,"preview_available":false,"screen_dimmed":false,"selection":"","status":"burner burning: erasing gba flash sectors (4MB) + prefetch tf->psram"}
2026-09-10 19:24:33 @mori {"event":"ui","process_calls":13446,"render_calls":1861,"music_polls":2840,"model_bytes":15312,"directory_scans":2,"cache_hits":0,"page":18,"selected":0,"count":12,"preview_generation":2,"file_worker_stack_free":10464,"file_start_active":false,"preview_active":false,"preview_done":false,"preview_available":false,"screen_dimmed":false,"selection":"","status":"burner burning: erasing gba flash sectors (4MB) + prefetch tf->psram"}
2026-09-10 19:24:33 @mori {"event":"ui","process_calls":13456,"render_calls":1863,"music_polls":2842,"model_bytes":15312,"directory_scans":2,"cache_hits":0,"page":18,"selected":0,"count":12,"preview_generation":2,"file_worker_stack_free":10464,"file_start_active":false,"preview_active":false,"preview_done":false,"preview_available":false,"screen_dimmed":false,"selection":"","status":"burner burning: psram->gba cart programmed"}
2026-09-10 19:24:34 @mori {"event":"ui","process_calls":13460,"render_calls":1866,"music_polls":2844,"model_bytes":15312,"directory_scans":2,"cache_hits":0,"page":18,"selected":0,"count":12,"preview_generation":2,"file_worker_stack_free":10464,"file_start_active":false,"preview_active":false,"preview_done":false,"preview_available":false,"screen_dimmed":false,"selection":"","status":"burner burning: psram->gba cart programmed"}
2026-09-10 19:24:34 @mori {"event":"ui","process_calls":13463,"render_calls":1869,"music_polls":2846,"model_bytes":15312,"directory_scans":2,"cache_hits":0,"page":18,"selected":0,"count":12,"preview_generation":2,"file_worker_stack_free":10464,"file_start_active":false,"preview_active":false,"preview_done":false,"preview_available":false,"screen_dimmed":false,"selection":"","status":"burner burning: psram->gba cart programmed"}
2026-09-10 19:24:34 @mori {"event":"ui","process_calls":13469,"render_calls":1871,"music_polls":2849,"model_bytes":15312,"directory_scans":2,"cache_hits":0,"page":18,"selected":0,"count":12,"preview_generation":2,"file_worker_stack_free":10464,"file_start_active":false,"preview_active":false,"preview_done":false,"preview_available":false,"screen_dimmed":false,"selection":"","status":"burner burning: psram->gba cart programmed"}
2026-09-10 19:24:35 @mori {"event":"ui","process_calls":13475,"render_calls":1874,"music_polls":2851,"model_bytes":15312,"directory_scans":2,"cache_hits":0,"page":18,"selected":0,"count":12,"preview_generation":2,"file_worker_stack_free":10464,"file_start_active":false,"preview_active":false,"preview_done":false,"preview_available":false,"screen_dimmed":false,"selection":"","status":"burner burning: psram->gba cart programmed"}
2026-09-10 19:24:35 @mori {"event":"ui","process_calls":13480,"render_calls":1876,"music_polls":2853,"model_bytes":15312,"directory_scans":2,"cache_hits":0,"page":18,"selected":0,"count":12,"preview_generation":2,"file_worker_stack_free":10464,"file_start_active":false,"preview_active":false,"preview_done":false,"preview_available":false,"screen_dimmed":false,"selection":"","status":"burner burning: psram->gba cart programmed"}
2026-09-10 19:24:35 @mori {"event":"ui","process_calls":13488,"render_calls":1880,"music_polls":2856,"model_bytes":15312,"directory_scans":2,"cache_hits":0,"page":18,"selected":0,"count":12,"preview_generation":2,"file_worker_stack_free":10464,"file_start_active":false,"preview_active":false,"preview_done":false,"preview_available":false,"screen_dimmed":false,"selection":"","status":"burner burning: psram->gba cart programmed"}
2026-09-10 19:24:36 @mori {"event":"ui","process_calls":13495,"render_calls":1882,"music_polls":2858,"model_bytes":15312,"directory_scans":2,"cache_hits":0,"page":18,"selected":0,"count":12,"preview_generation":2,"file_worker_stack_free":10464,"file_start_active":false,"preview_active":false,"preview_done":false,"preview_available":false,"screen_dimmed":false,"selection":"","status":"burner burning: psram->gba cart programmed"}
2026-09-10 19:24:36 @mori {"event":"ui","process_calls":13501,"render_calls":1884,"music_polls":2861,"model_bytes":15312,"directory_scans":2,"cache_hits":0,"page":18,"selected":0,"count":12,"preview_generation":2,"file_worker_stack_free":10464,"file_start_active":false,"preview_active":false,"preview_done":false,"preview_available":false,"screen_dimmed":false,"selection":"","status":"burner burning: psram->gba cart programmed"}
2026-09-10 19:24:36 I (346409) burner_web: GBA erase timeout budget: bytes=4194304 timeout=80000ms
2026-09-10 19:24:36 @mori {"event":"ui","process_calls":13508,"render_calls":1886,"music_polls":2863,"model_bytes":15312,"directory_scans":2,"cache_hits":0,"page":18,"selected":0,"count":12,"preview_generation":2,"file_worker_stack_free":10464,"file_start_active":false,"preview_active":false,"preview_done":false,"preview_available":false,"screen_dimmed":false,"selection":"","status":"burner burning: erasing gba flash sectors (4MB) + prefetch tf->psram"}
2026-09-10 19:24:36 @mori {"event":"ui","process_calls":13520,"render_calls":1887,"music_polls":2865,"model_bytes":15312,"directory_scans":2,"cache_hits":0,"page":18,"selected":0,"count":12,"preview_generation":2,"file_worker_stack_free":10464,"file_start_active":false,"preview_active":false,"preview_done":false,"preview_available":false,"screen_dimmed":false,"selection":"","status":"burner burning: erasing gba flash sectors (4MB) + prefetch tf->psram"}
2026-09-10 19:24:37 @mori {"event":"ui","process_calls":13532,"render_calls":1889,"music_polls":2868,"model_bytes":15312,"directory_scans":2,"cache_hits":0,"page":18,"selected":0,"count":12,"preview_generation":2,"file_worker_stack_free":10464,"file_start_active":false,"preview_active":false,"preview_done":false,"preview_available":false,"screen_dimmed":false,"selection":"","status":"burner burning: erasing gba flash sectors (4MB) + prefetch tf->psram"}
2026-09-10 19:24:37 @mori {"event":"ui","process_calls":13541,"render_calls":1890,"music_polls":2870,"model_bytes":15312,"directory_scans":2,"cache_hits":0,"page":18,"selected":0,"count":12,"preview_generation":2,"file_worker_stack_free":10464,"file_start_active":false,"preview_active":false,"preview_done":false,"preview_available":false,"screen_dimmed":false,"selection":"","status":"burner burning: erasing gba flash sectors (4MB) + prefetch tf->psram"}
2026-09-10 19:24:37 @mori {"event":"ui","process_calls":13552,"render_calls":1892,"music_polls":2873,"model_bytes":15312,"directory_scans":2,"cache_hits":0,"page":18,"selected":0,"count":12,"preview_generation":2,"file_worker_stack_free":10464,"file_start_active":false,"preview_active":false,"preview_done":false,"preview_available":false,"screen_dimmed":false,"selection":"","status":"burner burning: erasing gba flash sectors (4MB) + prefetch tf->psram"}
2026-09-10 19:24:38 @mori {"event":"ui","process_calls":13566,"render_calls":1893,"music_polls":2875,"model_bytes":15312,"directory_scans":2,"cache_hits":0,"page":18,"selected":0,"count":12,"preview_generation":2,"file_worker_stack_free":10464,"file_start_active":false,"preview_active":false,"preview_done":false,"preview_available":false,"screen_dimmed":false,"selection":"","status":"burner burning: erasing gba flash sectors (4MB) + prefetch tf->psram"}
2026-09-10 19:24:38 @mori {"event":"ui","process_calls":13580,"render_calls":1894,"music_polls":2877,"model_bytes":15312,"directory_scans":2,"cache_hits":0,"page":18,"selected":0,"count":12,"preview_generation":2,"file_worker_stack_free":10464,"file_start_active":false,"preview_active":false,"preview_done":false,"preview_available":false,"screen_dimmed":false,"selection":"","status":"burner burning: erasing gba flash sectors (4MB) + prefetch tf->psram"}
2026-09-10 19:24:38 @mori {"event":"ui","process_calls":13592,"render_calls":1897,"music_polls":2880,"model_bytes":15312,"directory_scans":2,"cache_hits":0,"page":18,"selected":0,"count":12,"preview_generation":2,"file_worker_stack_free":10464,"file_start_active":false,"preview_active":false,"preview_done":false,"preview_available":false,"screen_dimmed":false,"selection":"","status":"burner burning: erasing gba flash sectors (4MB) + prefetch tf->psram"}
2026-09-10 19:24:39 @mori {"event":"ui","process_calls":13603,"render_calls":1898,"music_polls":2882,"model_bytes":15312,"directory_scans":2,"cache_hits":0,"page":18,"selected":0,"count":12,"preview_generation":2,"file_worker_stack_free":10464,"file_start_active":false,"preview_active":false,"preview_done":false,"preview_available":false,"screen_dimmed":false,"selection":"","status":"burner burning: erasing gba flash sectors (4MB) + prefetch tf->psram"}
2026-09-10 19:24:39 @mori {"event":"ui","process_calls":13616,"render_calls":1899,"music_polls":2885,"model_bytes":15312,"directory_scans":2,"cache_hits":0,"page":18,"selected":0,"count":12,"preview_generation":2,"file_worker_stack_free":10464,"file_start_active":false,"preview_active":false,"preview_done":false,"preview_available":false,"screen_dimmed":false,"selection":"","status":"burner burning: erasing gba flash sectors (4MB) + prefetch tf->psram"}
2026-09-10 19:24:39 @mori {"event":"ui","process_calls":13631,"render_calls":1900,"music_polls":2887,"model_bytes":15312,"directory_scans":2,"cache_hits":0,"page":18,"selected":0,"count":12,"preview_generation":2,"file_worker_stack_free":10464,"file_start_active":false,"preview_active":false,"preview_done":false,"preview_available":false,"screen_dimmed":false,"selection":"","status":"burner burning: erasing gba flash sectors (4MB) + prefetch tf->psram"}
2026-09-10 19:24:40 @mori {"event":"ui","process_calls":13644,"render_calls":1901,"music_polls":2890,"model_bytes":15312,"directory_scans":2,"cache_hits":0,"page":18,"selected":0,"count":12,"preview_generation":2,"file_worker_stack_free":10464,"file_start_active":false,"preview_active":false,"preview_done":false,"preview_available":false,"screen_dimmed":false,"selection":"","status":"burner burning: erasing gba flash sectors (4MB) + prefetch tf->psram"}
2026-09-10 19:24:40 @mori {"event":"ui","process_calls":13655,"render_calls":1903,"music_polls":2892,"model_bytes":15312,"directory_scans":2,"cache_hits":0,"page":18,"selected":0,"count":12,"preview_generation":2,"file_worker_stack_free":10464,"file_start_active":false,"preview_active":false,"preview_done":false,"preview_available":false,"screen_dimmed":false,"selection":"","status":"burner burning: erasing gba flash sectors (4MB) + prefetch tf->psram"}
2026-09-10 19:24:40 @mori {"event":"ui","process_calls":13666,"render_calls":1904,"music_polls":2894,"model_bytes":15312,"directory_scans":2,"cache_hits":0,"page":18,"selected":0,"count":12,"preview_generation":2,"file_worker_stack_free":10464,"file_start_active":false,"preview_active":false,"preview_done":false,"preview_available":false,"screen_dimmed":false,"selection":"","status":"burner burning: erasing gba flash sectors (4MB) + prefetch tf->psram"}
2026-09-10 19:24:40 @mori {"event":"ui","process_calls":13679,"render_calls":1906,"music_polls":2897,"model_bytes":15312,"directory_scans":2,"cache_hits":0,"page":18,"selected":0,"count":12,"preview_generation":2,"file_worker_stack_free":10464,"file_start_active":false,"preview_active":false,"preview_done":false,"preview_available":false,"screen_dimmed":false,"selection":"","status":"burner burning: erasing gba flash sectors (4MB) + prefetch tf->psram"}
2026-09-10 19:24:41 @mori {"event":"ui","process_calls":13693,"render_calls":1907,"music_polls":2899,"model_bytes":15312,"directory_scans":2,"cache_hits":0,"page":18,"selected":0,"count":12,"preview_generation":2,"file_worker_stack_free":10464,"file_start_active":false,"preview_active":false,"preview_done":false,"preview_available":false,"screen_dimmed":false,"selection":"","status":"burner burning: erasing gba flash sectors (4MB) + prefetch tf->psram"}
2026-09-10 19:24:41 @mori {"event":"ui","process_calls":13700,"render_calls":1910,"music_polls":2901,"model_bytes":15312,"directory_scans":2,"cache_hits":0,"page":18,"selected":0,"count":12,"preview_generation":2,"file_worker_stack_free":10464,"file_start_active":false,"preview_active":false,"preview_done":false,"preview_available":false,"screen_dimmed":false,"selection":"","status":"burner burning: psram->gba cart programmed"}
2026-09-10 19:24:41 @mori {"event":"ui","process_calls":13704,"render_calls":1913,"music_polls":2903,"model_bytes":15312,"directory_scans":2,"cache_hits":0,"page":18,"selected":0,"count":12,"preview_generation":2,"file_worker_stack_free":10464,"file_start_active":false,"preview_active":false,"preview_done":false,"preview_available":false,"screen_dimmed":false,"selection":"","status":"burner burning: psram->gba cart programmed"}
2026-09-10 19:24:42 @mori {"event":"ui","process_calls":13711,"render_calls":1916,"music_polls":2906,"model_bytes":15312,"directory_scans":2,"cache_hits":0,"page":18,"selected":0,"count":12,"preview_generation":2,"file_worker_stack_free":10464,"file_start_active":false,"preview_active":false,"preview_done":false,"preview_available":false,"screen_dimmed":false,"selection":"","status":"burner burning: psram->gba cart programmed"}
2026-09-10 19:24:42 @mori {"event":"ui","process_calls":13717,"render_calls":1918,"music_polls":2908,"model_bytes":15312,"directory_scans":2,"cache_hits":0,"page":18,"selected":0,"count":12,"preview_generation":2,"file_worker_stack_free":10464,"file_start_active":false,"preview_active":false,"preview_done":false,"preview_available":false,"screen_dimmed":false,"selection":"","status":"burner burning: psram->gba cart programmed"}
2026-09-10 19:24:42 @mori {"event":"ui","process_calls":13720,"render_calls":1921,"music_polls":2910,"model_bytes":15312,"directory_scans":2,"cache_hits":0,"page":18,"selected":0,"count":12,"preview_generation":2,"file_worker_stack_free":10464,"file_start_active":false,"preview_active":false,"preview_done":false,"preview_available":false,"screen_dimmed":false,"selection":"","status":"burner burning: psram->gba cart programmed"}
2026-09-10 19:24:43 @mori {"event":"ui","process_calls":13724,"render_calls":1924,"music_polls":2913,"model_bytes":15312,"directory_scans":2,"cache_hits":0,"page":18,"selected":0,"count":12,"preview_generation":2,"file_worker_stack_free":10464,"file_start_active":false,"preview_active":false,"preview_done":false,"preview_available":false,"screen_dimmed":false,"selection":"","status":"burner burning: psram->gba cart programmed"}
2026-09-10 19:24:43 @mori {"event":"ui","process_calls":13727,"render_calls":1927,"music_polls":2914,"model_bytes":15312,"directory_scans":2,"cache_hits":0,"page":18,"selected":0,"count":12,"preview_generation":2,"file_worker_stack_free":10464,"file_start_active":false,"preview_active":false,"preview_done":false,"preview_available":false,"screen_dimmed":false,"selection":"","status":"burner burning: psram->gba cart programmed"}
2026-09-10 19:24:43 @mori {"event":"ui","process_calls":13734,"render_calls":1929,"music_polls":2917,"model_bytes":15312,"directory_scans":2,"cache_hits":0,"page":18,"selected":0,"count":12,"preview_generation":2,"file_worker_stack_free":10464,"file_start_active":false,"preview_active":false,"preview_done":false,"preview_available":false,"screen_dimmed":false,"selection":"","status":"burner burning: psram->gba cart programmed"}
2026-09-10 19:24:44 @mori {"event":"ui","process_calls":13740,"render_calls":1933,"music_polls":2919,"model_bytes":15312,"directory_scans":2,"cache_hits":0,"page":18,"selected":0,"count":12,"preview_generation":2,"file_worker_stack_free":10464,"file_start_active":false,"preview_active":false,"preview_done":false,"preview_available":false,"screen_dimmed":false,"selection":"","status":"burner burning: psram->gba cart programmed"}
2026-09-10 19:24:44 I (354002) burner_web: GBA write stage: addr=0x01C00000 bytes=4194304 processed=29360128/33554432 path=psram erase=yes
2026-09-10 19:24:44 I (354005) burner_web: GBA erase timeout budget: bytes=4194304 timeout=80000ms
2026-09-10 19:24:44 @mori {"event":"ui","process_calls":13744,"render_calls":1935,"music_polls":2921,"model_bytes":15312,"directory_scans":2,"cache_hits":0,"page":18,"selected":0,"count":12,"preview_generation":2,"file_worker_stack_free":10464,"file_start_active":false,"preview_active":false,"preview_done":false,"preview_available":false,"screen_dimmed":false,"selection":"","status":"burner burning: erasing gba flash sectors (4MB) + prefetch tf->psram"}
2026-09-10 19:24:44 @mori {"event":"ui","process_calls":13758,"render_calls":1936,"music_polls":2924,"model_bytes":15312,"directory_scans":2,"cache_hits":0,"page":18,"selected":0,"count":12,"preview_generation":2,"file_worker_stack_free":10464,"file_start_active":false,"preview_active":false,"preview_done":false,"preview_available":false,"screen_dimmed":false,"selection":"","status":"burner burning: erasing gba flash sectors (4MB) + prefetch tf->psram"}
2026-09-10 19:24:44 @mori {"event":"ui","process_calls":13769,"render_calls":1938,"music_polls":2926,"model_bytes":15312,"directory_scans":2,"cache_hits":0,"page":18,"selected":0,"count":12,"preview_generation":2,"file_worker_stack_free":10464,"file_start_active":false,"preview_active":false,"preview_done":false,"preview_available":false,"screen_dimmed":false,"selection":"","status":"burner burning: erasing gba flash sectors (4MB) + prefetch tf->psram"}
2026-09-10 19:24:45 @mori {"event":"ui","process_calls":13781,"render_calls":1939,"music_polls":2929,"model_bytes":15312,"directory_scans":2,"cache_hits":0,"page":18,"selected":0,"count":12,"preview_generation":2,"file_worker_stack_free":10464,"file_start_active":false,"preview_active":false,"preview_done":false,"preview_available":false,"screen_dimmed":false,"selection":"","status":"burner burning: erasing gba flash sectors (4MB) + prefetch tf->psram"}
2026-09-10 19:24:45 @mori {"event":"ui","process_calls":13797,"render_calls":1941,"music_polls":2932,"model_bytes":15312,"directory_scans":2,"cache_hits":0,"page":18,"selected":0,"count":12,"preview_generation":2,"file_worker_stack_free":10464,"file_start_active":false,"preview_active":false,"preview_done":false,"preview_available":false,"screen_dimmed":false,"selection":"","status":"burner burning: erasing gba flash sectors (4MB) + prefetch tf->psram"}
2026-09-10 19:24:45 @mori {"event":"ui","process_calls":13810,"render_calls":1943,"music_polls":2934,"model_bytes":15312,"directory_scans":2,"cache_hits":0,"page":18,"selected":0,"count":12,"preview_generation":2,"file_worker_stack_free":10464,"file_start_active":false,"preview_active":false,"preview_done":false,"preview_available":false,"screen_dimmed":false,"selection":"","status":"burner burning: erasing gba flash sectors (4MB) + prefetch tf->psram"}
2026-09-10 19:24:46 @mori {"event":"ui","process_calls":13824,"render_calls":1945,"music_polls":2937,"model_bytes":15312,"directory_scans":2,"cache_hits":0,"page":18,"selected":0,"count":12,"preview_generation":2,"file_worker_stack_free":10464,"file_start_active":false,"preview_active":false,"preview_done":false,"preview_available":false,"screen_dimmed":false,"selection":"","status":"burner burning: erasing gba flash sectors (4MB) + prefetch tf->psram"}
2026-09-10 19:24:46 @mori {"event":"ui","process_calls":13839,"render_calls":1946,"music_polls":2940,"model_bytes":15312,"directory_scans":2,"cache_hits":0,"page":18,"selected":0,"count":12,"preview_generation":2,"file_worker_stack_free":10464,"file_start_active":false,"preview_active":false,"preview_done":false,"preview_available":false,"screen_dimmed":false,"selection":"","status":"burner burning: erasing gba flash sectors (4MB) + prefetch tf->psram"}
2026-09-10 19:24:47 @mori {"event":"ui","process_calls":13853,"render_calls":1947,"music_polls":2942,"model_bytes":15312,"directory_scans":2,"cache_hits":0,"page":18,"selected":0,"count":12,"preview_generation":2,"file_worker_stack_free":10464,"file_start_active":false,"preview_active":false,"preview_done":false,"preview_available":false,"screen_dimmed":false,"selection":"","status":"burner burning: erasing gba flash sectors (4MB) + prefetch tf->psram"}
2026-09-10 19:24:47 @mori {"event":"ui","process_calls":13866,"render_calls":1948,"music_polls":2945,"model_bytes":15312,"directory_scans":2,"cache_hits":0,"page":18,"selected":0,"count":12,"preview_generation":2,"file_worker_stack_free":10464,"file_start_active":false,"preview_active":false,"preview_done":false,"preview_available":false,"screen_dimmed":false,"selection":"","status":"burner burning: erasing gba flash sectors (4MB) + prefetch tf->psram"}
2026-09-10 19:24:47 @mori {"event":"ui","process_calls":13877,"render_calls":1950,"music_polls":2947,"model_bytes":15312,"directory_scans":2,"cache_hits":0,"page":18,"selected":0,"count":12,"preview_generation":2,"file_worker_stack_free":10464,"file_start_active":false,"preview_active":false,"preview_done":false,"preview_available":false,"screen_dimmed":false,"selection":"","status":"burner burning: erasing gba flash sectors (4MB) + prefetch tf->psram"}
2026-09-10 19:24:47 @mori {"event":"ui","process_calls":13888,"render_calls":1951,"music_polls":2949,"model_bytes":15312,"directory_scans":2,"cache_hits":0,"page":18,"selected":0,"count":12,"preview_generation":2,"file_worker_stack_free":10464,"file_start_active":false,"preview_active":false,"preview_done":false,"preview_available":false,"screen_dimmed":false,"selection":"","status":"burner burning: erasing gba flash sectors (4MB) + prefetch tf->psram"}
2026-09-10 19:24:48 @mori {"event":"ui","process_calls":13902,"render_calls":1953,"music_polls":2952,"model_bytes":15312,"directory_scans":2,"cache_hits":0,"page":18,"selected":0,"count":12,"preview_generation":2,"file_worker_stack_free":10464,"file_start_active":false,"preview_active":false,"preview_done":false,"preview_available":false,"screen_dimmed":false,"selection":"","status":"burner burning: erasing gba flash sectors (4MB) + prefetch tf->psram"}
2026-09-10 19:24:48 @mori {"event":"ui","process_calls":13916,"render_calls":1954,"music_polls":2954,"model_bytes":15312,"directory_scans":2,"cache_hits":0,"page":18,"selected":0,"count":12,"preview_generation":2,"file_worker_stack_free":10464,"file_start_active":false,"preview_active":false,"preview_done":false,"preview_available":false,"screen_dimmed":false,"selection":"","status":"burner burning: erasing gba flash sectors (4MB) + prefetch tf->psram"}
2026-09-10 19:24:48 @mori {"event":"ui","process_calls":13924,"render_calls":1956,"music_polls":2957,"model_bytes":15312,"directory_scans":2,"cache_hits":0,"page":18,"selected":0,"count":12,"preview_generation":2,"file_worker_stack_free":10464,"file_start_active":false,"preview_active":false,"preview_done":false,"preview_available":false,"screen_dimmed":false,"selection":"","status":"burner burning: psram->gba cart programmed"}
2026-09-10 19:24:49 @mori {"event":"ui","process_calls":13931,"render_calls":1960,"music_polls":2959,"model_bytes":15312,"directory_scans":2,"cache_hits":0,"page":18,"selected":0,"count":12,"preview_generation":2,"file_worker_stack_free":10464,"file_start_active":false,"preview_active":false,"preview_done":false,"preview_available":false,"screen_dimmed":false,"selection":"","status":"burner burning: psram->gba cart programmed"}
2026-09-10 19:24:49 @mori {"event":"ui","process_calls":13934,"render_calls":1963,"music_polls":2961,"model_bytes":15312,"directory_scans":2,"cache_hits":0,"page":18,"selected":0,"count":12,"preview_generation":2,"file_worker_stack_free":10464,"file_start_active":false,"preview_active":false,"preview_done":false,"preview_available":false,"screen_dimmed":false,"selection":"","status":"burner burning: psram->gba cart programmed"}
2026-09-10 19:24:49 @mori {"event":"ui","process_calls":13937,"render_calls":1966,"music_polls":2963,"model_bytes":15312,"directory_scans":2,"cache_hits":0,"page":18,"selected":0,"count":12,"preview_generation":2,"file_worker_stack_free":10464,"file_start_active":false,"preview_active":false,"preview_done":false,"preview_available":false,"screen_dimmed":false,"selection":"","status":"burner burning: psram->gba cart programmed"}
2026-09-10 19:24:50 @mori {"event":"ui","process_calls":13942,"render_calls":1971,"music_polls":2966,"model_bytes":15312,"directory_scans":2,"cache_hits":0,"page":18,"selected":0,"count":12,"preview_generation":2,"file_worker_stack_free":10464,"file_start_active":false,"preview_active":false,"preview_done":false,"preview_available":false,"screen_dimmed":false,"selection":"","status":"burner burning: psram->gba cart programmed"}
2026-09-10 19:24:50 @mori {"event":"ui","process_calls":13946,"render_calls":1974,"music_polls":2969,"model_bytes":15312,"directory_scans":2,"cache_hits":0,"page":18,"selected":0,"count":12,"preview_generation":2,"file_worker_stack_free":10464,"file_start_active":false,"preview_active":false,"preview_done":false,"preview_available":false,"screen_dimmed":false,"selection":"","status":"burner burning: psram->gba cart programmed"}
2026-09-10 19:24:50 @mori {"event":"ui","process_calls":13949,"render_calls":1977,"music_polls":2970,"model_bytes":15312,"directory_scans":2,"cache_hits":0,"page":18,"selected":0,"count":12,"preview_generation":2,"file_worker_stack_free":10464,"file_start_active":false,"preview_active":false,"preview_done":false,"preview_available":false,"screen_dimmed":false,"selection":"","status":"burner burning: psram->gba cart programmed"}
2026-09-10 19:24:51 @mori {"event":"ui","process_calls":13954,"render_calls":1980,"music_polls":2972,"model_bytes":15312,"directory_scans":2,"cache_hits":0,"page":18,"selected":0,"count":12,"preview_generation":2,"file_worker_stack_free":10464,"file_start_active":false,"preview_active":false,"preview_done":false,"preview_available":false,"screen_dimmed":false,"selection":"","status":"burner burning: psram->gba cart programmed"}
2026-09-10 19:24:51 I (361165) burner_web: GBA program chunk: addr=0x01FF0000 bytes=65536 processed=33488896/33554432 path=psram
2026-09-10 19:24:51 W (361210) burner_web: GBA post-write header diag: hoststyle=match standard=mismatch addr=0x00000000 len=512 swapped=0
2026-09-10 19:24:51 W (361212) burner_web: GBA post-write standard mismatch @0x00000002 file=00 cart=2E
2026-09-10 19:24:51 I (361218) burner_web: GBA CHIS summary: err=ESP_OK total=58728ms bytes=33554432/33554432 erase=38540ms tf=9384ms program=19924ms avg_once=0B
2026-09-10 19:24:51 I (361230) burner_web: GBA program profile: calls=0 build=0ms spi=0ms entry=0ms poll=0ms reset=0ms prefetch_wait=0ms skipped_ff=0B
2026-09-10 19:24:51 @mori {"event":"ui","process_calls":13959,"render_calls":1983,"music_polls":2975,"model_bytes":15312,"directory_scans":2,"cache_hits":0,"page":18,"selected":0,"count":12,"preview_generation":2,"file_worker_stack_free":10464,"file_start_active":false,"preview_active":false,"preview_done":false,"preview_available":false,"screen_dimmed":false,"selection":"","status":"burner burning: post-write gba header check"}
2026-09-10 19:26:42 @mori {"event":"status","version":"v2.32-106-g981613b-dirty","uptime_ms":471448,"internal_free":82415,"internal_largest":31744,"psram_free":7556312,"burn_running":false,"patch_running":false,"cancel_requested":false,"phase":"","detail":"","offset":0,"total":0,"passes":0,"read_bytes":0,"read_ms":0,"elapsed_ms":0,"result":0,"ag32_link":"auto","ag32_link_active":"unknown","ag32_capabilities":0,"ag32_capabilities_known":false}
2026-09-10 19:26:42 @mori {"event":"ui","process_calls":19763,"render_calls":2316,"music_polls":3956,"model_bytes":15312,"directory_scans":2,"cache_hits":0,"page":19,"selected":0,"count":18,"preview_generation":2,"file_worker_stack_free":10464,"file_start_active":false,"preview_active":false,"preview_done":false,"preview_available":false,"screen_dimmed":false,"selection":"","status":"burner done: verify finished"}
2026-09-10 19:26:42 @mori {"event":"ui","process_calls":19765,"render_calls":2316,"music_polls":3956,"model_bytes":15312,"directory_scans":2,"cache_hits":0,"page":19,"selected":0,"count":18,"preview_generation":2,"file_worker_stack_free":10464,"file_start_active":false,"preview_active":false,"preview_done":false,"preview_available":false,"screen_dimmed":false,"selection":"","status":"burner done: verify finished"}
2026-09-10 19:26:42 @mori {"event":"key","message":"b"}
2026-09-10 19:26:42 @mori {"event":"ui","process_calls":19770,"render_calls":2319,"music_polls":3957,"model_bytes":15312,"directory_scans":2,"cache_hits":0,"page":14,"selected":0,"count":2,"preview_generation":2,"file_worker_stack_free":10464,"file_start_active":false,"preview_active":false,"preview_done":false,"preview_available":false,"screen_dimmed":false,"selection":"","status":"就绪"}
2026-09-10 19:26:43 @mori {"event":"key","message":"b"}
2026-09-10 19:26:43 @mori {"event":"ui","process_calls":19775,"render_calls":2324,"music_polls":3957,"model_bytes":15312,"directory_scans":2,"cache_hits":0,"page":0,"selected":3,"count":5,"preview_generation":2,"file_worker_stack_free":10464,"file_start_active":false,"preview_active":false,"preview_done":false,"preview_available":false,"screen_dimmed":false,"selection":"烧录器","status":"就绪"}
2026-09-10 19:26:43 @mori {"event":"ui","process_calls":19777,"render_calls":2326,"music_polls":3958,"model_bytes":15312,"directory_scans":2,"cache_hits":0,"page":0,"selected":3,"count":5,"preview_generation":2,"file_worker_stack_free":10464,"file_start_active":false,"preview_active":false,"preview_done":false,"preview_available":false,"screen_dimmed":false,"selection":"烧录器","status":"就绪"}
2026-09-10 19:26:43 @mori {"event":"key","message":"a"}
2026-09-10 19:26:43 @mori {"event":"ui","process_calls":19783,"render_calls":2332,"music_polls":3959,"model_bytes":15312,"directory_scans":2,"cache_hits":0,"page":14,"selected":0,"count":2,"preview_generation":2,"file_worker_stack_free":10464,"file_start_active":false,"preview_active":false,"preview_done":false,"preview_available":false,"screen_dimmed":false,"selection":"","status":"就绪"}
2026-09-10 19:26:43 @mori {"event":"key","message":"a"}
2026-09-10 19:26:43 @mori {"event":"ui","process_calls":19787,"render_calls":2336,"music_polls":3960,"model_bytes":15312,"directory_scans":2,"cache_hits":0,"page":15,"selected":0,"count":9,"preview_generation":2,"file_worker_stack_free":10464,"file_start_active":false,"preview_active":false,"preview_done":false,"preview_available":false,"screen_dimmed":false,"selection":"重新分析","status":"卡带已分析"}
2026-09-10 19:26:43 @mori {"event":"key","message":"a"}
2026-09-10 19:26:43 @mori {"event":"ui","process_calls":19790,"render_calls":2339,"music_polls":3961,"model_bytes":15312,"directory_scans":2,"cache_hits":0,"page":15,"selected":0,"count":4,"preview_generation":2,"file_worker_stack_free":10464,"file_start_active":false,"preview_active":false,"preview_done":false,"preview_available":false,"screen_dimmed":false,"selection":"分析卡带","status":"analyzing cart"}
2026-09-10 19:26:43 @mori {"event":"ui","process_calls":19791,"render_calls":2340,"music_polls":3961,"model_bytes":15312,"directory_scans":2,"cache_hits":0,"page":15,"selected":0,"count":4,"preview_generation":2,"file_worker_stack_free":10464,"file_start_active":false,"preview_active":false,"preview_done":false,"preview_available":false,"screen_dimmed":false,"selection":"分析卡带","status":"analyzing cart"}
2026-09-10 19:26:43 I (473642) burner_web: GBA D0/D1 swap detection starting...
2026-09-10 19:26:43 I (473643) burner_web: D0/D1 swap detection: entering CFI mode (word addr 0x055)
2026-09-10 19:26:43 I (473645) burner_web: D0/D1 swap detection: CFI 'QRY' detected (normal, low-byte lane) [010]=0051 [011]=0052 [012]=0059
2026-09-10 19:26:43 I (473656) burner_web: GBA D0/D1 swap detection: NORMAL (no swap), lane=low
2026-09-10 19:26:43 I (473662) burner_web: GBA ReadID trace begin t=472442379us
2026-09-10 19:26:43 I (473667) burner_web: GBA ReadID trace write addr=0x555 data=0x00AA dt=5154us (0.005154s)
2026-09-10 19:26:43 I (473676) burner_web: GBA ReadID trace write addr=0x2AA data=0x0055 dt=8495us (0.008495s)
2026-09-10 19:26:43 I (473684) burner_web: GBA ReadID trace write addr=0x555 data=0x0090 dt=7951us (0.007951s)
2026-09-10 19:26:43 I (473692) burner_web: GBA ReadID trace read addr=0x000 data=0x0089 dt=7964us (0.007964s)
2026-09-10 19:26:43 I (473700) burner_web: GBA ReadID trace read addr=0x001 data=0x227E dt=7932us (0.007932s)
2026-09-10 19:26:43 I (473708) burner_web: GBA ReadID trace read addr=0x00E data=0x2228 dt=7894us (0.007894s)
2026-09-10 19:26:43 I (473716) burner_web: GBA ReadID trace read addr=0x00F data=0x2201 dt=7915us (0.007915s)
2026-09-10 19:26:43 I (473723) burner_web: GBA ReadID trace write addr=0x000 data=0x00F0 dt=7793us (0.007793s)
2026-09-10 19:26:43 I (473731) burner_web: GBA ReadID trace end status=ESP_OK total=68924us (0.068924s)
2026-09-10 19:26:43 I (473739) burner_web: GBA word-address probe @40000000Hz try=1 id=89 00 7E 22 28 22 01 22 (candidate-id)
2026-09-10 19:26:43 I (473748) burner_web: GBA Intel ReadID trace begin t=472528153us
2026-09-10 19:26:43 I (473753) burner_web: GBA Intel ReadID trace write addr=0x000 data=0x0050 dt=5481us (0.005481s)
2026-09-10 19:26:43 I (473762) burner_web: GBA Intel ReadID trace write addr=0x000 data=0x00FF dt=8969us (0.008969s)
2026-09-10 19:26:43 I (473771) burner_web: GBA Intel ReadID trace write addr=0x000 data=0x0090 dt=8603us (0.008603s)
2026-09-10 19:26:43 I (473779) burner_web: GBA Intel ReadID trace read addr=0x000 data=0x002E dt=8404us (0.008404s)
2026-09-10 19:26:43 I (473788) burner_web: GBA Intel ReadID trace read addr=0x001 data=0xEA00 dt=8528us (0.008528s)
2026-09-10 19:26:43 I (473796) burner_web: GBA Intel ReadID trace read addr=0x00E data=0x52A3 dt=8226us (0.008226s)
2026-09-10 19:26:43 I (473805) burner_web: GBA Intel ReadID trace read addr=0x00F data=0x19BE dt=8379us (0.008379s)
2026-09-10 19:26:43 I (473813) burner_web: GBA Intel ReadID trace write addr=0x000 data=0x0050 dt=8703us (0.008703s)
2026-09-10 19:26:43 I (473821) burner_web: GBA Intel ReadID trace write addr=0x000 data=0x00FF dt=8173us (0.008173s)
2026-09-10 19:26:43 I (473830) burner_web: GBA Intel ReadID trace end status=ESP_OK total=82025us (0.082025s)
2026-09-10 19:26:43 I (473838) burner_web: GBA intel-id probe @40000000Hz try=1 id=2E 00 00 EA A3 52 BE 19 (candidate-id)
2026-09-10 19:26:43 @mori {"event":"ui","process_calls":19796,"render_calls":2345,"music_polls":3963,"model_bytes":15312,"directory_scans":2,"cache_hits":0,"page":15,"selected":0,"count":4,"preview_generation":2,"file_worker_stack_free":10464,"file_start_active":false,"preview_active":false,"preview_done":false,"preview_available":false,"screen_dimmed":false,"selection":"分析卡带","status":"analyzing cart"}
2026-09-10 19:26:44 I (473858) burner_web: GBA raw ID method scan summary @40000000Hz try=1: candidates=0 best=none
2026-09-10 19:26:44 I (473891) burner_web: GBA auto probe @40000000Hz try=1 id=89 00 7E 22 28 22 01 22 (candidate-id)
2026-09-10 19:26:44 I (473899) burner_web: GBA CFI ok in word-address mode @40000000Hz try=1: chip=CFI AMD 128MB profile=AGB:amd:auto-cfi flash=134217728 sector=131072 geom=uniform largest=131072 regions=1 buf=1024 cmdset=amd lane=low primary=0x0002
2026-09-10 19:26:44 @mori {"event":"ui","process_calls":19803,"render_calls":2352,"music_polls":3965,"model_bytes":15312,"directory_scans":2,"cache_hits":0,"page":15,"selected":0,"count":4,"preview_generation":2,"file_worker_stack_free":10464,"file_start_active":false,"preview_active":false,"preview_done":false,"preview_available":false,"screen_dimmed":false,"selection":"分析卡带","status":"analyzing cart"}
2026-09-10 19:26:44 I (474303) ui: UI probe task stack free min=9464 bytes
2026-09-10 19:26:44 @mori {"event":"ui","process_calls":19810,"render_calls":2359,"music_polls":3967,"model_bytes":15312,"directory_scans":2,"cache_hits":0,"page":15,"selected":1,"count":9,"preview_generation":2,"file_worker_stack_free":10464,"file_start_active":false,"preview_active":false,"preview_done":false,"preview_available":false,"screen_dimmed":false,"selection":"ROM: ui_worker_before_20260910.gba","status":"GBA ID 89 00 7E 22 CFI"}
2026-09-10 19:26:44 @mori {"event":"ui","process_calls":19811,"render_calls":2360,"music_polls":3967,"model_bytes":15312,"directory_scans":2,"cache_hits":0,"page":15,"selected":1,"count":9,"preview_generation":2,"file_worker_stack_free":10464,"file_start_active":false,"preview_active":false,"preview_done":false,"preview_available":false,"screen_dimmed":false,"selection":"ROM: ui_worker_before_20260910.gba","status":"GBA ID 89 00 7E 22 CFI"}
2026-09-10 19:26:44 @mori {"event":"key","message":"a"}
2026-09-10 19:26:44 @mori {"event":"ui","process_calls":19812,"render_calls":2361,"music_polls":3968,"model_bytes":15312,"directory_scans":3,"cache_hits":0,"page":6,"selected":0,"count":42,"preview_generation":2,"file_worker_stack_free":10464,"file_start_active":false,"preview_active":false,"preview_done":false,"preview_available":false,"screen_dimmed":false,"selection":"_gba","status":"TF根目录"}
2026-09-10 19:26:44 @mori {"event":"ui","process_calls":19816,"render_calls":2365,"music_polls":3969,"model_bytes":15312,"directory_scans":3,"cache_hits":0,"page":6,"selected":0,"count":42,"preview_generation":2,"file_worker_stack_free":10464,"file_start_active":false,"preview_active":false,"preview_done":false,"preview_available":false,"screen_dimmed":false,"selection":"_gba","status":"TF根目录"}
2026-09-10 19:26:44 @mori {"event":"key","message":"down"}
2026-09-10 19:26:44 @mori {"event":"ui","process_calls":19826,"render_calls":2375,"music_polls":3970,"model_bytes":15312,"directory_scans":3,"cache_hits":0,"page":6,"selected":1,"count":42,"preview_generation":2,"file_worker_stack_free":10464,"file_start_active":false,"preview_active":false,"preview_done":false,"preview_available":false,"screen_dimmed":false,"selection":"_nds","status":"TF根目录"}
2026-09-10 19:26:44 @mori {"event":"key","message":"down"}
2026-09-10 19:26:45 @mori {"event":"ui","process_calls":19836,"render_calls":2385,"music_polls":3972,"model_bytes":15312,"directory_scans":3,"cache_hits":0,"page":6,"selected":2,"count":42,"preview_generation":2,"file_worker_stack_free":10464,"file_start_active":false,"preview_active":false,"preview_done":false,"preview_available":false,"screen_dimmed":false,"selection":"dumps","status":"TF根目录"}
2026-09-10 19:26:45 @mori {"event":"key","message":"down"}
2026-09-10 19:26:45 @mori {"event":"ui","process_calls":19846,"render_calls":2395,"music_polls":3973,"model_bytes":15312,"directory_scans":3,"cache_hits":0,"page":6,"selected":3,"count":42,"preview_generation":2,"file_worker_stack_free":10464,"file_start_active":false,"preview_active":false,"preview_done":false,"preview_available":false,"screen_dimmed":false,"selection":"GBA汉化","status":"TF根目录"}
2026-09-10 19:26:45 @mori {"event":"key","message":"down"}
2026-09-10 19:26:45 @mori {"event":"ui","process_calls":19856,"render_calls":2405,"music_polls":3975,"model_bytes":15312,"directory_scans":3,"cache_hits":0,"page":6,"selected":4,"count":42,"preview_generation":2,"file_worker_stack_free":10464,"file_start_active":false,"preview_active":false,"preview_done":false,"preview_available":false,"screen_dimmed":false,"selection":"music","status":"TF根目录"}
2026-09-10 19:26:45 @mori {"event":"key","message":"down"}
2026-09-10 19:26:45 @mori {"event":"ui","process_calls":19865,"render_calls":2414,"music_polls":3976,"model_bytes":15312,"directory_scans":3,"cache_hits":0,"page":6,"selected":5,"count":42,"preview_generation":2,"file_worker_stack_free":10464,"file_start_active":false,"preview_active":false,"preview_done":false,"preview_available":false,"screen_dimmed":false,"selection":"retro-go","status":"TF根目录"}
2026-09-10 19:26:45 @mori {"event":"key","message":"down"}
2026-09-10 19:26:45 @mori {"event":"ui","process_calls":19875,"render_calls":2424,"music_polls":3977,"model_bytes":15312,"directory_scans":3,"cache_hits":0,"page":6,"selected":6,"count":42,"preview_generation":2,"file_worker_stack_free":10464,"file_start_active":false,"preview_active":false,"preview_done":false,"preview_available":false,"screen_dimmed":false,"selection":"ROM_OUTPUT","status":"TF根目录"}
2026-09-10 19:26:45 @mori {"event":"key","message":"down"}
2026-09-10 19:26:45 @mori {"event":"ui","process_calls":19885,"render_calls":2434,"music_polls":3979,"model_bytes":15312,"directory_scans":3,"cache_hits":0,"page":6,"selected":7,"count":42,"preview_generation":2,"file_worker_stack_free":10464,"file_start_active":false,"preview_active":false,"preview_done":false,"preview_available":false,"screen_dimmed":false,"selection":"romart","status":"TF根目录"}
2026-09-10 19:26:45 @mori {"event":"key","message":"down"}
2026-09-10 19:26:45 @mori {"event":"ui","process_calls":19895,"render_calls":2444,"music_polls":3980,"model_bytes":15312,"directory_scans":3,"cache_hits":0,"page":6,"selected":8,"count":42,"preview_generation":2,"file_worker_stack_free":10464,"file_start_active":false,"preview_active":false,"preview_done":false,"preview_available":false,"screen_dimmed":false,"selection":"roms","status":"TF根目录"}
2026-09-10 19:26:46 @mori {"event":"key","message":"down"}
2026-09-10 19:26:46 @mori {"event":"ui","process_calls":19904,"render_calls":2453,"music_polls":3981,"model_bytes":15312,"directory_scans":3,"cache_hits":0,"page":6,"selected":9,"count":42,"preview_generation":2,"file_worker_stack_free":10464,"file_start_active":false,"preview_active":false,"preview_done":false,"preview_available":false,"screen_dimmed":false,"selection":"SAVEGAME","status":"TF根目录"}
2026-09-10 19:26:46 @mori {"event":"key","message":"down"}
2026-09-10 19:26:46 @mori {"event":"ui","process_calls":19914,"render_calls":2463,"music_polls":3983,"model_bytes":15312,"directory_scans":3,"cache_hits":0,"page":6,"selected":10,"count":42,"preview_generation":2,"file_worker_stack_free":10464,"file_start_active":false,"preview_active":false,"preview_done":false,"preview_available":false,"screen_dimmed":false,"selection":"SRAM","status":"TF根目录"}
2026-09-10 19:26:46 @mori {"event":"key","message":"down"}
2026-09-10 19:26:46 @mori {"event":"ui","process_calls":19922,"render_calls":2471,"music_polls":3984,"model_bytes":15312,"directory_scans":3,"cache_hits":0,"page":6,"selected":11,"count":42,"preview_generation":2,"file_worker_stack_free":10464,"file_start_active":false,"preview_active":false,"preview_done":false,"preview_available":false,"screen_dimmed":false,"selection":"宝可梦","status":"TF根目录"}
2026-09-10 19:26:46 @mori {"event":"key","message":"down"}
2026-09-10 19:26:46 @mori {"event":"ui","process_calls":19929,"render_calls":2478,"music_polls":3986,"model_bytes":15312,"directory_scans":3,"cache_hits":0,"page":6,"selected":12,"count":42,"preview_generation":2,"file_worker_stack_free":10464,"file_start_active":false,"preview_active":false,"preview_done":false,"preview_available":false,"screen_dimmed":false,"selection":"[1MSRAM][FTC]口袋妖怪 - 宝石_中文典藏版[漫游&TGB联合汉化] (1).gba","status":"TF根目录"}
2026-09-10 19:26:46 @mori {"event":"key","message":"down"}
2026-09-10 19:26:46 @mori {"event":"ui","process_calls":19938,"render_calls":2487,"music_polls":3987,"model_bytes":15312,"directory_scans":3,"cache_hits":0,"page":6,"selected":13,"count":42,"preview_generation":2,"file_worker_stack_free":10464,"file_start_active":false,"preview_active":false,"preview_done":false,"preview_available":false,"screen_dimmed":false,"selection":"Kirby & The Amazing Mirror (USA).gba","status":"TF根目录"}
2026-09-10 19:26:46 @mori {"event":"key","message":"down"}
2026-09-10 19:26:46 @mori {"event":"ui","process_calls":19948,"render_calls":2497,"music_polls":3988,"model_bytes":15312,"directory_scans":3,"cache_hits":0,"page":6,"selected":14,"count":42,"preview_generation":2,"file_worker_stack_free":10464,"file_start_active":false,"preview_active":false,"preview_done":false,"preview_available":false,"screen_dimmed":false,"selection":"LK_MULTIMENU_L556.gba","status":"TF根目录"}
2026-09-10 19:26:46 @mori {"event":"key","message":"down"}
2026-09-10 19:26:47 @mori {"event":"ui","process_calls":19958,"render_calls":2507,"music_polls":3990,"model_bytes":15312,"directory_scans":3,"cache_hits":0,"page":6,"selected":15,"count":42,"preview_generation":2,"file_worker_stack_free":10464,"file_start_active":false,"preview_active":false,"preview_done":false,"preview_available":false,"screen_dimmed":false,"selection":"superfw-debug.gba","status":"TF根目录"}
2026-09-10 19:26:47 @mori {"event":"key","message":"down"}
2026-09-10 19:26:47 @mori {"event":"ui","process_calls":19969,"render_calls":2518,"music_polls":3991,"model_bytes":15312,"directory_scans":3,"cache_hits":0,"page":6,"selected":16,"count":42,"preview_generation":2,"file_worker_stack_free":10464,"file_start_active":false,"preview_active":false,"preview_done":false,"preview_available":false,"screen_dimmed":false,"selection":"X 星之卡比-镜之大迷宫[简].gba","status":"TF根目录"}
2026-09-10 19:26:47 @mori {"event":"key","message":"down"}
2026-09-10 19:26:47 @mori {"event":"ui","process_calls":19977,"render_calls":2526,"music_polls":3993,"model_bytes":15312,"directory_scans":3,"cache_hits":0,"page":6,"selected":17,"count":42,"preview_generation":2,"file_worker_stack_free":10464,"file_start_active":false,"preview_active":false,"preview_done":false,"preview_available":false,"screen_dimmed":false,"selection":"地球冒险3.gba","status":"TF根目录"}
2026-09-10 19:26:47 @mori {"event":"key","message":"down"}
2026-09-10 19:26:47 @mori {"event":"ui","process_calls":19986,"render_calls":2535,"music_polls":3994,"model_bytes":15312,"directory_scans":3,"cache_hits":0,"page":6,"selected":18,"count":42,"preview_generation":2,"file_worker_stack_free":10464,"file_start_active":false,"preview_active":false,"preview_done":false,"preview_available":false,"screen_dimmed":false,"selection":"地球冒险3.patched-1.gba","status":"TF根目录"}
2026-09-10 19:26:47 @mori {"event":"key","message":"down"}
2026-09-10 19:26:47 @mori {"event":"ui","process_calls":19998,"render_calls":2547,"music_polls":3996,"model_bytes":15312,"directory_scans":3,"cache_hits":0,"page":6,"selected":19,"count":42,"preview_generation":2,"file_worker_stack_free":10464,"file_start_active":false,"preview_active":false,"preview_done":false,"preview_available":false,"screen_dimmed":false,"selection":"地球冒险3.patched-2.gba","status":"TF根目录"}
2026-09-10 19:26:47 @mori {"event":"key","message":"down"}
2026-09-10 19:26:47 @mori {"event":"ui","process_calls":20008,"render_calls":2557,"music_polls":3997,"model_bytes":15312,"directory_scans":3,"cache_hits":0,"page":6,"selected":20,"count":42,"preview_generation":2,"file_worker_stack_free":10464,"file_start_active":false,"preview_active":false,"preview_done":false,"preview_available":false,"screen_dimmed":false,"selection":"地球冒险3.patched.gba","status":"TF根目录"}
2026-09-10 19:26:47 @mori {"event":"key","message":"down"}
2026-09-10 19:26:48 @mori {"event":"ui","process_calls":20018,"render_calls":2567,"music_polls":3999,"model_bytes":15312,"directory_scans":3,"cache_hits":0,"page":6,"selected":21,"count":42,"preview_generation":2,"file_worker_stack_free":10464,"file_start_active":false,"preview_active":false,"preview_done":false,"preview_available":false,"screen_dimmed":false,"selection":"好狗狗星系.gba","status":"TF根目录"}
2026-09-10 19:26:48 @mori {"event":"key","message":"down"}
2026-09-10 19:26:48 @mori {"event":"ui","process_calls":20028,"render_calls":2577,"music_polls":4000,"model_bytes":15312,"directory_scans":3,"cache_hits":0,"page":6,"selected":22,"count":42,"preview_generation":2,"file_worker_stack_free":10464,"file_start_active":false,"preview_active":false,"preview_done":false,"preview_available":false,"screen_dimmed":false,"selection":"逆转裁判2.gba","status":"TF根目录"}
2026-09-10 19:26:48 @mori {"event":"key","message":"down"}
2026-09-10 19:26:48 @mori {"event":"ui","process_calls":20037,"render_calls":2586,"music_polls":4001,"model_bytes":15312,"directory_scans":3,"cache_hits":0,"page":6,"selected":23,"count":42,"preview_generation":2,"file_worker_stack_free":10464,"file_start_active":false,"preview_active":false,"preview_done":false,"preview_available":false,"screen_dimmed":false,"selection":"逆转裁判2[CGP](简)(JP)(77.39Mb).gba","status":"TF根目录"}
2026-09-10 19:26:48 @mori {"event":"key","message":"down"}
2026-09-10 19:26:48 @mori {"event":"ui","process_calls":20044,"render_calls":2593,"music_polls":4003,"model_bytes":15312,"directory_scans":3,"cache_hits":0,"page":6,"selected":24,"count":42,"preview_generation":2,"file_worker_stack_free":10464,"file_start_active":false,"preview_active":false,"preview_done":false,"preview_available":false,"screen_dimmed":false,"selection":"逆转裁判2[Eastred][Chapter 1](简)(JP)(96Mb).gba","status":"TF根目录"}
2026-09-10 19:26:48 @mori {"event":"key","message":"down"}
2026-09-10 19:26:48 @mori {"event":"ui","process_calls":20052,"render_calls":2601,"music_polls":4004,"model_bytes":15312,"directory_scans":3,"cache_hits":0,"page":6,"selected":25,"count":42,"preview_generation":2,"file_worker_stack_free":10464,"file_start_active":false,"preview_active":false,"preview_done":false,"preview_available":false,"screen_dimmed":false,"selection":"逆转裁判2移除片头.gba","status":"TF根目录"}
2026-09-10 19:26:48 @mori {"event":"key","message":"down"}
2026-09-10 19:26:48 @mori {"event":"ui","process_calls":20061,"render_calls":2610,"music_polls":4005,"model_bytes":15312,"directory_scans":3,"cache_hits":0,"page":6,"selected":26,"count":42,"preview_generation":2,"file_worker_stack_free":10464,"file_start_active":false,"preview_active":false,"preview_done":false,"preview_available":false,"screen_dimmed":false,"selection":"逆转裁判2移除片头2.gba","status":"TF根目录"}
2026-09-10 19:26:48 @mori {"event":"key","message":"down"}
2026-09-10 19:26:49 @mori {"event":"ui","process_calls":20073,"render_calls":2622,"music_polls":4007,"model_bytes":15312,"directory_scans":3,"cache_hits":0,"page":6,"selected":27,"count":42,"preview_generation":2,"file_worker_stack_free":10464,"file_start_active":false,"preview_active":false,"preview_done":false,"preview_available":false,"screen_dimmed":false,"selection":"逆转裁判2移除片头3.gba","status":"TF根目录"}
2026-09-10 19:26:49 @mori {"event":"key","message":"down"}
2026-09-10 19:26:49 @mori {"event":"ui","process_calls":20083,"render_calls":2632,"music_polls":4008,"model_bytes":15312,"directory_scans":3,"cache_hits":0,"page":6,"selected":28,"count":42,"preview_generation":2,"file_worker_stack_free":10464,"file_start_active":false,"preview_active":false,"preview_done":false,"preview_available":false,"screen_dimmed":false,"selection":"逆转裁判2移除片头4.gba","status":"TF根目录"}
2026-09-10 19:26:49 @mori {"event":"key","message":"down"}
2026-09-10 19:26:49 @mori {"event":"ui","process_calls":20092,"render_calls":2641,"music_polls":4010,"model_bytes":15312,"directory_scans":3,"cache_hits":0,"page":6,"selected":29,"count":42,"preview_generation":2,"file_worker_stack_free":10464,"file_start_active":false,"preview_active":false,"preview_done":false,"preview_available":false,"screen_dimmed":false,"selection":"银河战士 融合.gba","status":"TF根目录"}
2026-09-10 19:26:49 @mori {"event":"key","message":"down"}
2026-09-10 19:26:49 @mori {"event":"ui","process_calls":20103,"render_calls":2652,"music_polls":4011,"model_bytes":15312,"directory_scans":3,"cache_hits":0,"page":6,"selected":30,"count":42,"preview_generation":2,"file_worker_stack_free":10464,"file_start_active":false,"preview_active":false,"preview_done":false,"preview_available":false,"screen_dimmed":false,"selection":"银河战士 零号任务.gba","status":"TF根目录"}
2026-09-10 19:26:49 @mori {"event":"key","message":"down"}
2026-09-10 19:26:49 @mori {"event":"ui","process_calls":20114,"render_calls":2663,"music_polls":4013,"model_bytes":15312,"directory_scans":3,"cache_hits":0,"page":6,"selected":31,"count":42,"preview_generation":2,"file_worker_stack_free":10464,"file_start_active":false,"preview_active":false,"preview_done":false,"preview_available":false,"screen_dimmed":false,"selection":"马里奥赛车 超级巡回赛.gba","status":"TF根目录"}
2026-09-10 19:26:49 @mori {"event":"key","message":"down"}
2026-09-10 19:26:49 @mori {"event":"ui","process_calls":20124,"render_calls":2673,"music_polls":4014,"model_bytes":15312,"directory_scans":3,"cache_hits":0,"page":6,"selected":32,"count":42,"preview_generation":2,"file_worker_stack_free":10464,"file_start_active":false,"preview_active":false,"preview_done":false,"preview_available":false,"screen_dimmed":false,"selection":"魂斗罗Advance - 异型战争EX[Hulihutu](简)(US)(32Mb).gba","status":"TF根目录"}
2026-09-10 19:26:49 @mori {"event":"key","message":"down"}
2026-09-10 19:26:50 @mori {"event":"ui","process_calls":20134,"render_calls":2683,"music_polls":4016,"model_bytes":15312,"directory_scans":3,"cache_hits":0,"page":6,"selected":33,"count":42,"preview_generation":2,"file_worker_stack_free":10464,"file_start_active":false,"preview_active":false,"preview_done":false,"preview_available":false,"screen_dimmed":false,"selection":"魔法元素![TGB](简)(JP)(32Mb) - 副本.gba","status":"TF根目录"}
2026-09-10 19:26:50 @mori {"event":"key","message":"down"}
2026-09-10 19:26:50 @mori {"event":"ui","process_calls":20143,"render_calls":2692,"music_polls":4018,"model_bytes":15312,"directory_scans":3,"cache_hits":0,"page":6,"selected":34,"count":42,"preview_generation":2,"file_worker_stack_free":10464,"file_start_active":false,"preview_active":false,"preview_done":false,"preview_available":false,"screen_dimmed":false,"selection":"魔法元素![TGB](简)(JP)(32Mb) 去片头.gba","status":"TF根目录"}
2026-09-10 19:26:50 @mori {"event":"key","message":"down"}
2026-09-10 19:26:50 @mori {"event":"ui","process_calls":20152,"render_calls":2701,"music_polls":4019,"model_bytes":15312,"directory_scans":3,"cache_hits":0,"page":6,"selected":35,"count":42,"preview_generation":2,"file_worker_stack_free":10464,"file_start_active":false,"preview_active":false,"preview_done":false,"preview_available":false,"screen_dimmed":false,"selection":"黄金太阳1 开启的封印.gba","status":"TF根目录"}
2026-09-10 19:26:50 @mori {"event":"key","message":"a"}
2026-09-10 19:26:50 I (480362) ui: ROM preview generation=3 result=ESP_OK available=1 stack_free=10464
2026-09-10 19:26:50 @mori {"event":"ui","process_calls":20157,"render_calls":2706,"music_polls":4020,"model_bytes":15312,"directory_scans":3,"cache_hits":0,"page":15,"selected":2,"count":9,"preview_generation":3,"file_worker_stack_free":10464,"file_start_active":false,"preview_active":false,"preview_done":true,"preview_available":true,"screen_dimmed":false,"selection":"ROM: 写入","status":"已选择ROM"}
2026-09-10 19:26:50 @mori {"event":"key","message":"a"}
2026-09-10 19:26:50 @mori {"event":"ui","process_calls":20159,"render_calls":2708,"music_polls":4021,"model_bytes":15312,"directory_scans":3,"cache_hits":0,"page":15,"selected":0,"count":5,"preview_generation":3,"file_worker_stack_free":10464,"file_start_active":false,"preview_active":false,"preview_done":true,"preview_available":true,"screen_dimmed":false,"selection":"直接烧录","status":"选择补丁和烧录操作"}
2026-09-10 19:26:50 @mori {"event":"ui","process_calls":20160,"render_calls":2709,"music_polls":4022,"model_bytes":15312,"directory_scans":3,"cache_hits":0,"page":15,"selected":0,"count":5,"preview_generation":3,"file_worker_stack_free":10464,"file_start_active":false,"preview_active":false,"preview_done":true,"preview_available":true,"screen_dimmed":false,"selection":"直接烧录","status":"选择补丁和烧录操作"}
2026-09-10 19:26:50 @mori {"event":"key","message":"down"}
2026-09-10 19:26:50 @mori {"event":"ui","process_calls":20164,"render_calls":2713,"music_polls":4023,"model_bytes":15312,"directory_scans":3,"cache_hits":0,"page":15,"selected":1,"count":5,"preview_generation":3,"file_worker_stack_free":10464,"file_start_active":false,"preview_active":false,"preview_done":true,"preview_available":true,"screen_dimmed":false,"selection":"存档补丁","status":"选择补丁和烧录操作"}
2026-09-10 19:26:50 @mori {"event":"key","message":"a"}
2026-09-10 19:26:51 @mori {"event":"ui","process_calls":20167,"render_calls":2716,"music_polls":4024,"model_bytes":15312,"directory_scans":3,"cache_hits":0,"page":15,"selected":2,"count":3,"preview_generation":3,"file_worker_stack_free":10464,"file_start_active":false,"preview_active":false,"preview_done":true,"preview_available":true,"screen_dimmed":false,"selection":"无","status":"选择存档补丁"}
2026-09-10 19:26:51 @mori {"event":"ui","process_calls":20168,"render_calls":2717,"music_polls":4025,"model_bytes":15312,"directory_scans":3,"cache_hits":0,"page":15,"selected":2,"count":3,"preview_generation":3,"file_worker_stack_free":10464,"file_start_active":false,"preview_active":false,"preview_done":true,"preview_available":true,"screen_dimmed":false,"selection":"无","status":"选择存档补丁"}
2026-09-10 19:26:51 @mori {"event":"key","message":"down"}
2026-09-10 19:26:51 @mori {"event":"ui","process_calls":20171,"render_calls":2720,"music_polls":4026,"model_bytes":15312,"directory_scans":3,"cache_hits":0,"page":15,"selected":0,"count":3,"preview_generation":3,"file_worker_stack_free":10464,"file_start_active":false,"preview_active":false,"preview_done":true,"preview_available":true,"screen_dimmed":false,"selection":"SRAM","status":"选择存档补丁"}
2026-09-10 19:26:51 @mori {"event":"key","message":"a"}
2026-09-10 19:26:51 @mori {"event":"ui","process_calls":20174,"render_calls":2723,"music_polls":4027,"model_bytes":15312,"directory_scans":3,"cache_hits":0,"page":15,"selected":1,"count":5,"preview_generation":3,"file_worker_stack_free":10464,"file_start_active":false,"preview_active":false,"preview_done":true,"preview_available":true,"screen_dimmed":false,"selection":"存档补丁","status":"存档补丁已选择"}
2026-09-10 19:26:51 @mori {"event":"key","message":"down"}
2026-09-10 19:26:51 @mori {"event":"ui","process_calls":20178,"render_calls":2727,"music_polls":4028,"model_bytes":15312,"directory_scans":3,"cache_hits":0,"page":15,"selected":2,"count":5,"preview_generation":3,"file_worker_stack_free":10464,"file_start_active":false,"preview_active":false,"preview_done":true,"preview_available":true,"screen_dimmed":false,"selection":"延迟补丁","status":"存档补丁已选择"}
2026-09-10 19:26:51 @mori {"event":"key","message":"a"}
2026-09-10 19:26:51 @mori {"event":"ui","process_calls":20181,"render_calls":2730,"music_polls":4029,"model_bytes":15312,"directory_scans":3,"cache_hits":0,"page":15,"selected":2,"count":5,"preview_generation":3,"file_worker_stack_free":10464,"file_start_active":false,"preview_active":false,"preview_done":true,"preview_available":true,"screen_dimmed":false,"selection":"延迟补丁","status":"延迟补丁：开启"}
2026-09-10 19:26:51 @mori {"event":"key","message":"down"}
2026-09-10 19:26:51 @mori {"event":"ui","process_calls":20185,"render_calls":2734,"music_polls":4030,"model_bytes":15312,"directory_scans":3,"cache_hits":0,"page":15,"selected":3,"count":5,"preview_generation":3,"file_worker_stack_free":10464,"file_start_active":false,"preview_active":false,"preview_done":true,"preview_available":true,"screen_dimmed":false,"selection":"免电补丁","status":"延迟补丁：开启"}
2026-09-10 19:26:51 @mori {"event":"key","message":"a"}
2026-09-10 19:26:51 @mori {"event":"ui","process_calls":20188,"render_calls":2737,"music_polls":4032,"model_bytes":15312,"directory_scans":3,"cache_hits":0,"page":15,"selected":3,"count":5,"preview_generation":3,"file_worker_stack_free":10464,"file_start_active":false,"preview_active":false,"preview_done":true,"preview_available":true,"screen_dimmed":false,"selection":"免电补丁","status":"免电补丁：开启"}
2026-09-10 19:26:52 @mori {"event":"key","message":"down"}
2026-09-10 19:26:52 @mori {"event":"ui","process_calls":20192,"render_calls":2741,"music_polls":4033,"model_bytes":15312,"directory_scans":3,"cache_hits":0,"page":15,"selected":4,"count":5,"preview_generation":3,"file_worker_stack_free":10464,"file_start_active":false,"preview_active":false,"preview_done":true,"preview_available":true,"screen_dimmed":false,"selection":"打补丁并保存ROM","status":"免电补丁：开启"}
2026-09-10 19:26:52 I (482114) power_manager: CPU perf lock acquired by ui_file_start
2026-09-10 19:26:52 I (482116) ui: LCD start file action: action=打补丁并保存ROM path=黄金太阳1 开启的封印.gba mode=gba write_path=direct
2026-09-10 19:26:52 @mori {"event":"key","message":"a"}
2026-09-10 19:26:52 @mori {"event":"ui","process_calls":20194,"render_calls":2743,"music_polls":4034,"model_bytes":15312,"directory_scans":3,"cache_hits":0,"page":18,"selected":4,"count":15,"preview_generation":4,"file_worker_stack_free":10464,"file_start_active":true,"preview_active":false,"preview_done":true,"preview_available":true,"screen_dimmed":false,"selection":"","status":"burner receiving: 正在生成补丁"}
2026-09-10 19:26:52 @mori {"event":"ui","process_calls":20195,"render_calls":2744,"music_polls":4035,"model_bytes":15312,"directory_scans":3,"cache_hits":0,"page":18,"selected":4,"count":15,"preview_generation":4,"file_worker_stack_free":10464,"file_start_active":true,"preview_active":false,"preview_done":true,"preview_available":true,"screen_dimmed":false,"selection":"","status":"burner receiving: 正在生成补丁"}
2026-09-10 19:26:52 @mori {"event":"ui","process_calls":20199,"render_calls":2748,"music_polls":4039,"model_bytes":15312,"directory_scans":3,"cache_hits":0,"page":18,"selected":4,"count":15,"preview_generation":4,"file_worker_stack_free":10464,"file_start_active":true,"preview_active":false,"preview_done":true,"preview_available":true,"screen_dimmed":false,"selection":"","status":"burner receiving: 正在生成补丁"}
2026-09-10 19:26:53 @mori {"event":"ui","process_calls":20202,"render_calls":2751,"music_polls":4042,"model_bytes":15312,"directory_scans":3,"cache_hits":0,"page":18,"selected":4,"count":15,"preview_generation":4,"file_worker_stack_free":10464,"file_start_active":true,"preview_active":false,"preview_done":true,"preview_available":true,"screen_dimmed":false,"selection":"","status":"burner receiving: 正在生成补丁"}
2026-09-10 19:26:53 @mori {"event":"ui","process_calls":20205,"render_calls":2754,"music_polls":4045,"model_bytes":15312,"directory_scans":3,"cache_hits":0,"page":18,"selected":4,"count":15,"preview_generation":4,"file_worker_stack_free":10464,"file_start_active":true,"preview_active":false,"preview_done":true,"preview_available":true,"screen_dimmed":false,"selection":"","status":"burner receiving: 正在生成补丁"}
2026-09-10 19:26:53 @mori {"event":"ui","process_calls":20208,"render_calls":2757,"music_polls":4048,"model_bytes":15312,"directory_scans":3,"cache_hits":0,"page":18,"selected":4,"count":15,"preview_generation":4,"file_worker_stack_free":10464,"file_start_active":true,"preview_active":false,"preview_done":true,"preview_available":true,"screen_dimmed":false,"selection":"","status":"burner receiving: 正在生成补丁"}
2026-09-10 19:26:54 @mori {"event":"ui","process_calls":20211,"render_calls":2760,"music_polls":4051,"model_bytes":15312,"directory_scans":3,"cache_hits":0,"page":18,"selected":4,"count":15,"preview_generation":4,"file_worker_stack_free":10464,"file_start_active":true,"preview_active":false,"preview_done":true,"preview_available":true,"screen_dimmed":false,"selection":"","status":"burner receiving: 正在生成补丁"}
2026-09-10 19:26:54 @mori {"event":"ui","process_calls":20213,"render_calls":2762,"music_polls":4052,"model_bytes":15312,"directory_scans":3,"cache_hits":0,"page":18,"selected":4,"count":15,"preview_generation":4,"file_worker_stack_free":10464,"file_start_active":true,"preview_active":false,"preview_done":true,"preview_available":true,"screen_dimmed":false,"selection":"","status":"burner receiving: 正在生成补丁"}
2026-09-10 19:26:54 @mori {"event":"ui","process_calls":20216,"render_calls":2765,"music_polls":4055,"model_bytes":15312,"directory_scans":3,"cache_hits":0,"page":18,"selected":4,"count":15,"preview_generation":4,"file_worker_stack_free":10464,"file_start_active":true,"preview_active":false,"preview_done":true,"preview_available":true,"screen_dimmed":false,"selection":"","status":"burner receiving: 正在生成补丁"}
2026-09-10 19:26:55 @mori {"event":"ui","process_calls":20220,"render_calls":2769,"music_polls":4059,"model_bytes":15312,"directory_scans":3,"cache_hits":0,"page":18,"selected":4,"count":15,"preview_generation":4,"file_worker_stack_free":10464,"file_start_active":true,"preview_active":false,"preview_done":true,"preview_available":true,"screen_dimmed":false,"selection":"","status":"burner receiving: 正在生成补丁"}
2026-09-10 19:26:55 @mori {"event":"ui","process_calls":20225,"render_calls":2774,"music_polls":4062,"model_bytes":15312,"directory_scans":3,"cache_hits":0,"page":18,"selected":4,"count":15,"preview_generation":4,"file_worker_stack_free":10464,"file_start_active":true,"preview_active":false,"preview_done":true,"preview_available":true,"screen_dimmed":false,"selection":"","status":"burner receiving: 正在生成补丁"}
2026-09-10 19:26:55 @mori {"event":"ui","process_calls":20237,"render_calls":2779,"music_polls":4064,"model_bytes":15312,"directory_scans":3,"cache_hits":0,"page":18,"selected":4,"count":15,"preview_generation":4,"file_worker_stack_free":10464,"file_start_active":true,"preview_active":false,"preview_done":true,"preview_available":true,"screen_dimmed":false,"selection":"","status":"burner receiving: 正在生成补丁"}
2026-09-10 19:26:56 @mori {"event":"ui","process_calls":20250,"render_calls":2780,"music_polls":4066,"model_bytes":15312,"directory_scans":3,"cache_hits":0,"page":18,"selected":4,"count":15,"preview_generation":4,"file_worker_stack_free":10464,"file_start_active":true,"preview_active":false,"preview_done":true,"preview_available":true,"screen_dimmed":false,"selection":"","status":"burner receiving: 正在生成补丁"}
2026-09-10 19:26:56 @mori {"event":"ui","process_calls":20264,"render_calls":2782,"music_polls":4069,"model_bytes":15312,"directory_scans":3,"cache_hits":0,"page":18,"selected":4,"count":15,"preview_generation":4,"file_worker_stack_free":10464,"file_start_active":true,"preview_active":false,"preview_done":true,"preview_available":true,"screen_dimmed":false,"selection":"","status":"burner receiving: 正在生成补丁"}
2026-09-10 19:26:56 @mori {"event":"ui","process_calls":20273,"render_calls":2784,"music_polls":4071,"model_bytes":15312,"directory_scans":3,"cache_hits":0,"page":18,"selected":4,"count":15,"preview_generation":4,"file_worker_stack_free":10464,"file_start_active":true,"preview_active":false,"preview_done":true,"preview_available":true,"screen_dimmed":false,"selection":"","status":"burner receiving: 正在生成补丁"}
2026-09-10 19:26:57 @mori {"event":"ui","process_calls":20276,"render_calls":2786,"music_polls":4073,"model_bytes":15312,"directory_scans":3,"cache_hits":0,"page":18,"selected":4,"count":15,"preview_generation":4,"file_worker_stack_free":10464,"file_start_active":true,"preview_active":false,"preview_done":true,"preview_available":true,"screen_dimmed":false,"selection":"","status":"burner receiving: 正在生成补丁"}
2026-09-10 19:26:57 @mori {"event":"ui","process_calls":20280,"render_calls":2790,"music_polls":4077,"model_bytes":15312,"directory_scans":3,"cache_hits":0,"page":18,"selected":4,"count":15,"preview_generation":4,"file_worker_stack_free":10464,"file_start_active":true,"preview_active":false,"preview_done":true,"preview_available":true,"screen_dimmed":false,"selection":"","status":"burner receiving: 正在生成补丁"}
2026-09-10 19:26:57 @mori {"event":"ui","process_calls":20282,"render_calls":2792,"music_polls":4079,"model_bytes":15312,"directory_scans":3,"cache_hits":0,"page":18,"selected":4,"count":15,"preview_generation":4,"file_worker_stack_free":10464,"file_start_active":true,"preview_active":false,"preview_done":true,"preview_available":true,"screen_dimmed":false,"selection":"","status":"burner receiving: 正在生成补丁"}
2026-09-10 19:26:58 @mori {"event":"ui","process_calls":20286,"render_calls":2796,"music_polls":4083,"model_bytes":15312,"directory_scans":3,"cache_hits":0,"page":18,"selected":4,"count":15,"preview_generation":4,"file_worker_stack_free":10464,"file_start_active":true,"preview_active":false,"preview_done":true,"preview_available":true,"screen_dimmed":false,"selection":"","status":"burner receiving: 正在生成补丁"}
2026-09-10 19:26:58 @mori {"event":"ui","process_calls":20288,"render_calls":2798,"music_polls":4085,"model_bytes":15312,"directory_scans":3,"cache_hits":0,"page":18,"selected":4,"count":15,"preview_generation":4,"file_worker_stack_free":10464,"file_start_active":true,"preview_active":false,"preview_done":true,"preview_available":true,"screen_dimmed":false,"selection":"","status":"burner receiving: 正在生成补丁"}
2026-09-10 19:26:58 @mori {"event":"ui","process_calls":20292,"render_calls":2802,"music_polls":4089,"model_bytes":15312,"directory_scans":3,"cache_hits":0,"page":18,"selected":4,"count":15,"preview_generation":4,"file_worker_stack_free":10464,"file_start_active":true,"preview_active":false,"preview_done":true,"preview_available":true,"screen_dimmed":false,"selection":"","status":"burner receiving: 正在生成补丁"}
2026-09-10 19:26:59 @mori {"event":"ui","process_calls":20295,"render_calls":2805,"music_polls":4091,"model_bytes":15312,"directory_scans":3,"cache_hits":0,"page":18,"selected":4,"count":15,"preview_generation":4,"file_worker_stack_free":10464,"file_start_active":true,"preview_active":false,"preview_done":true,"preview_available":true,"screen_dimmed":false,"selection":"","status":"burner receiving: 正在生成补丁"}
2026-09-10 19:26:59 @mori {"event":"ui","process_calls":20297,"render_calls":2807,"music_polls":4093,"model_bytes":15312,"directory_scans":3,"cache_hits":0,"page":18,"selected":4,"count":15,"preview_generation":4,"file_worker_stack_free":10464,"file_start_active":true,"preview_active":false,"preview_done":true,"preview_available":true,"screen_dimmed":false,"selection":"","status":"burner receiving: 正在生成补丁"}
2026-09-10 19:26:59 @mori {"event":"ui","process_calls":20300,"render_calls":2810,"music_polls":4095,"model_bytes":15312,"directory_scans":3,"cache_hits":0,"page":18,"selected":4,"count":15,"preview_generation":4,"file_worker_stack_free":10464,"file_start_active":true,"preview_active":false,"preview_done":true,"preview_available":true,"screen_dimmed":false,"selection":"","status":"burner receiving: 正在生成补丁"}
2026-09-10 19:27:00 @mori {"event":"ui","process_calls":20303,"render_calls":2813,"music_polls":4096,"model_bytes":15312,"directory_scans":3,"cache_hits":0,"page":18,"selected":4,"count":15,"preview_generation":4,"file_worker_stack_free":10464,"file_start_active":true,"preview_active":false,"preview_done":true,"preview_available":true,"screen_dimmed":false,"selection":"","status":"burner receiving: 正在生成补丁"}
2026-09-10 19:27:00 @mori {"event":"ui","process_calls":20307,"render_calls":2817,"music_polls":4099,"model_bytes":15312,"directory_scans":3,"cache_hits":0,"page":18,"selected":4,"count":15,"preview_generation":4,"file_worker_stack_free":10464,"file_start_active":true,"preview_active":false,"preview_done":true,"preview_available":true,"screen_dimmed":false,"selection":"","status":"burner receiving: 正在生成补丁"}
2026-09-10 19:27:00 @mori {"event":"ui","process_calls":20310,"render_calls":2820,"music_polls":4100,"model_bytes":15312,"directory_scans":3,"cache_hits":0,"page":18,"selected":4,"count":15,"preview_generation":4,"file_worker_stack_free":10464,"file_start_active":true,"preview_active":false,"preview_done":true,"preview_available":true,"screen_dimmed":false,"selection":"","status":"burner receiving: 正在生成补丁"}
2026-09-10 19:27:01 @mori {"event":"ui","process_calls":20313,"render_calls":2823,"music_polls":4102,"model_bytes":15312,"directory_scans":3,"cache_hits":0,"page":18,"selected":4,"count":15,"preview_generation":4,"file_worker_stack_free":10464,"file_start_active":true,"preview_active":false,"preview_done":true,"preview_available":true,"screen_dimmed":false,"selection":"","status":"burner receiving: 正在生成补丁"}
2026-09-10 19:27:01 @mori {"event":"ui","process_calls":20316,"render_calls":2826,"music_polls":4105,"model_bytes":15312,"directory_scans":3,"cache_hits":0,"page":18,"selected":4,"count":15,"preview_generation":4,"file_worker_stack_free":10464,"file_start_active":true,"preview_active":false,"preview_done":true,"preview_available":true,"screen_dimmed":false,"selection":"","status":"burner receiving: 正在生成补丁"}
2026-09-10 19:27:01 @mori {"event":"ui","process_calls":20319,"render_calls":2829,"music_polls":4108,"model_bytes":15312,"directory_scans":3,"cache_hits":0,"page":18,"selected":4,"count":15,"preview_generation":4,"file_worker_stack_free":10464,"file_start_active":true,"preview_active":false,"preview_done":true,"preview_available":true,"screen_dimmed":false,"selection":"","status":"burner receiving: 正在生成补丁"}
2026-09-10 19:27:02 @mori {"event":"ui","process_calls":20322,"render_calls":2832,"music_polls":4110,"model_bytes":15312,"directory_scans":3,"cache_hits":0,"page":18,"selected":4,"count":15,"preview_generation":4,"file_worker_stack_free":10464,"file_start_active":true,"preview_active":false,"preview_done":true,"preview_available":true,"screen_dimmed":false,"selection":"","status":"burner receiving: 正在生成补丁"}
2026-09-10 19:27:02 @mori {"event":"ui","process_calls":20325,"render_calls":2835,"music_polls":4112,"model_bytes":15312,"directory_scans":3,"cache_hits":0,"page":18,"selected":4,"count":15,"preview_generation":4,"file_worker_stack_free":10464,"file_start_active":true,"preview_active":false,"preview_done":true,"preview_available":true,"screen_dimmed":false,"selection":"","status":"burner receiving: 正在生成补丁"}
2026-09-10 19:27:02 @mori {"event":"ui","process_calls":20328,"render_calls":2838,"music_polls":4113,"model_bytes":15312,"directory_scans":3,"cache_hits":0,"page":18,"selected":4,"count":15,"preview_generation":4,"file_worker_stack_free":10464,"file_start_active":true,"preview_active":false,"preview_done":true,"preview_available":true,"screen_dimmed":false,"selection":"","status":"burner receiving: 正在生成补丁"}
2026-09-10 19:27:03 @mori {"event":"ui","process_calls":20331,"render_calls":2841,"music_polls":4115,"model_bytes":15312,"directory_scans":3,"cache_hits":0,"page":18,"selected":4,"count":15,"preview_generation":4,"file_worker_stack_free":10464,"file_start_active":true,"preview_active":false,"preview_done":true,"preview_available":true,"screen_dimmed":false,"selection":"","status":"burner receiving: 正在生成补丁"}
2026-09-10 19:27:03 @mori {"event":"ui","process_calls":20334,"render_calls":2844,"music_polls":4118,"model_bytes":15312,"directory_scans":3,"cache_hits":0,"page":18,"selected":4,"count":15,"preview_generation":4,"file_worker_stack_free":10464,"file_start_active":true,"preview_active":false,"preview_done":true,"preview_available":true,"screen_dimmed":false,"selection":"","status":"burner receiving: 正在生成补丁"}
2026-09-10 19:27:03 @mori {"event":"ui","process_calls":20337,"render_calls":2847,"music_polls":4120,"model_bytes":15312,"directory_scans":3,"cache_hits":0,"page":18,"selected":4,"count":15,"preview_generation":4,"file_worker_stack_free":10464,"file_start_active":true,"preview_active":false,"preview_done":true,"preview_available":true,"screen_dimmed":false,"selection":"","status":"burner receiving: 正在生成补丁"}
2026-09-10 19:27:04 @mori {"event":"ui","process_calls":20340,"render_calls":2850,"music_polls":4122,"model_bytes":15312,"directory_scans":3,"cache_hits":0,"page":18,"selected":4,"count":15,"preview_generation":4,"file_worker_stack_free":10464,"file_start_active":true,"preview_active":false,"preview_done":true,"preview_available":true,"screen_dimmed":false,"selection":"","status":"burner receiving: 正在生成补丁"}
2026-09-10 19:27:04 @mori {"event":"ui","process_calls":20342,"render_calls":2852,"music_polls":4123,"model_bytes":15312,"directory_scans":3,"cache_hits":0,"page":18,"selected":4,"count":15,"preview_generation":4,"file_worker_stack_free":10464,"file_start_active":true,"preview_active":false,"preview_done":true,"preview_available":true,"screen_dimmed":false,"selection":"","status":"burner receiving: 正在生成补丁"}
2026-09-10 19:27:04 @mori {"event":"ui","process_calls":20345,"render_calls":2855,"music_polls":4126,"model_bytes":15312,"directory_scans":3,"cache_hits":0,"page":18,"selected":4,"count":15,"preview_generation":4,"file_worker_stack_free":10464,"file_start_active":true,"preview_active":false,"preview_done":true,"preview_available":true,"screen_dimmed":false,"selection":"","status":"burner receiving: 正在生成补丁"}
2026-09-10 19:27:04 @mori {"event":"ui","process_calls":20348,"render_calls":2858,"music_polls":4128,"model_bytes":15312,"directory_scans":3,"cache_hits":0,"page":18,"selected":4,"count":15,"preview_generation":4,"file_worker_stack_free":10464,"file_start_active":true,"preview_active":false,"preview_done":true,"preview_available":true,"screen_dimmed":false,"selection":"","status":"burner receiving: 正在生成补丁"}
2026-09-10 19:27:05 @mori {"event":"ui","process_calls":20351,"render_calls":2861,"music_polls":4131,"model_bytes":15312,"directory_scans":3,"cache_hits":0,"page":18,"selected":4,"count":15,"preview_generation":4,"file_worker_stack_free":10464,"file_start_active":true,"preview_active":false,"preview_done":true,"preview_available":true,"screen_dimmed":false,"selection":"","status":"burner receiving: 正在生成补丁"}
2026-09-10 19:27:05 @mori {"event":"ui","process_calls":20354,"render_calls":2864,"music_polls":4134,"model_bytes":15312,"directory_scans":3,"cache_hits":0,"page":18,"selected":4,"count":15,"preview_generation":4,"file_worker_stack_free":10464,"file_start_active":true,"preview_active":false,"preview_done":true,"preview_available":true,"screen_dimmed":false,"selection":"","status":"burner receiving: 正在生成补丁"}
2026-09-10 19:27:05 @mori {"event":"ui","process_calls":20356,"render_calls":2866,"music_polls":4136,"model_bytes":15312,"directory_scans":3,"cache_hits":0,"page":18,"selected":4,"count":15,"preview_generation":4,"file_worker_stack_free":10464,"file_start_active":true,"preview_active":false,"preview_done":true,"preview_available":true,"screen_dimmed":false,"selection":"","status":"burner receiving: 正在生成补丁"}
2026-09-10 19:27:06 @mori {"event":"ui","process_calls":20360,"render_calls":2870,"music_polls":4140,"model_bytes":15312,"directory_scans":3,"cache_hits":0,"page":18,"selected":4,"count":15,"preview_generation":4,"file_worker_stack_free":10464,"file_start_active":true,"preview_active":false,"preview_done":true,"preview_available":true,"screen_dimmed":false,"selection":"","status":"burner receiving: 正在生成补丁"}
2026-09-10 19:27:06 @mori {"event":"ui","process_calls":20363,"render_calls":2873,"music_polls":4143,"model_bytes":15312,"directory_scans":3,"cache_hits":0,"page":18,"selected":4,"count":15,"preview_generation":4,"file_worker_stack_free":10464,"file_start_active":true,"preview_active":false,"preview_done":true,"preview_available":true,"screen_dimmed":false,"selection":"","status":"burner receiving: 正在生成补丁"}
2026-09-10 19:27:07 @mori {"event":"ui","process_calls":20366,"render_calls":2876,"music_polls":4146,"model_bytes":15312,"directory_scans":3,"cache_hits":0,"page":18,"selected":4,"count":15,"preview_generation":4,"file_worker_stack_free":10464,"file_start_active":true,"preview_active":false,"preview_done":true,"preview_available":true,"screen_dimmed":false,"selection":"","status":"burner receiving: 正在生成补丁"}
2026-09-10 19:27:07 @mori {"event":"ui","process_calls":20369,"render_calls":2879,"music_polls":4149,"model_bytes":15312,"directory_scans":3,"cache_hits":0,"page":18,"selected":4,"count":15,"preview_generation":4,"file_worker_stack_free":10464,"file_start_active":true,"preview_active":false,"preview_done":true,"preview_available":true,"screen_dimmed":false,"selection":"","status":"burner receiving: 正在生成补丁"}
2026-09-10 19:27:07 @mori {"event":"ui","process_calls":20371,"render_calls":2881,"music_polls":4151,"model_bytes":15312,"directory_scans":3,"cache_hits":0,"page":18,"selected":4,"count":15,"preview_generation":4,"file_worker_stack_free":10464,"file_start_active":true,"preview_active":false,"preview_done":true,"preview_available":true,"screen_dimmed":false,"selection":"","status":"burner receiving: 正在生成补丁"}
2026-09-10 19:27:08 @mori {"event":"ui","process_calls":20375,"render_calls":2885,"music_polls":4155,"model_bytes":15312,"directory_scans":3,"cache_hits":0,"page":18,"selected":4,"count":15,"preview_generation":4,"file_worker_stack_free":10464,"file_start_active":true,"preview_active":false,"preview_done":true,"preview_available":true,"screen_dimmed":false,"selection":"","status":"burner receiving: 正在保存补丁ROM"}
2026-09-10 19:27:08 @mori {"event":"ui","process_calls":20379,"render_calls":2887,"music_polls":4157,"model_bytes":15312,"directory_scans":3,"cache_hits":0,"page":18,"selected":4,"count":15,"preview_generation":4,"file_worker_stack_free":10464,"file_start_active":true,"preview_active":false,"preview_done":true,"preview_available":true,"screen_dimmed":false,"selection":"","status":"burner receiving: 正在保存补丁ROM"}
2026-09-10 19:27:08 @mori {"event":"ui","process_calls":20384,"render_calls":2890,"music_polls":4160,"model_bytes":15312,"directory_scans":3,"cache_hits":0,"page":18,"selected":4,"count":15,"preview_generation":4,"file_worker_stack_free":10464,"file_start_active":true,"preview_active":false,"preview_done":true,"preview_available":true,"screen_dimmed":false,"selection":"","status":"burner receiving: 正在保存补丁ROM"}
2026-09-10 19:27:09 @mori {"event":"ui","process_calls":20387,"render_calls":2893,"music_polls":4163,"model_bytes":15312,"directory_scans":3,"cache_hits":0,"page":18,"selected":4,"count":15,"preview_generation":4,"file_worker_stack_free":10464,"file_start_active":true,"preview_active":false,"preview_done":true,"preview_available":true,"screen_dimmed":false,"selection":"","status":"burner receiving: 正在保存补丁ROM"}
2026-09-10 19:27:09 @mori {"event":"ui","process_calls":20390,"render_calls":2895,"music_polls":4165,"model_bytes":15312,"directory_scans":3,"cache_hits":0,"page":18,"selected":4,"count":15,"preview_generation":4,"file_worker_stack_free":10464,"file_start_active":true,"preview_active":false,"preview_done":true,"preview_available":true,"screen_dimmed":false,"selection":"","status":"burner receiving: 正在保存补丁ROM"}
2026-09-10 19:27:09 @mori {"event":"ui","process_calls":20394,"render_calls":2898,"music_polls":4168,"model_bytes":15312,"directory_scans":3,"cache_hits":0,"page":18,"selected":4,"count":15,"preview_generation":4,"file_worker_stack_free":10464,"file_start_active":true,"preview_active":false,"preview_done":true,"preview_available":true,"screen_dimmed":false,"selection":"","status":"burner receiving: 正在保存补丁ROM"}
2026-09-10 19:27:10 @mori {"event":"ui","process_calls":20397,"render_calls":2900,"music_polls":4170,"model_bytes":15312,"directory_scans":3,"cache_hits":0,"page":18,"selected":4,"count":15,"preview_generation":4,"file_worker_stack_free":10464,"file_start_active":true,"preview_active":false,"preview_done":true,"preview_available":true,"screen_dimmed":false,"selection":"","status":"burner receiving: 正在保存补丁ROM"}
2026-09-10 19:27:10 @mori {"event":"ui","process_calls":20401,"render_calls":2902,"music_polls":4172,"model_bytes":15312,"directory_scans":3,"cache_hits":0,"page":18,"selected":4,"count":15,"preview_generation":4,"file_worker_stack_free":10464,"file_start_active":true,"preview_active":false,"preview_done":true,"preview_available":true,"screen_dimmed":false,"selection":"","status":"burner receiving: 正在保存补丁ROM"}
2026-09-10 19:27:10 @mori {"event":"ui","process_calls":20411,"render_calls":2904,"music_polls":4175,"model_bytes":15312,"directory_scans":3,"cache_hits":0,"page":18,"selected":4,"count":15,"preview_generation":4,"file_worker_stack_free":10464,"file_start_active":true,"preview_active":false,"preview_done":true,"preview_available":true,"screen_dimmed":false,"selection":"","status":"burner receiving: 正在保存补丁ROM"}
2026-09-10 19:27:11 @mori {"event":"ui","process_calls":20413,"render_calls":2906,"music_polls":4177,"model_bytes":15312,"directory_scans":3,"cache_hits":0,"page":18,"selected":4,"count":15,"preview_generation":4,"file_worker_stack_free":10464,"file_start_active":true,"preview_active":false,"preview_done":true,"preview_available":true,"screen_dimmed":false,"selection":"","status":"burner receiving: 正在保存补丁ROM"}
2026-09-10 19:27:11 @mori {"event":"ui","process_calls":20418,"render_calls":2910,"music_polls":4181,"model_bytes":15312,"directory_scans":3,"cache_hits":0,"page":18,"selected":4,"count":15,"preview_generation":4,"file_worker_stack_free":10464,"file_start_active":true,"preview_active":false,"preview_done":true,"preview_available":true,"screen_dimmed":false,"selection":"","status":"burner receiving: 正在保存补丁ROM"}
2026-09-10 19:27:11 @mori {"event":"ui","process_calls":20420,"render_calls":2912,"music_polls":4183,"model_bytes":15312,"directory_scans":3,"cache_hits":0,"page":18,"selected":4,"count":15,"preview_generation":4,"file_worker_stack_free":10464,"file_start_active":true,"preview_active":false,"preview_done":true,"preview_available":true,"screen_dimmed":false,"selection":"","status":"burner receiving: 正在保存补丁ROM"}
2026-09-10 19:27:12 @mori {"event":"ui","process_calls":20430,"render_calls":2914,"music_polls":4185,"model_bytes":15312,"directory_scans":3,"cache_hits":0,"page":18,"selected":4,"count":15,"preview_generation":4,"file_worker_stack_free":10464,"file_start_active":true,"preview_active":false,"preview_done":true,"preview_available":true,"screen_dimmed":false,"selection":"","status":"burner receiving: 正在保存补丁ROM"}
2026-09-10 19:27:12 @mori {"event":"ui","process_calls":20433,"render_calls":2917,"music_polls":4188,"model_bytes":15312,"directory_scans":3,"cache_hits":0,"page":18,"selected":4,"count":15,"preview_generation":4,"file_worker_stack_free":10464,"file_start_active":true,"preview_active":false,"preview_done":true,"preview_available":true,"screen_dimmed":false,"selection":"","status":"burner receiving: 正在保存补丁ROM"}
2026-09-10 19:27:12 @mori {"event":"ui","process_calls":20435,"render_calls":2919,"music_polls":4190,"model_bytes":15312,"directory_scans":3,"cache_hits":0,"page":18,"selected":4,"count":15,"preview_generation":4,"file_worker_stack_free":10464,"file_start_active":true,"preview_active":false,"preview_done":true,"preview_available":true,"screen_dimmed":false,"selection":"","status":"burner receiving: 正在保存补丁ROM"}
2026-09-10 19:27:13 @mori {"event":"ui","process_calls":20437,"render_calls":2921,"music_polls":4192,"model_bytes":15312,"directory_scans":3,"cache_hits":0,"page":18,"selected":4,"count":15,"preview_generation":4,"file_worker_stack_free":10464,"file_start_active":true,"preview_active":false,"preview_done":true,"preview_available":true,"screen_dimmed":false,"selection":"","status":"burner receiving: 正在保存补丁ROM"}
2026-09-10 19:27:13 @mori {"event":"ui","process_calls":20447,"render_calls":2924,"music_polls":4195,"model_bytes":15312,"directory_scans":3,"cache_hits":0,"page":18,"selected":4,"count":15,"preview_generation":4,"file_worker_stack_free":10464,"file_start_active":true,"preview_active":false,"preview_done":true,"preview_available":true,"screen_dimmed":false,"selection":"","status":"burner receiving: 正在保存补丁ROM"}
2026-09-10 19:27:13 @mori {"event":"ui","process_calls":20451,"render_calls":2927,"music_polls":4198,"model_bytes":15312,"directory_scans":3,"cache_hits":0,"page":18,"selected":4,"count":15,"preview_generation":4,"file_worker_stack_free":10464,"file_start_active":true,"preview_active":false,"preview_done":true,"preview_available":true,"screen_dimmed":false,"selection":"","status":"burner receiving: 正在保存补丁ROM"}
2026-09-10 19:27:14 @mori {"event":"ui","process_calls":20453,"render_calls":2929,"music_polls":4200,"model_bytes":15312,"directory_scans":3,"cache_hits":0,"page":18,"selected":4,"count":15,"preview_generation":4,"file_worker_stack_free":10464,"file_start_active":true,"preview_active":false,"preview_done":true,"preview_available":true,"screen_dimmed":false,"selection":"","status":"burner receiving: 正在保存补丁ROM"}
2026-09-10 19:27:14 @mori {"event":"ui","process_calls":20457,"render_calls":2932,"music_polls":4203,"model_bytes":15312,"directory_scans":3,"cache_hits":0,"page":18,"selected":4,"count":15,"preview_generation":4,"file_worker_stack_free":10464,"file_start_active":true,"preview_active":false,"preview_done":true,"preview_available":true,"screen_dimmed":false,"selection":"","status":"burner receiving: 正在保存补丁ROM"}
2026-09-10 19:27:15 @mori {"event":"ui","process_calls":20461,"render_calls":2936,"music_polls":4207,"model_bytes":15312,"directory_scans":3,"cache_hits":0,"page":18,"selected":4,"count":15,"preview_generation":4,"file_worker_stack_free":10464,"file_start_active":true,"preview_active":false,"preview_done":true,"preview_available":true,"screen_dimmed":false,"selection":"","status":"burner receiving: 正在保存补丁ROM"}
2026-09-10 19:27:15 @mori {"event":"ui","process_calls":20467,"render_calls":2939,"music_polls":4210,"model_bytes":15312,"directory_scans":3,"cache_hits":0,"page":18,"selected":4,"count":15,"preview_generation":4,"file_worker_stack_free":10464,"file_start_active":true,"preview_active":false,"preview_done":true,"preview_available":true,"screen_dimmed":false,"selection":"","status":"burner receiving: 正在保存补丁ROM"}
2026-09-10 19:27:15 @mori {"event":"ui","process_calls":20473,"render_calls":2940,"music_polls":4211,"model_bytes":15312,"directory_scans":3,"cache_hits":0,"page":18,"selected":4,"count":15,"preview_generation":4,"file_worker_stack_free":10464,"file_start_active":true,"preview_active":false,"preview_done":true,"preview_available":true,"screen_dimmed":false,"selection":"","status":"burner receiving: 正在保存补丁ROM"}
2026-09-10 19:27:16 @mori {"event":"ui","process_calls":20476,"render_calls":2943,"music_polls":4214,"model_bytes":15312,"directory_scans":3,"cache_hits":0,"page":18,"selected":4,"count":15,"preview_generation":4,"file_worker_stack_free":10464,"file_start_active":true,"preview_active":false,"preview_done":true,"preview_available":true,"screen_dimmed":false,"selection":"","status":"burner receiving: 正在保存补丁ROM"}
2026-09-10 19:27:16 @mori {"event":"ui","process_calls":20478,"render_calls":2945,"music_polls":4216,"model_bytes":15312,"directory_scans":3,"cache_hits":0,"page":18,"selected":4,"count":15,"preview_generation":4,"file_worker_stack_free":10464,"file_start_active":true,"preview_active":false,"preview_done":true,"preview_available":true,"screen_dimmed":false,"selection":"","status":"burner receiving: 正在保存补丁ROM"}
2026-09-10 19:27:16 @mori {"event":"ui","process_calls":20484,"render_calls":2949,"music_polls":4220,"model_bytes":15312,"directory_scans":3,"cache_hits":0,"page":18,"selected":4,"count":15,"preview_generation":4,"file_worker_stack_free":10464,"file_start_active":true,"preview_active":false,"preview_done":true,"preview_available":true,"screen_dimmed":false,"selection":"","status":"burner receiving: 正在保存补丁ROM"}
2026-09-10 19:27:17 @mori {"event":"ui","process_calls":20489,"render_calls":2951,"music_polls":4223,"model_bytes":15312,"directory_scans":3,"cache_hits":0,"page":18,"selected":4,"count":15,"preview_generation":4,"file_worker_stack_free":10464,"file_start_active":true,"preview_active":false,"preview_done":true,"preview_available":true,"screen_dimmed":false,"selection":"","status":"burner receiving: 正在保存补丁ROM"}
2026-09-10 19:27:17 @mori {"event":"ui","process_calls":20496,"render_calls":2953,"music_polls":4225,"model_bytes":15312,"directory_scans":3,"cache_hits":0,"page":18,"selected":4,"count":15,"preview_generation":4,"file_worker_stack_free":10464,"file_start_active":true,"preview_active":false,"preview_done":true,"preview_available":true,"screen_dimmed":false,"selection":"","status":"burner receiving: 正在保存补丁ROM"}
2026-09-10 19:27:17 @mori {"event":"ui","process_calls":20500,"render_calls":2956,"music_polls":4228,"model_bytes":15312,"directory_scans":3,"cache_hits":0,"page":18,"selected":4,"count":15,"preview_generation":4,"file_worker_stack_free":10464,"file_start_active":true,"preview_active":false,"preview_done":true,"preview_available":true,"screen_dimmed":false,"selection":"","status":"burner receiving: 正在保存补丁ROM"}
2026-09-10 19:27:18 @mori {"event":"ui","process_calls":20506,"render_calls":2959,"music_polls":4231,"model_bytes":15312,"directory_scans":3,"cache_hits":0,"page":18,"selected":4,"count":15,"preview_generation":4,"file_worker_stack_free":10464,"file_start_active":true,"preview_active":false,"preview_done":true,"preview_available":true,"screen_dimmed":false,"selection":"","status":"burner receiving: 正在保存补丁ROM"}
2026-09-10 19:27:18 @mori {"event":"ui","process_calls":20509,"render_calls":2962,"music_polls":4234,"model_bytes":15312,"directory_scans":3,"cache_hits":0,"page":18,"selected":4,"count":15,"preview_generation":4,"file_worker_stack_free":10464,"file_start_active":true,"preview_active":false,"preview_done":true,"preview_available":true,"screen_dimmed":false,"selection":"","status":"burner receiving: 正在保存补丁ROM"}
2026-09-10 19:27:18 @mori {"event":"ui","process_calls":20511,"render_calls":2964,"music_polls":4236,"model_bytes":15312,"directory_scans":3,"cache_hits":0,"page":18,"selected":4,"count":15,"preview_generation":4,"file_worker_stack_free":10464,"file_start_active":true,"preview_active":false,"preview_done":true,"preview_available":true,"screen_dimmed":false,"selection":"","status":"burner receiving: 正在保存补丁ROM"}
2026-09-10 19:27:19 @mori {"event":"ui","process_calls":20514,"render_calls":2967,"music_polls":4239,"model_bytes":15312,"directory_scans":3,"cache_hits":0,"page":18,"selected":4,"count":15,"preview_generation":4,"file_worker_stack_free":10464,"file_start_active":true,"preview_active":false,"preview_done":true,"preview_available":true,"screen_dimmed":false,"selection":"","status":"burner receiving: 正在保存补丁ROM"}
2026-09-10 19:27:19 @mori {"event":"ui","process_calls":20518,"render_calls":2970,"music_polls":4242,"model_bytes":15312,"directory_scans":3,"cache_hits":0,"page":18,"selected":4,"count":15,"preview_generation":4,"file_worker_stack_free":10464,"file_start_active":true,"preview_active":false,"preview_done":true,"preview_available":true,"screen_dimmed":false,"selection":"","status":"burner receiving: 正在保存补丁ROM"}
2026-09-10 19:27:19 @mori {"event":"ui","process_calls":20520,"render_calls":2972,"music_polls":4244,"model_bytes":15312,"directory_scans":3,"cache_hits":0,"page":18,"selected":4,"count":15,"preview_generation":4,"file_worker_stack_free":10464,"file_start_active":true,"preview_active":false,"preview_done":true,"preview_available":true,"screen_dimmed":false,"selection":"","status":"burner receiving: 正在保存补丁ROM"}
2026-09-10 19:27:20 @mori {"event":"ui","process_calls":20525,"render_calls":2975,"music_polls":4247,"model_bytes":15312,"directory_scans":3,"cache_hits":0,"page":18,"selected":4,"count":15,"preview_generation":4,"file_worker_stack_free":10464,"file_start_active":true,"preview_active":false,"preview_done":true,"preview_available":true,"screen_dimmed":false,"selection":"","status":"burner receiving: 正在保存补丁ROM"}
2026-09-10 19:27:20 @mori {"event":"ui","process_calls":20527,"render_calls":2977,"music_polls":4249,"model_bytes":15312,"directory_scans":3,"cache_hits":0,"page":18,"selected":4,"count":15,"preview_generation":4,"file_worker_stack_free":10464,"file_start_active":true,"preview_active":false,"preview_done":true,"preview_available":true,"screen_dimmed":false,"selection":"","status":"burner receiving: 正在保存补丁ROM"}
2026-09-10 19:27:21 @mori {"event":"ui","process_calls":20537,"render_calls":2980,"music_polls":4253,"model_bytes":15312,"directory_scans":3,"cache_hits":0,"page":18,"selected":4,"count":15,"preview_generation":4,"file_worker_stack_free":10464,"file_start_active":true,"preview_active":false,"preview_done":true,"preview_available":true,"screen_dimmed":false,"selection":"","status":"burner receiving: 正在保存补丁ROM"}
2026-09-10 19:27:21 @mori {"event":"ui","process_calls":20543,"render_calls":2982,"music_polls":4255,"model_bytes":15312,"directory_scans":3,"cache_hits":0,"page":18,"selected":4,"count":15,"preview_generation":4,"file_worker_stack_free":10464,"file_start_active":true,"preview_active":false,"preview_done":true,"preview_available":true,"screen_dimmed":false,"selection":"","status":"burner receiving: 正在保存补丁ROM"}
2026-09-10 19:27:21 @mori {"event":"ui","process_calls":20550,"render_calls":2984,"music_polls":4257,"model_bytes":15312,"directory_scans":3,"cache_hits":0,"page":18,"selected":4,"count":15,"preview_generation":4,"file_worker_stack_free":10464,"file_start_active":true,"preview_active":false,"preview_done":true,"preview_available":true,"screen_dimmed":false,"selection":"","status":"burner receiving: 正在保存补丁ROM"}
2026-09-10 19:27:21 @mori {"event":"ui","process_calls":20553,"render_calls":2986,"music_polls":4259,"model_bytes":15312,"directory_scans":3,"cache_hits":0,"page":18,"selected":4,"count":15,"preview_generation":4,"file_worker_stack_free":10464,"file_start_active":true,"preview_active":false,"preview_done":true,"preview_available":true,"screen_dimmed":false,"selection":"","status":"burner receiving: 正在保存补丁ROM"}
2026-09-10 19:27:22 @mori {"event":"ui","process_calls":20559,"render_calls":2990,"music_polls":4263,"model_bytes":15312,"directory_scans":3,"cache_hits":0,"page":18,"selected":4,"count":15,"preview_generation":4,"file_worker_stack_free":10464,"file_start_active":true,"preview_active":false,"preview_done":true,"preview_available":true,"screen_dimmed":false,"selection":"","status":"burner receiving: 正在保存补丁ROM"}
2026-09-10 19:27:22 @mori {"event":"ui","process_calls":20563,"render_calls":2993,"music_polls":4266,"model_bytes":15312,"directory_scans":3,"cache_hits":0,"page":18,"selected":4,"count":15,"preview_generation":4,"file_worker_stack_free":10464,"file_start_active":true,"preview_active":false,"preview_done":true,"preview_available":true,"screen_dimmed":false,"selection":"","status":"burner receiving: 正在保存补丁ROM"}
2026-09-10 19:27:23 @mori {"event":"ui","process_calls":20566,"render_calls":2995,"music_polls":4268,"model_bytes":15312,"directory_scans":3,"cache_hits":0,"page":18,"selected":4,"count":15,"preview_generation":4,"file_worker_stack_free":10464,"file_start_active":true,"preview_active":false,"preview_done":true,"preview_available":true,"screen_dimmed":false,"selection":"","status":"burner receiving: 正在保存补丁ROM"}
2026-09-10 19:27:23 @mori {"event":"ui","process_calls":20571,"render_calls":2998,"music_polls":4271,"model_bytes":15312,"directory_scans":3,"cache_hits":0,"page":18,"selected":4,"count":15,"preview_generation":4,"file_worker_stack_free":10464,"file_start_active":true,"preview_active":false,"preview_done":true,"preview_available":true,"screen_dimmed":false,"selection":"","status":"burner receiving: 正在保存补丁ROM"}
2026-09-10 19:27:23 @mori {"event":"ui","process_calls":20577,"render_calls":3001,"music_polls":4274,"model_bytes":15312,"directory_scans":3,"cache_hits":0,"page":18,"selected":4,"count":15,"preview_generation":4,"file_worker_stack_free":10464,"file_start_active":true,"preview_active":false,"preview_done":true,"preview_available":true,"screen_dimmed":false,"selection":"","status":"burner receiving: 正在保存补丁ROM"}
2026-09-10 19:27:24 @mori {"event":"ui","process_calls":20581,"render_calls":3004,"music_polls":4277,"model_bytes":15312,"directory_scans":3,"cache_hits":0,"page":18,"selected":4,"count":15,"preview_generation":4,"file_worker_stack_free":10464,"file_start_active":true,"preview_active":false,"preview_done":true,"preview_available":true,"screen_dimmed":false,"selection":"","status":"burner receiving: 正在保存补丁ROM"}
2026-09-10 19:27:24 @mori {"event":"ui","process_calls":20586,"render_calls":3006,"music_polls":4279,"model_bytes":15312,"directory_scans":3,"cache_hits":0,"page":18,"selected":4,"count":15,"preview_generation":4,"file_worker_stack_free":10464,"file_start_active":true,"preview_active":false,"preview_done":true,"preview_available":true,"screen_dimmed":false,"selection":"","status":"burner receiving: 正在保存补丁ROM"}
2026-09-10 19:27:24 @mori {"event":"ui","process_calls":20589,"render_calls":3008,"music_polls":4281,"model_bytes":15312,"directory_scans":3,"cache_hits":0,"page":18,"selected":4,"count":15,"preview_generation":4,"file_worker_stack_free":10464,"file_start_active":true,"preview_active":false,"preview_done":true,"preview_available":true,"screen_dimmed":false,"selection":"","status":"burner receiving: 正在保存补丁ROM"}
2026-09-10 19:27:25 @mori {"event":"ui","process_calls":20594,"render_calls":3012,"music_polls":4285,"model_bytes":15312,"directory_scans":3,"cache_hits":0,"page":18,"selected":4,"count":15,"preview_generation":4,"file_worker_stack_free":10464,"file_start_active":true,"preview_active":false,"preview_done":true,"preview_available":true,"screen_dimmed":false,"selection":"","status":"burner receiving: 正在保存补丁ROM"}
2026-09-10 19:27:25 @mori {"event":"ui","process_calls":20599,"render_calls":3015,"music_polls":4288,"model_bytes":15312,"directory_scans":3,"cache_hits":0,"page":18,"selected":4,"count":15,"preview_generation":4,"file_worker_stack_free":10464,"file_start_active":true,"preview_active":false,"preview_done":true,"preview_available":true,"screen_dimmed":false,"selection":"","status":"burner receiving: 正在保存补丁ROM"}
2026-09-10 19:27:25 @mori {"event":"ui","process_calls":20601,"render_calls":3017,"music_polls":4290,"model_bytes":15312,"directory_scans":3,"cache_hits":0,"page":18,"selected":4,"count":15,"preview_generation":4,"file_worker_stack_free":10464,"file_start_active":true,"preview_active":false,"preview_done":true,"preview_available":true,"screen_dimmed":false,"selection":"","status":"burner receiving: 正在保存补丁ROM"}
2026-09-10 19:27:26 @mori {"event":"ui","process_calls":20611,"render_calls":3020,"music_polls":4293,"model_bytes":15312,"directory_scans":3,"cache_hits":0,"page":18,"selected":4,"count":15,"preview_generation":4,"file_worker_stack_free":10464,"file_start_active":true,"preview_active":false,"preview_done":true,"preview_available":true,"screen_dimmed":false,"selection":"","status":"burner receiving: 正在保存补丁ROM"}
2026-09-10 19:27:26 @mori {"event":"ui","process_calls":20613,"render_calls":3022,"music_polls":4295,"model_bytes":15312,"directory_scans":3,"cache_hits":0,"page":18,"selected":4,"count":15,"preview_generation":4,"file_worker_stack_free":10464,"file_start_active":true,"preview_active":false,"preview_done":true,"preview_available":true,"screen_dimmed":false,"selection":"","status":"burner receiving: 正在保存补丁ROM"}
2026-09-10 19:27:27 @mori {"event":"ui","process_calls":20617,"render_calls":3024,"music_polls":4297,"model_bytes":15312,"directory_scans":3,"cache_hits":0,"page":18,"selected":4,"count":15,"preview_generation":4,"file_worker_stack_free":10464,"file_start_active":true,"preview_active":false,"preview_done":true,"preview_available":true,"screen_dimmed":false,"selection":"","status":"burner receiving: 正在保存补丁ROM"}
2026-09-10 19:27:27 @mori {"event":"ui","process_calls":20622,"render_calls":3028,"music_polls":4301,"model_bytes":15312,"directory_scans":3,"cache_hits":0,"page":18,"selected":4,"count":15,"preview_generation":4,"file_worker_stack_free":10464,"file_start_active":true,"preview_active":false,"preview_done":true,"preview_available":true,"screen_dimmed":false,"selection":"","status":"burner receiving: 正在保存补丁ROM"}
2026-09-10 19:27:27 @mori {"event":"ui","process_calls":20625,"render_calls":3030,"music_polls":4303,"model_bytes":15312,"directory_scans":3,"cache_hits":0,"page":18,"selected":4,"count":15,"preview_generation":4,"file_worker_stack_free":10464,"file_start_active":true,"preview_active":false,"preview_done":true,"preview_available":true,"screen_dimmed":false,"selection":"","status":"burner receiving: 正在保存补丁ROM"}
2026-09-10 19:27:28 @mori {"event":"ui","process_calls":20629,"render_calls":3032,"music_polls":4305,"model_bytes":15312,"directory_scans":3,"cache_hits":0,"page":18,"selected":4,"count":15,"preview_generation":4,"file_worker_stack_free":10464,"file_start_active":true,"preview_active":false,"preview_done":true,"preview_available":true,"screen_dimmed":false,"selection":"","status":"burner receiving: 正在保存补丁ROM"}
2026-09-10 19:27:28 @mori {"event":"ui","process_calls":20639,"render_calls":3034,"music_polls":4308,"model_bytes":15312,"directory_scans":3,"cache_hits":0,"page":18,"selected":4,"count":15,"preview_generation":4,"file_worker_stack_free":10464,"file_start_active":true,"preview_active":false,"preview_done":true,"preview_available":true,"screen_dimmed":false,"selection":"","status":"burner receiving: 正在保存补丁ROM"}
2026-09-10 19:27:28 @mori {"event":"ui","process_calls":20649,"render_calls":3036,"music_polls":4311,"model_bytes":15312,"directory_scans":3,"cache_hits":0,"page":18,"selected":4,"count":15,"preview_generation":4,"file_worker_stack_free":10464,"file_start_active":true,"preview_active":false,"preview_done":true,"preview_available":true,"screen_dimmed":false,"selection":"","status":"burner receiving: 正在保存补丁ROM"}
2026-09-10 19:27:29 @mori {"event":"ui","process_calls":20653,"render_calls":3039,"music_polls":4314,"model_bytes":15312,"directory_scans":3,"cache_hits":0,"page":18,"selected":4,"count":15,"preview_generation":4,"file_worker_stack_free":10464,"file_start_active":true,"preview_active":false,"preview_done":true,"preview_available":true,"screen_dimmed":false,"selection":"","status":"burner receiving: 正在保存补丁ROM"}
2026-09-10 19:27:29 @mori {"event":"ui","process_calls":20659,"render_calls":3041,"music_polls":4316,"model_bytes":15312,"directory_scans":3,"cache_hits":0,"page":18,"selected":4,"count":15,"preview_generation":4,"file_worker_stack_free":10464,"file_start_active":true,"preview_active":false,"preview_done":true,"preview_available":true,"screen_dimmed":false,"selection":"","status":"burner receiving: 正在保存补丁ROM"}
2026-09-10 19:27:29 @mori {"event":"ui","process_calls":20662,"render_calls":3044,"music_polls":4319,"model_bytes":15312,"directory_scans":3,"cache_hits":0,"page":18,"selected":4,"count":15,"preview_generation":4,"file_worker_stack_free":10464,"file_start_active":true,"preview_active":false,"preview_done":true,"preview_available":true,"screen_dimmed":false,"selection":"","status":"burner receiving: 正在保存补丁ROM"}
2026-09-10 19:27:30 @mori {"event":"ui","process_calls":20667,"render_calls":3047,"music_polls":4322,"model_bytes":15312,"directory_scans":3,"cache_hits":0,"page":18,"selected":4,"count":15,"preview_generation":4,"file_worker_stack_free":10464,"file_start_active":true,"preview_active":false,"preview_done":true,"preview_available":true,"screen_dimmed":false,"selection":"","status":"burner receiving: 正在保存补丁ROM"}
2026-09-10 19:27:30 @mori {"event":"ui","process_calls":20672,"render_calls":3050,"music_polls":4325,"model_bytes":15312,"directory_scans":3,"cache_hits":0,"page":18,"selected":4,"count":15,"preview_generation":4,"file_worker_stack_free":10464,"file_start_active":true,"preview_active":false,"preview_done":true,"preview_available":true,"screen_dimmed":false,"selection":"","status":"burner receiving: 正在保存补丁ROM"}
2026-09-10 19:27:30 @mori {"event":"ui","process_calls":20678,"render_calls":3052,"music_polls":4328,"model_bytes":15312,"directory_scans":3,"cache_hits":0,"page":18,"selected":4,"count":15,"preview_generation":4,"file_worker_stack_free":10464,"file_start_active":true,"preview_active":false,"preview_done":true,"preview_available":true,"screen_dimmed":false,"selection":"","status":"burner receiving: 正在保存补丁ROM"}
2026-09-10 19:27:31 @mori {"event":"ui","process_calls":20684,"render_calls":3054,"music_polls":4330,"model_bytes":15312,"directory_scans":3,"cache_hits":0,"page":18,"selected":4,"count":15,"preview_generation":4,"file_worker_stack_free":10464,"file_start_active":true,"preview_active":false,"preview_done":true,"preview_available":true,"screen_dimmed":false,"selection":"","status":"burner receiving: 正在保存补丁ROM"}
2026-09-10 19:27:31 @mori {"event":"ui","process_calls":20689,"render_calls":3057,"music_polls":4333,"model_bytes":15312,"directory_scans":3,"cache_hits":0,"page":18,"selected":4,"count":15,"preview_generation":4,"file_worker_stack_free":10464,"file_start_active":true,"preview_active":false,"preview_done":true,"preview_available":true,"screen_dimmed":false,"selection":"","status":"burner receiving: 正在保存补丁ROM"}
2026-09-10 19:27:32 @mori {"event":"ui","process_calls":20693,"render_calls":3061,"music_polls":4337,"model_bytes":15312,"directory_scans":3,"cache_hits":0,"page":18,"selected":4,"count":15,"preview_generation":4,"file_worker_stack_free":10464,"file_start_active":true,"preview_active":false,"preview_done":true,"preview_available":true,"screen_dimmed":false,"selection":"","status":"burner receiving: 正在保存补丁ROM"}
2026-09-10 19:27:32 @mori {"event":"ui","process_calls":20697,"render_calls":3064,"music_polls":4340,"model_bytes":15312,"directory_scans":3,"cache_hits":0,"page":18,"selected":4,"count":15,"preview_generation":4,"file_worker_stack_free":10464,"file_start_active":true,"preview_active":false,"preview_done":true,"preview_available":true,"screen_dimmed":false,"selection":"","status":"burner receiving: 正在保存补丁ROM"}
2026-09-10 19:27:32 @mori {"event":"ui","process_calls":20701,"render_calls":3066,"music_polls":4342,"model_bytes":15312,"directory_scans":3,"cache_hits":0,"page":18,"selected":4,"count":15,"preview_generation":4,"file_worker_stack_free":10464,"file_start_active":true,"preview_active":false,"preview_done":true,"preview_available":true,"screen_dimmed":false,"selection":"","status":"burner receiving: 正在保存补丁ROM"}
2026-09-10 19:27:33 @mori {"event":"ui","process_calls":20704,"render_calls":3068,"music_polls":4344,"model_bytes":15312,"directory_scans":3,"cache_hits":0,"page":18,"selected":4,"count":15,"preview_generation":4,"file_worker_stack_free":10464,"file_start_active":true,"preview_active":false,"preview_done":true,"preview_available":true,"screen_dimmed":false,"selection":"","status":"burner receiving: 正在保存补丁ROM"}
2026-09-10 19:27:33 @mori {"event":"ui","process_calls":20708,"render_calls":3072,"music_polls":4348,"model_bytes":15312,"directory_scans":3,"cache_hits":0,"page":18,"selected":4,"count":15,"preview_generation":4,"file_worker_stack_free":10464,"file_start_active":true,"preview_active":false,"preview_done":true,"preview_available":true,"screen_dimmed":false,"selection":"","status":"burner receiving: 正在保存补丁ROM"}
2026-09-10 19:27:33 @mori {"event":"ui","process_calls":20712,"render_calls":3074,"music_polls":4350,"model_bytes":15312,"directory_scans":3,"cache_hits":0,"page":18,"selected":4,"count":15,"preview_generation":4,"file_worker_stack_free":10464,"file_start_active":true,"preview_active":false,"preview_done":true,"preview_available":true,"screen_dimmed":false,"selection":"","status":"burner receiving: 正在保存补丁ROM"}
2026-09-10 19:27:34 @mori {"event":"ui","process_calls":20716,"render_calls":3076,"music_polls":4352,"model_bytes":15312,"directory_scans":3,"cache_hits":0,"page":18,"selected":4,"count":15,"preview_generation":4,"file_worker_stack_free":10464,"file_start_active":true,"preview_active":false,"preview_done":true,"preview_available":true,"screen_dimmed":false,"selection":"","status":"burner receiving: 正在保存补丁ROM"}
2026-09-10 19:27:34 @mori {"event":"ui","process_calls":20720,"render_calls":3080,"music_polls":4356,"model_bytes":15312,"directory_scans":3,"cache_hits":0,"page":18,"selected":4,"count":15,"preview_generation":4,"file_worker_stack_free":10464,"file_start_active":true,"preview_active":false,"preview_done":true,"preview_available":true,"screen_dimmed":false,"selection":"","status":"burner receiving: 正在保存补丁ROM"}
2026-09-10 19:27:34 @mori {"event":"ui","process_calls":20724,"render_calls":3082,"music_polls":4358,"model_bytes":15312,"directory_scans":3,"cache_hits":0,"page":18,"selected":4,"count":15,"preview_generation":4,"file_worker_stack_free":10464,"file_start_active":true,"preview_active":false,"preview_done":true,"preview_available":true,"screen_dimmed":false,"selection":"","status":"burner receiving: 正在保存补丁ROM"}
2026-09-10 19:27:35 @mori {"event":"ui","process_calls":20729,"render_calls":3084,"music_polls":4360,"model_bytes":15312,"directory_scans":3,"cache_hits":0,"page":18,"selected":4,"count":15,"preview_generation":4,"file_worker_stack_free":10464,"file_start_active":true,"preview_active":false,"preview_done":true,"preview_available":true,"screen_dimmed":false,"selection":"","status":"burner receiving: 正在保存补丁ROM"}
2026-09-10 19:27:35 @mori {"event":"ui","process_calls":20736,"render_calls":3087,"music_polls":4364,"model_bytes":15312,"directory_scans":3,"cache_hits":0,"page":18,"selected":4,"count":15,"preview_generation":4,"file_worker_stack_free":10464,"file_start_active":true,"preview_active":false,"preview_done":true,"preview_available":true,"screen_dimmed":false,"selection":"","status":"burner receiving: 正在保存补丁ROM"}
2026-09-10 19:27:35 @mori {"event":"ui","process_calls":20743,"render_calls":3090,"music_polls":4366,"model_bytes":15312,"directory_scans":3,"cache_hits":0,"page":18,"selected":4,"count":15,"preview_generation":4,"file_worker_stack_free":10464,"file_start_active":true,"preview_active":false,"preview_done":true,"preview_available":true,"screen_dimmed":false,"selection":"","status":"burner receiving: 正在保存补丁ROM"}
2026-09-10 19:27:36 @mori {"event":"ui","process_calls":20748,"render_calls":3093,"music_polls":4369,"model_bytes":15312,"directory_scans":3,"cache_hits":0,"page":18,"selected":4,"count":15,"preview_generation":4,"file_worker_stack_free":10464,"file_start_active":true,"preview_active":false,"preview_done":true,"preview_available":true,"screen_dimmed":false,"selection":"","status":"burner receiving: 正在保存补丁ROM"}
2026-09-10 19:27:36 @mori {"event":"ui","process_calls":20753,"render_calls":3096,"music_polls":4372,"model_bytes":15312,"directory_scans":3,"cache_hits":0,"page":18,"selected":4,"count":15,"preview_generation":4,"file_worker_stack_free":10464,"file_start_active":true,"preview_active":false,"preview_done":true,"preview_available":true,"screen_dimmed":false,"selection":"","status":"burner receiving: 正在保存补丁ROM"}
2026-09-10 19:27:36 @mori {"event":"ui","process_calls":20756,"render_calls":3099,"music_polls":4375,"model_bytes":15312,"directory_scans":3,"cache_hits":0,"page":18,"selected":4,"count":15,"preview_generation":4,"file_worker_stack_free":10464,"file_start_active":true,"preview_active":false,"preview_done":true,"preview_available":true,"screen_dimmed":false,"selection":"","status":"burner receiving: 正在保存补丁ROM"}
2026-09-10 19:27:37 @mori {"event":"ui","process_calls":20760,"render_calls":3101,"music_polls":4377,"model_bytes":15312,"directory_scans":3,"cache_hits":0,"page":18,"selected":4,"count":15,"preview_generation":4,"file_worker_stack_free":10464,"file_start_active":true,"preview_active":false,"preview_done":true,"preview_available":true,"screen_dimmed":false,"selection":"","status":"burner receiving: 正在保存补丁ROM"}
2026-09-10 19:27:37 @mori {"event":"ui","process_calls":20764,"render_calls":3104,"music_polls":4380,"model_bytes":15312,"directory_scans":3,"cache_hits":0,"page":18,"selected":4,"count":15,"preview_generation":4,"file_worker_stack_free":10464,"file_start_active":true,"preview_active":false,"preview_done":true,"preview_available":true,"screen_dimmed":false,"selection":"","status":"burner receiving: 正在保存补丁ROM"}
2026-09-10 19:27:37 @mori {"event":"ui","process_calls":20774,"render_calls":3105,"music_polls":4382,"model_bytes":15312,"directory_scans":3,"cache_hits":0,"page":18,"selected":4,"count":15,"preview_generation":4,"file_worker_stack_free":10464,"file_start_active":true,"preview_active":false,"preview_done":true,"preview_available":true,"screen_dimmed":false,"selection":"","status":"burner receiving: 正在保存补丁ROM"}
2026-09-10 19:27:38 @mori {"event":"ui","process_calls":20782,"render_calls":3107,"music_polls":4384,"model_bytes":15312,"directory_scans":3,"cache_hits":0,"page":18,"selected":4,"count":15,"preview_generation":4,"file_worker_stack_free":10464,"file_start_active":true,"preview_active":false,"preview_done":true,"preview_available":true,"screen_dimmed":false,"selection":"","status":"burner receiving: 正在保存补丁ROM"}
2026-09-10 19:27:38 @mori {"event":"ui","process_calls":20785,"render_calls":3109,"music_polls":4386,"model_bytes":15312,"directory_scans":3,"cache_hits":0,"page":18,"selected":4,"count":15,"preview_generation":4,"file_worker_stack_free":10464,"file_start_active":true,"preview_active":false,"preview_done":true,"preview_available":true,"screen_dimmed":false,"selection":"","status":"burner receiving: 正在保存补丁ROM"}
2026-09-10 19:27:38 @mori {"event":"ui","process_calls":20790,"render_calls":3112,"music_polls":4389,"model_bytes":15312,"directory_scans":3,"cache_hits":0,"page":18,"selected":4,"count":15,"preview_generation":4,"file_worker_stack_free":10464,"file_start_active":true,"preview_active":false,"preview_done":true,"preview_available":true,"screen_dimmed":false,"selection":"","status":"burner receiving: 正在保存补丁ROM"}
2026-09-10 19:27:39 @mori {"event":"ui","process_calls":20795,"render_calls":3116,"music_polls":4393,"model_bytes":15312,"directory_scans":3,"cache_hits":0,"page":18,"selected":4,"count":15,"preview_generation":4,"file_worker_stack_free":10464,"file_start_active":true,"preview_active":false,"preview_done":true,"preview_available":true,"screen_dimmed":false,"selection":"","status":"burner receiving: 正在保存补丁ROM"}
2026-09-10 19:27:39 @mori {"event":"ui","process_calls":20799,"render_calls":3118,"music_polls":4395,"model_bytes":15312,"directory_scans":3,"cache_hits":0,"page":18,"selected":4,"count":15,"preview_generation":4,"file_worker_stack_free":10464,"file_start_active":true,"preview_active":false,"preview_done":true,"preview_available":true,"screen_dimmed":false,"selection":"","status":"burner receiving: 正在保存补丁ROM"}
2026-09-10 19:27:39 @mori {"event":"ui","process_calls":20805,"render_calls":3121,"music_polls":4398,"model_bytes":15312,"directory_scans":3,"cache_hits":0,"page":18,"selected":4,"count":15,"preview_generation":4,"file_worker_stack_free":10464,"file_start_active":true,"preview_active":false,"preview_done":true,"preview_available":true,"screen_dimmed":false,"selection":"","status":"burner receiving: 正在保存补丁ROM"}
2026-09-10 19:27:40 @mori {"event":"ui","process_calls":20809,"render_calls":3124,"music_polls":4401,"model_bytes":15312,"directory_scans":3,"cache_hits":0,"page":18,"selected":4,"count":15,"preview_generation":4,"file_worker_stack_free":10464,"file_start_active":true,"preview_active":false,"preview_done":true,"preview_available":true,"screen_dimmed":false,"selection":"","status":"burner receiving: 正在保存补丁ROM"}
2026-09-10 19:27:40 @mori {"event":"ui","process_calls":20812,"render_calls":3126,"music_polls":4403,"model_bytes":15312,"directory_scans":3,"cache_hits":0,"page":18,"selected":4,"count":15,"preview_generation":4,"file_worker_stack_free":10464,"file_start_active":true,"preview_active":false,"preview_done":true,"preview_available":true,"screen_dimmed":false,"selection":"","status":"burner receiving: 正在保存补丁ROM"}
2026-09-10 19:27:40 @mori {"event":"ui","process_calls":20818,"render_calls":3128,"music_polls":4405,"model_bytes":15312,"directory_scans":3,"cache_hits":0,"page":18,"selected":4,"count":15,"preview_generation":4,"file_worker_stack_free":10464,"file_start_active":true,"preview_active":false,"preview_done":true,"preview_available":true,"screen_dimmed":false,"selection":"","status":"burner receiving: 正在保存补丁ROM"}
2026-09-10 19:27:41 @mori {"event":"ui","process_calls":20823,"render_calls":3131,"music_polls":4408,"model_bytes":15312,"directory_scans":3,"cache_hits":0,"page":18,"selected":4,"count":15,"preview_generation":4,"file_worker_stack_free":10464,"file_start_active":true,"preview_active":false,"preview_done":true,"preview_available":true,"screen_dimmed":false,"selection":"","status":"burner receiving: 正在保存补丁ROM"}
2026-09-10 19:27:41 @mori {"event":"ui","process_calls":20827,"render_calls":3135,"music_polls":4412,"model_bytes":15312,"directory_scans":3,"cache_hits":0,"page":18,"selected":4,"count":15,"preview_generation":4,"file_worker_stack_free":10464,"file_start_active":true,"preview_active":false,"preview_done":true,"preview_available":true,"screen_dimmed":false,"selection":"","status":"burner receiving: 正在保存补丁ROM"}
2026-09-10 19:27:42 @mori {"event":"ui","process_calls":20831,"render_calls":3137,"music_polls":4414,"model_bytes":15312,"directory_scans":3,"cache_hits":0,"page":18,"selected":4,"count":15,"preview_generation":4,"file_worker_stack_free":10464,"file_start_active":true,"preview_active":false,"preview_done":true,"preview_available":true,"screen_dimmed":false,"selection":"","status":"burner receiving: 正在保存补丁ROM"}
2026-09-10 19:27:42 @mori {"event":"ui","process_calls":20834,"render_calls":3139,"music_polls":4416,"model_bytes":15312,"directory_scans":3,"cache_hits":0,"page":18,"selected":4,"count":15,"preview_generation":4,"file_worker_stack_free":10464,"file_start_active":true,"preview_active":false,"preview_done":true,"preview_available":true,"screen_dimmed":false,"selection":"","status":"burner receiving: 正在保存补丁ROM"}
2026-09-10 19:27:42 @mori {"event":"ui","process_calls":20837,"render_calls":3142,"music_polls":4419,"model_bytes":15312,"directory_scans":3,"cache_hits":0,"page":18,"selected":4,"count":15,"preview_generation":4,"file_worker_stack_free":10464,"file_start_active":true,"preview_active":false,"preview_done":true,"preview_available":true,"screen_dimmed":false,"selection":"","status":"burner receiving: 正在保存补丁ROM"}
2026-09-10 19:27:43 I (533036) ui: Patched ROM saved: /sdcard/黄金太阳1 开启的封印.patched-4.gba (9699328 bytes)
2026-09-10 19:27:43 I (533038) ui: LCD file action task stack free min=10464 bytes
2026-09-10 19:27:43 I (533040) power_manager: CPU perf lock released by ui_file_start
2026-09-10 19:27:43 @mori {"event":"ui","process_calls":20844,"render_calls":3147,"music_polls":4423,"model_bytes":15312,"directory_scans":3,"cache_hits":0,"page":18,"selected":4,"count":15,"preview_generation":4,"file_worker_stack_free":10464,"file_start_active":false,"preview_active":false,"preview_done":true,"preview_available":true,"screen_dimmed":false,"selection":"","status":"burner done: 补丁ROM已保存"}
2026-09-10 19:30:14
2026-09-10 19:30:14 @mori {"event":"ui","process_calls":30260,"render_calls":3280,"music_polls":5778,"model_bytes":15312,"directory_scans":3,"cache_hits":0,"page":19,"selected":0,"count":18,"preview_generation":4,"file_worker_stack_free":10464,"file_start_active":false,"preview_active":false,"preview_done":true,"preview_available":true,"screen_dimmed":true,"selection":"","status":"burner done: 补丁ROM已保存"}
2026-09-10 19:31:05 @mori {"event":"status","version":"v2.32-106-g981613b-dirty","uptime_ms":734157,"internal_free":81979,"internal_largest":31744,"psram_free":7556312,"burn_running":false,"patch_running":false,"cancel_requested":false,"phase":"saving_rom","detail":"/sdcard/黄金太阳1 开启的封印.patched-4.gba","offset":9699328,"total":9699328,"passes":12,"read_bytes":48719548,"read_ms":15244,"elapsed_ms":50913,"result":0,"ag32_link":"auto","ag32_link_active":"cpld","ag32_capabilities":0,"ag32_capabilities_known":false}
2026-09-10 19:31:05 @mori {"event":"ui","process_calls":33424,"render_calls":3313,"music_polls":6230,"model_bytes":15312,"directory_scans":3,"cache_hits":0,"page":19,"selected":0,"count":18,"preview_generation":4,"file_worker_stack_free":10464,"file_start_active":false,"preview_active":false,"preview_done":true,"preview_available":true,"screen_dimmed":true,"selection":"","status":"burner done: 补丁ROM已保存"}
2026-09-10 19:31:05 @mori {"event":"key","message":"b"}
2026-09-10 19:31:05 @mori {"event":"ui","process_calls":33433,"render_calls":3313,"music_polls":6232,"model_bytes":15312,"directory_scans":3,"cache_hits":0,"page":19,"selected":0,"count":18,"preview_generation":4,"file_worker_stack_free":10464,"file_start_active":false,"preview_active":false,"preview_done":true,"preview_available":true,"screen_dimmed":false,"selection":"","status":"burner done: 补丁ROM已保存"}
2026-09-10 19:31:05 @mori {"event":"key","message":"b"}
2026-09-10 19:31:05 @mori {"event":"ui","process_calls":33438,"render_calls":3315,"music_polls":6233,"model_bytes":15312,"directory_scans":3,"cache_hits":0,"page":15,"selected":0,"count":5,"preview_generation":4,"file_worker_stack_free":10464,"file_start_active":false,"preview_active":false,"preview_done":true,"preview_available":true,"screen_dimmed":false,"selection":"直接烧录","status":"就绪"}
2026-09-10 19:31:05 @mori {"event":"ui","process_calls":33439,"render_calls":3316,"music_polls":6233,"model_bytes":15312,"directory_scans":3,"cache_hits":0,"page":15,"selected":0,"count":5,"preview_generation":4,"file_worker_stack_free":10464,"file_start_active":false,"preview_active":false,"preview_done":true,"preview_available":true,"screen_dimmed":false,"selection":"直接烧录","status":"就绪"}
2026-09-10 19:31:05 @mori {"event":"key","message":"down"}
2026-09-10 19:31:05 @mori {"event":"ui","process_calls":33444,"render_calls":3321,"music_polls":6234,"model_bytes":15312,"directory_scans":3,"cache_hits":0,"page":15,"selected":1,"count":5,"preview_generation":4,"file_worker_stack_free":10464,"file_start_active":false,"preview_active":false,"preview_done":true,"preview_available":true,"screen_dimmed":false,"selection":"存档补丁","status":"就绪"}
2026-09-10 19:31:06 @mori {"event":"key","message":"down"}
2026-09-10 19:31:06 @mori {"event":"ui","process_calls":33447,"render_calls":3324,"music_polls":6235,"model_bytes":15312,"directory_scans":3,"cache_hits":0,"page":15,"selected":2,"count":5,"preview_generation":4,"file_worker_stack_free":10464,"file_start_active":false,"preview_active":false,"preview_done":true,"preview_available":true,"screen_dimmed":false,"selection":"延迟补丁","status":"就绪"}
2026-09-10 19:31:06 @mori {"event":"key","message":"a"}
2026-09-10 19:31:06 @mori {"event":"ui","process_calls":33450,"render_calls":3327,"music_polls":6236,"model_bytes":15312,"directory_scans":3,"cache_hits":0,"page":15,"selected":2,"count":5,"preview_generation":4,"file_worker_stack_free":10464,"file_start_active":false,"preview_active":false,"preview_done":true,"preview_available":true,"screen_dimmed":false,"selection":"延迟补丁","status":"延迟补丁：关闭"}
2026-09-10 19:31:06 @mori {"event":"ui","process_calls":33451,"render_calls":3328,"music_polls":6237,"model_bytes":15312,"directory_scans":3,"cache_hits":0,"page":15,"selected":2,"count":5,"preview_generation":4,"file_worker_stack_free":10464,"file_start_active":false,"preview_active":false,"preview_done":true,"preview_available":true,"screen_dimmed":false,"selection":"延迟补丁","status":"延迟补丁：关闭"}
2026-09-10 19:31:06 @mori {"event":"key","message":"down"}
2026-09-10 19:31:06 @mori {"event":"ui","process_calls":33455,"render_calls":3332,"music_polls":6238,"model_bytes":15312,"directory_scans":3,"cache_hits":0,"page":15,"selected":3,"count":5,"preview_generation":4,"file_worker_stack_free":10464,"file_start_active":false,"preview_active":false,"preview_done":true,"preview_available":true,"screen_dimmed":false,"selection":"免电补丁","status":"延迟补丁：关闭"}
2026-09-10 19:31:06 @mori {"event":"key","message":"down"}
2026-09-10 19:31:06 @mori {"event":"ui","process_calls":33459,"render_calls":3336,"music_polls":6239,"model_bytes":15312,"directory_scans":3,"cache_hits":0,"page":15,"selected":4,"count":5,"preview_generation":4,"file_worker_stack_free":10464,"file_start_active":false,"preview_active":false,"preview_done":true,"preview_available":true,"screen_dimmed":false,"selection":"打补丁并保存ROM","status":"延迟补丁：关闭"}
2026-09-10 19:31:06 @mori {"event":"key","message":"down"}
2026-09-10 19:31:06 @mori {"event":"ui","process_calls":33463,"render_calls":3340,"music_polls":6241,"model_bytes":15312,"directory_scans":3,"cache_hits":0,"page":15,"selected":0,"count":5,"preview_generation":4,"file_worker_stack_free":10464,"file_start_active":false,"preview_active":false,"preview_done":true,"preview_available":true,"screen_dimmed":false,"selection":"直接烧录","status":"延迟补丁：关闭"}
2026-09-10 19:31:06 @mori {"event":"key","message":"down"}
2026-09-10 19:31:06 @mori {"event":"ui","process_calls":33467,"render_calls":3344,"music_polls":6242,"model_bytes":15312,"directory_scans":3,"cache_hits":0,"page":15,"selected":1,"count":5,"preview_generation":4,"file_worker_stack_free":10464,"file_start_active":false,"preview_active":false,"preview_done":true,"preview_available":true,"screen_dimmed":false,"selection":"存档补丁","status":"延迟补丁：关闭"}
2026-09-10 19:31:07 @mori {"event":"key","message":"a"}
2026-09-10 19:31:07 @mori {"event":"ui","process_calls":33471,"render_calls":3348,"music_polls":6243,"model_bytes":15312,"directory_scans":3,"cache_hits":0,"page":15,"selected":0,"count":3,"preview_generation":4,"file_worker_stack_free":10464,"file_start_active":false,"preview_active":false,"preview_done":true,"preview_available":true,"screen_dimmed":false,"selection":"SRAM","status":"选择存档补丁"}
2026-09-10 19:31:07 @mori {"event":"ui","process_calls":33472,"render_calls":3349,"music_polls":6244,"model_bytes":15312,"directory_scans":3,"cache_hits":0,"page":15,"selected":0,"count":3,"preview_generation":4,"file_worker_stack_free":10464,"file_start_active":false,"preview_active":false,"preview_done":true,"preview_available":true,"screen_dimmed":false,"selection":"SRAM","status":"选择存档补丁"}
2026-09-10 19:31:07 @mori {"event":"key","message":"down"}
2026-09-10 19:31:07 @mori {"event":"ui","process_calls":33476,"render_calls":3353,"music_polls":6245,"model_bytes":15312,"directory_scans":3,"cache_hits":0,"page":15,"selected":1,"count":3,"preview_generation":4,"file_worker_stack_free":10464,"file_start_active":false,"preview_active":false,"preview_done":true,"preview_available":true,"screen_dimmed":false,"selection":"FLASH","status":"选择存档补丁"}
2026-09-10 19:31:07 @mori {"event":"key","message":"down"}
2026-09-10 19:31:07 @mori {"event":"ui","process_calls":33479,"render_calls":3356,"music_polls":6246,"model_bytes":15312,"directory_scans":3,"cache_hits":0,"page":15,"selected":2,"count":3,"preview_generation":4,"file_worker_stack_free":10464,"file_start_active":false,"preview_active":false,"preview_done":true,"preview_available":true,"screen_dimmed":false,"selection":"无","status":"选择存档补丁"}
2026-09-10 19:31:07 @mori {"event":"key","message":"a"}
2026-09-10 19:31:07 @mori {"event":"ui","process_calls":33482,"render_calls":3359,"music_polls":6247,"model_bytes":15312,"directory_scans":3,"cache_hits":0,"page":15,"selected":1,"count":5,"preview_generation":4,"file_worker_stack_free":10464,"file_start_active":false,"preview_active":false,"preview_done":true,"preview_available":true,"screen_dimmed":false,"selection":"存档补丁","status":"存档补丁已选择"}
2026-09-10 19:31:07 @mori {"event":"ui","process_calls":33483,"render_calls":3360,"music_polls":6248,"model_bytes":15312,"directory_scans":3,"cache_hits":0,"page":15,"selected":1,"count":5,"preview_generation":4,"file_worker_stack_free":10464,"file_start_active":false,"preview_active":false,"preview_done":true,"preview_available":true,"screen_dimmed":false,"selection":"存档补丁","status":"存档补丁已选择"}
2026-09-10 19:31:07 @mori {"event":"key","message":"down"}
2026-09-10 19:31:07 @mori {"event":"ui","process_calls":33486,"render_calls":3363,"music_polls":6249,"model_bytes":15312,"directory_scans":3,"cache_hits":0,"page":15,"selected":2,"count":5,"preview_generation":4,"file_worker_stack_free":10464,"file_start_active":false,"preview_active":false,"preview_done":true,"preview_available":true,"screen_dimmed":false,"selection":"延迟补丁","status":"存档补丁已选择"}
2026-09-10 19:31:07 @mori {"event":"key","message":"a"}
2026-09-10 19:31:07 @mori {"event":"ui","process_calls":33489,"render_calls":3366,"music_polls":6250,"model_bytes":15312,"directory_scans":3,"cache_hits":0,"page":15,"selected":2,"count":5,"preview_generation":4,"file_worker_stack_free":10464,"file_start_active":false,"preview_active":false,"preview_done":true,"preview_available":true,"screen_dimmed":false,"selection":"延迟补丁","status":"延迟补丁：开启"}
2026-09-10 19:31:25 @mori {"event":"ui","process_calls":33947,"render_calls":3824,"music_polls":6398,"model_bytes":15312,"directory_scans":3,"cache_hits":0,"page":15,"selected":2,"count":5,"preview_generation":4,"file_worker_stack_free":10464,"file_start_active":false,"preview_active":false,"preview_done":true,"preview_available":true,"screen_dimmed":false,"selection":"延迟补丁","status":"延迟补丁：开启"}
2026-09-10 19:31:25 @mori {"event":"key","message":"a"}
2026-09-10 19:31:25 @mori {"event":"ui","process_calls":33949,"render_calls":3826,"music_polls":6399,"model_bytes":15312,"directory_scans":3,"cache_hits":0,"page":15,"selected":2,"count":5,"preview_generation":4,"file_worker_stack_free":10464,"file_start_active":false,"preview_active":false,"preview_done":true,"preview_available":true,"screen_dimmed":false,"selection":"延迟补丁","status":"延迟补丁：关闭"}
2026-09-10 19:31:26 @mori {"event":"key","message":"b"}
2026-09-10 19:31:26 @mori {"event":"ui","process_calls":33953,"render_calls":3830,"music_polls":6401,"model_bytes":15312,"directory_scans":3,"cache_hits":0,"page":15,"selected":2,"count":9,"preview_generation":4,"file_worker_stack_free":10464,"file_start_active":false,"preview_active":false,"preview_done":true,"preview_available":true,"screen_dimmed":false,"selection":"ROM: 写入","status":"延迟补丁：关闭"}
2026-09-10 19:31:26 @mori {"event":"key","message":"b"}
2026-09-10 19:31:26 @mori {"event":"ui","process_calls":33957,"render_calls":3834,"music_polls":6402,"model_bytes":15312,"directory_scans":3,"cache_hits":0,"page":14,"selected":0,"count":2,"preview_generation":4,"file_worker_stack_free":10464,"file_start_active":false,"preview_active":false,"preview_done":true,"preview_available":true,"screen_dimmed":false,"selection":"","status":"延迟补丁：关闭"}
2026-09-10 19:31:26 @mori {"event":"key","message":"b"}
2026-09-10 19:31:26 @mori {"event":"ui","process_calls":33963,"render_calls":3840,"music_polls":6403,"model_bytes":15312,"directory_scans":3,"cache_hits":0,"page":0,"selected":3,"count":5,"preview_generation":4,"file_worker_stack_free":10464,"file_start_active":false,"preview_active":false,"preview_done":true,"preview_available":true,"screen_dimmed":false,"selection":"烧录器","status":"延迟补丁：关闭"}
