Thu Sep 10 14:27:52 2026
Using pre-ASF file example_board.pre.asf.
Total IO  : 150
Total Pin : 128/17
Top array is built.
Loading architect libraries...

## CPU time: 0:0:0, REAL time: 0:0:0
## Memory Usage: 53MB (53MB)
Loading route table...

## CPU time: 0:0:1, REAL time: 0:0:1
## Memory Usage: 318MB (318MB)
Using design VERILOG file ./simulation/modelsim/example_board.vo.
Using design VE file example_board.vex.
Preparing design...

Info: Rename duplicated module cell alta_rv32 to alta_rv32_duplicated at ./alta_db/flatten.vx:1956.
Info: Removing bbox feeder slice sys_ctrl_clkSource[0] driven by BBOX rv32|sys_ctrl_clkSource[0].
Info: Removing bbox feeder slice sys_ctrl_clkSource[1] driven by BBOX rv32|sys_ctrl_clkSource[1].
## CPU time: 0:0:0, REAL time: 0:0:1
## Memory Usage: 339MB (339MB)
Pseudo pack design...

Using location file example_board.vex
VCO frequency: 300.000 Mhz
  clkout0: Enabled , 150.000 Mhz
  clkout1: Disabled, 0.586 Mhz
  clkout2: Disabled, 0.586 Mhz
  clkout3: Disabled, 0.586 Mhz
  clkout4: Disabled, 0.586 Mhz
Info: Instance gclksw_inst|gclk_switch is identified as a clock switch.
Packing Statistics
 Total      Logics : 2003/2112 ( 94%)
 Total        LUTs : 2003/2112 ( 94%)
 Total   Registers :  967/2112 ( 45%)
 Total  Block Rams :    2/   4 ( 50%)
 Total        PLLs :    1/   1 (100%)
 Total        Pins :   44/ 128 ( 34%)
 Global    Signals :    6/   5 (120%)
                     MCU_SPI_CLK~inputclkctrl_outclk (from:                              MCU_SPI_CLK~input_o)
      auto_generated_inst.hbo_22_f9ff3d300b43c0f2_bp (from:   auto_generated_inst.hbo_22_f9ff3d300b43c0f2_bp)
        macro_inst|core_inst|ad_incr~0clkctrl_outclk (from:           macro_inst|core_inst|ad_incr~0_combout)
             macro_inst|core_inst|osc~clkctrl_outclk (from:                       macro_inst|core_inst|osc~q)
           macro_inst|legacy_spi_cs0~0clkctrl_outclk (from:              macro_inst|legacy_spi_cs0~0_combout)
                           sys_resetn~clkctrl_outclk (from:                               sys_resetn~combout)
 Total Lonely   Datain   : 26
 Total Lonely   Register : 0
 Total LUT-FF   Pairs    : 803
 Total Register Packings : 138
 Registers with synchronous    reset : 0
 Registers with asynchronous   reset : 666
 Registers with sync and async reset : 164
## CPU time: 0:0:0, REAL time: 0:0:0
## Memory Usage: 337MB (339MB)
Filter verilog...

## CPU time: 0:0:0, REAL time: 0:0:0
## Memory Usage: 337MB (339MB)
Reading DB design...

## CPU time: 0:0:0, REAL time: 0:0:1
## Memory Usage: 338MB (339MB)
Processing design...

Info: Found GCLK net macro_inst|core_inst|ad_incr~0clkctrl_outclk (3).
Info: Found GCLK net macro_inst|legacy_spi_cs0~0clkctrl_outclk (8).
Info: Found GCLK net sys_resetn~clkctrl_outclk (103).
Info: Found GCLK net macro_inst|core_inst|osc~clkctrl_outclk (8).
Info: Found GCLK net MCU_SPI_CLK~inputclkctrl_outclk (43).
Info: Found GCLK net auto_generated_inst.hbo_22_f9ff3d300b43c0f2_bp (138).
Info: Fixing net rv32.resetn_out, from rv32|resetn_out to gclksw_inst|gclk_switch__alta_gclksw|resetn.
Info: Fixing net PIN_HSE~input_o, from PIN_HSE~input|combout to gclksw_inst|gclk_switch__alta_gclksw|clkin1.
Info: Fixing net gclksw_inst|gclk_switch__alta_gclksw__clkout, from gclksw_inst|gclk_switch__alta_gclksw|clkout to rv32|sys_clk.
Info: Fixing net auto_generated_inst.hbo_13_1bc039b416d3bc4a_bp, from pll_inst|auto_generated|pll1|lock to rv32|sys_ctrl_pllReady.
Info: The input of IO PHI is disabled since all input pins are unused.
## CPU time: 0:0:0, REAL time: 0:0:0
## Memory Usage: 339MB (339MB)
Using design SDC file ./example_board.sdc.
Info: The input of IO PHI is disabled since all input pins are unused.
Info: Auto constraint PLL: create_generated_clock -name pll_inst|auto_generated|pll1|clk[0] -divide_by 4 -multiply_by 75 -add -source PLL_CLKIN -master_clock PIN_OSC pll_inst|auto_generated|pll1|clkout0.
Using ASF file example_board.asf.
************ DESIGN ASF ************

Info: The input of IO PHI is disabled since all input pins are unused.
Warn: Logic slice macro_inst|core_inst|buf_miso_cs1[0]~5 is used as a latch, output net: macro_inst|core_inst|buf_miso_cs1[0]~5_combout.
Warn: Logic slice macro_inst|core_inst|buf_miso_cs1[1]~1 is used as a latch, output net: macro_inst|core_inst|buf_miso_cs1[1]~1_combout.
Warn: Logic slice macro_inst|core_inst|buf_miso_cs1[3] is used as a latch, output net: macro_inst|core_inst|cart_nRD_out~1_combout.
Warn: Logic slice macro_inst|core_inst|cart_cs2_out~1 is used as a latch, output net: macro_inst|core_inst|cart_cs2_out~1_combout.
Warn: Logic slice macro_inst|core_inst|cart_nWR_out~1 is used as a latch, output net: macro_inst|core_inst|cart_nWR_out~1_combout.
Warn: Logic slice macro_inst|core_inst|cart_ad_oe~1 is used as a latch, output net: macro_inst|core_inst|cart_ad_oe~1_combout.
Warn: Logic slice macro_inst|core_inst|cart_cs1_out~1 is used as a latch, output net: macro_inst|core_inst|cart_cs1_out~1_combout.
Warn: Logic slice macro_inst|core_inst|cart_a_oe~1 is used as a latch, output net: macro_inst|core_inst|cart_a_oe~1_combout.
Info: macro_inst|mode_guard|cpld_mode|Q is identified as a clock gate signal.
Warn: Auto constraint INTERNAL: create_clock -name Internal_generated_clock_example_board|ESP32_SPI2_CS_N -period 1000.000 ESP32_SPI2_CS_N.
Warn: Auto constraint INTERNAL: create_clock -name Internal_generated_clock_example_board|ESP32_SPI_CS1 -period 1000.000 ESP32_SPI_CS1.
Warn: Auto constraint INTERNAL: create_generated_clock -name Internal_generated_clock_macro_inst|core_inst|osc|Q -divide_by 2 -add -source pll_inst|auto_generated|pll1|clkout0 -master_clock pll_inst|auto_generated|pll1|clk[0] macro_inst|core_inst|osc|Q.
Warn: Auto constraint INTERNAL: create_generated_clock -name Internal_generated_clock_macro_inst|core_inst|osc|Q -divide_by 2 -add -source PIN_HSE -master_clock PIN_HSE macro_inst|core_inst|osc|Q.
Warn: Auto constraint INTERNAL: create_generated_clock -name Internal_generated_clock_macro_inst|core_inst|osc|Q -divide_by 2 -add -source PIN_HSI -master_clock PIN_HSI macro_inst|core_inst|osc|Q.
Placement Statistics
 Total  Logic    Counts  : 2003/2112 (94.8%)
 Total  Logic    Tiles   : 129/132 (97.7%)
 Total  Other    Tiles   : 2/4 (50.0%)
 Total  Valid    Nets    : 2668 (1492+1176)
 Total  Valid    Fanouts : 11883 (7049+4834)
 Total  Tile     Fanouts : 3445
 Tile   Zip      Fanins  : 21 (2:36)
 Tile   Zip      Fanouts : 32 (0:196)
 Total  Ignored  Nets    : 1666
 Total  Valid    Blocks  : 145 (123/20)
 Total  Ignored  Blocks  : 0
 Total  Zip Complexities : 1110/4480 1.93/2139.57
 Avg    Zip   Bottleneck : 5.78 62.34
 Avg    Net   Bottleneck : 19.83 663.19
Warn: Found CDC clock enable clken_ctrl_X43_Y1_N1|ClkEn, from clock Internal_generated_clock_example_board|ESP32_SPI_CS1 to Internal_generated_clock_macro_inst|core_inst|osc|Q.
Warn: Found CDC clock enable clken_ctrl_X43_Y1_N1|ClkEn, from clock Internal_generated_clock_example_board|ESP32_SPI_CS1 to Internal_generated_clock_macro_inst|core_inst|osc|Q.
Warn: Found CDC clock enable clken_ctrl_X43_Y1_N1|ClkEn, from clock Internal_generated_clock_example_board|ESP32_SPI2_CS_N to Internal_generated_clock_macro_inst|core_inst|osc|Q.
Warn: Found CDC clock enable clken_ctrl_X43_Y1_N1|ClkEn, from clock Internal_generated_clock_example_board|ESP32_SPI2_CS_N to Internal_generated_clock_macro_inst|core_inst|osc|Q.
Warn: Found CDC clock enable clken_ctrl_X43_Y2_N1|ClkEn, from clock Internal_generated_clock_example_board|ESP32_SPI_CS1 to Internal_generated_clock_macro_inst|core_inst|osc|Q.
Warn: Found CDC clock enable clken_ctrl_X43_Y2_N1|ClkEn, from clock Internal_generated_clock_example_board|ESP32_SPI_CS1 to Internal_generated_clock_macro_inst|core_inst|osc|Q.
Warn: Found CDC clock enable clken_ctrl_X43_Y2_N1|ClkEn, from clock Internal_generated_clock_example_board|ESP32_SPI2_CS_N to Internal_generated_clock_macro_inst|core_inst|osc|Q.
Warn: Found CDC clock enable clken_ctrl_X43_Y2_N1|ClkEn, from clock Internal_generated_clock_example_board|ESP32_SPI2_CS_N to Internal_generated_clock_macro_inst|core_inst|osc|Q.
Warn: Found CDC clock enable clken_ctrl_X44_Y1_N1|ClkEn, from clock Internal_generated_clock_example_board|ESP32_SPI_CS1 to Internal_generated_clock_macro_inst|core_inst|osc|Q.
Warn: Found CDC clock enable clken_ctrl_X44_Y1_N1|ClkEn, from clock Internal_generated_clock_example_board|ESP32_SPI_CS1 to Internal_generated_clock_macro_inst|core_inst|osc|Q.
Warn: Found CDC clock enable clken_ctrl_X44_Y1_N1|ClkEn, from clock Internal_generated_clock_example_board|ESP32_SPI2_CS_N to Internal_generated_clock_macro_inst|core_inst|osc|Q.
Warn: Found CDC clock enable clken_ctrl_X44_Y1_N1|ClkEn, from clock Internal_generated_clock_example_board|ESP32_SPI2_CS_N to Internal_generated_clock_macro_inst|core_inst|osc|Q.
Warn: Found CDC clock enable clken_ctrl_X44_Y2_N1|ClkEn, from clock Internal_generated_clock_example_board|ESP32_SPI_CS1 to Internal_generated_clock_macro_inst|core_inst|osc|Q.
Warn: Found CDC clock enable clken_ctrl_X44_Y2_N1|ClkEn, from clock Internal_generated_clock_example_board|ESP32_SPI_CS1 to Internal_generated_clock_macro_inst|core_inst|osc|Q.
Warn: Found CDC clock enable clken_ctrl_X44_Y2_N1|ClkEn, from clock Internal_generated_clock_example_board|ESP32_SPI2_CS_N to Internal_generated_clock_macro_inst|core_inst|osc|Q.
Warn: Found CDC clock enable clken_ctrl_X44_Y2_N1|ClkEn, from clock Internal_generated_clock_example_board|ESP32_SPI2_CS_N to Internal_generated_clock_macro_inst|core_inst|osc|Q.
Warn: Found CDC clock enable clken_ctrl_X45_Y2_N0|ClkEn, from clock Internal_generated_clock_example_board|ESP32_SPI_CS1 to Internal_generated_clock_macro_inst|core_inst|osc|Q.
Warn: Found CDC clock enable clken_ctrl_X45_Y2_N0|ClkEn, from clock Internal_generated_clock_example_board|ESP32_SPI_CS1 to Internal_generated_clock_macro_inst|core_inst|osc|Q.
Warn: Found CDC clock enable clken_ctrl_X45_Y2_N0|ClkEn, from clock Internal_generated_clock_example_board|ESP32_SPI2_CS_N to Internal_generated_clock_macro_inst|core_inst|osc|Q.
Warn: Found CDC clock enable clken_ctrl_X45_Y2_N0|ClkEn, from clock Internal_generated_clock_example_board|ESP32_SPI2_CS_N to Internal_generated_clock_macro_inst|core_inst|osc|Q.
Warn: Found CDC clock enable clken_ctrl_X45_Y3_N0|ClkEn, from clock Internal_generated_clock_example_board|ESP32_SPI2_CS_N to ESP_SPI_SCK.
Warn: Found CDC clock enable clken_ctrl_X45_Y3_N0|ClkEn, from clock Internal_generated_clock_example_board|ESP32_SPI2_CS_N to ESP_SPI_SCK.
Warn: Found CDC clock enable clken_ctrl_X45_Y3_N0|ClkEn, from clock PIN_HSI to ESP_SPI_SCK.
Warn: Found CDC clock enable clken_ctrl_X45_Y3_N0|ClkEn, from clock PIN_HSE to ESP_SPI_SCK.
Warn: Found CDC clock enable clken_ctrl_X45_Y3_N0|ClkEn, from clock pll_inst|auto_generated|pll1|clk[0] to ESP_SPI_SCK.
Warn: Found CDC clock enable clken_ctrl_X46_Y2_N0|ClkEn, from clock Internal_generated_clock_example_board|ESP32_SPI_CS1 to Internal_generated_clock_macro_inst|core_inst|osc|Q.
Warn: Found CDC clock enable clken_ctrl_X46_Y2_N0|ClkEn, from clock Internal_generated_clock_example_board|ESP32_SPI_CS1 to Internal_generated_clock_macro_inst|core_inst|osc|Q.
Warn: Found CDC clock enable clken_ctrl_X46_Y2_N0|ClkEn, from clock Internal_generated_clock_example_board|ESP32_SPI2_CS_N to Internal_generated_clock_macro_inst|core_inst|osc|Q.
Warn: Found CDC clock enable clken_ctrl_X46_Y2_N0|ClkEn, from clock Internal_generated_clock_example_board|ESP32_SPI2_CS_N to Internal_generated_clock_macro_inst|core_inst|osc|Q.
Warn: Found CDC clock enable clken_ctrl_X46_Y3_N1|ClkEn, from clock Internal_generated_clock_example_board|ESP32_SPI2_CS_N to ESP_SPI_SCK.
Warn: Found CDC clock enable clken_ctrl_X46_Y3_N1|ClkEn, from clock Internal_generated_clock_example_board|ESP32_SPI2_CS_N to ESP_SPI_SCK.
Warn: Found CDC clock enable clken_ctrl_X46_Y3_N1|ClkEn, from clock PIN_HSI to ESP_SPI_SCK.
Warn: Found CDC clock enable clken_ctrl_X46_Y3_N1|ClkEn, from clock PIN_HSE to ESP_SPI_SCK.
Warn: Found CDC clock enable clken_ctrl_X46_Y3_N1|ClkEn, from clock pll_inst|auto_generated|pll1|clk[0] to ESP_SPI_SCK.
Warn: Found CDC clock enable clken_ctrl_X47_Y1_N1|ClkEn, from clock Internal_generated_clock_example_board|ESP32_SPI2_CS_N to ESP_SPI_SCK.
Warn: Found CDC clock enable clken_ctrl_X47_Y1_N1|ClkEn, from clock Internal_generated_clock_example_board|ESP32_SPI2_CS_N to ESP_SPI_SCK.
Warn: Found CDC clock enable clken_ctrl_X47_Y1_N1|ClkEn, from clock PIN_HSI to ESP_SPI_SCK.
Warn: Found CDC clock enable clken_ctrl_X47_Y1_N1|ClkEn, from clock PIN_HSE to ESP_SPI_SCK.
Warn: Found CDC clock enable clken_ctrl_X47_Y1_N1|ClkEn, from clock pll_inst|auto_generated|pll1|clk[0] to ESP_SPI_SCK.
Warn: Found CDC clock enable clken_ctrl_X47_Y1_N1|ClkEn, from clock Internal_generated_clock_example_board|ESP32_SPI_CS1 to ESP_SPI_SCK.
Warn: Found CDC clock enable clken_ctrl_X47_Y1_N1|ClkEn, from clock Internal_generated_clock_example_board|ESP32_SPI_CS1 to ESP_SPI_SCK.
Warn: Found CDC clock enable clken_ctrl_X47_Y3_N0|ClkEn, from clock Internal_generated_clock_example_board|ESP32_SPI2_CS_N to ESP_SPI_SCK.
Warn: Found CDC clock enable clken_ctrl_X47_Y3_N0|ClkEn, from clock Internal_generated_clock_example_board|ESP32_SPI2_CS_N to ESP_SPI_SCK.
Warn: Found CDC clock enable clken_ctrl_X47_Y3_N0|ClkEn, from clock PIN_HSI to ESP_SPI_SCK.
Warn: Found CDC clock enable clken_ctrl_X47_Y3_N0|ClkEn, from clock PIN_HSE to ESP_SPI_SCK.
Warn: Found CDC clock enable clken_ctrl_X47_Y3_N0|ClkEn, from clock pll_inst|auto_generated|pll1|clk[0] to ESP_SPI_SCK.
Warn: Found CDC clock enable clken_ctrl_X49_Y1_N0|ClkEn, from clock Internal_generated_clock_example_board|ESP32_SPI_CS1 to ESP_SPI_SCK.
Warn: Found CDC clock enable clken_ctrl_X49_Y1_N0|ClkEn, from clock Internal_generated_clock_example_board|ESP32_SPI_CS1 to ESP_SPI_SCK.
Warn: Found CDC clock enable clken_ctrl_X49_Y1_N0|ClkEn, from clock PIN_HSI to ESP_SPI_SCK.
Warn: Found CDC clock enable clken_ctrl_X49_Y1_N0|ClkEn, from clock PIN_HSE to ESP_SPI_SCK.
Warn: Found CDC clock enable clken_ctrl_X49_Y1_N0|ClkEn, from clock pll_inst|auto_generated|pll1|clk[0] to ESP_SPI_SCK.
Warn: Found CDC clock enable clken_ctrl_X49_Y1_N0|ClkEn, from clock Internal_generated_clock_example_board|ESP32_SPI2_CS_N to ESP_SPI_SCK.
Warn: Found CDC clock enable clken_ctrl_X49_Y1_N0|ClkEn, from clock Internal_generated_clock_example_board|ESP32_SPI2_CS_N to ESP_SPI_SCK.
Warn: Found CDC clock enable clken_ctrl_X49_Y2_N1|ClkEn, from clock Internal_generated_clock_example_board|ESP32_SPI_CS1 to ESP_SPI_SCK.
Warn: Found CDC clock enable clken_ctrl_X49_Y2_N1|ClkEn, from clock Internal_generated_clock_example_board|ESP32_SPI_CS1 to ESP_SPI_SCK.
Warn: Found CDC clock enable clken_ctrl_X49_Y2_N1|ClkEn, from clock PIN_HSI to ESP_SPI_SCK.
Warn: Found CDC clock enable clken_ctrl_X49_Y2_N1|ClkEn, from clock PIN_HSE to ESP_SPI_SCK.
Warn: Found CDC clock enable clken_ctrl_X49_Y2_N1|ClkEn, from clock pll_inst|auto_generated|pll1|clk[0] to ESP_SPI_SCK.
Warn: Found CDC clock enable clken_ctrl_X49_Y2_N1|ClkEn, from clock Internal_generated_clock_example_board|ESP32_SPI2_CS_N to ESP_SPI_SCK.
Warn: Found CDC clock enable clken_ctrl_X49_Y2_N1|ClkEn, from clock Internal_generated_clock_example_board|ESP32_SPI2_CS_N to ESP_SPI_SCK.
Warn: Found CDC clock enable clken_ctrl_X59_Y1_N0|ClkEn, from clock Internal_generated_clock_example_board|ESP32_SPI2_CS_N to ESP_SPI_SCK.
Warn: Found CDC clock enable clken_ctrl_X59_Y1_N0|ClkEn, from clock Internal_generated_clock_example_board|ESP32_SPI2_CS_N to ESP_SPI_SCK.
Warn: Found CDC clock enable clken_ctrl_X59_Y1_N0|ClkEn, from clock Internal_generated_clock_example_board|ESP32_SPI_CS1 to ESP_SPI_SCK.
Warn: Found CDC clock enable clken_ctrl_X59_Y1_N0|ClkEn, from clock Internal_generated_clock_example_board|ESP32_SPI_CS1 to ESP_SPI_SCK.
Warn: Found CDC clock enable clken_ctrl_X59_Y1_N0|ClkEn, from clock PIN_HSI to ESP_SPI_SCK.
Warn: Found CDC clock enable clken_ctrl_X59_Y1_N0|ClkEn, from clock PIN_HSE to ESP_SPI_SCK.
Warn: Found CDC clock enable clken_ctrl_X59_Y1_N0|ClkEn, from clock pll_inst|auto_generated|pll1|clk[0] to ESP_SPI_SCK.
Warn: Found CDC clock enable clken_ctrl_X60_Y1_N0|ClkEn, from clock Internal_generated_clock_example_board|ESP32_SPI2_CS_N to ESP_SPI_SCK.
Warn: Found CDC clock enable clken_ctrl_X60_Y1_N0|ClkEn, from clock Internal_generated_clock_example_board|ESP32_SPI2_CS_N to ESP_SPI_SCK.
Warn: Found CDC clock enable clken_ctrl_X60_Y1_N0|ClkEn, from clock Internal_generated_clock_example_board|ESP32_SPI_CS1 to ESP_SPI_SCK.
Warn: Found CDC clock enable clken_ctrl_X60_Y1_N0|ClkEn, from clock Internal_generated_clock_example_board|ESP32_SPI_CS1 to ESP_SPI_SCK.
Warn: Found CDC clock enable clken_ctrl_X60_Y1_N0|ClkEn, from clock PIN_HSI to ESP_SPI_SCK.
Warn: Found CDC clock enable clken_ctrl_X60_Y1_N0|ClkEn, from clock PIN_HSE to ESP_SPI_SCK.
Warn: Found CDC clock enable clken_ctrl_X60_Y1_N0|ClkEn, from clock pll_inst|auto_generated|pll1|clk[0] to ESP_SPI_SCK.
Warn: Found CDC clock enable clken_ctrl_X60_Y4_N1|ClkEn, from clock Internal_generated_clock_example_board|ESP32_SPI2_CS_N to ESP_SPI_SCK.
Warn: Found CDC clock enable clken_ctrl_X60_Y4_N1|ClkEn, from clock Internal_generated_clock_example_board|ESP32_SPI2_CS_N to ESP_SPI_SCK.
Warn: Found CDC clock enable clken_ctrl_X60_Y4_N1|ClkEn, from clock Internal_generated_clock_example_board|ESP32_SPI_CS1 to ESP_SPI_SCK.
Warn: Found CDC clock enable clken_ctrl_X60_Y4_N1|ClkEn, from clock Internal_generated_clock_example_board|ESP32_SPI_CS1 to ESP_SPI_SCK.
Warn: Found CDC clock enable clken_ctrl_X60_Y4_N1|ClkEn, from clock PIN_HSI to ESP_SPI_SCK.
Warn: Found CDC clock enable clken_ctrl_X60_Y4_N1|ClkEn, from clock PIN_HSE to ESP_SPI_SCK.
Warn: Found CDC clock enable clken_ctrl_X60_Y4_N1|ClkEn, from clock pll_inst|auto_generated|pll1|clk[0] to ESP_SPI_SCK.
Warn: Found CDC clock enable clken_ctrl_X61_Y1_N1|ClkEn, from clock Internal_generated_clock_example_board|ESP32_SPI2_CS_N to ESP_SPI_SCK.
Warn: Found CDC clock enable clken_ctrl_X61_Y1_N1|ClkEn, from clock Internal_generated_clock_example_board|ESP32_SPI2_CS_N to ESP_SPI_SCK.
Warn: Found CDC clock enable clken_ctrl_X61_Y1_N1|ClkEn, from clock Internal_generated_clock_example_board|ESP32_SPI_CS1 to ESP_SPI_SCK.
Warn: Found CDC clock enable clken_ctrl_X61_Y1_N1|ClkEn, from clock Internal_generated_clock_example_board|ESP32_SPI_CS1 to ESP_SPI_SCK.
Warn: Found CDC clock enable clken_ctrl_X61_Y1_N1|ClkEn, from clock PIN_HSI to ESP_SPI_SCK.
Warn: Found CDC clock enable clken_ctrl_X61_Y1_N1|ClkEn, from clock PIN_HSE to ESP_SPI_SCK.
Warn: Found CDC clock enable clken_ctrl_X61_Y1_N1|ClkEn, from clock pll_inst|auto_generated|pll1|clk[0] to ESP_SPI_SCK.
Warn: Found CDC clock enable clken_ctrl_X62_Y2_N0|ClkEn, from clock Internal_generated_clock_example_board|ESP32_SPI2_CS_N to ESP_SPI_SCK.
Warn: Found CDC clock enable clken_ctrl_X62_Y2_N0|ClkEn, from clock Internal_generated_clock_example_board|ESP32_SPI2_CS_N to ESP_SPI_SCK.
Warn: Found CDC clock enable clken_ctrl_X62_Y2_N0|ClkEn, from clock Internal_generated_clock_example_board|ESP32_SPI_CS1 to ESP_SPI_SCK.
Warn: Found CDC clock enable clken_ctrl_X62_Y2_N0|ClkEn, from clock Internal_generated_clock_example_board|ESP32_SPI_CS1 to ESP_SPI_SCK.
Warn: Found CDC clock enable clken_ctrl_X62_Y2_N0|ClkEn, from clock PIN_HSI to ESP_SPI_SCK.
Warn: Found CDC clock enable clken_ctrl_X62_Y2_N0|ClkEn, from clock PIN_HSE to ESP_SPI_SCK.
Warn: Found CDC clock enable clken_ctrl_X62_Y2_N0|ClkEn, from clock pll_inst|auto_generated|pll1|clk[0] to ESP_SPI_SCK.
Warn: Found CDC clock enable clken_ctrl_X62_Y2_N1|ClkEn, from clock Internal_generated_clock_example_board|ESP32_SPI2_CS_N to ESP_SPI_SCK.
Warn: Found CDC clock enable clken_ctrl_X62_Y2_N1|ClkEn, from clock Internal_generated_clock_example_board|ESP32_SPI2_CS_N to ESP_SPI_SCK.
Warn: Found CDC clock enable clken_ctrl_X62_Y2_N1|ClkEn, from clock Internal_generated_clock_example_board|ESP32_SPI_CS1 to ESP_SPI_SCK.
Warn: Found CDC clock enable clken_ctrl_X62_Y2_N1|ClkEn, from clock Internal_generated_clock_example_board|ESP32_SPI_CS1 to ESP_SPI_SCK.
Warn: Found CDC clock enable clken_ctrl_X62_Y2_N1|ClkEn, from clock PIN_HSI to ESP_SPI_SCK.
Warn: Found CDC clock enable clken_ctrl_X62_Y2_N1|ClkEn, from clock PIN_HSE to ESP_SPI_SCK.
Warn: Found CDC clock enable clken_ctrl_X62_Y2_N1|ClkEn, from clock pll_inst|auto_generated|pll1|clk[0] to ESP_SPI_SCK.
Iter #1/1 ...
Pass 1 #1/2 ...
Partitioning...
 step = 3, partition : 2,2
....................
 step = 4, partition : 2,2
....................

## CPU time: 0:0:3, REAL time: 0:0:4
Pass 1 #2/2 ...
Partitioning...
 step = 3, partition : 2,2
....................
 step = 4, partition : 2,2
....................

## CPU time: 0:0:3, REAL time: 0:0:4
Pass 2 #1/1 ...
Legalization and Swapping...
..........

## CPU time: 0:0:1, REAL time: 0:0:2
Pass 3 #1/1 ...
Touchup...


## CPU time: 0:0:0, REAL time: 0:0:0
Pass 4 #1/1 ...
Optimization...
............................................................
Finishing...

## CPU time: 0:0:4, REAL time: 0:0:5
Total wire cost after placement: -3.85933:-0.5789:0.603(-3.85933:-0.5789) 6642.76(1000.04)+21113(23)+9126.3 7385.27(3440.07)+2696.25


*** Post Placement Timing Report ***

=== User constraints ===
Fmax report
  User constraint:  40.000MHz, Fmax: 106.360MHz, Clock: ESP_SPI_SCK
  User constraint:   8.000MHz, Fmax:  95.374MHz, Clock: PIN_HSE
  User constraint:  10.000MHz, Fmax:  95.374MHz, Clock: PIN_HSI
  User constraint: 150.000MHz, Fmax:  95.374MHz, Clock: pll_inst|auto_generated|pll1|clk[0]

Clock transfer report:
  Worst setup:  15.598, with clock ESP_SPI_SCK
  Worst setup: 114.515, with clock PIN_HSE
  Worst setup:  89.515, with clock PIN_HSI
  Worst setup:  -3.818, with clock pll_inst|auto_generated|pll1|clk[0]

  Worst  hold:   0.603, with clock ESP_SPI_SCK
  Worst  hold:   0.615, with clock PIN_HSE
  Worst  hold:   0.615, with clock PIN_HSI
  Worst  hold:   0.615, with clock pll_inst|auto_generated|pll1|clk[0]

=== Auto constraints ===
Fmax report
  User constraint:   5.000MHz, Fmax: 133.565MHz, Clock: Internal_generated_clock_macro_inst|core_inst|osc|Q

Clock transfer report:
  Worst setup: 192.513, with clock Internal_generated_clock_macro_inst|core_inst|osc|Q
  Worst setup: 997.770, from clock Internal_generated_clock_example_board|ESP32_SPI2_CS_N to Internal_generated_clock_example_board|ESP32_SPI_CS1
  Worst setup: 203.271, from clock Internal_generated_clock_example_board|ESP32_SPI2_CS_N to Internal_generated_clock_macro_inst|core_inst|osc|Q
  Worst setup:   1.881, from clock Internal_generated_clock_example_board|ESP32_SPI2_CS_N to pll_inst|auto_generated|pll1|clk[0]
  Worst setup: 203.814, from clock Internal_generated_clock_example_board|ESP32_SPI_CS1 to Internal_generated_clock_macro_inst|core_inst|osc|Q
  Worst setup:   1.974, from clock Internal_generated_clock_example_board|ESP32_SPI_CS1 to pll_inst|auto_generated|pll1|clk[0]
  Worst setup:   3.130, from clock Internal_generated_clock_macro_inst|core_inst|osc|Q to pll_inst|auto_generated|pll1|clk[0]

  Worst  hold:   0.615, with clock Internal_generated_clock_macro_inst|core_inst|osc|Q
  Worst  hold:  -3.204, from clock Internal_generated_clock_example_board|ESP32_SPI2_CS_N to Internal_generated_clock_example_board|ESP32_SPI_CS1
  Worst  hold:  -5.315, from clock Internal_generated_clock_example_board|ESP32_SPI2_CS_N to Internal_generated_clock_macro_inst|core_inst|osc|Q
  Worst  hold:   3.568, from clock Internal_generated_clock_example_board|ESP32_SPI2_CS_N to pll_inst|auto_generated|pll1|clk[0]
  Worst  hold:  -5.756, from clock Internal_generated_clock_example_board|ESP32_SPI_CS1 to Internal_generated_clock_macro_inst|core_inst|osc|Q
  Worst  hold:   3.930, from clock Internal_generated_clock_example_board|ESP32_SPI_CS1 to pll_inst|auto_generated|pll1|clk[0]
  Worst  hold:   3.339, from clock Internal_generated_clock_macro_inst|core_inst|osc|Q to pll_inst|auto_generated|pll1|clk[0]

Coverage report
  User constraints covered 8144 connections out of 9152 total, coverage: 89.0%
  Auto constraints covered 8703 connections out of 9152 total, coverage: 95.1%


Hold from ESP32_SPI_CS1 to clken_ctrl_X44_Y2_N1, clock Internal_generated_clock_example_board|ESP32_SPI_CS1 to Internal_generated_clock_macro_inst|core_inst|osc|Q, constraint 0.000, skew 8.469, data 2.817
  Slack:  -5.756
    Arrival Time:    2.803
    Required Time:   8.559

*** End Timing Report ***



route_design -dump ./alta_db/route.tx -replace ./alta_db/replace.tx 

Route Design Statistics
 Total Routing Nets : 2668
 Fanout     Average : 3.45 (1..158)
 Max   Fanout  Net  : macro_inst|mode_guard|cpld_mode~q
 Logic       Slices : 2003/2112 (94.8%)

Routing...
 Budget Useful Skew...
## CPU time: 0:0:0, REAL time: 0:0:1
 iter = 1/1, route#: 2668, violation# : 2492, overflow# : 1924, conflict# : 1542, node#: 16462
## CPU time: 0:0:1, REAL time: 0:0:1
 iter = 2/2, route#: 2668, violation# : 1707, overflow# : 1587, conflict# : 1336, node#: 17602
## CPU time: 0:0:1, REAL time: 0:0:2
 iter = 3/3, route#: 2668, violation# : 1163, overflow# : 1145, conflict# : 1081, node#: 18469
## CPU time: 0:0:2, REAL time: 0:0:2
 iter = 4/4, route#: 2668, violation# : 704, overflow# : 704, conflict# : 808, node#: 19142
## CPU time: 0:0:2, REAL time: 0:0:3
 iter = 5/5, route#: 2668, violation# : 515, overflow# : 515, conflict# : 643, node#: 19506
## CPU time: 0:0:3, REAL time: 0:0:3
 iter = 6/6, route#: 2668, violation# : 287, overflow# : 287, conflict# : 398, node#: 19859
## CPU time: 0:0:3, REAL time: 0:0:4
 iter = 7/7, route#: 2668, violation# : 338, overflow# : 338, conflict# : 470, node#: 19936
## CPU time: 0:0:4, REAL time: 0:0:4
 iter = 8/4, route#: 744, violation# : 520, overflow# : 518, conflict# : 597, node#: 19465
## CPU time: 0:0:4, REAL time: 0:0:5
 iter = 9/5, route#: 639, violation# : 278, overflow# : 278, conflict# : 389, node#: 19821
## CPU time: 0:0:5, REAL time: 0:0:5
 iter = 10/6, route#: 494, violation# : 155, overflow# : 155, conflict# : 216, node#: 20097
## CPU time: 0:0:5, REAL time: 0:0:6
 iter = 11/7, route#: 445, violation# : 139, overflow# : 139, conflict# : 206, node#: 20157
## CPU time: 0:0:6, REAL time: 0:0:6
 iter = 12/8, route#: 401, violation# : 81, overflow# : 81, conflict# : 134, node#: 20329
## CPU time: 0:0:6, REAL time: 0:0:6
 iter = 13/9, route#: 368, violation# : 58, overflow# : 58, conflict# : 89, node#: 20355
## CPU time: 0:0:6, REAL time: 0:0:7
 iter = 14/4, route#: 594, violation# : 400, overflow# : 399, conflict# : 439, node#: 19692
## CPU time: 0:0:7, REAL time: 0:0:7
 iter = 15/5, route#: 487, violation# : 168, overflow# : 168, conflict# : 237, node#: 20060
## CPU time: 0:0:7, REAL time: 0:0:8
 iter = 16/6, route#: 427, violation# : 106, overflow# : 106, conflict# : 168, node#: 20201
## CPU time: 0:0:8, REAL time: 0:0:8
 iter = 17/7, route#: 398, violation# : 88, overflow# : 88, conflict# : 135, node#: 20297
## CPU time: 0:0:8, REAL time: 0:0:8
 iter = 18/8, route#: 352, violation# : 55, overflow# : 55, conflict# : 88, node#: 20488
## CPU time: 0:0:8, REAL time: 0:0:9
 iter = 19/9, route#: 371, violation# : 44, overflow# : 44, conflict# : 69, node#: 20516
## CPU time: 0:0:8, REAL time: 0:0:9
 iter = 20/5, route#: 119, violation# : 94, overflow# : 94, conflict# : 123, node#: 20370
## CPU time: 0:0:9, REAL time: 0:0:9
 iter = 21/6, route#: 133, violation# : 56, overflow# : 56, conflict# : 95, node#: 20453
## CPU time: 0:0:9, REAL time: 0:0:9
 iter = 22/7, route#: 125, violation# : 66, overflow# : 66, conflict# : 94, node#: 20461
## CPU time: 0:0:9, REAL time: 0:0:9
 iter = 23/8, route#: 112, violation# : 50, overflow# : 50, conflict# : 79, node#: 20526
## CPU time: 0:0:9, REAL time: 0:0:9
 iter = 24/9, route#: 80, violation# : 37, overflow# : 37, conflict# : 60, node#: 20568
## CPU time: 0:0:9, REAL time: 0:0:10
 iter = 25/10, route#: 79, violation# : 40, overflow# : 40, conflict# : 63, node#: 20578
## CPU time: 0:0:9, REAL time: 0:0:10
 iter = 26/5, route#: 85, violation# : 55, overflow# : 55, conflict# : 84, node#: 20524
## CPU time: 0:0:9, REAL time: 0:0:10
 iter = 27/6, route#: 93, violation# : 38, overflow# : 38, conflict# : 64, node#: 20560
## CPU time: 0:0:9, REAL time: 0:0:10
 iter = 28/7, route#: 76, violation# : 30, overflow# : 30, conflict# : 55, node#: 20568
## CPU time: 0:0:9, REAL time: 0:0:10
 iter = 29/8, route#: 78, violation# : 41, overflow# : 41, conflict# : 63, node#: 20620
## CPU time: 0:0:10, REAL time: 0:0:10
 iter = 30/9, route#: 78, violation# : 44, overflow# : 44, conflict# : 64, node#: 20648
## CPU time: 0:0:10, REAL time: 0:0:10
 iter = 31/10, route#: 68, violation# : 32, overflow# : 32, conflict# : 55, node#: 20673
## CPU time: 0:0:10, REAL time: 0:0:10
 iter = 32/5, route#: 103, violation# : 81, overflow# : 81, conflict# : 107, node#: 20508
## CPU time: 0:0:10, REAL time: 0:0:11
 iter = 33/6, route#: 147, violation# : 83, overflow# : 83, conflict# : 111, node#: 20568
## CPU time: 0:0:10, REAL time: 0:0:11
 iter = 34/7, route#: 132, violation# : 70, overflow# : 70, conflict# : 100, node#: 20579
## CPU time: 0:0:10, REAL time: 0:0:11
 iter = 35/8, route#: 115, violation# : 60, overflow# : 60, conflict# : 86, node#: 20637
## CPU time: 0:0:10, REAL time: 0:0:11
 iter = 36/9, route#: 94, violation# : 50, overflow# : 50, conflict# : 73, node#: 20664
## CPU time: 0:0:11, REAL time: 0:0:11
 iter = 37/10, route#: 87, violation# : 43, overflow# : 43, conflict# : 64, node#: 20701
## CPU time: 0:0:11, REAL time: 0:0:11
 iter = 38/5, route#: 144, violation# : 96, overflow# : 96, conflict# : 118, node#: 20522
## CPU time: 0:0:11, REAL time: 0:0:12
 iter = 39/6, route#: 119, violation# : 62, overflow# : 62, conflict# : 88, node#: 20586
## CPU time: 0:0:11, REAL time: 0:0:12
 iter = 40/7, route#: 98, violation# : 55, overflow# : 55, conflict# : 80, node#: 20618
## CPU time: 0:0:11, REAL time: 0:0:12
 iter = 41/8, route#: 83, violation# : 38, overflow# : 38, conflict# : 59, node#: 20670
## CPU time: 0:0:11, REAL time: 0:0:12
 iter = 42/9, route#: 83, violation# : 42, overflow# : 42, conflict# : 63, node#: 20702
## CPU time: 0:0:11, REAL time: 0:0:12
 iter = 43/10, route#: 77, violation# : 34, overflow# : 34, conflict# : 57, node#: 20700
## CPU time: 0:0:11, REAL time: 0:0:12
 iter = 44/5, route#: 97, violation# : 81, overflow# : 81, conflict# : 102, node#: 20589
## CPU time: 0:0:12, REAL time: 0:0:12
 iter = 45/6, route#: 137, violation# : 68, overflow# : 68, conflict# : 100, node#: 20642
## CPU time: 0:0:12, REAL time: 0:0:13
 iter = 46/7, route#: 139, violation# : 73, overflow# : 73, conflict# : 97, node#: 20668
## CPU time: 0:0:12, REAL time: 0:0:13
 iter = 47/8, route#: 113, violation# : 47, overflow# : 47, conflict# : 72, node#: 20747
## CPU time: 0:0:12, REAL time: 0:0:13
 iter = 48/9, route#: 87, violation# : 42, overflow# : 42, conflict# : 58, node#: 20761
## CPU time: 0:0:12, REAL time: 0:0:13
 iter = 49/10, route#: 67, violation# : 36, overflow# : 36, conflict# : 57, node#: 20807
## CPU time: 0:0:12, REAL time: 0:0:13
 iter = 50/5, route#: 108, violation# : 68, overflow# : 68, conflict# : 87, node#: 20677
## CPU time: 0:0:13, REAL time: 0:0:13
 iter = 51/6, route#: 92, violation# : 49, overflow# : 49, conflict# : 75, node#: 20716
## CPU time: 0:0:13, REAL time: 0:0:13
 iter = 52/7, route#: 96, violation# : 44, overflow# : 44, conflict# : 67, node#: 20737
## CPU time: 0:0:13, REAL time: 0:0:13
 iter = 53/8, route#: 65, violation# : 27, overflow# : 27, conflict# : 49, node#: 20765
## CPU time: 0:0:13, REAL time: 0:0:14
 iter = 54/9, route#: 59, violation# : 30, overflow# : 30, conflict# : 49, node#: 20821
## CPU time: 0:0:13, REAL time: 0:0:14
 iter = 55/10, route#: 72, violation# : 33, overflow# : 33, conflict# : 50, node#: 20812
## CPU time: 0:0:13, REAL time: 0:0:14
 iter = 56/5, route#: 110, violation# : 67, overflow# : 67, conflict# : 95, node#: 20709
## CPU time: 0:0:13, REAL time: 0:0:14
 iter = 57/6, route#: 99, violation# : 43, overflow# : 43, conflict# : 70, node#: 20759
## CPU time: 0:0:13, REAL time: 0:0:14
 iter = 58/7, route#: 85, violation# : 35, overflow# : 35, conflict# : 59, node#: 20818
## CPU time: 0:0:13, REAL time: 0:0:14
 iter = 59/8, route#: 76, violation# : 33, overflow# : 33, conflict# : 52, node#: 20862
## CPU time: 0:0:14, REAL time: 0:0:14
 iter = 60/9, route#: 67, violation# : 26, overflow# : 26, conflict# : 43, node#: 20875
## CPU time: 0:0:14, REAL time: 0:0:14
 iter = 61/10, route#: 51, violation# : 26, overflow# : 26, conflict# : 40, node#: 20861
## CPU time: 0:0:14, REAL time: 0:0:14
 iter = 62/5, route#: 95, violation# : 64, overflow# : 64, conflict# : 92, node#: 20727
## CPU time: 0:0:14, REAL time: 0:0:14
 iter = 63/6, route#: 83, violation# : 38, overflow# : 38, conflict# : 63, node#: 20773
## CPU time: 0:0:14, REAL time: 0:0:15
 iter = 64/7, route#: 88, violation# : 39, overflow# : 39, conflict# : 61, node#: 20813
## CPU time: 0:0:14, REAL time: 0:0:15
 iter = 65/8, route#: 64, violation# : 22, overflow# : 22, conflict# : 36, node#: 20885
## CPU time: 0:0:14, REAL time: 0:0:15
 iter = 66/9, route#: 34, violation# : 17, overflow# : 17, conflict# : 27, node#: 20865
## CPU time: 0:0:14, REAL time: 0:0:15
 iter = 67/10, route#: 41, violation# : 21, overflow# : 21, conflict# : 32, node#: 20895
## CPU time: 0:0:14, REAL time: 0:0:15
 iter = 68/5, route#: 40, violation# : 30, overflow# : 30, conflict# : 43, node#: 20839
## CPU time: 0:0:14, REAL time: 0:0:15
 iter = 69/6, route#: 70, violation# : 31, overflow# : 31, conflict# : 49, node#: 20827
## CPU time: 0:0:14, REAL time: 0:0:15
 iter = 70/7, route#: 58, violation# : 29, overflow# : 29, conflict# : 43, node#: 20834
## CPU time: 0:0:14, REAL time: 0:0:15
 iter = 71/8, route#: 47, violation# : 20, overflow# : 20, conflict# : 33, node#: 20869
## CPU time: 0:0:15, REAL time: 0:0:15
 iter = 72/9, route#: 41, violation# : 16, overflow# : 16, conflict# : 28, node#: 20879
## CPU time: 0:0:15, REAL time: 0:0:15
 iter = 73/10, route#: 34, violation# : 15, overflow# : 15, conflict# : 26, node#: 20884
## CPU time: 0:0:15, REAL time: 0:0:15
 iter = 74/5, route#: 37, violation# : 27, overflow# : 27, conflict# : 42, node#: 20842
## CPU time: 0:0:15, REAL time: 0:0:15
 iter = 75/6, route#: 48, violation# : 24, overflow# : 24, conflict# : 35, node#: 20853
## CPU time: 0:0:15, REAL time: 0:0:15
 iter = 76/7, route#: 39, violation# : 22, overflow# : 22, conflict# : 26, node#: 20857
## CPU time: 0:0:15, REAL time: 0:0:15
 iter = 77/8, route#: 32, violation# : 13, overflow# : 13, conflict# : 23, node#: 20884
## CPU time: 0:0:15, REAL time: 0:0:15
 iter = 78/9, route#: 31, violation# : 14, overflow# : 14, conflict# : 20, node#: 20855
## CPU time: 0:0:15, REAL time: 0:0:15
 iter = 79/10, route#: 23, violation# : 11, overflow# : 11, conflict# : 19, node#: 20872
## CPU time: 0:0:15, REAL time: 0:0:16
 iter = 80/5, route#: 34, violation# : 23, overflow# : 23, conflict# : 33, node#: 20837
## CPU time: 0:0:15, REAL time: 0:0:16
 iter = 81/6, route#: 71, violation# : 42, overflow# : 42, conflict# : 59, node#: 20809
## CPU time: 0:0:15, REAL time: 0:0:16
 iter = 82/7, route#: 71, violation# : 29, overflow# : 29, conflict# : 47, node#: 20834
## CPU time: 0:0:15, REAL time: 0:0:16
 iter = 83/8, route#: 48, violation# : 22, overflow# : 22, conflict# : 35, node#: 20856
## CPU time: 0:0:15, REAL time: 0:0:16
 iter = 84/9, route#: 29, violation# : 10, overflow# : 10, conflict# : 19, node#: 20873
## CPU time: 0:0:15, REAL time: 0:0:16
 iter = 85/10, route#: 28, violation# : 14, overflow# : 14, conflict# : 24, node#: 20874
## CPU time: 0:0:15, REAL time: 0:0:16
 iter = 86/5, route#: 49, violation# : 34, overflow# : 34, conflict# : 46, node#: 20813
## CPU time: 0:0:16, REAL time: 0:0:16
 iter = 87/6, route#: 65, violation# : 28, overflow# : 28, conflict# : 43, node#: 20829
## CPU time: 0:0:16, REAL time: 0:0:16
 iter = 88/7, route#: 43, violation# : 17, overflow# : 17, conflict# : 28, node#: 20841
## CPU time: 0:0:16, REAL time: 0:0:16
 iter = 89/8, route#: 33, violation# : 17, overflow# : 17, conflict# : 25, node#: 20851
## CPU time: 0:0:16, REAL time: 0:0:16
 iter = 90/9, route#: 30, violation# : 14, overflow# : 14, conflict# : 25, node#: 20895
## CPU time: 0:0:16, REAL time: 0:0:16
 iter = 91/10, route#: 26, violation# : 12, overflow# : 12, conflict# : 21, node#: 20878
## CPU time: 0:0:16, REAL time: 0:0:16
 iter = 92/5, route#: 31, violation# : 28, overflow# : 28, conflict# : 35, node#: 20848
## CPU time: 0:0:16, REAL time: 0:0:16
 iter = 93/6, route#: 55, violation# : 26, overflow# : 26, conflict# : 41, node#: 20825
## CPU time: 0:0:16, REAL time: 0:0:17
 iter = 94/7, route#: 43, violation# : 16, overflow# : 16, conflict# : 26, node#: 20843
## CPU time: 0:0:16, REAL time: 0:0:17
 iter = 95/8, route#: 29, violation# : 13, overflow# : 13, conflict# : 23, node#: 20854
## CPU time: 0:0:16, REAL time: 0:0:17
 iter = 96/9, route#: 26, violation# : 14, overflow# : 14, conflict# : 23, node#: 20885
## CPU time: 0:0:16, REAL time: 0:0:17
 iter = 97/10, route#: 29, violation# : 15, overflow# : 15, conflict# : 25, node#: 20886
## CPU time: 0:0:16, REAL time: 0:0:17
 iter = 98/5, route#: 30, violation# : 21, overflow# : 21, conflict# : 33, node#: 20811
## CPU time: 0:0:16, REAL time: 0:0:17
 iter = 99/6, route#: 48, violation# : 31, overflow# : 31, conflict# : 41, node#: 20808
## CPU time: 0:0:16, REAL time: 0:0:17
 iter = 100/7, route#: 51, violation# : 25, overflow# : 25, conflict# : 36, node#: 20831
## CPU time: 0:0:16, REAL time: 0:0:17
 iter = 101/8, route#: 42, violation# : 14, overflow# : 14, conflict# : 26, node#: 20864
## CPU time: 0:0:16, REAL time: 0:0:17
 iter = 102/9, route#: 40, violation# : 18, overflow# : 18, conflict# : 29, node#: 20879
## CPU time: 0:0:16, REAL time: 0:0:17
 iter = 103/10, route#: 43, violation# : 13, overflow# : 13, conflict# : 23, node#: 20877
## CPU time: 0:0:17, REAL time: 0:0:17
 iter = 104/5, route#: 49, violation# : 39, overflow# : 39, conflict# : 47, node#: 20829
## CPU time: 0:0:17, REAL time: 0:0:17
 iter = 105/6, route#: 60, violation# : 26, overflow# : 26, conflict# : 39, node#: 20837
## CPU time: 0:0:17, REAL time: 0:0:17
 iter = 106/7, route#: 53, violation# : 24, overflow# : 24, conflict# : 36, node#: 20865
## CPU time: 0:0:17, REAL time: 0:0:17
 iter = 107/8, route#: 34, violation# : 18, overflow# : 18, conflict# : 29, node#: 20863
## CPU time: 0:0:17, REAL time: 0:0:17
 iter = 108/9, route#: 32, violation# : 14, overflow# : 14, conflict# : 23, node#: 20876
## CPU time: 0:0:17, REAL time: 0:0:18
 iter = 109/10, route#: 27, violation# : 12, overflow# : 12, conflict# : 22, node#: 20892
## CPU time: 0:0:17, REAL time: 0:0:18
 iter = 110/5, route#: 26, violation# : 21, overflow# : 21, conflict# : 33, node#: 20858
## CPU time: 0:0:17, REAL time: 0:0:18
 iter = 111/6, route#: 43, violation# : 17, overflow# : 17, conflict# : 31, node#: 20860
## CPU time: 0:0:17, REAL time: 0:0:18
 iter = 112/7, route#: 38, violation# : 19, overflow# : 19, conflict# : 29, node#: 20859
## CPU time: 0:0:17, REAL time: 0:0:18
 iter = 113/8, route#: 29, violation# : 12, overflow# : 12, conflict# : 22, node#: 20890
## CPU time: 0:0:17, REAL time: 0:0:18
 iter = 114/9, route#: 28, violation# : 11, overflow# : 11, conflict# : 20, node#: 20895
## CPU time: 0:0:17, REAL time: 0:0:18
 iter = 115/10, route#: 20, violation# : 10, overflow# : 10, conflict# : 18, node#: 20909
## CPU time: 0:0:17, REAL time: 0:0:18
 iter = 116/5, route#: 32, violation# : 28, overflow# : 28, conflict# : 32, node#: 20861
## CPU time: 0:0:17, REAL time: 0:0:18
 iter = 117/6, route#: 28, violation# : 15, overflow# : 15, conflict# : 26, node#: 20882
## CPU time: 0:0:17, REAL time: 0:0:18
 iter = 118/7, route#: 48, violation# : 26, overflow# : 26, conflict# : 39, node#: 20893
## CPU time: 0:0:18, REAL time: 0:0:18
 iter = 119/8, route#: 36, violation# : 13, overflow# : 13, conflict# : 26, node#: 20917
## CPU time: 0:0:18, REAL time: 0:0:18
 iter = 120/9, route#: 27, violation# : 9, overflow# : 9, conflict# : 17, node#: 20937
## CPU time: 0:0:18, REAL time: 0:0:18
 iter = 121/10, route#: 18, violation# : 9, overflow# : 9, conflict# : 18, node#: 20930
## CPU time: 0:0:18, REAL time: 0:0:18
 iter = 122/5, route#: 23, violation# : 15, overflow# : 15, conflict# : 26, node#: 20896
## CPU time: 0:0:18, REAL time: 0:0:18
 iter = 123/6, route#: 35, violation# : 15, overflow# : 15, conflict# : 27, node#: 20897
## CPU time: 0:0:18, REAL time: 0:0:18
 iter = 124/7, route#: 30, violation# : 13, overflow# : 13, conflict# : 21, node#: 20909
## CPU time: 0:0:18, REAL time: 0:0:18
 iter = 125/8, route#: 22, violation# : 8, overflow# : 8, conflict# : 15, node#: 20916
## CPU time: 0:0:18, REAL time: 0:0:18
 iter = 126/9, route#: 19, violation# : 7, overflow# : 7, conflict# : 13, node#: 20916
## CPU time: 0:0:18, REAL time: 0:0:18
 iter = 127/10, route#: 14, violation# : 6, overflow# : 6, conflict# : 11, node#: 20933
## CPU time: 0:0:18, REAL time: 0:0:18
 iter = 128/5, route#: 9, violation# : 9, overflow# : 9, conflict# : 15, node#: 20913
## CPU time: 0:0:18, REAL time: 0:0:18
 iter = 129/6, route#: 23, violation# : 11, overflow# : 11, conflict# : 17, node#: 20906
## CPU time: 0:0:18, REAL time: 0:0:18
 iter = 130/7, route#: 35, violation# : 15, overflow# : 15, conflict# : 24, node#: 20896
## CPU time: 0:0:18, REAL time: 0:0:19
 iter = 131/8, route#: 27, violation# : 11, overflow# : 11, conflict# : 18, node#: 20909
## CPU time: 0:0:18, REAL time: 0:0:19
 iter = 132/9, route#: 22, violation# : 8, overflow# : 8, conflict# : 15, node#: 20914
## CPU time: 0:0:18, REAL time: 0:0:19
 iter = 133/10, route#: 13, violation# : 7, overflow# : 7, conflict# : 10, node#: 20916
## CPU time: 0:0:18, REAL time: 0:0:19
 iter = 134/5, route#: 14, violation# : 11, overflow# : 11, conflict# : 17, node#: 20900
## CPU time: 0:0:18, REAL time: 0:0:19
 iter = 135/6, route#: 18, violation# : 8, overflow# : 8, conflict# : 15, node#: 20895
## CPU time: 0:0:18, REAL time: 0:0:19
 iter = 136/7, route#: 22, violation# : 9, overflow# : 9, conflict# : 16, node#: 20885
## CPU time: 0:0:18, REAL time: 0:0:19
 iter = 137/8, route#: 16, violation# : 4, overflow# : 4, conflict# : 8, node#: 20899
## CPU time: 0:0:18, REAL time: 0:0:19
 iter = 138/9, route#: 8, violation# : 4, overflow# : 4, conflict# : 8, node#: 20901
## CPU time: 0:0:18, REAL time: 0:0:19
 iter = 139/10, route#: 9, violation# : 4, overflow# : 4, conflict# : 8, node#: 20900
## CPU time: 0:0:18, REAL time: 0:0:19
 iter = 140/5, route#: 11, violation# : 6, overflow# : 6, conflict# : 9, node#: 20884
## CPU time: 0:0:18, REAL time: 0:0:19
 iter = 141/6, route#: 11, violation# : 5, overflow# : 5, conflict# : 9, node#: 20886
## CPU time: 0:0:18, REAL time: 0:0:19
 iter = 142/7, route#: 11, violation# : 6, overflow# : 6, conflict# : 10, node#: 20885
## CPU time: 0:0:18, REAL time: 0:0:19
 iter = 143/8, route#: 10, violation# : 5, overflow# : 5, conflict# : 10, node#: 20889
## CPU time: 0:0:18, REAL time: 0:0:19
 iter = 144/9, route#: 12, violation# : 6, overflow# : 6, conflict# : 11, node#: 20894
## CPU time: 0:0:18, REAL time: 0:0:19
 iter = 145/10, route#: 11, violation# : 5, overflow# : 5, conflict# : 10, node#: 20889
## CPU time: 0:0:18, REAL time: 0:0:19
 iter = 146/5, route#: 9, violation# : 6, overflow# : 6, conflict# : 10, node#: 20884
## CPU time: 0:0:18, REAL time: 0:0:19
 iter = 147/6, route#: 12, violation# : 6, overflow# : 6, conflict# : 11, node#: 20885
## CPU time: 0:0:18, REAL time: 0:0:19
 iter = 148/7, route#: 15, violation# : 7, overflow# : 7, conflict# : 13, node#: 20886
## CPU time: 0:0:18, REAL time: 0:0:19
 iter = 149/8, route#: 10, violation# : 4, overflow# : 4, conflict# : 8, node#: 20897
## CPU time: 0:0:18, REAL time: 0:0:19
 iter = 150/9, route#: 10, violation# : 5, overflow# : 5, conflict# : 8, node#: 20901
## CPU time: 0:0:18, REAL time: 0:0:19
 iter = 151/10, route#: 9, violation# : 4, overflow# : 4, conflict# : 7, node#: 20901
## CPU time: 0:0:18, REAL time: 0:0:19
 iter = 152/5, route#: 6, violation# : 3, overflow# : 3, conflict# : 6, node#: 20900
## CPU time: 0:0:18, REAL time: 0:0:19
 iter = 153/6, route#: 6, violation# : 5, overflow# : 5, conflict# : 7, node#: 20899
## CPU time: 0:0:18, REAL time: 0:0:19
 iter = 154/7, route#: 10, violation# : 5, overflow# : 5, conflict# : 8, node#: 20888
## CPU time: 0:0:18, REAL time: 0:0:19
 iter = 155/8, route#: 10, violation# : 4, overflow# : 4, conflict# : 8, node#: 20888
## CPU time: 0:0:18, REAL time: 0:0:19
 iter = 156/9, route#: 10, violation# : 3, overflow# : 3, conflict# : 6, node#: 20894
## CPU time: 0:0:18, REAL time: 0:0:19
 iter = 157/10, route#: 10, violation# : 5, overflow# : 5, conflict# : 10, node#: 20898
## CPU time: 0:0:18, REAL time: 0:0:19
 iter = 158/5, route#: 9, violation# : 6, overflow# : 6, conflict# : 9, node#: 20885
## CPU time: 0:0:18, REAL time: 0:0:19
 iter = 159/6, route#: 16, violation# : 7, overflow# : 7, conflict# : 12, node#: 20875
## CPU time: 0:0:18, REAL time: 0:0:19
 iter = 160/7, route#: 13, violation# : 5, overflow# : 5, conflict# : 10, node#: 20871
## CPU time: 0:0:18, REAL time: 0:0:19
 iter = 161/8, route#: 12, violation# : 5, overflow# : 5, conflict# : 7, node#: 20888
## CPU time: 0:0:18, REAL time: 0:0:19
 iter = 162/9, route#: 7, violation# : 4, overflow# : 4, conflict# : 6, node#: 20895
## CPU time: 0:0:18, REAL time: 0:0:19
 iter = 163/10, route#: 9, violation# : 5, overflow# : 5, conflict# : 8, node#: 20891
## CPU time: 0:0:18, REAL time: 0:0:19
 iter = 164/5, route#: 14, violation# : 12, overflow# : 12, conflict# : 16, node#: 20855
## CPU time: 0:0:19, REAL time: 0:0:19
 iter = 165/6, route#: 19, violation# : 10, overflow# : 10, conflict# : 15, node#: 20836
## CPU time: 0:0:19, REAL time: 0:0:19
 iter = 166/7, route#: 18, violation# : 8, overflow# : 8, conflict# : 12, node#: 20865
## CPU time: 0:0:19, REAL time: 0:0:19
 iter = 167/8, route#: 16, violation# : 9, overflow# : 9, conflict# : 13, node#: 20858
## CPU time: 0:0:19, REAL time: 0:0:19
 iter = 168/9, route#: 15, violation# : 7, overflow# : 7, conflict# : 11, node#: 20867
## CPU time: 0:0:19, REAL time: 0:0:19
 iter = 169/10, route#: 12, violation# : 7, overflow# : 7, conflict# : 12, node#: 20863
## CPU time: 0:0:19, REAL time: 0:0:19
 iter = 170/5, route#: 13, violation# : 12, overflow# : 12, conflict# : 16, node#: 20860
## CPU time: 0:0:19, REAL time: 0:0:19
 iter = 171/6, route#: 14, violation# : 7, overflow# : 7, conflict# : 13, node#: 20864
## CPU time: 0:0:19, REAL time: 0:0:19
 iter = 172/7, route#: 19, violation# : 7, overflow# : 7, conflict# : 14, node#: 20860
## CPU time: 0:0:19, REAL time: 0:0:19
 iter = 173/8, route#: 15, violation# : 5, overflow# : 5, conflict# : 10, node#: 20880
## CPU time: 0:0:19, REAL time: 0:0:19
 iter = 174/9, route#: 17, violation# : 7, overflow# : 7, conflict# : 14, node#: 20888
## CPU time: 0:0:19, REAL time: 0:0:19
 iter = 175/10, route#: 14, violation# : 4, overflow# : 4, conflict# : 7, node#: 20888
## CPU time: 0:0:19, REAL time: 0:0:19
 iter = 176/5, route#: 9, violation# : 12, overflow# : 12, conflict# : 15, node#: 20879
## CPU time: 0:0:19, REAL time: 0:0:20
 iter = 177/6, route#: 37, violation# : 17, overflow# : 17, conflict# : 24, node#: 20864
## CPU time: 0:0:19, REAL time: 0:0:20
 iter = 178/7, route#: 30, violation# : 14, overflow# : 14, conflict# : 21, node#: 20883
## CPU time: 0:0:19, REAL time: 0:0:20
 iter = 179/8, route#: 18, violation# : 6, overflow# : 6, conflict# : 9, node#: 20895
## CPU time: 0:0:19, REAL time: 0:0:20
 iter = 180/9, route#: 20, violation# : 8, overflow# : 8, conflict# : 12, node#: 20911
## CPU time: 0:0:19, REAL time: 0:0:20
 iter = 181/10, route#: 12, violation# : 5, overflow# : 5, conflict# : 8, node#: 20912
## CPU time: 0:0:19, REAL time: 0:0:20
 iter = 182/5, route#: 8, violation# : 8, overflow# : 8, conflict# : 12, node#: 20900
## CPU time: 0:0:19, REAL time: 0:0:20
 iter = 183/6, route#: 32, violation# : 20, overflow# : 20, conflict# : 27, node#: 20855
## CPU time: 0:0:19, REAL time: 0:0:20
 iter = 184/7, route#: 28, violation# : 11, overflow# : 11, conflict# : 15, node#: 20902
## CPU time: 0:0:19, REAL time: 0:0:20
 iter = 185/8, route#: 14, violation# : 7, overflow# : 7, conflict# : 9, node#: 20905
## CPU time: 0:0:19, REAL time: 0:0:20
 iter = 186/9, route#: 10, violation# : 5, overflow# : 5, conflict# : 8, node#: 20919
## CPU time: 0:0:19, REAL time: 0:0:20
 iter = 187/10, route#: 12, violation# : 7, overflow# : 7, conflict# : 10, node#: 20908
## CPU time: 0:0:19, REAL time: 0:0:20
 iter = 188/5, route#: 17, violation# : 7, overflow# : 7, conflict# : 8, node#: 20901
## CPU time: 0:0:19, REAL time: 0:0:20
 iter = 189/6, route#: 14, violation# : 11, overflow# : 11, conflict# : 14, node#: 20901
## CPU time: 0:0:19, REAL time: 0:0:20
 iter = 190/7, route#: 26, violation# : 17, overflow# : 17, conflict# : 20, node#: 20907
## CPU time: 0:0:19, REAL time: 0:0:20
 iter = 191/8, route#: 21, violation# : 14, overflow# : 14, conflict# : 19, node#: 20929
## CPU time: 0:0:19, REAL time: 0:0:20
 iter = 192/9, route#: 16, violation# : 7, overflow# : 7, conflict# : 11, node#: 20934
## CPU time: 0:0:20, REAL time: 0:0:20
 iter = 193/10, route#: 15, violation# : 7, overflow# : 7, conflict# : 13, node#: 20927
## CPU time: 0:0:20, REAL time: 0:0:20
 iter = 194/5, route#: 21, violation# : 17, overflow# : 17, conflict# : 25, node#: 20895
## CPU time: 0:0:20, REAL time: 0:0:20
 iter = 195/6, route#: 29, violation# : 9, overflow# : 9, conflict# : 15, node#: 20888
## CPU time: 0:0:20, REAL time: 0:0:20
 iter = 196/7, route#: 34, violation# : 14, overflow# : 14, conflict# : 22, node#: 20897
## CPU time: 0:0:20, REAL time: 0:0:20
 iter = 197/8, route#: 23, violation# : 11, overflow# : 11, conflict# : 15, node#: 20920
## CPU time: 0:0:20, REAL time: 0:0:20
 iter = 198/9, route#: 20, violation# : 10, overflow# : 10, conflict# : 14, node#: 20929
## CPU time: 0:0:20, REAL time: 0:0:20
 iter = 199/10, route#: 18, violation# : 9, overflow# : 9, conflict# : 12, node#: 20940
## CPU time: 0:0:20, REAL time: 0:0:20
 iter = 200/5, route#: 32, violation# : 20, overflow# : 20, conflict# : 27, node#: 20860
## CPU time: 0:0:20, REAL time: 0:0:21
 iter = 201/6, route#: 30, violation# : 14, overflow# : 14, conflict# : 22, node#: 20874
## CPU time: 0:0:20, REAL time: 0:0:21
 iter = 202/7, route#: 30, violation# : 15, overflow# : 15, conflict# : 22, node#: 20898
## CPU time: 0:0:20, REAL time: 0:0:21
 iter = 203/8, route#: 23, violation# : 10, overflow# : 10, conflict# : 18, node#: 20929
## CPU time: 0:0:20, REAL time: 0:0:21
 iter = 204/9, route#: 26, violation# : 11, overflow# : 11, conflict# : 17, node#: 20948
## CPU time: 0:0:20, REAL time: 0:0:21
 iter = 205/10, route#: 15, violation# : 8, overflow# : 8, conflict# : 12, node#: 20945
## CPU time: 0:0:20, REAL time: 0:0:21
 iter = 206/5, route#: 16, violation# : 14, overflow# : 14, conflict# : 18, node#: 20918
## CPU time: 0:0:20, REAL time: 0:0:21
 iter = 207/6, route#: 23, violation# : 15, overflow# : 15, conflict# : 23, node#: 20908
## CPU time: 0:0:20, REAL time: 0:0:21
 iter = 208/7, route#: 27, violation# : 14, overflow# : 14, conflict# : 18, node#: 20912
## CPU time: 0:0:20, REAL time: 0:0:21
 iter = 209/8, route#: 24, violation# : 10, overflow# : 10, conflict# : 16, node#: 20935
## CPU time: 0:0:20, REAL time: 0:0:21
 iter = 210/9, route#: 18, violation# : 12, overflow# : 12, conflict# : 18, node#: 20930
## CPU time: 0:0:20, REAL time: 0:0:21
 iter = 211/10, route#: 31, violation# : 13, overflow# : 13, conflict# : 20, node#: 20960
## CPU time: 0:0:20, REAL time: 0:0:21
 iter = 212/5, route#: 28, violation# : 21, overflow# : 21, conflict# : 31, node#: 20922
## CPU time: 0:0:21, REAL time: 0:0:21
 iter = 213/6, route#: 46, violation# : 24, overflow# : 24, conflict# : 39, node#: 20898
## CPU time: 0:0:21, REAL time: 0:0:21
 iter = 214/7, route#: 52, violation# : 24, overflow# : 24, conflict# : 36, node#: 20896
## CPU time: 0:0:21, REAL time: 0:0:21
 iter = 215/8, route#: 37, violation# : 11, overflow# : 11, conflict# : 19, node#: 20937
## CPU time: 0:0:21, REAL time: 0:0:21
 iter = 216/9, route#: 20, violation# : 8, overflow# : 8, conflict# : 15, node#: 20942
## CPU time: 0:0:21, REAL time: 0:0:21
 iter = 217/10, route#: 19, violation# : 9, overflow# : 9, conflict# : 15, node#: 20937
## CPU time: 0:0:21, REAL time: 0:0:21
 iter = 218/5, route#: 21, violation# : 16, overflow# : 16, conflict# : 23, node#: 20913
## CPU time: 0:0:21, REAL time: 0:0:21
 iter = 219/6, route#: 59, violation# : 28, overflow# : 28, conflict# : 44, node#: 20905
## CPU time: 0:0:21, REAL time: 0:0:22
 iter = 220/7, route#: 53, violation# : 27, overflow# : 27, conflict# : 41, node#: 20887
## CPU time: 0:0:21, REAL time: 0:0:22
 iter = 221/8, route#: 43, violation# : 17, overflow# : 17, conflict# : 26, node#: 20921
## CPU time: 0:0:21, REAL time: 0:0:22
 iter = 222/9, route#: 38, violation# : 14, overflow# : 14, conflict# : 24, node#: 20951
## CPU time: 0:0:21, REAL time: 0:0:22
 iter = 223/10, route#: 31, violation# : 11, overflow# : 11, conflict# : 19, node#: 20929
## CPU time: 0:0:21, REAL time: 0:0:22
 iter = 224/5, route#: 46, violation# : 29, overflow# : 29, conflict# : 38, node#: 20861
## CPU time: 0:0:21, REAL time: 0:0:22
 iter = 225/6, route#: 46, violation# : 27, overflow# : 27, conflict# : 39, node#: 20864
## CPU time: 0:0:21, REAL time: 0:0:22
 iter = 226/7, route#: 41, violation# : 16, overflow# : 16, conflict# : 26, node#: 20885
## CPU time: 0:0:21, REAL time: 0:0:22
 iter = 227/8, route#: 29, violation# : 11, overflow# : 11, conflict# : 19, node#: 20927
## CPU time: 0:0:21, REAL time: 0:0:22
 iter = 228/9, route#: 22, violation# : 12, overflow# : 12, conflict# : 19, node#: 20930
## CPU time: 0:0:21, REAL time: 0:0:22
 iter = 229/10, route#: 20, violation# : 11, overflow# : 11, conflict# : 16, node#: 20944
## CPU time: 0:0:21, REAL time: 0:0:22
 iter = 230/5, route#: 13, violation# : 11, overflow# : 11, conflict# : 18, node#: 20936
## CPU time: 0:0:22, REAL time: 0:0:22
 iter = 231/6, route#: 31, violation# : 14, overflow# : 14, conflict# : 24, node#: 20914
## CPU time: 0:0:22, REAL time: 0:0:22
 iter = 232/7, route#: 33, violation# : 12, overflow# : 12, conflict# : 21, node#: 20935
## CPU time: 0:0:22, REAL time: 0:0:22
 iter = 233/8, route#: 22, violation# : 11, overflow# : 11, conflict# : 17, node#: 20957
## CPU time: 0:0:22, REAL time: 0:0:22
 iter = 234/9, route#: 21, violation# : 9, overflow# : 9, conflict# : 16, node#: 20951
## CPU time: 0:0:22, REAL time: 0:0:22
 iter = 235/10, route#: 19, violation# : 5, overflow# : 5, conflict# : 10, node#: 20957
## CPU time: 0:0:22, REAL time: 0:0:22
 iter = 236/5, route#: 12, violation# : 9, overflow# : 9, conflict# : 15, node#: 20940
## CPU time: 0:0:22, REAL time: 0:0:22
 iter = 237/6, route#: 18, violation# : 9, overflow# : 9, conflict# : 17, node#: 20952
## CPU time: 0:0:22, REAL time: 0:0:22
 iter = 238/7, route#: 20, violation# : 8, overflow# : 8, conflict# : 13, node#: 20954
## CPU time: 0:0:22, REAL time: 0:0:22
 iter = 239/8, route#: 23, violation# : 8, overflow# : 8, conflict# : 13, node#: 20982
## CPU time: 0:0:22, REAL time: 0:0:22
 iter = 240/9, route#: 18, violation# : 8, overflow# : 8, conflict# : 13, node#: 20986
## CPU time: 0:0:22, REAL time: 0:0:22
 iter = 241/10, route#: 12, violation# : 7, overflow# : 7, conflict# : 11, node#: 20992
## CPU time: 0:0:22, REAL time: 0:0:22
 iter = 242/5, route#: 11, violation# : 7, overflow# : 7, conflict# : 11, node#: 20972
## CPU time: 0:0:22, REAL time: 0:0:22
 iter = 243/6, route#: 15, violation# : 9, overflow# : 9, conflict# : 14, node#: 20983
## CPU time: 0:0:22, REAL time: 0:0:22
 iter = 244/7, route#: 12, violation# : 5, overflow# : 5, conflict# : 9, node#: 20985
## CPU time: 0:0:22, REAL time: 0:0:23
 iter = 245/8, route#: 10, violation# : 6, overflow# : 6, conflict# : 9, node#: 20996
## CPU time: 0:0:22, REAL time: 0:0:23
 iter = 246/9, route#: 12, violation# : 5, overflow# : 5, conflict# : 9, node#: 21002
## CPU time: 0:0:22, REAL time: 0:0:23
 iter = 247/10, route#: 10, violation# : 5, overflow# : 5, conflict# : 10, node#: 21004
## CPU time: 0:0:22, REAL time: 0:0:23
 iter = 248/5, route#: 8, violation# : 8, overflow# : 8, conflict# : 11, node#: 20987
## CPU time: 0:0:22, REAL time: 0:0:23
 iter = 249/6, route#: 34, violation# : 13, overflow# : 13, conflict# : 24, node#: 20965
## CPU time: 0:0:22, REAL time: 0:0:23
 iter = 250/7, route#: 24, violation# : 10, overflow# : 10, conflict# : 17, node#: 20973
## CPU time: 0:0:22, REAL time: 0:0:23
 iter = 251/8, route#: 14, violation# : 2, overflow# : 2, conflict# : 4, node#: 20982
## CPU time: 0:0:22, REAL time: 0:0:23
 iter = 252/9, route#: 5, violation# : 1, overflow# : 1, conflict# : 2, node#: 20993
## CPU time: 0:0:22, REAL time: 0:0:23
 iter = 253/10, route#: 2, violation# : 1, overflow# : 1, conflict# : 2, node#: 20993
## CPU time: 0:0:22, REAL time: 0:0:23
 iter = 254/5, route#: 3, violation# : 2, overflow# : 2, conflict# : 3, node#: 20985
## CPU time: 0:0:22, REAL time: 0:0:23
 iter = 255/6, route#: 2, violation# : 2, overflow# : 2, conflict# : 3, node#: 20985
## CPU time: 0:0:22, REAL time: 0:0:23
 iter = 256/7, route#: 12, violation# : 7, overflow# : 7, conflict# : 11, node#: 20981
## CPU time: 0:0:22, REAL time: 0:0:23
 iter = 257/8, route#: 7, violation# : 2, overflow# : 2, conflict# : 4, node#: 20990
## CPU time: 0:0:22, REAL time: 0:0:23
 iter = 258/9, route#: 3, violation# : 1, overflow# : 1, conflict# : 2, node#: 20995
## CPU time: 0:0:22, REAL time: 0:0:23
 iter = 259/10, route#: 3, violation# : 1, overflow# : 1, conflict# : 2, node#: 20997
## CPU time: 0:0:22, REAL time: 0:0:23
 iter = 260/5, route#: 2, violation# : 1, overflow# : 1, conflict# : 2, node#: 20992
## CPU time: 0:0:22, REAL time: 0:0:23
 iter = 261/6, route#: 2, violation# : 1, overflow# : 1, conflict# : 2, node#: 20992
## CPU time: 0:0:22, REAL time: 0:0:23
 iter = 262/7, route#: 3, violation# : 1, overflow# : 1, conflict# : 2, node#: 20997
## CPU time: 0:0:22, REAL time: 0:0:23
 iter = 263/8, route#: 2, violation# : 1, overflow# : 1, conflict# : 2, node#: 20992
## CPU time: 0:0:22, REAL time: 0:0:23
 iter = 264/9, route#: 2, violation# : 1, overflow# : 1, conflict# : 2, node#: 20995
## CPU time: 0:0:22, REAL time: 0:0:23
 iter = 265/10, route#: 2, violation# : 1, overflow# : 1, conflict# : 2, node#: 20992
## CPU time: 0:0:22, REAL time: 0:0:23
 iter = 266/5, route#: 2, violation# : 1, overflow# : 1, conflict# : 2, node#: 20993
## CPU time: 0:0:22, REAL time: 0:0:23
 iter = 267/6, route#: 6, violation# : 4, overflow# : 4, conflict# : 5, node#: 20995
## CPU time: 0:0:22, REAL time: 0:0:23
 iter = 268/7, route#: 4, violation# : 2, overflow# : 2, conflict# : 3, node#: 20995
## CPU time: 0:0:22, REAL time: 0:0:23
 iter = 269/8, route#: 3, violation# : 2, overflow# : 2, conflict# : 3, node#: 20995
## CPU time: 0:0:22, REAL time: 0:0:23
 iter = 270/9, route#: 3, violation# : 2, overflow# : 2, conflict# : 3, node#: 20995
## CPU time: 0:0:22, REAL time: 0:0:23
 iter = 271/10, route#: 7, violation# : 3, overflow# : 3, conflict# : 5, node#: 21017
## CPU time: 0:0:22, REAL time: 0:0:23
 iter = 272/5, route#: 17, violation# : 8, overflow# : 8, conflict# : 12, node#: 20986
## CPU time: 0:0:22, REAL time: 0:0:23
 iter = 273/6, route#: 9, violation# : 3, overflow# : 3, conflict# : 6, node#: 20992
## CPU time: 0:0:22, REAL time: 0:0:23
 iter = 274/7, route#: 8, violation# : 3, overflow# : 3, conflict# : 6, node#: 21014
## CPU time: 0:0:22, REAL time: 0:0:23
 iter = 275/8, route#: 12, violation# : 3, overflow# : 3, conflict# : 5, node#: 21033
## CPU time: 0:0:22, REAL time: 0:0:23
 iter = 276/9, route#: 4, violation# : 1, overflow# : 1, conflict# : 2, node#: 21022
## CPU time: 0:0:22, REAL time: 0:0:23
 iter = 277/10, route#: 2, violation# : 1, overflow# : 1, conflict# : 2, node#: 21022
## CPU time: 0:0:22, REAL time: 0:0:23
 iter = 278/5, route#: 3, violation# : 3, overflow# : 3, conflict# : 4, node#: 21015
## CPU time: 0:0:22, REAL time: 0:0:23
 iter = 279/6, route#: 4, violation# : 3, overflow# : 3, conflict# : 4, node#: 21015
## CPU time: 0:0:22, REAL time: 0:0:23
 iter = 280/7, route#: 5, violation# : 1, overflow# : 1, conflict# : 2, node#: 21017
## CPU time: 0:0:22, REAL time: 0:0:23
 iter = 281/8, route#: 2, violation# : 1, overflow# : 1, conflict# : 2, node#: 21017
## CPU time: 0:0:22, REAL time: 0:0:23
 iter = 282/9, route#: 2, violation# : 1, overflow# : 1, conflict# : 2, node#: 21017
## CPU time: 0:0:22, REAL time: 0:0:23
 iter = 283/10, route#: 4, violation# : 1, overflow# : 1, conflict# : 2, node#: 21034
## CPU time: 0:0:22, REAL time: 0:0:23
 iter = 284/5, route#: 2, violation# : 1, overflow# : 1, conflict# : 2, node#: 21022
## CPU time: 0:0:22, REAL time: 0:0:23
 iter = 285/6, route#: 2, violation# : 2, overflow# : 2, conflict# : 3, node#: 21024
## CPU time: 0:0:22, REAL time: 0:0:23
 iter = 286/7, route#: 3, violation# : 1, overflow# : 1, conflict# : 2, node#: 21023
## CPU time: 0:0:22, REAL time: 0:0:23
 iter = 287/8, route#: 2, violation# : 1, overflow# : 1, conflict# : 2, node#: 21023
## CPU time: 0:0:22, REAL time: 0:0:23
 iter = 288/9, route#: 2, violation# : 1, overflow# : 1, conflict# : 2, node#: 21023
## CPU time: 0:0:22, REAL time: 0:0:23
 iter = 289/10, route#: 2, violation# : 1, overflow# : 1, conflict# : 2, node#: 21023
## CPU time: 0:0:22, REAL time: 0:0:23
 iter = 290/5, route#: 2, violation# : 1, overflow# : 1, conflict# : 2, node#: 21020
## CPU time: 0:0:22, REAL time: 0:0:23
 iter = 291/6, route#: 2, violation# : 1, overflow# : 1, conflict# : 2, node#: 21020
## CPU time: 0:0:23, REAL time: 0:0:23
 iter = 292/7, route#: 2, violation# : 1, overflow# : 1, conflict# : 2, node#: 21032
## CPU time: 0:0:23, REAL time: 0:0:23
 iter = 293/8, route#: 3, violation# : 1, overflow# : 1, conflict# : 2, node#: 21032
## CPU time: 0:0:23, REAL time: 0:0:23
 iter = 294/9, route#: 3, violation# : 2, overflow# : 2, conflict# : 3, node#: 21021
## CPU time: 0:0:23, REAL time: 0:0:23
 iter = 295/10, route#: 4, violation# : 2, overflow# : 2, conflict# : 4, node#: 21032
## CPU time: 0:0:23, REAL time: 0:0:23
 iter = 296/5, route#: 3, violation# : 2, overflow# : 2, conflict# : 3, node#: 21021
## CPU time: 0:0:23, REAL time: 0:0:23
 iter = 297/6, route#: 4, violation# : 2, overflow# : 2, conflict# : 2, node#: 21021
## CPU time: 0:0:23, REAL time: 0:0:23
 iter = 298/7, route#: 2, violation# : 1, overflow# : 1, conflict# : 2, node#: 21020
## CPU time: 0:0:23, REAL time: 0:0:23
 iter = 299/8, route#: 4, violation# : 2, overflow# : 2, conflict# : 4, node#: 21034
## CPU time: 0:0:23, REAL time: 0:0:23
 iter = 300/9, route#: 4, violation# : 1, overflow# : 1, conflict# : 2, node#: 21022
## CPU time: 0:0:23, REAL time: 0:0:23
 iter = 301/10, route#: 2, violation# : 2, overflow# : 2, conflict# : 2, node#: 21021
## CPU time: 0:0:23, REAL time: 0:0:23
 iter = 302/5, route#: 2, violation# : 1, overflow# : 1, conflict# : 2, node#: 21022
## CPU time: 0:0:23, REAL time: 0:0:23
 iter = 303/6, route#: 2, violation# : 1, overflow# : 1, conflict# : 2, node#: 21022
## CPU time: 0:0:23, REAL time: 0:0:23
 iter = 304/7, route#: 2, violation# : 2, overflow# : 2, conflict# : 2, node#: 21021
## CPU time: 0:0:23, REAL time: 0:0:23
 iter = 305/8, route#: 2, violation# : 1, overflow# : 1, conflict# : 2, node#: 21022
## CPU time: 0:0:23, REAL time: 0:0:23
 iter = 306/9, route#: 2, violation# : 1, overflow# : 1, conflict# : 2, node#: 21022
## CPU time: 0:0:23, REAL time: 0:0:23
 iter = 307/10, route#: 3, violation# : 1, overflow# : 1, conflict# : 2, node#: 21022
## CPU time: 0:0:23, REAL time: 0:0:23
 iter = 308/5, route#: 2, violation# : 2, overflow# : 2, conflict# : 3, node#: 21020
## CPU time: 0:0:23, REAL time: 0:0:23
 iter = 309/6, route#: 4, violation# : 2, overflow# : 2, conflict# : 4, node#: 21021
## CPU time: 0:0:23, REAL time: 0:0:23
 iter = 310/7, route#: 4, violation# : 2, overflow# : 2, conflict# : 4, node#: 21018
## CPU time: 0:0:23, REAL time: 0:0:23
 iter = 311/8, route#: 4, violation# : 2, overflow# : 2, conflict# : 4, node#: 21021
## CPU time: 0:0:23, REAL time: 0:0:23
 iter = 312/9, route#: 3, violation# : 1, overflow# : 1, conflict# : 2, node#: 21021
## CPU time: 0:0:23, REAL time: 0:0:23
 iter = 313/10, route#: 2, violation# : 1, overflow# : 1, conflict# : 2, node#: 21021
## CPU time: 0:0:23, REAL time: 0:0:23
 iter = 314/5, route#: 2, violation# : 1, overflow# : 1, conflict# : 2, node#: 21019
## CPU time: 0:0:23, REAL time: 0:0:23
 iter = 315/6, route#: 2, violation# : 1, overflow# : 1, conflict# : 2, node#: 21019
## CPU time: 0:0:23, REAL time: 0:0:23
 iter = 316/7, route#: 2, violation# : 1, overflow# : 1, conflict# : 2, node#: 21021
## CPU time: 0:0:23, REAL time: 0:0:23
 iter = 317/8, route#: 3, violation# : 1, overflow# : 1, conflict# : 2, node#: 21031
## CPU time: 0:0:23, REAL time: 0:0:23
 iter = 318/9, route#: 3, violation# : 2, overflow# : 2, conflict# : 3, node#: 21023
## CPU time: 0:0:23, REAL time: 0:0:23
 iter = 319/10, route#: 3, violation# : 2, overflow# : 2, conflict# : 3, node#: 21025
## CPU time: 0:0:23, REAL time: 0:0:23
 iter = 320/5, route#: 11, violation# : 6, overflow# : 6, conflict# : 11, node#: 21015
## CPU time: 0:0:23, REAL time: 0:0:23
 iter = 321/6, route#: 14, violation# : 6, overflow# : 6, conflict# : 10, node#: 21000
## CPU time: 0:0:23, REAL time: 0:0:23
 iter = 322/7, route#: 17, violation# : 9, overflow# : 9, conflict# : 14, node#: 21002
## CPU time: 0:0:23, REAL time: 0:0:23
 iter = 323/8, route#: 16, violation# : 8, overflow# : 8, conflict# : 13, node#: 21022
## CPU time: 0:0:23, REAL time: 0:0:23
 iter = 324/9, route#: 10, violation# : 4, overflow# : 4, conflict# : 8, node#: 21014
## CPU time: 0:0:23, REAL time: 0:0:23
 iter = 325/10, route#: 8, violation# : 3, overflow# : 3, conflict# : 6, node#: 21016
## CPU time: 0:0:23, REAL time: 0:0:23
 iter = 326/5, route#: 8, violation# : 5, overflow# : 5, conflict# : 9, node#: 20998
## CPU time: 0:0:23, REAL time: 0:0:23
 iter = 327/6, route#: 9, violation# : 3, overflow# : 3, conflict# : 6, node#: 21001
## CPU time: 0:0:23, REAL time: 0:0:23
 iter = 328/7, route#: 6, violation# : 1, overflow# : 1, conflict# : 2, node#: 21018
## CPU time: 0:0:23, REAL time: 0:0:23
 iter = 329/8, route#: 2, violation# : 1, overflow# : 1, conflict# : 2, node#: 21019
## CPU time: 0:0:23, REAL time: 0:0:23
 iter = 330/9, route#: 2, violation# : 1, overflow# : 1, conflict# : 2, node#: 21018
## CPU time: 0:0:23, REAL time: 0:0:23
 iter = 331/10, route#: 2, violation# : 1, overflow# : 1, conflict# : 2, node#: 21019
## CPU time: 0:0:23, REAL time: 0:0:23
 iter = 332/5, route#: 1, violation# : 1, overflow# : 1, conflict# : 2, node#: 21018
## CPU time: 0:0:23, REAL time: 0:0:24
 iter = 333/6, route#: 1, violation# : 0, overflow# : 0, conflict# : 0, node#: 21018
## CPU time: 0:0:24, REAL time: 0:0:25
 iter = 334/2, route#: 691, violation# : 705, overflow# : 702, conflict# : 566, node#: 19502
## CPU time: 0:0:25, REAL time: 0:0:25
 iter = 335/3, route#: 637, violation# : 275, overflow# : 275, conflict# : 335, node#: 20013
## CPU time: 0:0:25, REAL time: 0:0:26
 iter = 336/4, route#: 462, violation# : 88, overflow# : 88, conflict# : 138, node#: 20282
## CPU time: 0:0:25, REAL time: 0:0:26
 iter = 337/5, route#: 363, violation# : 36, overflow# : 36, conflict# : 65, node#: 20403
## CPU time: 0:0:26, REAL time: 0:0:26
 iter = 338/6, route#: 320, violation# : 20, overflow# : 20, conflict# : 30, node#: 20440
## CPU time: 0:0:26, REAL time: 0:0:27
 iter = 339/4, route#: 348, violation# : 50, overflow# : 50, conflict# : 81, node#: 20369
## CPU time: 0:0:26, REAL time: 0:0:27
 iter = 340/5, route#: 321, violation# : 20, overflow# : 20, conflict# : 36, node#: 20414
## CPU time: 0:0:27, REAL time: 0:0:27
 iter = 341/6, route#: 310, violation# : 17, overflow# : 17, conflict# : 28, node#: 20459
## CPU time: 0:0:27, REAL time: 0:0:27
 iter = 342/7, route#: 308, violation# : 6, overflow# : 6, conflict# : 12, node#: 20479
## CPU time: 0:0:27, REAL time: 0:0:28
 iter = 343/8, route#: 298, violation# : 3, overflow# : 3, conflict# : 6, node#: 20518
## CPU time: 0:0:27, REAL time: 0:0:28
 iter = 344/9, route#: 289, violation# : 4, overflow# : 4, conflict# : 6, node#: 20519
## CPU time: 0:0:27, REAL time: 0:0:28
 iter = 345/4, route#: 321, violation# : 27, overflow# : 27, conflict# : 44, node#: 20402
## CPU time: 0:0:28, REAL time: 0:0:28
 iter = 346/5, route#: 288, violation# : 12, overflow# : 12, conflict# : 21, node#: 20454
## CPU time: 0:0:28, REAL time: 0:0:28
 iter = 347/6, route#: 291, violation# : 9, overflow# : 9, conflict# : 17, node#: 20470
## CPU time: 0:0:28, REAL time: 0:0:29
 iter = 348/7, route#: 296, violation# : 5, overflow# : 5, conflict# : 9, node#: 20516
## CPU time: 0:0:28, REAL time: 0:0:29
 iter = 349/8, route#: 289, violation# : 7, overflow# : 7, conflict# : 12, node#: 20522
## CPU time: 0:0:28, REAL time: 0:0:29
 iter = 350/9, route#: 284, violation# : 5, overflow# : 5, conflict# : 9, node#: 20512
## CPU time: 0:0:28, REAL time: 0:0:29
 iter = 351/5, route#: 8, violation# : 4, overflow# : 4, conflict# : 7, node#: 20512
## CPU time: 0:0:28, REAL time: 0:0:29
 iter = 352/6, route#: 9, violation# : 3, overflow# : 3, conflict# : 6, node#: 20517
## CPU time: 0:0:28, REAL time: 0:0:29
 iter = 353/7, route#: 8, violation# : 3, overflow# : 3, conflict# : 6, node#: 20528
## CPU time: 0:0:28, REAL time: 0:0:29
 iter = 354/8, route#: 6, violation# : 3, overflow# : 3, conflict# : 6, node#: 20522
## CPU time: 0:0:28, REAL time: 0:0:29
 iter = 355/9, route#: 6, violation# : 3, overflow# : 3, conflict# : 6, node#: 20529
## CPU time: 0:0:28, REAL time: 0:0:29
 iter = 356/10, route#: 6, violation# : 3, overflow# : 3, conflict# : 6, node#: 20524
## CPU time: 0:0:28, REAL time: 0:0:29
 iter = 357/5, route#: 7, violation# : 3, overflow# : 3, conflict# : 6, node#: 20525
## CPU time: 0:0:28, REAL time: 0:0:29
 iter = 358/6, route#: 6, violation# : 2, overflow# : 2, conflict# : 4, node#: 20531
## CPU time: 0:0:28, REAL time: 0:0:29
 iter = 359/7, route#: 5, violation# : 2, overflow# : 2, conflict# : 4, node#: 20531
## CPU time: 0:0:28, REAL time: 0:0:29
 iter = 360/8, route#: 4, violation# : 2, overflow# : 2, conflict# : 4, node#: 20522
## CPU time: 0:0:28, REAL time: 0:0:29
 iter = 361/9, route#: 6, violation# : 2, overflow# : 2, conflict# : 4, node#: 20542
## CPU time: 0:0:28, REAL time: 0:0:29
 iter = 362/10, route#: 4, violation# : 2, overflow# : 2, conflict# : 4, node#: 20540
## CPU time: 0:0:28, REAL time: 0:0:29
 iter = 363/5, route#: 4, violation# : 2, overflow# : 2, conflict# : 4, node#: 20537
## CPU time: 0:0:29, REAL time: 0:0:29
 iter = 364/6, route#: 4, violation# : 2, overflow# : 2, conflict# : 4, node#: 20536
## CPU time: 0:0:29, REAL time: 0:0:29
 iter = 365/7, route#: 4, violation# : 2, overflow# : 2, conflict# : 4, node#: 20527
## CPU time: 0:0:29, REAL time: 0:0:29
 iter = 366/8, route#: 4, violation# : 2, overflow# : 2, conflict# : 4, node#: 20533
## CPU time: 0:0:29, REAL time: 0:0:29
 iter = 367/9, route#: 4, violation# : 2, overflow# : 2, conflict# : 4, node#: 20535
## CPU time: 0:0:29, REAL time: 0:0:29
 iter = 368/10, route#: 7, violation# : 3, overflow# : 3, conflict# : 6, node#: 20534
## CPU time: 0:0:29, REAL time: 0:0:29
 iter = 369/5, route#: 7, violation# : 3, overflow# : 3, conflict# : 6, node#: 20534
## CPU time: 0:0:29, REAL time: 0:0:29
 iter = 370/6, route#: 6, violation# : 3, overflow# : 3, conflict# : 6, node#: 20529
## CPU time: 0:0:29, REAL time: 0:0:29
 iter = 371/7, route#: 9, violation# : 2, overflow# : 2, conflict# : 4, node#: 20551
## CPU time: 0:0:29, REAL time: 0:0:29
 iter = 372/8, route#: 6, violation# : 3, overflow# : 3, conflict# : 6, node#: 20560
## CPU time: 0:0:29, REAL time: 0:0:29
 iter = 373/9, route#: 7, violation# : 1, overflow# : 1, conflict# : 2, node#: 20554
## CPU time: 0:0:29, REAL time: 0:0:29
 iter = 374/10, route#: 2, violation# : 2, overflow# : 2, conflict# : 2, node#: 20554
## CPU time: 0:0:29, REAL time: 0:0:29
 iter = 375/5, route#: 2, violation# : 1, overflow# : 1, conflict# : 2, node#: 20551
## CPU time: 0:0:29, REAL time: 0:0:29
 iter = 376/6, route#: 3, violation# : 1, overflow# : 1, conflict# : 2, node#: 20554
## CPU time: 0:0:29, REAL time: 0:0:29
 iter = 377/7, route#: 2, violation# : 1, overflow# : 1, conflict# : 2, node#: 20554
## CPU time: 0:0:29, REAL time: 0:0:29
 iter = 378/8, route#: 3, violation# : 2, overflow# : 2, conflict# : 3, node#: 20554
## CPU time: 0:0:29, REAL time: 0:0:29
 iter = 379/9, route#: 2, violation# : 1, overflow# : 1, conflict# : 2, node#: 20554
## CPU time: 0:0:29, REAL time: 0:0:29
 iter = 380/10, route#: 2, violation# : 1, overflow# : 1, conflict# : 2, node#: 20554
## CPU time: 0:0:29, REAL time: 0:0:29
 iter = 381/5, route#: 2, violation# : 1, overflow# : 1, conflict# : 2, node#: 20554
## CPU time: 0:0:29, REAL time: 0:0:29
 iter = 382/6, route#: 2, violation# : 1, overflow# : 1, conflict# : 2, node#: 20554
## CPU time: 0:0:29, REAL time: 0:0:29
 iter = 383/7, route#: 2, violation# : 2, overflow# : 2, conflict# : 2, node#: 20555
## CPU time: 0:0:29, REAL time: 0:0:29
 iter = 384/8, route#: 3, violation# : 2, overflow# : 2, conflict# : 3, node#: 20557
## CPU time: 0:0:29, REAL time: 0:0:29
 iter = 385/9, route#: 2, violation# : 2, overflow# : 2, conflict# : 2, node#: 20556
## CPU time: 0:0:29, REAL time: 0:0:29
 iter = 386/10, route#: 2, violation# : 1, overflow# : 1, conflict# : 2, node#: 20554
## CPU time: 0:0:29, REAL time: 0:0:29
 iter = 387/5, route#: 2, violation# : 1, overflow# : 1, conflict# : 2, node#: 20554
## CPU time: 0:0:29, REAL time: 0:0:29
 iter = 388/6, route#: 3, violation# : 2, overflow# : 2, conflict# : 4, node#: 20558
## CPU time: 0:0:29, REAL time: 0:0:29
 iter = 389/7, route#: 5, violation# : 3, overflow# : 3, conflict# : 5, node#: 20556
## CPU time: 0:0:29, REAL time: 0:0:29
 iter = 390/8, route#: 4, violation# : 1, overflow# : 1, conflict# : 2, node#: 20559
## CPU time: 0:0:29, REAL time: 0:0:29
 iter = 391/9, route#: 3, violation# : 2, overflow# : 2, conflict# : 3, node#: 20558
## CPU time: 0:0:29, REAL time: 0:0:29
 iter = 392/10, route#: 5, violation# : 2, overflow# : 2, conflict# : 4, node#: 20569
## CPU time: 0:0:29, REAL time: 0:0:29
 iter = 393/5, route#: 3, violation# : 2, overflow# : 2, conflict# : 4, node#: 20568
## CPU time: 0:0:29, REAL time: 0:0:29
 iter = 394/6, route#: 3, violation# : 2, overflow# : 2, conflict# : 4, node#: 20562
## CPU time: 0:0:29, REAL time: 0:0:29
 iter = 395/7, route#: 3, violation# : 1, overflow# : 1, conflict# : 2, node#: 20571
## CPU time: 0:0:29, REAL time: 0:0:29
 iter = 396/8, route#: 2, violation# : 1, overflow# : 1, conflict# : 2, node#: 20567
## CPU time: 0:0:29, REAL time: 0:0:29
 iter = 397/9, route#: 2, violation# : 1, overflow# : 1, conflict# : 2, node#: 20568
## CPU time: 0:0:29, REAL time: 0:0:29
 iter = 398/10, route#: 2, violation# : 1, overflow# : 1, conflict# : 2, node#: 20569
## CPU time: 0:0:29, REAL time: 0:0:29
 iter = 399/5, route#: 2, violation# : 1, overflow# : 1, conflict# : 2, node#: 20565
## CPU time: 0:0:29, REAL time: 0:0:29
 iter = 400/6, route#: 2, violation# : 1, overflow# : 1, conflict# : 2, node#: 20569
## CPU time: 0:0:29, REAL time: 0:0:29
 iter = 401/7, route#: 2, violation# : 1, overflow# : 1, conflict# : 2, node#: 20571
## CPU time: 0:0:29, REAL time: 0:0:29
 iter = 402/8, route#: 2, violation# : 1, overflow# : 1, conflict# : 2, node#: 20567
## CPU time: 0:0:29, REAL time: 0:0:29
 iter = 403/9, route#: 2, violation# : 1, overflow# : 1, conflict# : 2, node#: 20568
## CPU time: 0:0:29, REAL time: 0:0:29
 iter = 404/10, route#: 2, violation# : 1, overflow# : 1, conflict# : 2, node#: 20571
## CPU time: 0:0:29, REAL time: 0:0:29
 iter = 405/5, route#: 2, violation# : 1, overflow# : 1, conflict# : 2, node#: 20567
## CPU time: 0:0:29, REAL time: 0:0:29
 iter = 406/6, route#: 2, violation# : 1, overflow# : 1, conflict# : 2, node#: 20565
## CPU time: 0:0:29, REAL time: 0:0:29
 iter = 407/7, route#: 2, violation# : 1, overflow# : 1, conflict# : 2, node#: 20568
## CPU time: 0:0:29, REAL time: 0:0:29
 iter = 408/8, route#: 2, violation# : 1, overflow# : 1, conflict# : 2, node#: 20567
## CPU time: 0:0:29, REAL time: 0:0:29
 iter = 409/9, route#: 2, violation# : 1, overflow# : 1, conflict# : 2, node#: 20569
## CPU time: 0:0:29, REAL time: 0:0:29
 iter = 410/10, route#: 2, violation# : 1, overflow# : 1, conflict# : 2, node#: 20571
## CPU time: 0:0:29, REAL time: 0:0:29
 iter = 411/5, route#: 2, violation# : 1, overflow# : 1, conflict# : 2, node#: 20567
## CPU time: 0:0:29, REAL time: 0:0:29
 iter = 412/6, route#: 2, violation# : 1, overflow# : 1, conflict# : 2, node#: 20570
## CPU time: 0:0:29, REAL time: 0:0:29
 iter = 413/7, route#: 3, violation# : 1, overflow# : 1, conflict# : 2, node#: 20564
## CPU time: 0:0:29, REAL time: 0:0:29
 iter = 414/8, route#: 2, violation# : 1, overflow# : 1, conflict# : 2, node#: 20564
## CPU time: 0:0:29, REAL time: 0:0:29
 iter = 415/9, route#: 4, violation# : 1, overflow# : 1, conflict# : 2, node#: 20575
## CPU time: 0:0:29, REAL time: 0:0:29
 iter = 416/10, route#: 2, violation# : 1, overflow# : 1, conflict# : 2, node#: 20566
## CPU time: 0:0:29, REAL time: 0:0:29
 iter = 417/5, route#: 2, violation# : 1, overflow# : 1, conflict# : 2, node#: 20564
## CPU time: 0:0:29, REAL time: 0:0:29
 iter = 418/6, route#: 4, violation# : 1, overflow# : 1, conflict# : 2, node#: 20565
## CPU time: 0:0:29, REAL time: 0:0:29
 iter = 419/7, route#: 2, violation# : 1, overflow# : 1, conflict# : 2, node#: 20569
## CPU time: 0:0:29, REAL time: 0:0:29
 iter = 420/8, route#: 2, violation# : 1, overflow# : 1, conflict# : 2, node#: 20567
## CPU time: 0:0:29, REAL time: 0:0:29
 iter = 421/9, route#: 2, violation# : 1, overflow# : 1, conflict# : 2, node#: 20569
## CPU time: 0:0:29, REAL time: 0:0:30
 iter = 422/10, route#: 2, violation# : 1, overflow# : 1, conflict# : 2, node#: 20568
## CPU time: 0:0:29, REAL time: 0:0:30
 iter = 423/5, route#: 2, violation# : 1, overflow# : 1, conflict# : 2, node#: 20567
## CPU time: 0:0:29, REAL time: 0:0:30
 iter = 424/6, route#: 1, violation# : 1, overflow# : 1, conflict# : 2, node#: 20574
## CPU time: 0:0:29, REAL time: 0:0:30
 iter = 425/7, route#: 2, violation# : 1, overflow# : 1, conflict# : 2, node#: 20574
## CPU time: 0:0:29, REAL time: 0:0:30
 iter = 426/8, route#: 2, violation# : 1, overflow# : 1, conflict# : 2, node#: 20574
## CPU time: 0:0:29, REAL time: 0:0:30
 iter = 427/9, route#: 3, violation# : 2, overflow# : 2, conflict# : 3, node#: 20575
## CPU time: 0:0:29, REAL time: 0:0:30
 iter = 428/10, route#: 3, violation# : 2, overflow# : 2, conflict# : 3, node#: 20575
## CPU time: 0:0:29, REAL time: 0:0:30
 iter = 429/5, route#: 3, violation# : 2, overflow# : 2, conflict# : 3, node#: 20583
## CPU time: 0:0:29, REAL time: 0:0:30
 iter = 430/6, route#: 5, violation# : 1, overflow# : 1, conflict# : 2, node#: 20568
## CPU time: 0:0:29, REAL time: 0:0:30
 iter = 431/7, route#: 3, violation# : 2, overflow# : 2, conflict# : 3, node#: 20568
## CPU time: 0:0:29, REAL time: 0:0:30
 iter = 432/8, route#: 2, violation# : 1, overflow# : 1, conflict# : 2, node#: 20568
## CPU time: 0:0:29, REAL time: 0:0:30
 iter = 433/9, route#: 2, violation# : 1, overflow# : 1, conflict# : 2, node#: 20568
## CPU time: 0:0:29, REAL time: 0:0:30
 iter = 434/10, route#: 2, violation# : 1, overflow# : 1, conflict# : 2, node#: 20568
## CPU time: 0:0:29, REAL time: 0:0:30
 iter = 435/5, route#: 3, violation# : 1, overflow# : 1, conflict# : 2, node#: 20564
## CPU time: 0:0:29, REAL time: 0:0:30
 iter = 436/6, route#: 2, violation# : 1, overflow# : 1, conflict# : 2, node#: 20566
## CPU time: 0:0:29, REAL time: 0:0:30
 iter = 437/7, route#: 2, violation# : 1, overflow# : 1, conflict# : 2, node#: 20566
## CPU time: 0:0:29, REAL time: 0:0:30
 iter = 438/8, route#: 2, violation# : 1, overflow# : 1, conflict# : 2, node#: 20566
## CPU time: 0:0:29, REAL time: 0:0:30
 iter = 439/9, route#: 2, violation# : 1, overflow# : 1, conflict# : 2, node#: 20566
## CPU time: 0:0:29, REAL time: 0:0:30
 iter = 440/10, route#: 2, violation# : 1, overflow# : 1, conflict# : 2, node#: 20566
## CPU time: 0:0:29, REAL time: 0:0:30
 iter = 441/5, route#: 2, violation# : 1, overflow# : 1, conflict# : 2, node#: 20566
## CPU time: 0:0:29, REAL time: 0:0:30
 iter = 442/6, route#: 2, violation# : 1, overflow# : 1, conflict# : 2, node#: 20566
## CPU time: 0:0:29, REAL time: 0:0:30
 iter = 443/7, route#: 2, violation# : 1, overflow# : 1, conflict# : 2, node#: 20568
## CPU time: 0:0:29, REAL time: 0:0:30
 iter = 444/8, route#: 3, violation# : 2, overflow# : 2, conflict# : 3, node#: 20566
## CPU time: 0:0:29, REAL time: 0:0:30
 iter = 445/9, route#: 2, violation# : 1, overflow# : 1, conflict# : 2, node#: 20569
## CPU time: 0:0:29, REAL time: 0:0:30
 iter = 446/10, route#: 3, violation# : 2, overflow# : 2, conflict# : 3, node#: 20566
## CPU time: 0:0:29, REAL time: 0:0:30
 iter = 447/5, route#: 1, violation# : 1, overflow# : 1, conflict# : 2, node#: 20569
## CPU time: 0:0:29, REAL time: 0:0:30
 iter = 448/6, route#: 2, violation# : 1, overflow# : 1, conflict# : 2, node#: 20569
## CPU time: 0:0:29, REAL time: 0:0:30
 iter = 449/7, route#: 2, violation# : 1, overflow# : 1, conflict# : 2, node#: 20569
## CPU time: 0:0:29, REAL time: 0:0:30
 iter = 450/8, route#: 3, violation# : 0, overflow# : 0, conflict# : 0, node#: 20571
## CPU time: 0:0:30, REAL time: 0:0:31
 iter = 451/2, route#: 705, violation# : 700, overflow# : 694, conflict# : 571, node#: 19495
## CPU time: 0:0:31, REAL time: 0:0:31
 iter = 452/3, route#: 625, violation# : 261, overflow# : 261, conflict# : 309, node#: 20007
## CPU time: 0:0:31, REAL time: 0:0:32
 iter = 453/4, route#: 485, violation# : 96, overflow# : 96, conflict# : 161, node#: 20303
## CPU time: 0:0:32, REAL time: 0:0:32
 iter = 454/5, route#: 384, violation# : 47, overflow# : 47, conflict# : 77, node#: 20404
## CPU time: 0:0:32, REAL time: 0:0:33
 iter = 455/6, route#: 333, violation# : 22, overflow# : 22, conflict# : 41, node#: 20492
## CPU time: 0:0:32, REAL time: 0:0:33
 iter = 456/4, route#: 362, violation# : 69, overflow# : 69, conflict# : 103, node#: 20337
## CPU time: 0:0:33, REAL time: 0:0:33
 iter = 457/5, route#: 328, violation# : 17, overflow# : 17, conflict# : 31, node#: 20456
## CPU time: 0:0:33, REAL time: 0:0:33
 iter = 458/6, route#: 311, violation# : 16, overflow# : 16, conflict# : 28, node#: 20471
## CPU time: 0:0:33, REAL time: 0:0:34
 iter = 459/7, route#: 293, violation# : 7, overflow# : 7, conflict# : 14, node#: 20504
## CPU time: 0:0:33, REAL time: 0:0:34
 iter = 460/8, route#: 286, violation# : 2, overflow# : 2, conflict# : 4, node#: 20542
## CPU time: 0:0:33, REAL time: 0:0:34
 iter = 461/9, route#: 283, violation# : 2, overflow# : 2, conflict# : 4, node#: 20525
## CPU time: 0:0:34, REAL time: 0:0:34
 iter = 462/4, route#: 312, violation# : 25, overflow# : 25, conflict# : 45, node#: 20418
## CPU time: 0:0:34, REAL time: 0:0:34
 iter = 463/5, route#: 299, violation# : 8, overflow# : 8, conflict# : 16, node#: 20485
## CPU time: 0:0:34, REAL time: 0:0:35
 iter = 464/6, route#: 279, violation# : 4, overflow# : 4, conflict# : 7, node#: 20482
## CPU time: 0:0:34, REAL time: 0:0:35
 iter = 465/7, route#: 279, violation# : 2, overflow# : 2, conflict# : 4, node#: 20520
## CPU time: 0:0:34, REAL time: 0:0:35
 iter = 466/8, route#: 275, violation# : 0, overflow# : 0, conflict# : 0, node#: 20527
## CPU time: 0:0:35, REAL time: 0:0:36
 iter = 467/2, route#: 553, violation# : 451, overflow# : 447, conflict# : 395, node#: 19806
## CPU time: 0:0:36, REAL time: 0:0:36
 iter = 468/3, route#: 554, violation# : 200, overflow# : 199, conflict# : 252, node#: 20059
## CPU time: 0:0:36, REAL time: 0:0:37
 iter = 469/4, route#: 428, violation# : 84, overflow# : 84, conflict# : 131, node#: 20242
## CPU time: 0:0:37, REAL time: 0:0:37
 iter = 470/5, route#: 352, violation# : 46, overflow# : 46, conflict# : 67, node#: 20343
## CPU time: 0:0:37, REAL time: 0:0:37
 iter = 471/6, route#: 311, violation# : 13, overflow# : 13, conflict# : 22, node#: 20394
## CPU time: 0:0:37, REAL time: 0:0:38
 iter = 472/4, route#: 333, violation# : 55, overflow# : 55, conflict# : 72, node#: 20314
## CPU time: 0:0:37, REAL time: 0:0:38
 iter = 473/5, route#: 314, violation# : 23, overflow# : 23, conflict# : 41, node#: 20351
## CPU time: 0:0:38, REAL time: 0:0:38
 iter = 474/6, route#: 292, violation# : 13, overflow# : 13, conflict# : 21, node#: 20379
## CPU time: 0:0:38, REAL time: 0:0:39
 iter = 475/7, route#: 291, violation# : 8, overflow# : 8, conflict# : 15, node#: 20397
## CPU time: 0:0:38, REAL time: 0:0:39
 iter = 476/8, route#: 279, violation# : 5, overflow# : 5, conflict# : 9, node#: 20428
## CPU time: 0:0:38, REAL time: 0:0:39
 iter = 477/9, route#: 277, violation# : 3, overflow# : 3, conflict# : 5, node#: 20432
## CPU time: 0:0:38, REAL time: 0:0:39
 iter = 478/4, route#: 296, violation# : 23, overflow# : 23, conflict# : 35, node#: 20347
## CPU time: 0:0:39, REAL time: 0:0:39
 iter = 479/5, route#: 295, violation# : 11, overflow# : 11, conflict# : 18, node#: 20405
## CPU time: 0:0:39, REAL time: 0:0:40
 iter = 480/6, route#: 277, violation# : 1, overflow# : 1, conflict# : 2, node#: 20414
## CPU time: 0:0:39, REAL time: 0:0:40
 iter = 481/7, route#: 293, violation# : 13, overflow# : 13, conflict# : 17, node#: 20383
## CPU time: 0:0:39, REAL time: 0:0:40
 iter = 482/8, route#: 275, violation# : 3, overflow# : 3, conflict# : 6, node#: 20412
## CPU time: 0:0:39, REAL time: 0:0:40
 iter = 483/9, route#: 269, violation# : 2, overflow# : 2, conflict# : 2, node#: 20409
## CPU time: 0:0:39, REAL time: 0:0:40
 iter = 484/5, route#: 2, violation# : 1, overflow# : 1, conflict# : 2, node#: 20408
## CPU time: 0:0:39, REAL time: 0:0:40
 iter = 485/6, route#: 2, violation# : 1, overflow# : 1, conflict# : 2, node#: 20409
## CPU time: 0:0:39, REAL time: 0:0:40
 iter = 486/7, route#: 2, violation# : 1, overflow# : 1, conflict# : 2, node#: 20410
## CPU time: 0:0:40, REAL time: 0:0:40
 iter = 487/8, route#: 3, violation# : 2, overflow# : 2, conflict# : 2, node#: 20421
## CPU time: 0:0:40, REAL time: 0:0:40
 iter = 488/9, route#: 2, violation# : 1, overflow# : 1, conflict# : 2, node#: 20410
## CPU time: 0:0:40, REAL time: 0:0:40
 iter = 489/10, route#: 2, violation# : 1, overflow# : 1, conflict# : 2, node#: 20410
## CPU time: 0:0:40, REAL time: 0:0:40
 iter = 490/5, route#: 8, violation# : 5, overflow# : 5, conflict# : 8, node#: 20400
## CPU time: 0:0:40, REAL time: 0:0:40
 iter = 491/6, route#: 5, violation# : 1, overflow# : 1, conflict# : 2, node#: 20392
## CPU time: 0:0:40, REAL time: 0:0:40
 iter = 492/7, route#: 2, violation# : 1, overflow# : 1, conflict# : 2, node#: 20392
## CPU time: 0:0:40, REAL time: 0:0:40
 iter = 493/8, route#: 3, violation# : 1, overflow# : 1, conflict# : 2, node#: 20399
## CPU time: 0:0:40, REAL time: 0:0:40
 iter = 494/9, route#: 1, violation# : 0, overflow# : 0, conflict# : 0, node#: 20401
## CPU time: 0:0:40, REAL time: 0:0:41
 iter = 495/2, route#: 490, violation# : 306, overflow# : 306, conflict# : 321, node#: 19864
## CPU time: 0:0:41, REAL time: 0:0:42
 iter = 496/3, route#: 503, violation# : 179, overflow# : 179, conflict# : 236, node#: 20047
## CPU time: 0:0:41, REAL time: 0:0:42
 iter = 497/4, route#: 389, violation# : 66, overflow# : 66, conflict# : 105, node#: 20241
## CPU time: 0:0:42, REAL time: 0:0:43
 iter = 498/5, route#: 339, violation# : 28, overflow# : 28, conflict# : 51, node#: 20351
## CPU time: 0:0:42, REAL time: 0:0:43
 iter = 499/6, route#: 302, violation# : 19, overflow# : 19, conflict# : 35, node#: 20365
## CPU time: 0:0:42, REAL time: 0:0:43
 iter = 500/4, route#: 318, violation# : 44, overflow# : 44, conflict# : 63, node#: 20269
## CPU time: 0:0:43, REAL time: 0:0:43
 iter = 501/5, route#: 294, violation# : 14, overflow# : 14, conflict# : 24, node#: 20363
## CPU time: 0:0:43, REAL time: 0:0:44
 iter = 502/6, route#: 290, violation# : 13, overflow# : 13, conflict# : 22, node#: 20392
## CPU time: 0:0:43, REAL time: 0:0:44
 iter = 503/7, route#: 282, violation# : 10, overflow# : 10, conflict# : 19, node#: 20410
## CPU time: 0:0:43, REAL time: 0:0:44
 iter = 504/8, route#: 277, violation# : 8, overflow# : 8, conflict# : 16, node#: 20421
## CPU time: 0:0:44, REAL time: 0:0:44
 iter = 505/9, route#: 282, violation# : 8, overflow# : 8, conflict# : 15, node#: 20437
## CPU time: 0:0:44, REAL time: 0:0:45
 iter = 506/4, route#: 306, violation# : 27, overflow# : 27, conflict# : 39, node#: 20341
## CPU time: 0:0:44, REAL time: 0:0:45
 iter = 507/5, route#: 284, violation# : 15, overflow# : 15, conflict# : 27, node#: 20393
## CPU time: 0:0:44, REAL time: 0:0:45
 iter = 508/6, route#: 283, violation# : 7, overflow# : 7, conflict# : 14, node#: 20426
## CPU time: 0:0:45, REAL time: 0:0:45
 iter = 509/7, route#: 276, violation# : 7, overflow# : 7, conflict# : 11, node#: 20436
## CPU time: 0:0:45, REAL time: 0:0:45
 iter = 510/8, route#: 271, violation# : 2, overflow# : 2, conflict# : 4, node#: 20464
## CPU time: 0:0:45, REAL time: 0:0:46
 iter = 511/9, route#: 268, violation# : 1, overflow# : 1, conflict# : 2, node#: 20454
## CPU time: 0:0:45, REAL time: 0:0:46
 iter = 512/5, route#: 2, violation# : 1, overflow# : 1, conflict# : 2, node#: 20454
## CPU time: 0:0:45, REAL time: 0:0:46
 iter = 513/6, route#: 2, violation# : 1, overflow# : 1, conflict# : 2, node#: 20454
## CPU time: 0:0:45, REAL time: 0:0:46
 iter = 514/7, route#: 2, violation# : 1, overflow# : 1, conflict# : 2, node#: 20453
## CPU time: 0:0:45, REAL time: 0:0:46
 iter = 515/8, route#: 2, violation# : 1, overflow# : 1, conflict# : 2, node#: 20454
## CPU time: 0:0:45, REAL time: 0:0:46
 iter = 516/9, route#: 2, violation# : 1, overflow# : 1, conflict# : 2, node#: 20463
## CPU time: 0:0:45, REAL time: 0:0:46
 iter = 517/10, route#: 2, violation# : 1, overflow# : 1, conflict# : 2, node#: 20451
## CPU time: 0:0:45, REAL time: 0:0:46
 iter = 518/5, route#: 2, violation# : 1, overflow# : 1, conflict# : 2, node#: 20451
## CPU time: 0:0:45, REAL time: 0:0:46
 iter = 519/6, route#: 2, violation# : 1, overflow# : 1, conflict# : 2, node#: 20451
## CPU time: 0:0:45, REAL time: 0:0:46
 iter = 520/7, route#: 4, violation# : 2, overflow# : 2, conflict# : 3, node#: 20453
## CPU time: 0:0:45, REAL time: 0:0:46
 iter = 521/8, route#: 2, violation# : 1, overflow# : 1, conflict# : 2, node#: 20453
## CPU time: 0:0:45, REAL time: 0:0:46
 iter = 522/9, route#: 3, violation# : 1, overflow# : 1, conflict# : 2, node#: 20453
## CPU time: 0:0:45, REAL time: 0:0:46
 iter = 523/10, route#: 2, violation# : 1, overflow# : 1, conflict# : 2, node#: 20453
## CPU time: 0:0:45, REAL time: 0:0:46
 iter = 524/5, route#: 2, violation# : 1, overflow# : 1, conflict# : 2, node#: 20453
## CPU time: 0:0:45, REAL time: 0:0:46
 iter = 525/6, route#: 5, violation# : 3, overflow# : 3, conflict# : 4, node#: 20451
## CPU time: 0:0:45, REAL time: 0:0:46
 iter = 526/7, route#: 5, violation# : 3, overflow# : 3, conflict# : 5, node#: 20458
## CPU time: 0:0:45, REAL time: 0:0:46
 iter = 527/8, route#: 4, violation# : 1, overflow# : 1, conflict# : 2, node#: 20456
## CPU time: 0:0:45, REAL time: 0:0:46
 iter = 528/9, route#: 3, violation# : 2, overflow# : 2, conflict# : 3, node#: 20462
## CPU time: 0:0:45, REAL time: 0:0:46
 iter = 529/10, route#: 5, violation# : 1, overflow# : 1, conflict# : 2, node#: 20459
## CPU time: 0:0:45, REAL time: 0:0:46
 iter = 530/5, route#: 2, violation# : 3, overflow# : 3, conflict# : 3, node#: 20453
## CPU time: 0:0:45, REAL time: 0:0:46
 iter = 531/6, route#: 3, violation# : 1, overflow# : 1, conflict# : 2, node#: 20453
## CPU time: 0:0:45, REAL time: 0:0:46
 iter = 532/7, route#: 2, violation# : 1, overflow# : 1, conflict# : 2, node#: 20457
## CPU time: 0:0:45, REAL time: 0:0:46
 iter = 533/8, route#: 2, violation# : 1, overflow# : 1, conflict# : 2, node#: 20459
## CPU time: 0:0:45, REAL time: 0:0:46
 iter = 534/9, route#: 2, violation# : 1, overflow# : 1, conflict# : 2, node#: 20458
## CPU time: 0:0:45, REAL time: 0:0:46
 iter = 535/10, route#: 2, violation# : 1, overflow# : 1, conflict# : 2, node#: 20462
## CPU time: 0:0:45, REAL time: 0:0:46
 iter = 536/5, route#: 1, violation# : 1, overflow# : 1, conflict# : 2, node#: 20453
## CPU time: 0:0:45, REAL time: 0:0:46
 iter = 537/6, route#: 2, violation# : 1, overflow# : 1, conflict# : 2, node#: 20452
## CPU time: 0:0:45, REAL time: 0:0:46
 iter = 538/7, route#: 2, violation# : 1, overflow# : 1, conflict# : 2, node#: 20452
## CPU time: 0:0:45, REAL time: 0:0:46
 iter = 539/8, route#: 2, violation# : 1, overflow# : 1, conflict# : 2, node#: 20452
## CPU time: 0:0:45, REAL time: 0:0:46
 iter = 540/9, route#: 3, violation# : 1, overflow# : 1, conflict# : 2, node#: 20453
## CPU time: 0:0:45, REAL time: 0:0:46
 iter = 541/10, route#: 3, violation# : 0, overflow# : 0, conflict# : 0, node#: 20454
## CPU time: 0:0:46, REAL time: 0:0:47
 iter = 542/2, route#: 500, violation# : 323, overflow# : 323, conflict# : 323, node#: 19836
## CPU time: 0:0:47, REAL time: 0:0:47
 iter = 543/3, route#: 491, violation# : 146, overflow# : 146, conflict# : 193, node#: 20105
## CPU time: 0:0:47, REAL time: 0:0:48
 iter = 544/4, route#: 362, violation# : 43, overflow# : 43, conflict# : 67, node#: 20215
## CPU time: 0:0:47, REAL time: 0:0:48
 iter = 545/5, route#: 299, violation# : 15, overflow# : 15, conflict# : 30, node#: 20285
## CPU time: 0:0:48, REAL time: 0:0:48
 iter = 546/6, route#: 296, violation# : 8, overflow# : 8, conflict# : 15, node#: 20315
## CPU time: 0:0:48, REAL time: 0:0:49
 iter = 547/4, route#: 293, violation# : 19, overflow# : 19, conflict# : 35, node#: 20279
## CPU time: 0:0:48, REAL time: 0:0:49
 iter = 548/5, route#: 292, violation# : 14, overflow# : 14, conflict# : 23, node#: 20318
## CPU time: 0:0:48, REAL time: 0:0:49
 iter = 549/6, route#: 282, violation# : 3, overflow# : 3, conflict# : 6, node#: 20342
## CPU time: 0:0:49, REAL time: 0:0:49
 iter = 550/7, route#: 272, violation# : 3, overflow# : 3, conflict# : 6, node#: 20363
## CPU time: 0:0:49, REAL time: 0:0:50
 iter = 551/8, route#: 264, violation# : 3, overflow# : 3, conflict# : 3, node#: 20329
## CPU time: 0:0:49, REAL time: 0:0:50
 iter = 552/9, route#: 264, violation# : 2, overflow# : 2, conflict# : 3, node#: 20337
## CPU time: 0:0:49, REAL time: 0:0:50
 iter = 553/5, route#: 267, violation# : 5, overflow# : 5, conflict# : 10, node#: 20328
## CPU time: 0:0:49, REAL time: 0:0:50
 iter = 554/6, route#: 266, violation# : 1, overflow# : 1, conflict# : 2, node#: 20336
## CPU time: 0:0:50, REAL time: 0:0:50
 iter = 555/7, route#: 261, violation# : 1, overflow# : 1, conflict# : 2, node#: 20360
## CPU time: 0:0:50, REAL time: 0:0:51
 iter = 556/8, route#: 260, violation# : 1, overflow# : 1, conflict# : 2, node#: 20356
## CPU time: 0:0:50, REAL time: 0:0:51
 iter = 557/9, route#: 260, violation# : 1, overflow# : 1, conflict# : 2, node#: 20359
## CPU time: 0:0:50, REAL time: 0:0:51
 iter = 558/10, route#: 260, violation# : 1, overflow# : 1, conflict# : 2, node#: 20367
## CPU time: 0:0:50, REAL time: 0:0:51
 iter = 559/5, route#: 2, violation# : 1, overflow# : 1, conflict# : 2, node#: 20357
## CPU time: 0:0:50, REAL time: 0:0:51
 iter = 560/6, route#: 2, violation# : 1, overflow# : 1, conflict# : 2, node#: 20357
## CPU time: 0:0:50, REAL time: 0:0:51
 iter = 561/7, route#: 2, violation# : 1, overflow# : 1, conflict# : 2, node#: 20357
## CPU time: 0:0:50, REAL time: 0:0:51
 iter = 562/8, route#: 2, violation# : 1, overflow# : 1, conflict# : 2, node#: 20357
## CPU time: 0:0:50, REAL time: 0:0:51
 iter = 563/9, route#: 2, violation# : 1, overflow# : 1, conflict# : 2, node#: 20358
## CPU time: 0:0:50, REAL time: 0:0:51
 iter = 564/10, route#: 3, violation# : 1, overflow# : 1, conflict# : 2, node#: 20365
## CPU time: 0:0:50, REAL time: 0:0:51
 iter = 565/5, route#: 2, violation# : 1, overflow# : 1, conflict# : 2, node#: 20357
## CPU time: 0:0:50, REAL time: 0:0:51
 iter = 566/6, route#: 3, violation# : 1, overflow# : 1, conflict# : 2, node#: 20363
## CPU time: 0:0:50, REAL time: 0:0:51
 iter = 567/7, route#: 2, violation# : 1, overflow# : 1, conflict# : 2, node#: 20358
## CPU time: 0:0:50, REAL time: 0:0:51
 iter = 568/8, route#: 2, violation# : 1, overflow# : 1, conflict# : 2, node#: 20363
## CPU time: 0:0:50, REAL time: 0:0:51
 iter = 569/9, route#: 2, violation# : 1, overflow# : 1, conflict# : 2, node#: 20363
## CPU time: 0:0:50, REAL time: 0:0:51
 iter = 570/10, route#: 2, violation# : 1, overflow# : 1, conflict# : 2, node#: 20363
## CPU time: 0:0:50, REAL time: 0:0:51
 iter = 571/5, route#: 2, violation# : 1, overflow# : 1, conflict# : 2, node#: 20358
## CPU time: 0:0:50, REAL time: 0:0:51
 iter = 572/6, route#: 2, violation# : 1, overflow# : 1, conflict# : 2, node#: 20362
## CPU time: 0:0:50, REAL time: 0:0:51
 iter = 573/7, route#: 1, violation# : 0, overflow# : 0, conflict# : 0, node#: 20362
## CPU time: 0:0:51, REAL time: 0:0:52
 iter = 574/2, route#: 509, violation# : 315, overflow# : 315, conflict# : 330, node#: 19850
## CPU time: 0:0:52, REAL time: 0:0:52
 iter = 575/3, route#: 484, violation# : 142, overflow# : 142, conflict# : 188, node#: 20120
## CPU time: 0:0:52, REAL time: 0:0:53
 iter = 576/4, route#: 366, violation# : 54, overflow# : 54, conflict# : 86, node#: 20278
## CPU time: 0:0:52, REAL time: 0:0:53
 iter = 577/5, route#: 307, violation# : 19, overflow# : 19, conflict# : 29, node#: 20385
## CPU time: 0:0:53, REAL time: 0:0:53
 iter = 578/6, route#: 300, violation# : 19, overflow# : 19, conflict# : 31, node#: 20403
## CPU time: 0:0:53, REAL time: 0:0:54
 iter = 579/4, route#: 309, violation# : 31, overflow# : 31, conflict# : 46, node#: 20386
## CPU time: 0:0:53, REAL time: 0:0:54
 iter = 580/5, route#: 285, violation# : 14, overflow# : 14, conflict# : 24, node#: 20438
## CPU time: 0:0:53, REAL time: 0:0:54
 iter = 581/6, route#: 267, violation# : 4, overflow# : 4, conflict# : 8, node#: 20439
## CPU time: 0:0:54, REAL time: 0:0:55
 iter = 582/7, route#: 271, violation# : 3, overflow# : 3, conflict# : 6, node#: 20456
## CPU time: 0:0:54, REAL time: 0:0:55
 iter = 583/8, route#: 262, violation# : 4, overflow# : 4, conflict# : 6, node#: 20499
## CPU time: 0:0:54, REAL time: 0:0:55
 iter = 584/9, route#: 263, violation# : 2, overflow# : 2, conflict# : 4, node#: 20497
## CPU time: 0:0:54, REAL time: 0:0:55
 iter = 585/4, route#: 299, violation# : 27, overflow# : 27, conflict# : 42, node#: 20408
## CPU time: 0:0:55, REAL time: 0:0:55
 iter = 586/5, route#: 278, violation# : 5, overflow# : 5, conflict# : 10, node#: 20466
## CPU time: 0:0:55, REAL time: 0:0:56
 iter = 587/6, route#: 271, violation# : 3, overflow# : 3, conflict# : 6, node#: 20455
## CPU time: 0:0:55, REAL time: 0:0:56
 iter = 588/7, route#: 267, violation# : 1, overflow# : 1, conflict# : 2, node#: 20486
## CPU time: 0:0:55, REAL time: 0:0:56
 iter = 589/8, route#: 267, violation# : 0, overflow# : 0, conflict# : 0, node#: 20475
Optimizing...
...

Done


*** Post Routing Timing Report ***

=== User constraints ===
Fmax report
  User constraint:  40.000MHz, Fmax:  86.693MHz, Clock: ESP_SPI_SCK
  User constraint:   8.000MHz, Fmax:  89.702MHz, Clock: PIN_HSE
  User constraint:  10.000MHz, Fmax:  89.702MHz, Clock: PIN_HSI
  User constraint: 150.000MHz, Fmax:  89.702MHz, Clock: pll_inst|auto_generated|pll1|clk[0]

Clock transfer report:
  Worst setup:  13.465, with clock ESP_SPI_SCK
  Worst setup: 113.852, with clock PIN_HSE
  Worst setup:  88.852, with clock PIN_HSI
  Worst setup:  -4.481, with clock pll_inst|auto_generated|pll1|clk[0]

  Worst  hold:   0.603, with clock ESP_SPI_SCK
  Worst  hold:   0.357, with clock PIN_HSE
  Worst  hold:   0.357, with clock PIN_HSI
  Worst  hold:   0.357, with clock pll_inst|auto_generated|pll1|clk[0]

=== Auto constraints ===
Fmax report
  User constraint:   5.000MHz, Fmax: 127.763MHz, Clock: Internal_generated_clock_macro_inst|core_inst|osc|Q

Clock transfer report:
  Worst setup: 192.173, with clock Internal_generated_clock_macro_inst|core_inst|osc|Q
  Worst setup: 997.010, from clock Internal_generated_clock_example_board|ESP32_SPI2_CS_N to Internal_generated_clock_example_board|ESP32_SPI_CS1
  Worst setup: 203.650, from clock Internal_generated_clock_example_board|ESP32_SPI2_CS_N to Internal_generated_clock_macro_inst|core_inst|osc|Q
  Worst setup:   1.109, from clock Internal_generated_clock_example_board|ESP32_SPI2_CS_N to pll_inst|auto_generated|pll1|clk[0]
  Worst setup: 204.293, from clock Internal_generated_clock_example_board|ESP32_SPI_CS1 to Internal_generated_clock_macro_inst|core_inst|osc|Q
  Worst setup:   0.390, from clock Internal_generated_clock_example_board|ESP32_SPI_CS1 to pll_inst|auto_generated|pll1|clk[0]
  Worst setup:   3.130, from clock Internal_generated_clock_macro_inst|core_inst|osc|Q to pll_inst|auto_generated|pll1|clk[0]

  Worst  hold:   0.615, with clock Internal_generated_clock_macro_inst|core_inst|osc|Q
  Worst  hold:  -3.486, from clock Internal_generated_clock_example_board|ESP32_SPI2_CS_N to Internal_generated_clock_example_board|ESP32_SPI_CS1
  Worst  hold:  -5.650, from clock Internal_generated_clock_example_board|ESP32_SPI2_CS_N to Internal_generated_clock_macro_inst|core_inst|osc|Q
  Worst  hold:   4.785, from clock Internal_generated_clock_example_board|ESP32_SPI2_CS_N to pll_inst|auto_generated|pll1|clk[0]
  Worst  hold:  -6.195, from clock Internal_generated_clock_example_board|ESP32_SPI_CS1 to Internal_generated_clock_macro_inst|core_inst|osc|Q
  Worst  hold:   4.077, from clock Internal_generated_clock_example_board|ESP32_SPI_CS1 to pll_inst|auto_generated|pll1|clk[0]
  Worst  hold:   3.339, from clock Internal_generated_clock_macro_inst|core_inst|osc|Q to pll_inst|auto_generated|pll1|clk[0]

Coverage report
  User constraints covered 8144 connections out of 9152 total, coverage: 89.0%
  Auto constraints covered 8703 connections out of 9152 total, coverage: 95.1%


Hold from ESP32_SPI_CS1 to clken_ctrl_X44_Y2_N1, clock Internal_generated_clock_example_board|ESP32_SPI_CS1 to Internal_generated_clock_macro_inst|core_inst|osc|Q, constraint 0.000, skew 8.730, data 2.667
  Slack:  -6.195
    Arrival Time:    2.625
    Required Time:   8.820

*** End Timing Report ***



Thu Sep 10 14:29:11 2026
Warn: User constraints coverage is too low at 89.0%.
Generating batch file: {C:/Users/mori/AgRV_pio/packages/tool-agrv_logic/python_dist/python.exe} {C:/Users/mori/AgRV_pio/packages/tool-agrv_logic/pio/gen_batch} -d 1075838977 -i 0xbff5105000730062aa234371030002b7 -o ./example_board_batch.bin --logic-config ./example_board.bin --logic-address 0x80007000 
Using post-ASF file example_board.post.asf.
Thu Sep 10 14:29:12 2026

Total 0 fatals, 0 errors, 116 warnings, 19 infos.
